◇ injected env (40) from .env // tip: ⌘ suppress logs { quiet: true }
16:13:52 [[32minfo[39m]: MySQL pool created
{
  "service": "ride-hailing-api",
  "environment": "development",
  "host": "localhost",
  "database": "transportCompanyTest",
  "port": 8889,
  "socketPath": "/Applications/MAMP/tmp/mysql/mysql.sock"
}
16:13:52 [[32minfo[39m]: Server running at:
{
  "service": "ride-hailing-api",
  "environment": "development"
}
16:13:52 [[32minfo[39m]:    Local:   http://localhost:3000
{
  "service": "ride-hailing-api",
  "environment": "development"
}
16:13:52 [[32minfo[39m]:    Network: http://192.168.101.4:3000
{
  "service": "ride-hailing-api",
  "environment": "development"
}
16:13:52 [[32minfo[39m]:    Env:     development
{
  "service": "ride-hailing-api",
  "environment": "development"
}
16:13:52 [[32minfo[39m]: Server is running on http://192.168.101.4:3000
{
  "service": "ride-hailing-api",
  "environment": "development",
  "port": 3000,
  "nodeEnv": "development",
  "pid": 32298
}
16:13:52 [[32minfo[39m]: Query performance monitoring initialized
{
  "service": "ride-hailing-api",
  "environment": "development",
  "slowQueryThreshold": "100ms",
  "queryLoggingEnabled": true
}
16:13:52 [[32minfo[39m]: Starting Automatic Timeout Detection Service
{
  "service": "ride-hailing-api",
  "environment": "development",
  "intervalSeconds": 120,
  "timeoutMinutes": 5,
  "runImmediately": true
}
16:13:52 [[32minfo[39m]: Starting automatic timeout check
{
  "service": "ride-hailing-api",
  "environment": "development",
  "timeoutMinutes": 5
}
16:13:52 [[32minfo[39m]: Automatic Timeout Detection Service started
{
  "service": "ride-hailing-api",
  "environment": "development",
  "intervalSeconds": 120,
  "timeoutMinutes": 5
}
16:13:52 [[32minfo[39m]: MySQL connectivity check succeeded
{
  "service": "ride-hailing-api",
  "environment": "development"
}
16:13:52 [[32minfo[39m]: No timed-out driver requests found
{
  "service": "ride-hailing-api",
  "environment": "development"
}
16:13:57 [[33mwarn[39m]: Redis adapter initialization skipped - Redis unavailable (continuing in single-server mode)
{
  "service": "ride-hailing-api",
  "environment": "development",
  "error": "Pub client connection timeout",
  "name": "Error"
}
16:14:21 [[32minfo[39m]: Transaction committed
{
  "service": "ride-hailing-api",
  "environment": "development",
  "transactionId": "txn_2026-08-10 13:14:21_piype3f22",
  "duration": "NaNms"
}
16:14:21 [[32minfo[39m]: API Request
{
  "service": "ride-hailing-api",
  "environment": "development",
  "type": "API_REQUEST",
  "method": "POST",
  "url": "/api/user/verifyUserByOTP",
  "statusCode": 200,
  "responseTime": "NaNms",
  "ip": "127.0.0.1",
  "userAgent": "curl/8.7.1"
}
[VerifyToken] Request: {
  method: 'GET',
  url: '/api/journey?ownerUserUniqueId=all&roleId=1&page=1&limit=1',
  hasAuth: true
}
[VerifyToken] Token decoded: {
  userUniqueId: 'b4ab823f-c537-4655-ab27-cab33fbd0996',
  phoneNumber: '+251983222221',
  roleId: 6,
  iat: 1786367661
}
[VerifyToken] User authenticated: {
  userUniqueId: 'b4ab823f-c537-4655-ab27-cab33fbd0996',
  phoneNumber: '+251983222221',
  roleId: undefined
}
16:14:22 [[32minfo[39m]: API Request
{
  "service": "ride-hailing-api",
  "environment": "development",
  "type": "API_REQUEST",
  "method": "GET",
  "url": "/api/journey?ownerUserUniqueId=all&roleId=1&page=1&limit=1",
  "statusCode": 200,
  "responseTime": "NaNms",
  "ip": "127.0.0.1",
  "userAgent": "curl/8.7.1",
  "userId": 1,
  "userUniqueId": "b4ab823f-c537-4655-ab27-cab33fbd0996"
}
[VerifyToken] Request: { method: 'POST', url: '/', hasAuth: true }
[VerifyToken] Token decoded: {
  userUniqueId: 'b4ab823f-c537-4655-ab27-cab33fbd0996',
  phoneNumber: '+251983222221',
  roleId: 6,
  iat: 1786367661
}
[VerifyToken] User authenticated: {
  userUniqueId: 'b4ab823f-c537-4655-ab27-cab33fbd0996',
  phoneNumber: '+251983222221',
  roleId: undefined
}
16:14:26 [[32minfo[39m]: File saved locally
{
  "service": "ride-hailing-api",
  "environment": "development",
  "filePath": "/Users/zewedu/Desktop/Projects/transportBackEndNative/uploads/delivery_9123a645-8493-421f-a11f-499d610f4887.png",
  "relativePath": "/uploads/delivery_9123a645-8493-421f-a11f-499d610f4887.png"
}
16:14:26 [[33mwarn[39m]: Transaction rolled back
Error: A delivery confirmation already exists for this journey
    at exports.createDeliveryConfirmation (/Users/zewedu/Desktop/Projects/transportBackEndNative/Services/DeliveryConfirmation.service.js:170:13)
    at process.processTicksAndRejections (node:internal/process/task_queues:105:5)
    at async /Users/zewedu/Desktop/Projects/transportBackEndNative/Controllers/DeliveryConfirmation.controller.js:40:14
    at async /Users/zewedu/Desktop/Projects/transportBackEndNative/Utils/DatabaseTransaction.js:101:14
    at async executeInTransaction (/Users/zewedu/Desktop/Projects/transportBackEndNative/Utils/DatabaseTransaction.js:99:20)
    at async exports.createDeliveryConfirmation (/Users/zewedu/Desktop/Projects/transportBackEndNative/Controllers/DeliveryConfirmation.controller.js:39:20)
{
  "service": "ride-hailing-api",
  "environment": "development",
  "transactionId": "txn_2026-08-10 13:14:26_gvk3pvil4",
  "duration": "NaNms",
  "error": "A delivery confirmation already exists for this journey"
}
16:14:26 [[33mwarn[39m]: API Error A delivery confirmation already exists for this journey
Error: A delivery confirmation already exists for this journey
    at exports.createDeliveryConfirmation (/Users/zewedu/Desktop/Projects/transportBackEndNative/Services/DeliveryConfirmation.service.js:170:13)
    at process.processTicksAndRejections (node:internal/process/task_queues:105:5)
    at async /Users/zewedu/Desktop/Projects/transportBackEndNative/Controllers/DeliveryConfirmation.controller.js:40:14
    at async /Users/zewedu/Desktop/Projects/transportBackEndNative/Utils/DatabaseTransaction.js:101:14
    at async executeInTransaction (/Users/zewedu/Desktop/Projects/transportBackEndNative/Utils/DatabaseTransaction.js:99:20)
    at async exports.createDeliveryConfirmation (/Users/zewedu/Desktop/Projects/transportBackEndNative/Controllers/DeliveryConfirmation.controller.js:39:20)
{
  "service": "ride-hailing-api",
  "environment": "development",
  "type": "API_ERROR",
  "statusCode": 409,
  "path": "/api/deliveryConfirmations",
  "method": "POST",
  "ip": "127.0.0.1",
  "requestId": "fdcc7023-827d-4d63-b906-95d15c410b94",
  "userId": 1,
  "userUniqueId": "b4ab823f-c537-4655-ab27-cab33fbd0996",
  "body": {
    "journeyUniqueId": "fbda92e2-24aa-4345-b74d-a83cb432bd70",
    "receiverPhoneNumber": "[REDACTED]",
    "receiverFullName": "Binyam Employee",
    "deliveredQuantity": 88.5,
    "quantityUnit": "quintal",
    "condition": "GOOD",
    "notes": "Receiver auto-created",
    "latitude": 9.03,
    "longitude": 38.74
  },
  "params": {},
  "query": {}
}
16:14:26 [[32minfo[39m]: API Request
{
  "service": "ride-hailing-api",
  "environment": "development",
  "type": "API_REQUEST",
  "method": "POST",
  "url": "/api/deliveryConfirmations",
  "statusCode": 409,
  "responseTime": "NaNms",
  "ip": "127.0.0.1",
  "userAgent": "curl/8.7.1",
  "userId": 1,
  "userUniqueId": "b4ab823f-c537-4655-ab27-cab33fbd0996"
}
[VerifyToken] Request: { method: 'POST', url: '/', hasAuth: true }
[VerifyToken] Token decoded: {
  userUniqueId: 'b4ab823f-c537-4655-ab27-cab33fbd0996',
  phoneNumber: '+251983222221',
  roleId: 6,
  iat: 1786367661
}
[VerifyToken] User authenticated: {
  userUniqueId: 'b4ab823f-c537-4655-ab27-cab33fbd0996',
  phoneNumber: '+251983222221',
  roleId: undefined
}
16:15:17 [[32minfo[39m]: File saved locally
{
  "service": "ride-hailing-api",
  "environment": "development",
  "filePath": "/Users/zewedu/Desktop/Projects/transportBackEndNative/uploads/delivery_c1bc1cca-dd5f-4b40-9e46-d67f93e6bc28.png",
  "relativePath": "/uploads/delivery_c1bc1cca-dd5f-4b40-9e46-d67f93e6bc28.png"
}
16:15:17 [[32minfo[39m]: Transaction committed
{
  "service": "ride-hailing-api",
  "environment": "development",
  "transactionId": "txn_2026-08-10 13:15:17_c8mz0i5q2",
  "duration": "NaNms"
}
16:15:17 [[32minfo[39m]: API Request
{
  "service": "ride-hailing-api",
  "environment": "development",
  "type": "API_REQUEST",
  "method": "POST",
  "url": "/api/deliveryConfirmations",
  "statusCode": 200,
  "responseTime": "NaNms",
  "ip": "127.0.0.1",
  "userAgent": "curl/8.7.1",
  "userId": 1,
  "userUniqueId": "b4ab823f-c537-4655-ab27-cab33fbd0996"
}
[VerifyToken] Request: {
  method: 'GET',
  url: '/?deliveryConfirmationUniqueId=514488c7-db5d-42df-936f-548764e6d7cb',
  hasAuth: true
}
[VerifyToken] Token decoded: {
  userUniqueId: 'b4ab823f-c537-4655-ab27-cab33fbd0996',
  phoneNumber: '+251983222221',
  roleId: 6,
  iat: 1786367661
}
[VerifyToken] User authenticated: {
  userUniqueId: 'b4ab823f-c537-4655-ab27-cab33fbd0996',
  phoneNumber: '+251983222221',
  roleId: undefined
}
16:15:52 [[32minfo[39m]: API Request
{
  "service": "ride-hailing-api",
  "environment": "development",
  "type": "API_REQUEST",
  "method": "GET",
  "url": "/api/deliveryConfirmations?deliveryConfirmationUniqueId=514488c7-db5d-42df-936f-548764e6d7cb",
  "statusCode": 200,
  "responseTime": "NaNms",
  "ip": "127.0.0.1",
  "userAgent": "curl/8.7.1",
  "userId": 1,
  "userUniqueId": "b4ab823f-c537-4655-ab27-cab33fbd0996"
}
16:15:52 [[32minfo[39m]: Starting automatic timeout check
{
  "service": "ride-hailing-api",
  "environment": "development",
  "timeoutMinutes": 5
}
16:15:52 [[32minfo[39m]: No timed-out driver requests found
{
  "service": "ride-hailing-api",
  "environment": "development"
}
[VerifyToken] Request: { method: 'POST', url: '/', hasAuth: true }
[VerifyToken] Token decoded: {
  userUniqueId: 'b4ab823f-c537-4655-ab27-cab33fbd0996',
  phoneNumber: '+251983222221',
  roleId: 6,
  iat: 1786367661
}
[VerifyToken] User authenticated: {
  userUniqueId: 'b4ab823f-c537-4655-ab27-cab33fbd0996',
  phoneNumber: '+251983222221',
  roleId: undefined
}
16:16:13 [[33mwarn[39m]: Transaction rolled back
Error: A delivery confirmation already exists for this journey
    at exports.createDeliveryConfirmation (/Users/zewedu/Desktop/Projects/transportBackEndNative/Services/DeliveryConfirmation.service.js:170:13)
    at process.processTicksAndRejections (node:internal/process/task_queues:105:5)
    at async /Users/zewedu/Desktop/Projects/transportBackEndNative/Controllers/DeliveryConfirmation.controller.js:40:14
    at async /Users/zewedu/Desktop/Projects/transportBackEndNative/Utils/DatabaseTransaction.js:101:14
    at async executeInTransaction (/Users/zewedu/Desktop/Projects/transportBackEndNative/Utils/DatabaseTransaction.js:99:20)
    at async exports.createDeliveryConfirmation (/Users/zewedu/Desktop/Projects/transportBackEndNative/Controllers/DeliveryConfirmation.controller.js:39:20)
{
  "service": "ride-hailing-api",
  "environment": "development",
  "transactionId": "txn_2026-08-10 13:16:13_7xz28fzx3",
  "duration": "NaNms",
  "error": "A delivery confirmation already exists for this journey"
}
16:16:13 [[33mwarn[39m]: API Error A delivery confirmation already exists for this journey
Error: A delivery confirmation already exists for this journey
    at exports.createDeliveryConfirmation (/Users/zewedu/Desktop/Projects/transportBackEndNative/Services/DeliveryConfirmation.service.js:170:13)
    at process.processTicksAndRejections (node:internal/process/task_queues:105:5)
    at async /Users/zewedu/Desktop/Projects/transportBackEndNative/Controllers/DeliveryConfirmation.controller.js:40:14
    at async /Users/zewedu/Desktop/Projects/transportBackEndNative/Utils/DatabaseTransaction.js:101:14
    at async executeInTransaction (/Users/zewedu/Desktop/Projects/transportBackEndNative/Utils/DatabaseTransaction.js:99:20)
    at async exports.createDeliveryConfirmation (/Users/zewedu/Desktop/Projects/transportBackEndNative/Controllers/DeliveryConfirmation.controller.js:39:20)
{
  "service": "ride-hailing-api",
  "environment": "development",
  "type": "API_ERROR",
  "statusCode": 409,
  "path": "/api/deliveryConfirmations",
  "method": "POST",
  "ip": "127.0.0.1",
  "requestId": "51b4441f-3106-4f64-af79-842fcca39122",
  "userId": 1,
  "userUniqueId": "b4ab823f-c537-4655-ab27-cab33fbd0996",
  "body": {
    "journeyUniqueId": "5dac445e-de9e-4c6e-adda-71875f9ed8ce",
    "receiverPhoneNumber": "[REDACTED]",
    "receiverFullName": "Binyam Employee",
    "condition": "GOOD"
  },
  "params": {},
  "query": {}
}
16:16:13 [[32minfo[39m]: API Request
{
  "service": "ride-hailing-api",
  "environment": "development",
  "type": "API_REQUEST",
  "method": "POST",
  "url": "/api/deliveryConfirmations",
  "statusCode": 409,
  "responseTime": "NaNms",
  "ip": "127.0.0.1",
  "userAgent": "curl/8.7.1",
  "userId": 1,
  "userUniqueId": "b4ab823f-c537-4655-ab27-cab33fbd0996"
}
[VerifyToken] Request: {
  method: 'PUT',
  url: '/514488c7-db5d-42df-936f-548764e6d7cb',
  hasAuth: true
}
[VerifyToken] Token decoded: {
  userUniqueId: 'b4ab823f-c537-4655-ab27-cab33fbd0996',
  phoneNumber: '+251983222221',
  roleId: 6,
  iat: 1786367661
}
[VerifyToken] User authenticated: {
  userUniqueId: 'b4ab823f-c537-4655-ab27-cab33fbd0996',
  phoneNumber: '+251983222221',
  roleId: undefined
}
16:16:13 [[31merror[39m]: API Error Only JPEG, PNG, PDF, and SVG files are allowed!
Error: Only JPEG, PNG, PDF, and SVG files are allowed!
    at fileFilter (/Users/zewedu/Desktop/Projects/transportBackEndNative/Config/MulterConfig.js:94:8)
    at wrappedFileFilter (/Users/zewedu/Desktop/Projects/transportBackEndNative/node_modules/multer/index.js:45:7)
    at Multipart.<anonymous> (/Users/zewedu/Desktop/Projects/transportBackEndNative/node_modules/multer/lib/make-middleware.js:193:7)
    at Multipart.emit (node:events:507:28)
    at HeaderParser.cb (/Users/zewedu/Desktop/Projects/transportBackEndNative/node_modules/busboy/lib/types/multipart.js:358:14)
    at HeaderParser.push (/Users/zewedu/Desktop/Projects/transportBackEndNative/node_modules/busboy/lib/types/multipart.js:162:20)
    at SBMH.ssCb [as _cb] (/Users/zewedu/Desktop/Projects/transportBackEndNative/node_modules/busboy/lib/types/multipart.js:394:37)
    at feed (/Users/zewedu/Desktop/Projects/transportBackEndNative/node_modules/streamsearch/lib/sbmh.js:219:14)
    at SBMH.push (/Users/zewedu/Desktop/Projects/transportBackEndNative/node_modules/streamsearch/lib/sbmh.js:104:16)
    at Multipart._write (/Users/zewedu/Desktop/Projects/transportBackEndNative/node_modules/busboy/lib/types/multipart.js:567:19)
{
  "service": "ride-hailing-api",
  "environment": "development",
  "type": "API_ERROR",
  "statusCode": 500,
  "path": "/api/deliveryConfirmations/514488c7-db5d-42df-936f-548764e6d7cb",
  "method": "PUT",
  "ip": "127.0.0.1",
  "requestId": "ada46668-ac78-43e0-9202-4aaf135b570e",
  "userId": 1,
  "userUniqueId": "b4ab823f-c537-4655-ab27-cab33fbd0996",
  "body": {
    "status": "CONFIRMED",
    "receiverSignature": "ok"
  },
  "params": {},
  "query": {}
}
16:16:13 [[32minfo[39m]: API Request
{
  "service": "ride-hailing-api",
  "environment": "development",
  "type": "API_REQUEST",
  "method": "PUT",
  "url": "/api/deliveryConfirmations/514488c7-db5d-42df-936f-548764e6d7cb",
  "statusCode": 500,
  "responseTime": "NaNms",
  "ip": "127.0.0.1",
  "userAgent": "curl/8.7.1",
  "userId": 1,
  "userUniqueId": "b4ab823f-c537-4655-ab27-cab33fbd0996"
}
[VerifyToken] Request: {
  method: 'GET',
  url: '/?deliveryConfirmationUniqueId=514488c7-db5d-42df-936f-548764e6d7cb',
  hasAuth: true
}
[VerifyToken] Token decoded: {
  userUniqueId: 'b4ab823f-c537-4655-ab27-cab33fbd0996',
  phoneNumber: '+251983222221',
  roleId: 6,
  iat: 1786367661
}
[VerifyToken] User authenticated: {
  userUniqueId: 'b4ab823f-c537-4655-ab27-cab33fbd0996',
  phoneNumber: '+251983222221',
  roleId: undefined
}
16:16:13 [[32minfo[39m]: API Request
{
  "service": "ride-hailing-api",
  "environment": "development",
  "type": "API_REQUEST",
  "method": "GET",
  "url": "/api/deliveryConfirmations?deliveryConfirmationUniqueId=514488c7-db5d-42df-936f-548764e6d7cb",
  "statusCode": 200,
  "responseTime": "NaNms",
  "ip": "127.0.0.1",
  "userAgent": "curl/8.7.1",
  "userId": 1,
  "userUniqueId": "b4ab823f-c537-4655-ab27-cab33fbd0996"
}
[VerifyToken] Request: { method: 'POST', url: '/', hasAuth: true }
[VerifyToken] Token decoded: {
  userUniqueId: 'b4ab823f-c537-4655-ab27-cab33fbd0996',
  phoneNumber: '+251983222221',
  roleId: 6,
  iat: 1786367661
}
[VerifyToken] User authenticated: {
  userUniqueId: 'b4ab823f-c537-4655-ab27-cab33fbd0996',
  phoneNumber: '+251983222221',
  roleId: undefined
}
16:16:34 [[32minfo[39m]: Transaction committed
{
  "service": "ride-hailing-api",
  "environment": "development",
  "transactionId": "txn_2026-08-10 13:16:34_g3yar8tvy",
  "duration": "NaNms"
}
16:16:34 [[32minfo[39m]: API Request
{
  "service": "ride-hailing-api",
  "environment": "development",
  "type": "API_REQUEST",
  "method": "POST",
  "url": "/api/deliveryConfirmations",
  "statusCode": 200,
  "responseTime": "NaNms",
  "ip": "127.0.0.1",
  "userAgent": "curl/8.7.1",
  "userId": 1,
  "userUniqueId": "b4ab823f-c537-4655-ab27-cab33fbd0996"
}
[VerifyToken] Request: {
  method: 'PUT',
  url: '/514488c7-db5d-42df-936f-548764e6d7cb',
  hasAuth: true
}
[VerifyToken] Token decoded: {
  userUniqueId: 'b4ab823f-c537-4655-ab27-cab33fbd0996',
  phoneNumber: '+251983222221',
  roleId: 6,
  iat: 1786367661
}
[VerifyToken] User authenticated: {
  userUniqueId: 'b4ab823f-c537-4655-ab27-cab33fbd0996',
  phoneNumber: '+251983222221',
  roleId: undefined
}
16:16:34 [[32minfo[39m]: File saved locally
{
  "service": "ride-hailing-api",
  "environment": "development",
  "filePath": "/Users/zewedu/Desktop/Projects/transportBackEndNative/uploads/delivery_66a12753-bf38-4977-ae54-fb54474235f5.png",
  "relativePath": "/uploads/delivery_66a12753-bf38-4977-ae54-fb54474235f5.png"
}
16:16:34 [[32minfo[39m]: Transaction committed
{
  "service": "ride-hailing-api",
  "environment": "development",
  "transactionId": "txn_2026-08-10 13:16:34_8wrjd2nsl",
  "duration": "NaNms"
}
16:16:34 [[32minfo[39m]: API Request
{
  "service": "ride-hailing-api",
  "environment": "development",
  "type": "API_REQUEST",
  "method": "PUT",
  "url": "/api/deliveryConfirmations/514488c7-db5d-42df-936f-548764e6d7cb",
  "statusCode": 200,
  "responseTime": "NaNms",
  "ip": "127.0.0.1",
  "userAgent": "curl/8.7.1",
  "userId": 1,
  "userUniqueId": "b4ab823f-c537-4655-ab27-cab33fbd0996"
}
[VerifyToken] Request: {
  method: 'GET',
  url: '/?deliveryConfirmationUniqueId=514488c7-db5d-42df-936f-548764e6d7cb',
  hasAuth: true
}
[VerifyToken] Token decoded: {
  userUniqueId: 'b4ab823f-c537-4655-ab27-cab33fbd0996',
  phoneNumber: '+251983222221',
  roleId: 6,
  iat: 1786367661
}
[VerifyToken] User authenticated: {
  userUniqueId: 'b4ab823f-c537-4655-ab27-cab33fbd0996',
  phoneNumber: '+251983222221',
  roleId: undefined
}
16:16:34 [[32minfo[39m]: API Request
{
  "service": "ride-hailing-api",
  "environment": "development",
  "type": "API_REQUEST",
  "method": "GET",
  "url": "/api/deliveryConfirmations?deliveryConfirmationUniqueId=514488c7-db5d-42df-936f-548764e6d7cb",
  "statusCode": 200,
  "responseTime": "NaNms",
  "ip": "127.0.0.1",
  "userAgent": "curl/8.7.1",
  "userId": 1,
  "userUniqueId": "b4ab823f-c537-4655-ab27-cab33fbd0996"
}
16:17:52 [[32minfo[39m]: Starting automatic timeout check
{
  "service": "ride-hailing-api",
  "environment": "development",
  "timeoutMinutes": 5
}
16:17:52 [[32minfo[39m]: No timed-out driver requests found
{
  "service": "ride-hailing-api",
  "environment": "development"
}
16:19:52 [[32minfo[39m]: Starting automatic timeout check
{
  "service": "ride-hailing-api",
  "environment": "development",
  "timeoutMinutes": 5
}
16:19:52 [[32minfo[39m]: No timed-out driver requests found
{
  "service": "ride-hailing-api",
  "environment": "development"
}
16:21:52 [[32minfo[39m]: Starting automatic timeout check
{
  "service": "ride-hailing-api",
  "environment": "development",
  "timeoutMinutes": 5
}
16:21:52 [[32minfo[39m]: No timed-out driver requests found
{
  "service": "ride-hailing-api",
  "environment": "development"
}
16:23:52 [[32minfo[39m]: Starting automatic timeout check
{
  "service": "ride-hailing-api",
  "environment": "development",
  "timeoutMinutes": 5
}
16:23:52 [[32minfo[39m]: No timed-out driver requests found
{
  "service": "ride-hailing-api",
  "environment": "development"
}
16:25:52 [[32minfo[39m]: Starting automatic timeout check
{
  "service": "ride-hailing-api",
  "environment": "development",
  "timeoutMinutes": 5
}
16:25:52 [[32minfo[39m]: No timed-out driver requests found
{
  "service": "ride-hailing-api",
  "environment": "development"
}
16:27:52 [[32minfo[39m]: Starting automatic timeout check
{
  "service": "ride-hailing-api",
  "environment": "development",
  "timeoutMinutes": 5
}
16:27:52 [[32minfo[39m]: No timed-out driver requests found
{
  "service": "ride-hailing-api",
  "environment": "development"
}
16:29:52 [[32minfo[39m]: Starting automatic timeout check
{
  "service": "ride-hailing-api",
  "environment": "development",
  "timeoutMinutes": 5
}
16:29:52 [[32minfo[39m]: No timed-out driver requests found
{
  "service": "ride-hailing-api",
  "environment": "development"
}
16:29:57 [[32minfo[39m]: Database 'transportCompanyTest' ensured (created if not existed)
{
  "service": "ride-hailing-api",
  "environment": "development"
}
16:29:58 [[32minfo[39m]: API Request
{
  "service": "ride-hailing-api",
  "environment": "development",
  "type": "API_REQUEST",
  "method": "POST",
  "url": "/api/admin/createTable",
  "statusCode": 200,
  "responseTime": "NaNms",
  "ip": "127.0.0.1",
  "userAgent": "axios/1.18.1"
}
16:29:58 [[32minfo[39m]: Transaction committed
{
  "service": "ride-hailing-api",
  "environment": "development",
  "transactionId": "txn_2026-08-10 13:29:58_lu75z6e92",
  "duration": "NaNms"
}
16:29:58 [[32minfo[39m]: API Request
{
  "service": "ride-hailing-api",
  "environment": "development",
  "type": "API_REQUEST",
  "method": "POST",
  "url": "/api/user/verifyUserByOTP",
  "statusCode": 200,
  "responseTime": "NaNms",
  "ip": "127.0.0.1",
  "userAgent": "axios/1.18.1"
}
16:29:58 [[32minfo[39m]: API Request
{
  "service": "ride-hailing-api",
  "environment": "development",
  "type": "API_REQUEST",
  "method": "POST",
  "url": "/api/user/loginUser",
  "statusCode": 200,
  "responseTime": "NaNms",
  "ip": "127.0.0.1",
  "userAgent": "axios/1.18.1"
}
[VerifyToken] Request: {
  method: 'GET',
  url: '/api/admin/installPreDefinedData',
  hasAuth: true
}
[VerifyToken] Token decoded: {
  userUniqueId: 'b4ab823f-c537-4655-ab27-cab33fbd0996',
  phoneNumber: '+251983222221',
  roleId: 6,
  iat: 1786368598
}
[VerifyToken] User authenticated: {
  userUniqueId: 'b4ab823f-c537-4655-ab27-cab33fbd0996',
  phoneNumber: '+251983222221',
  roleId: undefined
}
16:29:58 [[32minfo[39m]: Starting installPreDefinedData
{
  "service": "ride-hailing-api",
  "environment": "development",
  "hasUser": true,
  "userUniqueId": "b4ab823f-c537-4655-ab27-cab33fbd0996",
  "counts": {
    "listOfVehicleStatusTypes": 6,
    "journeyStatus": 17,
    "statusList": 8,
    "roleList": 11,
    "companyRoleList": 4,
    "vehicleTypes": 8
  }
}
16:29:58 [[32minfo[39m]: Seeded VehicleStatusType:
{
  "service": "ride-hailing-api",
  "environment": "development",
  "item": "active"
}
16:29:58 [[32minfo[39m]: Seeded VehicleStatusType:
{
  "service": "ride-hailing-api",
  "environment": "development",
  "item": "inactive"
}
16:29:58 [[32minfo[39m]: Seeded VehicleStatusType:
{
  "service": "ride-hailing-api",
  "environment": "development",
  "item": "deleted"
}
16:29:58 [[32minfo[39m]: Seeded VehicleStatusType:
{
  "service": "ride-hailing-api",
  "environment": "development",
  "item": "suspended"
}
16:29:58 [[32minfo[39m]: Seeded VehicleStatusType:
{
  "service": "ride-hailing-api",
  "environment": "development",
  "item": "rejected"
}
16:29:58 [[32minfo[39m]: Seeded VehicleStatusType:
{
  "service": "ride-hailing-api",
  "environment": "development",
  "item": "reserved by other driver"
}
16:29:58 [[32minfo[39m]: Skipped existing item in predefined data
{
  "service": "ride-hailing-api",
  "environment": "development",
  "label": "JourneyStatus",
  "item": {
    "journeyStatusId": 1,
    "journeyStatusName": "waiting",
    "journeyStatusDescription": "Initial state when a shipper creates a transport request, waiting for drivers to respond and accept."
  },
  "error": "Journey status already exists"
}
16:29:58 [[32minfo[39m]: Skipped existing item in predefined data
{
  "service": "ride-hailing-api",
  "environment": "development",
  "label": "JourneyStatus",
  "item": {
    "journeyStatusId": 2,
    "journeyStatusName": "requested",
    "journeyStatusDescription": "A shipper request has been sent or forwarded to a driver. The driver has received the request but has not yet responded."
  },
  "error": "Journey status already exists"
}
16:29:58 [[32minfo[39m]: Skipped existing item in predefined data
{
  "service": "ride-hailing-api",
  "environment": "development",
  "label": "JourneyStatus",
  "item": {
    "journeyStatusId": 3,
    "journeyStatusName": "acceptedByDriver",
    "journeyStatusDescription": "Driver has accepted the shipper request and provided their bidding price. At this point, a JourneyDecision record is created, linking the driver and shipper request."
  },
  "error": "Journey status already exists"
}
16:29:58 [[32minfo[39m]: Skipped existing item in predefined data
{
  "service": "ride-hailing-api",
  "environment": "development",
  "label": "JourneyStatus",
  "item": {
    "journeyStatusId": 4,
    "journeyStatusName": "acceptedByShipper",
    "journeyStatusDescription": "Shipper has selected one driver from multiple drivers who accepted the request. This occurs when multiple drivers accepted (status 3), and the shipper chooses one driver's offer."
  },
  "error": "Journey status already exists"
}
16:29:58 [[32minfo[39m]: Skipped existing item in predefined data
{
  "service": "ride-hailing-api",
  "environment": "development",
  "label": "JourneyStatus",
  "item": {
    "journeyStatusId": 5,
    "journeyStatusName": "journeyStarted",
    "journeyStatusDescription": "The actual journey has been initiated by the driver. This occurs after the shipper has accepted the driver (status 4), and the driver begins the transportation."
  },
  "error": "Journey status already exists"
}
16:29:58 [[32minfo[39m]: Skipped existing item in predefined data
{
  "service": "ride-hailing-api",
  "environment": "development",
  "label": "JourneyStatus",
  "item": {
    "journeyStatusId": 6,
    "journeyStatusName": "journeyCompleted",
    "journeyStatusDescription": "The journey has been successfully completed by the driver. The transportation service has been fully delivered."
  },
  "error": "Journey status already exists"
}
16:29:58 [[32minfo[39m]: Skipped existing item in predefined data
{
  "service": "ride-hailing-api",
  "environment": "development",
  "label": "JourneyStatus",
  "item": {
    "journeyStatusId": 7,
    "journeyStatusName": "cancelledByShipper",
    "journeyStatusDescription": "Shipper has cancelled the entire transport request. This cancellation affects all drivers who were involved, and the entire shipment is cancelled."
  },
  "error": "Journey status already exists"
}
16:29:58 [[32minfo[39m]: Skipped existing item in predefined data
{
  "service": "ride-hailing-api",
  "environment": "development",
  "label": "JourneyStatus",
  "item": {
    "journeyStatusId": 8,
    "journeyStatusName": "rejectedByShipper",
    "journeyStatusDescription": "Shipper has rejected a specific driver's offer after the driver accepted the request (status 3). This rejection only affects the specific driver that was rejected, and the shipper can still select other drivers who accepted the request."
  },
  "error": "Journey status already exists"
}
16:29:58 [[32minfo[39m]: Skipped existing item in predefined data
{
  "service": "ride-hailing-api",
  "environment": "development",
  "label": "JourneyStatus",
  "item": {
    "journeyStatusId": 9,
    "journeyStatusName": "cancelledByDriver",
    "journeyStatusDescription": "Driver canceled the request after accepting it and providing their bidding price. This occurs after the driver has committed to participate in the bid (status 3 - acceptedByDriver), meaning a JourneyDecision record exists. The driver withdraws their commitment, which can happen at any point after acceptance, including before or after the shipper selects a driver, or even after the journey has started."
  },
  "error": "Journey status already exists"
}
16:29:58 [[32minfo[39m]: Skipped existing item in predefined data
{
  "service": "ride-hailing-api",
  "environment": "development",
  "label": "JourneyStatus",
  "item": {
    "journeyStatusId": 10,
    "journeyStatusName": "cancelledByAdmin",
    "journeyStatusDescription": "Admin has cancelled the request. This administrative cancellation can occur at various stages of the journey lifecycle."
  },
  "error": "Journey status already exists"
}
16:29:58 [[32minfo[39m]: Skipped existing item in predefined data
{
  "service": "ride-hailing-api",
  "environment": "development",
  "label": "JourneyStatus",
  "item": {
    "journeyStatusId": 11,
    "journeyStatusName": "completedByAdmin",
    "journeyStatusDescription": "Admin has manually marked the journey as completed. This administrative action is used when a journey needs to be marked as completed through administrative intervention."
  },
  "error": "Journey status already exists"
}
16:29:58 [[32minfo[39m]: Skipped existing item in predefined data
{
  "service": "ride-hailing-api",
  "environment": "development",
  "label": "JourneyStatus",
  "item": {
    "journeyStatusId": 12,
    "journeyStatusName": "cancelledBySystem",
    "journeyStatusDescription": "System has automatically cancelled the request. This can occur due to system-level rules, timeout conditions, or other automated cancellation scenarios."
  },
  "error": "Journey status already exists"
}
16:29:58 [[32minfo[39m]: Skipped existing item in predefined data
{
  "service": "ride-hailing-api",
  "environment": "development",
  "label": "JourneyStatus",
  "item": {
    "journeyStatusId": 13,
    "journeyStatusName": "noAnswerFromDriver",
    "journeyStatusDescription": "Driver did not respond to the incoming request within the expected time. The request is then automatically forwarded to another available driver."
  },
  "error": "Journey status already exists"
}
16:29:58 [[32minfo[39m]: Skipped existing item in predefined data
{
  "service": "ride-hailing-api",
  "environment": "development",
  "label": "JourneyStatus",
  "item": {
    "journeyStatusId": 14,
    "journeyStatusName": "notSelectedInBid",
    "journeyStatusDescription": "Driver had accepted the shipper request (status 3) and participated in the bid process, but the shipper selected a different driver. The driver's offer was not chosen during the bid selection."
  },
  "error": "Journey status already exists"
}
16:29:58 [[32minfo[39m]: Skipped existing item in predefined data
{
  "service": "ride-hailing-api",
  "environment": "development",
  "label": "JourneyStatus",
  "item": {
    "journeyStatusId": 15,
    "journeyStatusName": "rejectedByDriver",
    "journeyStatusDescription": "Driver rejected the incoming shipper request before accepting it. This occurs at the initial request stage (status 2 - requested), meaning the driver never accepted the request, did not provide a bidding price, and no JourneyDecision record was created. The driver declined participation in the bid process from the start."
  },
  "error": "Journey status already exists"
}
16:29:58 [[32minfo[39m]: Skipped existing item in predefined data
{
  "service": "ride-hailing-api",
  "environment": "development",
  "label": "JourneyStatus",
  "item": {
    "journeyStatusId": 16,
    "journeyStatusName": "replacedByCompanyAssignment",
    "journeyStatusDescription": "The individual driver-shipper connection was automatically replaced because a transport company assigned this driver to a company-managed freight job. The individual ShipperRequest is returned to the waiting pool and the driver's new JourneyDecision is linked to the company assignment. This is a system-level status with clear intent — company assignments take priority over individual matches."
  },
  "error": "Journey status already exists"
}
16:29:58 [[32minfo[39m]: Skipped existing item in predefined data
{
  "service": "ride-hailing-api",
  "environment": "development",
  "label": "JourneyStatus",
  "item": {
    "journeyStatusId": 17,
    "journeyStatusName": "partiallyCancelled",
    "journeyStatusDescription": "A company freight batch was partially cancelled by the shipper. One or more vehicle slots were cancelled while others had already completed their journey or are still in transit. The batch remains open for the active/completed slots. This status applies only to ShipperRequestBatch records — individual ShipperRequest rows within the batch keep their own terminal status (journeyCompleted or cancelledByShipper)."
  },
  "error": "Journey status already exists"
}
16:29:58 [[32minfo[39m]: Seeded Status:
{
  "service": "ride-hailing-api",
  "environment": "development",
  "item": "active"
}
16:29:58 [[32minfo[39m]: Seeded Status:
{
  "service": "ride-hailing-api",
  "environment": "development",
  "item": "inactive - vehicle not registered"
}
16:29:58 [[32minfo[39m]: Seeded Status:
{
  "service": "ride-hailing-api",
  "environment": "development",
  "item": "inactive - required documents missing"
}
16:29:58 [[32minfo[39m]: Seeded Status:
{
  "service": "ride-hailing-api",
  "environment": "development",
  "item": "inactive - documents rejected"
}
16:29:58 [[32minfo[39m]: Seeded Status:
{
  "service": "ride-hailing-api",
  "environment": "development",
  "item": "inactive - documents pending"
}
16:29:58 [[32minfo[39m]: Seeded Status:
{
  "service": "ride-hailing-api",
  "environment": "development",
  "item": "inactive - User is banned by admin"
}
16:29:58 [[32minfo[39m]: Seeded Status:
{
  "service": "ride-hailing-api",
  "environment": "development",
  "item": "inactive - Driver doesn't have a subscription"
}
16:29:58 [[32minfo[39m]: Seeded Status:
{
  "service": "ride-hailing-api",
  "environment": "development",
  "item": "inactive - account deleted"
}
16:29:58 [[32minfo[39m]: Seeded Role:
{
  "service": "ride-hailing-api",
  "environment": "development",
  "item": "Shipper"
}
16:29:58 [[32minfo[39m]: Seeded Role:
{
  "service": "ride-hailing-api",
  "environment": "development",
  "item": "Driver"
}
16:29:58 [[32minfo[39m]: Seeded Role:
{
  "service": "ride-hailing-api",
  "environment": "development",
  "item": "Admin"
}
16:29:58 [[32minfo[39m]: Seeded Role:
{
  "service": "ride-hailing-api",
  "environment": "development",
  "item": "vehicle owner"
}
16:29:58 [[32minfo[39m]: Seeded Role:
{
  "service": "ride-hailing-api",
  "environment": "development",
  "item": "System"
}
16:29:58 [[32minfo[39m]: Seeded Role:
{
  "service": "ride-hailing-api",
  "environment": "development",
  "item": "Supper Admin"
}
16:29:58 [[32minfo[39m]: Seeded Role:
{
  "service": "ride-hailing-api",
  "environment": "development",
  "item": "CompanyAdmin"
}
16:29:58 [[32minfo[39m]: Seeded Role:
{
  "service": "ride-hailing-api",
  "environment": "development",
  "item": "company"
}
16:29:58 [[32minfo[39m]: Seeded Role:
{
  "service": "ride-hailing-api",
  "environment": "development",
  "item": "vehicle"
}
16:29:58 [[32minfo[39m]: Seeded Role:
{
  "service": "ride-hailing-api",
  "environment": "development",
  "item": "Dispatcher"
}
16:29:58 [[32minfo[39m]: Seeded Role:
{
  "service": "ride-hailing-api",
  "environment": "development",
  "item": "Queue Organization Admin"
}
16:29:58 [[32minfo[39m]: Seeded CompanyRoles:
{
  "service": "ride-hailing-api",
  "environment": "development"
}
16:29:58 [[32minfo[39m]: Seeded CompanyRoles:
{
  "service": "ride-hailing-api",
  "environment": "development"
}
16:29:58 [[32minfo[39m]: Seeded CompanyRoles:
{
  "service": "ride-hailing-api",
  "environment": "development"
}
16:29:58 [[32minfo[39m]: Seeded CompanyRoles:
{
  "service": "ride-hailing-api",
  "environment": "development"
}
16:29:58 [[32minfo[39m]: Skipped existing item in predefined data
{
  "service": "ride-hailing-api",
  "environment": "development",
  "label": "VehicleTypes",
  "item": {
    "vehicleTypeName": "Light Truck (up to 35 Quintal)",
    "carryingCapacity": 35,
    "cargoType": "bulk_only",
    "vehicleTypeDescription": "Small/light freight truck for bulk cargo up to 35 quintal. Cannot carry ISO containers.",
    "createdAt": null,
    "updatedAt": null
  },
  "error": "Vehicle type already exists"
}
16:29:58 [[32minfo[39m]: Skipped existing item in predefined data
{
  "service": "ride-hailing-api",
  "environment": "development",
  "label": "VehicleTypes",
  "item": {
    "vehicleTypeName": "Medium Truck (up to 50 Quintal)",
    "carryingCapacity": 50,
    "cargoType": "bulk_only",
    "vehicleTypeDescription": "Medium freight truck for bulk cargo up to 50 quintal. Cannot carry ISO containers.",
    "createdAt": null,
    "updatedAt": null
  },
  "error": "Vehicle type already exists"
}
16:29:58 [[32minfo[39m]: Skipped existing item in predefined data
{
  "service": "ride-hailing-api",
  "environment": "development",
  "label": "VehicleTypes",
  "item": {
    "vehicleTypeName": "Medium Truck (up to 100 Quintal)",
    "carryingCapacity": 100,
    "cargoType": "bulk_only",
    "vehicleTypeDescription": "Medium freight truck for bulk cargo up to 100 quintal. Cannot carry ISO containers.",
    "createdAt": null,
    "updatedAt": null
  },
  "error": "Vehicle type already exists"
}
16:29:58 [[32minfo[39m]: Skipped existing item in predefined data
{
  "service": "ride-hailing-api",
  "environment": "development",
  "label": "VehicleTypes",
  "item": {
    "vehicleTypeName": "Heavy Truck (125–175 Quintal)",
    "carryingCapacity": 175,
    "cargoType": "both",
    "vehicleTypeDescription": "Heavy truck for loads 125–175 quintal. Accepts bulk cargo or a single 20ft ISO container.",
    "createdAt": null,
    "updatedAt": null
  },
  "error": "Vehicle type already exists"
}
16:29:58 [[32minfo[39m]: Skipped existing item in predefined data
{
  "service": "ride-hailing-api",
  "environment": "development",
  "label": "VehicleTypes",
  "item": {
    "vehicleTypeName": "Extra Heavy Truck (176–250 Quintal)",
    "carryingCapacity": 250,
    "cargoType": "both",
    "vehicleTypeDescription": "Extra-heavy truck for loads 176–250 quintal. Accepts bulk cargo or ISO containers.",
    "createdAt": null,
    "updatedAt": null
  },
  "error": "Vehicle type already exists"
}
16:29:58 [[32minfo[39m]: Skipped existing item in predefined data
{
  "service": "ride-hailing-api",
  "environment": "development",
  "label": "VehicleTypes",
  "item": {
    "vehicleTypeName": "20ft Container Truck (251–300 Quintal)",
    "carryingCapacity": 300,
    "cargoType": "both",
    "vehicleTypeDescription": "Container truck with 20ft cassoni fitting for loads 251–300 quintal. Accepts bulk cargo or a 20ft ISO container.",
    "createdAt": null,
    "updatedAt": null
  },
  "error": "Vehicle type already exists"
}
16:29:58 [[32minfo[39m]: Skipped existing item in predefined data
{
  "service": "ride-hailing-api",
  "environment": "development",
  "label": "VehicleTypes",
  "item": {
    "vehicleTypeName": "2×20ft or 40ft Low-Bed Truck (301–350 Quintal)",
    "carryingCapacity": 350,
    "cargoType": "container_only",
    "vehicleTypeDescription": "Specialised low-bed container rig for 301–350 quintal. Carries either 2 × 20ft OR 1 × 40ft ISO containers ",
    "createdAt": null,
    "updatedAt": null
  },
  "error": "Vehicle type already exists"
}
16:29:58 [[32minfo[39m]: Skipped existing item in predefined data
{
  "service": "ride-hailing-api",
  "environment": "development",
  "label": "VehicleTypes",
  "item": {
    "vehicleTypeName": "2×20ft or 40ft Container Truck (351–400 Quintal)",
    "carryingCapacity": 400,
    "cargoType": "container_only",
    "vehicleTypeDescription": "Specialised multi-container truck for 351–400 quintal. Carries either 2 × 20ft OR 1 × 40ft ISO containers  ",
    "createdAt": null,
    "updatedAt": null
  },
  "error": "Vehicle type already exists"
}
16:29:58 [[32minfo[39m]: Seeded DocumentType:
{
  "service": "ride-hailing-api",
  "environment": "development"
}
16:29:58 [[32minfo[39m]: Seeded DocumentType:
{
  "service": "ride-hailing-api",
  "environment": "development"
}
16:29:58 [[32minfo[39m]: Seeded DocumentType:
{
  "service": "ride-hailing-api",
  "environment": "development"
}
16:29:58 [[32minfo[39m]: Seeded DocumentType:
{
  "service": "ride-hailing-api",
  "environment": "development"
}
16:29:58 [[32minfo[39m]: Seeded DocumentType:
{
  "service": "ride-hailing-api",
  "environment": "development"
}
16:29:58 [[32minfo[39m]: Seeded DocumentType:
{
  "service": "ride-hailing-api",
  "environment": "development"
}
16:29:58 [[32minfo[39m]: Seeded DocumentType:
{
  "service": "ride-hailing-api",
  "environment": "development"
}
16:29:58 [[32minfo[39m]: Seeded DocumentType:
{
  "service": "ride-hailing-api",
  "environment": "development"
}
16:29:58 [[32minfo[39m]: Seeded DocumentType:
{
  "service": "ride-hailing-api",
  "environment": "development"
}
16:29:58 [[32minfo[39m]: Seeded DocumentType:
{
  "service": "ride-hailing-api",
  "environment": "development"
}
16:29:58 [[32minfo[39m]: Seeded DocumentType:
{
  "service": "ride-hailing-api",
  "environment": "development"
}
16:29:58 [[32minfo[39m]: Seeded DocumentRequirement:
{
  "service": "ride-hailing-api",
  "environment": "development"
}
16:29:58 [[32minfo[39m]: Seeded DocumentRequirement:
{
  "service": "ride-hailing-api",
  "environment": "development"
}
16:29:58 [[32minfo[39m]: Seeded ShipperDocumentRequirement:
{
  "service": "ride-hailing-api",
  "environment": "development"
}
16:29:58 [[32minfo[39m]: Seeded ShipperDocumentRequirement:
{
  "service": "ride-hailing-api",
  "environment": "development"
}
16:29:58 [[32minfo[39m]: Seeded CompanyDocumentRequirement:
{
  "service": "ride-hailing-api",
  "environment": "development"
}
16:29:58 [[32minfo[39m]: Seeded CompanyDocumentRequirement:
{
  "service": "ride-hailing-api",
  "environment": "development"
}
16:29:58 [[32minfo[39m]: Seeded CompanyDocumentRequirement:
{
  "service": "ride-hailing-api",
  "environment": "development"
}
16:29:58 [[32minfo[39m]: Seeded CompanyDocumentRequirement:
{
  "service": "ride-hailing-api",
  "environment": "development"
}
16:29:58 [[32minfo[39m]: Seeded VehicleDocumentRequirement:
{
  "service": "ride-hailing-api",
  "environment": "development"
}
16:29:58 [[32minfo[39m]: Seeded VehicleDocumentRequirement:
{
  "service": "ride-hailing-api",
  "environment": "development"
}
16:29:58 [[32minfo[39m]: Seeded CompanyAdminDocumentRequirement:
{
  "service": "ride-hailing-api",
  "environment": "development"
}
16:29:58 [[32minfo[39m]: Seeded CompanyAdminDocumentRequirement:
{
  "service": "ride-hailing-api",
  "environment": "development"
}
16:29:58 [[32minfo[39m]: Seeded DispatcherDocumentRequirement:
{
  "service": "ride-hailing-api",
  "environment": "development"
}
16:29:58 [[32minfo[39m]: Seeded DispatcherDocumentRequirement:
{
  "service": "ride-hailing-api",
  "environment": "development"
}
16:29:58 [[32minfo[39m]: Cancellation reason already exists — skipping
{
  "service": "ride-hailing-api",
  "environment": "development",
  "error": "Cancellation reason already exists",
  "cancellationReason": "Driver arrived too late to the pickup location",
  "roleId": 1
}
16:29:58 [[32minfo[39m]: Skipped existing item in predefined data
{
  "service": "ride-hailing-api",
  "environment": "development",
  "label": "CancellationReasonsType",
  "item": {
    "cancellationReason": "Driver arrived too late to the pickup location",
    "roleId": 1,
    "requestMode": "individual"
  },
  "error": "Cancellation reason already exists"
}
16:29:58 [[32minfo[39m]: Cancellation reason already exists — skipping
{
  "service": "ride-hailing-api",
  "environment": "development",
  "error": "Cancellation reason already exists",
  "cancellationReason": "Driver did not come to my location at all",
  "roleId": 1
}
16:29:58 [[32minfo[39m]: Skipped existing item in predefined data
{
  "service": "ride-hailing-api",
  "environment": "development",
  "label": "CancellationReasonsType",
  "item": {
    "cancellationReason": "Driver did not come to my location at all",
    "roleId": 1,
    "requestMode": "individual"
  },
  "error": "Cancellation reason already exists"
}
16:29:58 [[32minfo[39m]: Cancellation reason already exists — skipping
{
  "service": "ride-hailing-api",
  "environment": "development",
  "error": "Cancellation reason already exists",
  "cancellationReason": "Found an available driver directly on the road",
  "roleId": 1
}
16:29:58 [[32minfo[39m]: Skipped existing item in predefined data
{
  "service": "ride-hailing-api",
  "environment": "development",
  "label": "CancellationReasonsType",
  "item": {
    "cancellationReason": "Found an available driver directly on the road",
    "roleId": 1,
    "requestMode": "individual"
  },
  "error": "Cancellation reason already exists"
}
16:29:58 [[32minfo[39m]: Cancellation reason already exists — skipping
{
  "service": "ride-hailing-api",
  "environment": "development",
  "error": "Cancellation reason already exists",
  "cancellationReason": "Driver's vehicle did not match the listed type",
  "roleId": 1
}
16:29:58 [[32minfo[39m]: Skipped existing item in predefined data
{
  "service": "ride-hailing-api",
  "environment": "development",
  "label": "CancellationReasonsType",
  "item": {
    "cancellationReason": "Driver's vehicle did not match the listed type",
    "roleId": 1,
    "requestMode": "individual"
  },
  "error": "Cancellation reason already exists"
}
16:29:58 [[32minfo[39m]: Cancellation reason already exists — skipping
{
  "service": "ride-hailing-api",
  "environment": "development",
  "error": "Cancellation reason already exists",
  "cancellationReason": "Driver was rude or behaved unprofessionally",
  "roleId": 1
}
16:29:58 [[32minfo[39m]: Skipped existing item in predefined data
{
  "service": "ride-hailing-api",
  "environment": "development",
  "label": "CancellationReasonsType",
  "item": {
    "cancellationReason": "Driver was rude or behaved unprofessionally",
    "roleId": 1,
    "requestMode": "individual"
  },
  "error": "Cancellation reason already exists"
}
16:29:58 [[32minfo[39m]: Cancellation reason already exists — skipping
{
  "service": "ride-hailing-api",
  "environment": "development",
  "error": "Cancellation reason already exists",
  "cancellationReason": "Driver's vehicle appeared unsafe or in poor condition",
  "roleId": 1
}
16:29:58 [[32minfo[39m]: Skipped existing item in predefined data
{
  "service": "ride-hailing-api",
  "environment": "development",
  "label": "CancellationReasonsType",
  "item": {
    "cancellationReason": "Driver's vehicle appeared unsafe or in poor condition",
    "roleId": 1,
    "requestMode": "individual"
  },
  "error": "Cancellation reason already exists"
}
16:29:58 [[32minfo[39m]: Cancellation reason already exists — skipping
{
  "service": "ride-hailing-api",
  "environment": "development",
  "error": "Cancellation reason already exists",
  "cancellationReason": "Driver demanded more money than the agreed price",
  "roleId": 1
}
16:29:58 [[32minfo[39m]: Skipped existing item in predefined data
{
  "service": "ride-hailing-api",
  "environment": "development",
  "label": "CancellationReasonsType",
  "item": {
    "cancellationReason": "Driver demanded more money than the agreed price",
    "roleId": 1,
    "requestMode": "individual"
  },
  "error": "Cancellation reason already exists"
}
16:29:58 [[32minfo[39m]: Cancellation reason already exists — skipping
{
  "service": "ride-hailing-api",
  "environment": "development",
  "error": "Cancellation reason already exists",
  "cancellationReason": "Driver was not answering calls or messages",
  "roleId": 1
}
16:29:58 [[32minfo[39m]: Skipped existing item in predefined data
{
  "service": "ride-hailing-api",
  "environment": "development",
  "label": "CancellationReasonsType",
  "item": {
    "cancellationReason": "Driver was not answering calls or messages",
    "roleId": 1,
    "requestMode": "individual"
  },
  "error": "Cancellation reason already exists"
}
16:29:58 [[32minfo[39m]: Cancellation reason already exists — skipping
{
  "service": "ride-hailing-api",
  "environment": "development",
  "error": "Cancellation reason already exists",
  "cancellationReason": "Driver refused to go to the agreed destination",
  "roleId": 1
}
16:29:58 [[32minfo[39m]: Skipped existing item in predefined data
{
  "service": "ride-hailing-api",
  "environment": "development",
  "label": "CancellationReasonsType",
  "item": {
    "cancellationReason": "Driver refused to go to the agreed destination",
    "roleId": 1,
    "requestMode": "individual"
  },
  "error": "Cancellation reason already exists"
}
16:29:58 [[32minfo[39m]: Cancellation reason already exists — skipping
{
  "service": "ride-hailing-api",
  "environment": "development",
  "error": "Cancellation reason already exists",
  "cancellationReason": "Driver did not have the proper loading equipment",
  "roleId": 1
}
16:29:58 [[32minfo[39m]: Skipped existing item in predefined data
{
  "service": "ride-hailing-api",
  "environment": "development",
  "label": "CancellationReasonsType",
  "item": {
    "cancellationReason": "Driver did not have the proper loading equipment",
    "roleId": 1,
    "requestMode": "individual"
  },
  "error": "Cancellation reason already exists"
}
16:29:58 [[32minfo[39m]: Cancellation reason already exists — skipping
{
  "service": "ride-hailing-api",
  "environment": "development",
  "error": "Cancellation reason already exists",
  "cancellationReason": "Driver's bid price was too high compared to other drivers",
  "roleId": 1
}
16:29:58 [[32minfo[39m]: Skipped existing item in predefined data
{
  "service": "ride-hailing-api",
  "environment": "development",
  "label": "CancellationReasonsType",
  "item": {
    "cancellationReason": "Driver's bid price was too high compared to other drivers",
    "roleId": 1,
    "requestMode": "individual"
  },
  "error": "Cancellation reason already exists"
}
16:29:58 [[32minfo[39m]: Cancellation reason already exists — skipping
{
  "service": "ride-hailing-api",
  "environment": "development",
  "error": "Cancellation reason already exists",
  "cancellationReason": "Company did not assign vehicles within the agreed time",
  "roleId": 1
}
16:29:58 [[32minfo[39m]: Skipped existing item in predefined data
{
  "service": "ride-hailing-api",
  "environment": "development",
  "label": "CancellationReasonsType",
  "item": {
    "cancellationReason": "Company did not assign vehicles within the agreed time",
    "roleId": 1,
    "requestMode": "company"
  },
  "error": "Cancellation reason already exists"
}
16:29:58 [[32minfo[39m]: Cancellation reason already exists — skipping
{
  "service": "ride-hailing-api",
  "environment": "development",
  "error": "Cancellation reason already exists",
  "cancellationReason": "Company provided fewer vehicles than agreed in the batch",
  "roleId": 1
}
16:29:58 [[32minfo[39m]: Skipped existing item in predefined data
{
  "service": "ride-hailing-api",
  "environment": "development",
  "label": "CancellationReasonsType",
  "item": {
    "cancellationReason": "Company provided fewer vehicles than agreed in the batch",
    "roleId": 1,
    "requestMode": "company"
  },
  "error": "Cancellation reason already exists"
}
16:29:58 [[32minfo[39m]: Cancellation reason already exists — skipping
{
  "service": "ride-hailing-api",
  "environment": "development",
  "error": "Cancellation reason already exists",
  "cancellationReason": "Assigned vehicles did not meet the cargo weight or type requirements",
  "roleId": 1
}
16:29:58 [[32minfo[39m]: Skipped existing item in predefined data
{
  "service": "ride-hailing-api",
  "environment": "development",
  "label": "CancellationReasonsType",
  "item": {
    "cancellationReason": "Assigned vehicles did not meet the cargo weight or type requirements",
    "roleId": 1,
    "requestMode": "company"
  },
  "error": "Cancellation reason already exists"
}
16:29:58 [[32minfo[39m]: Cancellation reason already exists — skipping
{
  "service": "ride-hailing-api",
  "environment": "development",
  "error": "Cancellation reason already exists",
  "cancellationReason": "Drivers assigned by the company were unqualified or unlicensed",
  "roleId": 1
}
16:29:58 [[32minfo[39m]: Skipped existing item in predefined data
{
  "service": "ride-hailing-api",
  "environment": "development",
  "label": "CancellationReasonsType",
  "item": {
    "cancellationReason": "Drivers assigned by the company were unqualified or unlicensed",
    "roleId": 1,
    "requestMode": "company"
  },
  "error": "Cancellation reason already exists"
}
16:29:58 [[32minfo[39m]: Cancellation reason already exists — skipping
{
  "service": "ride-hailing-api",
  "environment": "development",
  "error": "Cancellation reason already exists",
  "cancellationReason": "Company did not respond after the bid was accepted",
  "roleId": 1
}
16:29:58 [[32minfo[39m]: Skipped existing item in predefined data
{
  "service": "ride-hailing-api",
  "environment": "development",
  "label": "CancellationReasonsType",
  "item": {
    "cancellationReason": "Company did not respond after the bid was accepted",
    "roleId": 1,
    "requestMode": "company"
  },
  "error": "Cancellation reason already exists"
}
16:29:58 [[32minfo[39m]: Cancellation reason already exists — skipping
{
  "service": "ride-hailing-api",
  "environment": "development",
  "error": "Cancellation reason already exists",
  "cancellationReason": "Company demanded changes to price or terms after acceptance",
  "roleId": 1
}
16:29:58 [[32minfo[39m]: Skipped existing item in predefined data
{
  "service": "ride-hailing-api",
  "environment": "development",
  "label": "CancellationReasonsType",
  "item": {
    "cancellationReason": "Company demanded changes to price or terms after acceptance",
    "roleId": 1,
    "requestMode": "company"
  },
  "error": "Cancellation reason already exists"
}
16:29:58 [[32minfo[39m]: Cancellation reason already exists — skipping
{
  "service": "ride-hailing-api",
  "environment": "development",
  "error": "Cancellation reason already exists",
  "cancellationReason": "Company's fleet was unavailable on the agreed shipping date",
  "roleId": 1
}
16:29:58 [[32minfo[39m]: Skipped existing item in predefined data
{
  "service": "ride-hailing-api",
  "environment": "development",
  "label": "CancellationReasonsType",
  "item": {
    "cancellationReason": "Company's fleet was unavailable on the agreed shipping date",
    "roleId": 1,
    "requestMode": "company"
  },
  "error": "Cancellation reason already exists"
}
16:29:58 [[32minfo[39m]: Cancellation reason already exists — skipping
{
  "service": "ride-hailing-api",
  "environment": "development",
  "error": "Cancellation reason already exists",
  "cancellationReason": "Company representative was unreachable after bid acceptance",
  "roleId": 1
}
16:29:58 [[32minfo[39m]: Skipped existing item in predefined data
{
  "service": "ride-hailing-api",
  "environment": "development",
  "label": "CancellationReasonsType",
  "item": {
    "cancellationReason": "Company representative was unreachable after bid acceptance",
    "roleId": 1,
    "requestMode": "company"
  },
  "error": "Cancellation reason already exists"
}
16:29:58 [[32minfo[39m]: Cancellation reason already exists — skipping
{
  "service": "ride-hailing-api",
  "environment": "development",
  "error": "Cancellation reason already exists",
  "cancellationReason": "Company dispatched vehicles to the wrong pickup location",
  "roleId": 1
}
16:29:58 [[32minfo[39m]: Skipped existing item in predefined data
{
  "service": "ride-hailing-api",
  "environment": "development",
  "label": "CancellationReasonsType",
  "item": {
    "cancellationReason": "Company dispatched vehicles to the wrong pickup location",
    "roleId": 1,
    "requestMode": "company"
  },
  "error": "Cancellation reason already exists"
}
16:29:58 [[32minfo[39m]: Cancellation reason already exists — skipping
{
  "service": "ride-hailing-api",
  "environment": "development",
  "error": "Cancellation reason already exists",
  "cancellationReason": "Company's vehicles were not clean or prepared for cargo",
  "roleId": 1
}
16:29:58 [[32minfo[39m]: Skipped existing item in predefined data
{
  "service": "ride-hailing-api",
  "environment": "development",
  "label": "CancellationReasonsType",
  "item": {
    "cancellationReason": "Company's vehicles were not clean or prepared for cargo",
    "roleId": 1,
    "requestMode": "company"
  },
  "error": "Cancellation reason already exists"
}
16:29:58 [[32minfo[39m]: Cancellation reason already exists — skipping
{
  "service": "ride-hailing-api",
  "environment": "development",
  "error": "Cancellation reason already exists",
  "cancellationReason": "Company's insurance or documentation was found to be invalid",
  "roleId": 1
}
16:29:58 [[32minfo[39m]: Skipped existing item in predefined data
{
  "service": "ride-hailing-api",
  "environment": "development",
  "label": "CancellationReasonsType",
  "item": {
    "cancellationReason": "Company's insurance or documentation was found to be invalid",
    "roleId": 1,
    "requestMode": "company"
  },
  "error": "Cancellation reason already exists"
}
16:29:58 [[32minfo[39m]: Cancellation reason already exists — skipping
{
  "service": "ride-hailing-api",
  "environment": "development",
  "error": "Cancellation reason already exists",
  "cancellationReason": "Decided to split the cargo and use individual drivers instead",
  "roleId": 1
}
16:29:58 [[32minfo[39m]: Skipped existing item in predefined data
{
  "service": "ride-hailing-api",
  "environment": "development",
  "label": "CancellationReasonsType",
  "item": {
    "cancellationReason": "Decided to split the cargo and use individual drivers instead",
    "roleId": 1,
    "requestMode": "company"
  },
  "error": "Cancellation reason already exists"
}
16:29:58 [[32minfo[39m]: Cancellation reason already exists — skipping
{
  "service": "ride-hailing-api",
  "environment": "development",
  "error": "Cancellation reason already exists",
  "cancellationReason": "Company's bid price was too high for the full batch",
  "roleId": 1
}
16:29:58 [[32minfo[39m]: Skipped existing item in predefined data
{
  "service": "ride-hailing-api",
  "environment": "development",
  "label": "CancellationReasonsType",
  "item": {
    "cancellationReason": "Company's bid price was too high for the full batch",
    "roleId": 1,
    "requestMode": "company"
  },
  "error": "Cancellation reason already exists"
}
16:29:58 [[32minfo[39m]: Cancellation reason already exists — skipping
{
  "service": "ride-hailing-api",
  "environment": "development",
  "error": "Cancellation reason already exists",
  "cancellationReason": "Company did not have enough vehicles for the entire batch",
  "roleId": 1
}
16:29:58 [[32minfo[39m]: Skipped existing item in predefined data
{
  "service": "ride-hailing-api",
  "environment": "development",
  "label": "CancellationReasonsType",
  "item": {
    "cancellationReason": "Company did not have enough vehicles for the entire batch",
    "roleId": 1,
    "requestMode": "company"
  },
  "error": "Cancellation reason already exists"
}
16:29:58 [[32minfo[39m]: Cancellation reason already exists — skipping
{
  "service": "ride-hailing-api",
  "environment": "development",
  "error": "Cancellation reason already exists",
  "cancellationReason": "Cargo no longer needs to be transported — plans changed",
  "roleId": 1
}
16:29:58 [[32minfo[39m]: Skipped existing item in predefined data
{
  "service": "ride-hailing-api",
  "environment": "development",
  "label": "CancellationReasonsType",
  "item": {
    "cancellationReason": "Cargo no longer needs to be transported — plans changed",
    "roleId": 1,
    "requestMode": "both"
  },
  "error": "Cancellation reason already exists"
}
16:29:58 [[32minfo[39m]: Cancellation reason already exists — skipping
{
  "service": "ride-hailing-api",
  "environment": "development",
  "error": "Cancellation reason already exists",
  "cancellationReason": "Found a significantly better price elsewhere",
  "roleId": 1
}
16:29:58 [[32minfo[39m]: Skipped existing item in predefined data
{
  "service": "ride-hailing-api",
  "environment": "development",
  "label": "CancellationReasonsType",
  "item": {
    "cancellationReason": "Found a significantly better price elsewhere",
    "roleId": 1,
    "requestMode": "both"
  },
  "error": "Cancellation reason already exists"
}
16:29:58 [[32minfo[39m]: Cancellation reason already exists — skipping
{
  "service": "ride-hailing-api",
  "environment": "development",
  "error": "Cancellation reason already exists",
  "cancellationReason": "Entered incorrect pickup or destination location",
  "roleId": 1
}
16:29:58 [[32minfo[39m]: Skipped existing item in predefined data
{
  "service": "ride-hailing-api",
  "environment": "development",
  "label": "CancellationReasonsType",
  "item": {
    "cancellationReason": "Entered incorrect pickup or destination location",
    "roleId": 1,
    "requestMode": "both"
  },
  "error": "Cancellation reason already exists"
}
16:29:58 [[32minfo[39m]: Cancellation reason already exists — skipping
{
  "service": "ride-hailing-api",
  "environment": "development",
  "error": "Cancellation reason already exists",
  "cancellationReason": "Shipping date or schedule changed",
  "roleId": 1
}
16:29:58 [[32minfo[39m]: Skipped existing item in predefined data
{
  "service": "ride-hailing-api",
  "environment": "development",
  "label": "CancellationReasonsType",
  "item": {
    "cancellationReason": "Shipping date or schedule changed",
    "roleId": 1,
    "requestMode": "both"
  },
  "error": "Cancellation reason already exists"
}
16:29:58 [[32minfo[39m]: Cancellation reason already exists — skipping
{
  "service": "ride-hailing-api",
  "environment": "development",
  "error": "Cancellation reason already exists",
  "cancellationReason": "Cargo details were entered incorrectly (wrong type, weight, or quantity)",
  "roleId": 1
}
16:29:58 [[32minfo[39m]: Skipped existing item in predefined data
{
  "service": "ride-hailing-api",
  "environment": "development",
  "label": "CancellationReasonsType",
  "item": {
    "cancellationReason": "Cargo details were entered incorrectly (wrong type, weight, or quantity)",
    "roleId": 1,
    "requestMode": "both"
  },
  "error": "Cancellation reason already exists"
}
16:29:58 [[32minfo[39m]: Cancellation reason already exists — skipping
{
  "service": "ride-hailing-api",
  "environment": "development",
  "error": "Cancellation reason already exists",
  "cancellationReason": "Cargo was sold or transferred to someone else before shipment",
  "roleId": 1
}
16:29:58 [[32minfo[39m]: Skipped existing item in predefined data
{
  "service": "ride-hailing-api",
  "environment": "development",
  "label": "CancellationReasonsType",
  "item": {
    "cancellationReason": "Cargo was sold or transferred to someone else before shipment",
    "roleId": 1,
    "requestMode": "both"
  },
  "error": "Cancellation reason already exists"
}
16:29:58 [[32minfo[39m]: Cancellation reason already exists — skipping
{
  "service": "ride-hailing-api",
  "environment": "development",
  "error": "Cancellation reason already exists",
  "cancellationReason": "Recipient at the destination is unavailable to receive the goods",
  "roleId": 1
}
16:29:58 [[32minfo[39m]: Skipped existing item in predefined data
{
  "service": "ride-hailing-api",
  "environment": "development",
  "label": "CancellationReasonsType",
  "item": {
    "cancellationReason": "Recipient at the destination is unavailable to receive the goods",
    "roleId": 1,
    "requestMode": "both"
  },
  "error": "Cancellation reason already exists"
}
16:29:58 [[32minfo[39m]: Cancellation reason already exists — skipping
{
  "service": "ride-hailing-api",
  "environment": "development",
  "error": "Cancellation reason already exists",
  "cancellationReason": "Government or customs clearance issue delayed the shipment",
  "roleId": 1
}
16:29:58 [[32minfo[39m]: Skipped existing item in predefined data
{
  "service": "ride-hailing-api",
  "environment": "development",
  "label": "CancellationReasonsType",
  "item": {
    "cancellationReason": "Government or customs clearance issue delayed the shipment",
    "roleId": 1,
    "requestMode": "both"
  },
  "error": "Cancellation reason already exists"
}
16:29:58 [[32minfo[39m]: Cancellation reason already exists — skipping
{
  "service": "ride-hailing-api",
  "environment": "development",
  "error": "Cancellation reason already exists",
  "cancellationReason": "I posted this request by mistake",
  "roleId": 1
}
16:29:58 [[32minfo[39m]: Skipped existing item in predefined data
{
  "service": "ride-hailing-api",
  "environment": "development",
  "label": "CancellationReasonsType",
  "item": {
    "cancellationReason": "I posted this request by mistake",
    "roleId": 1,
    "requestMode": "both"
  },
  "error": "Cancellation reason already exists"
}
16:29:58 [[32minfo[39m]: Cancellation reason already exists — skipping
{
  "service": "ride-hailing-api",
  "environment": "development",
  "error": "Cancellation reason already exists",
  "cancellationReason": "Weather conditions are not suitable for transport",
  "roleId": 1
}
16:29:58 [[32minfo[39m]: Skipped existing item in predefined data
{
  "service": "ride-hailing-api",
  "environment": "development",
  "label": "CancellationReasonsType",
  "item": {
    "cancellationReason": "Weather conditions are not suitable for transport",
    "roleId": 1,
    "requestMode": "both"
  },
  "error": "Cancellation reason already exists"
}
16:29:58 [[32minfo[39m]: Cancellation reason already exists — skipping
{
  "service": "ride-hailing-api",
  "environment": "development",
  "error": "Cancellation reason already exists",
  "cancellationReason": "Road or route to the destination is closed or blocked",
  "roleId": 1
}
16:29:58 [[32minfo[39m]: Skipped existing item in predefined data
{
  "service": "ride-hailing-api",
  "environment": "development",
  "label": "CancellationReasonsType",
  "item": {
    "cancellationReason": "Road or route to the destination is closed or blocked",
    "roleId": 1,
    "requestMode": "both"
  },
  "error": "Cancellation reason already exists"
}
16:29:58 [[32minfo[39m]: Cancellation reason already exists — skipping
{
  "service": "ride-hailing-api",
  "environment": "development",
  "error": "Cancellation reason already exists",
  "cancellationReason": "Safety concerns about the vehicle or route",
  "roleId": 1
}
16:29:58 [[32minfo[39m]: Skipped existing item in predefined data
{
  "service": "ride-hailing-api",
  "environment": "development",
  "label": "CancellationReasonsType",
  "item": {
    "cancellationReason": "Safety concerns about the vehicle or route",
    "roleId": 1,
    "requestMode": "both"
  },
  "error": "Cancellation reason already exists"
}
16:29:58 [[32minfo[39m]: Cancellation reason already exists — skipping
{
  "service": "ride-hailing-api",
  "environment": "development",
  "error": "Cancellation reason already exists",
  "cancellationReason": "Cargo packaging was not ready in time",
  "roleId": 1
}
16:29:58 [[32minfo[39m]: Skipped existing item in predefined data
{
  "service": "ride-hailing-api",
  "environment": "development",
  "label": "CancellationReasonsType",
  "item": {
    "cancellationReason": "Cargo packaging was not ready in time",
    "roleId": 1,
    "requestMode": "both"
  },
  "error": "Cancellation reason already exists"
}
16:29:58 [[32minfo[39m]: Cancellation reason already exists — skipping
{
  "service": "ride-hailing-api",
  "environment": "development",
  "error": "Cancellation reason already exists",
  "cancellationReason": "Financial or payment arrangement fell through",
  "roleId": 1
}
16:29:58 [[32minfo[39m]: Skipped existing item in predefined data
{
  "service": "ride-hailing-api",
  "environment": "development",
  "label": "CancellationReasonsType",
  "item": {
    "cancellationReason": "Financial or payment arrangement fell through",
    "roleId": 1,
    "requestMode": "both"
  },
  "error": "Cancellation reason already exists"
}
16:29:58 [[32minfo[39m]: Cancellation reason already exists — skipping
{
  "service": "ride-hailing-api",
  "environment": "development",
  "error": "Cancellation reason already exists",
  "cancellationReason": "Shipper was not at the agreed pickup location",
  "roleId": 2
}
16:29:58 [[32minfo[39m]: Skipped existing item in predefined data
{
  "service": "ride-hailing-api",
  "environment": "development",
  "label": "CancellationReasonsType",
  "item": {
    "cancellationReason": "Shipper was not at the agreed pickup location",
    "roleId": 2,
    "requestMode": "individual"
  },
  "error": "Cancellation reason already exists"
}
16:29:58 [[32minfo[39m]: Cancellation reason already exists — skipping
{
  "service": "ride-hailing-api",
  "environment": "development",
  "error": "Cancellation reason already exists",
  "cancellationReason": "Shipper was unresponsive to calls and messages",
  "roleId": 2
}
16:29:58 [[32minfo[39m]: Skipped existing item in predefined data
{
  "service": "ride-hailing-api",
  "environment": "development",
  "label": "CancellationReasonsType",
  "item": {
    "cancellationReason": "Shipper was unresponsive to calls and messages",
    "roleId": 2,
    "requestMode": "individual"
  },
  "error": "Cancellation reason already exists"
}
16:29:58 [[32minfo[39m]: Cancellation reason already exists — skipping
{
  "service": "ride-hailing-api",
  "environment": "development",
  "error": "Cancellation reason already exists",
  "cancellationReason": "Shipper requested a route or road I cannot take",
  "roleId": 2
}
16:29:58 [[32minfo[39m]: Skipped existing item in predefined data
{
  "service": "ride-hailing-api",
  "environment": "development",
  "label": "CancellationReasonsType",
  "item": {
    "cancellationReason": "Shipper requested a route or road I cannot take",
    "roleId": 2,
    "requestMode": "individual"
  },
  "error": "Cancellation reason already exists"
}
16:29:58 [[32minfo[39m]: Cancellation reason already exists — skipping
{
  "service": "ride-hailing-api",
  "environment": "development",
  "error": "Cancellation reason already exists",
  "cancellationReason": "Cargo was heavier or larger than described in the request",
  "roleId": 2
}
16:29:58 [[32minfo[39m]: Skipped existing item in predefined data
{
  "service": "ride-hailing-api",
  "environment": "development",
  "label": "CancellationReasonsType",
  "item": {
    "cancellationReason": "Cargo was heavier or larger than described in the request",
    "roleId": 2,
    "requestMode": "individual"
  },
  "error": "Cancellation reason already exists"
}
16:29:58 [[32minfo[39m]: Cancellation reason already exists — skipping
{
  "service": "ride-hailing-api",
  "environment": "development",
  "error": "Cancellation reason already exists",
  "cancellationReason": "Shipper was disrespectful, rude, or threatening",
  "roleId": 2
}
16:29:58 [[32minfo[39m]: Skipped existing item in predefined data
{
  "service": "ride-hailing-api",
  "environment": "development",
  "label": "CancellationReasonsType",
  "item": {
    "cancellationReason": "Shipper was disrespectful, rude, or threatening",
    "roleId": 2,
    "requestMode": "individual"
  },
  "error": "Cancellation reason already exists"
}
16:29:58 [[32minfo[39m]: Cancellation reason already exists — skipping
{
  "service": "ride-hailing-api",
  "environment": "development",
  "error": "Cancellation reason already exists",
  "cancellationReason": "Shipper tried to change the destination after I accepted",
  "roleId": 2
}
16:29:58 [[32minfo[39m]: Skipped existing item in predefined data
{
  "service": "ride-hailing-api",
  "environment": "development",
  "label": "CancellationReasonsType",
  "item": {
    "cancellationReason": "Shipper tried to change the destination after I accepted",
    "roleId": 2,
    "requestMode": "individual"
  },
  "error": "Cancellation reason already exists"
}
16:29:58 [[32minfo[39m]: Cancellation reason already exists — skipping
{
  "service": "ride-hailing-api",
  "environment": "development",
  "error": "Cancellation reason already exists",
  "cancellationReason": "Shipper refused to pay the agreed amount",
  "roleId": 2
}
16:29:58 [[32minfo[39m]: Skipped existing item in predefined data
{
  "service": "ride-hailing-api",
  "environment": "development",
  "label": "CancellationReasonsType",
  "item": {
    "cancellationReason": "Shipper refused to pay the agreed amount",
    "roleId": 2,
    "requestMode": "individual"
  },
  "error": "Cancellation reason already exists"
}
16:29:58 [[32minfo[39m]: Cancellation reason already exists — skipping
{
  "service": "ride-hailing-api",
  "environment": "development",
  "error": "Cancellation reason already exists",
  "cancellationReason": "Company dispatcher assigned me the wrong route or location",
  "roleId": 2
}
16:29:58 [[32minfo[39m]: Skipped existing item in predefined data
{
  "service": "ride-hailing-api",
  "environment": "development",
  "label": "CancellationReasonsType",
  "item": {
    "cancellationReason": "Company dispatcher assigned me the wrong route or location",
    "roleId": 2,
    "requestMode": "company"
  },
  "error": "Cancellation reason already exists"
}
16:29:58 [[32minfo[39m]: Cancellation reason already exists — skipping
{
  "service": "ride-hailing-api",
  "environment": "development",
  "error": "Cancellation reason already exists",
  "cancellationReason": "Loading dock or warehouse was not ready when I arrived",
  "roleId": 2
}
16:29:58 [[32minfo[39m]: Skipped existing item in predefined data
{
  "service": "ride-hailing-api",
  "environment": "development",
  "label": "CancellationReasonsType",
  "item": {
    "cancellationReason": "Loading dock or warehouse was not ready when I arrived",
    "roleId": 2,
    "requestMode": "company"
  },
  "error": "Cancellation reason already exists"
}
16:29:58 [[32minfo[39m]: Cancellation reason already exists — skipping
{
  "service": "ride-hailing-api",
  "environment": "development",
  "error": "Cancellation reason already exists",
  "cancellationReason": "Cargo details did not match what was described in the contract",
  "roleId": 2
}
16:29:58 [[32minfo[39m]: Skipped existing item in predefined data
{
  "service": "ride-hailing-api",
  "environment": "development",
  "label": "CancellationReasonsType",
  "item": {
    "cancellationReason": "Cargo details did not match what was described in the contract",
    "roleId": 2,
    "requestMode": "company"
  },
  "error": "Cancellation reason already exists"
}
16:29:58 [[32minfo[39m]: Cancellation reason already exists — skipping
{
  "service": "ride-hailing-api",
  "environment": "development",
  "error": "Cancellation reason already exists",
  "cancellationReason": "I was reassigned to a different batch by my company",
  "roleId": 2
}
16:29:58 [[32minfo[39m]: Skipped existing item in predefined data
{
  "service": "ride-hailing-api",
  "environment": "development",
  "label": "CancellationReasonsType",
  "item": {
    "cancellationReason": "I was reassigned to a different batch by my company",
    "roleId": 2,
    "requestMode": "company"
  },
  "error": "Cancellation reason already exists"
}
16:29:58 [[32minfo[39m]: Cancellation reason already exists — skipping
{
  "service": "ride-hailing-api",
  "environment": "development",
  "error": "Cancellation reason already exists",
  "cancellationReason": "Company's loading staff were not available at the site",
  "roleId": 2
}
16:29:58 [[32minfo[39m]: Skipped existing item in predefined data
{
  "service": "ride-hailing-api",
  "environment": "development",
  "label": "CancellationReasonsType",
  "item": {
    "cancellationReason": "Company's loading staff were not available at the site",
    "roleId": 2,
    "requestMode": "company"
  },
  "error": "Cancellation reason already exists"
}
16:29:58 [[32minfo[39m]: Cancellation reason already exists — skipping
{
  "service": "ride-hailing-api",
  "environment": "development",
  "error": "Cancellation reason already exists",
  "cancellationReason": "Vehicle breakdown or mechanical issue",
  "roleId": 2
}
16:29:58 [[32minfo[39m]: Skipped existing item in predefined data
{
  "service": "ride-hailing-api",
  "environment": "development",
  "label": "CancellationReasonsType",
  "item": {
    "cancellationReason": "Vehicle breakdown or mechanical issue",
    "roleId": 2,
    "requestMode": "both"
  },
  "error": "Cancellation reason already exists"
}
16:29:58 [[32minfo[39m]: Cancellation reason already exists — skipping
{
  "service": "ride-hailing-api",
  "environment": "development",
  "error": "Cancellation reason already exists",
  "cancellationReason": "Personal or family emergency",
  "roleId": 2
}
16:29:58 [[32minfo[39m]: Skipped existing item in predefined data
{
  "service": "ride-hailing-api",
  "environment": "development",
  "label": "CancellationReasonsType",
  "item": {
    "cancellationReason": "Personal or family emergency",
    "roleId": 2,
    "requestMode": "both"
  },
  "error": "Cancellation reason already exists"
}
16:29:58 [[32minfo[39m]: Cancellation reason already exists — skipping
{
  "service": "ride-hailing-api",
  "environment": "development",
  "error": "Cancellation reason already exists",
  "cancellationReason": "Safety concern at pickup or delivery location",
  "roleId": 2
}
16:29:58 [[32minfo[39m]: Skipped existing item in predefined data
{
  "service": "ride-hailing-api",
  "environment": "development",
  "label": "CancellationReasonsType",
  "item": {
    "cancellationReason": "Safety concern at pickup or delivery location",
    "roleId": 2,
    "requestMode": "both"
  },
  "error": "Cancellation reason already exists"
}
16:29:58 [[32minfo[39m]: Cancellation reason already exists — skipping
{
  "service": "ride-hailing-api",
  "environment": "development",
  "error": "Cancellation reason already exists",
  "cancellationReason": "Incorrect pickup location was given in the request",
  "roleId": 2
}
16:29:58 [[32minfo[39m]: Skipped existing item in predefined data
{
  "service": "ride-hailing-api",
  "environment": "development",
  "label": "CancellationReasonsType",
  "item": {
    "cancellationReason": "Incorrect pickup location was given in the request",
    "roleId": 2,
    "requestMode": "both"
  },
  "error": "Cancellation reason already exists"
}
16:29:58 [[32minfo[39m]: Cancellation reason already exists — skipping
{
  "service": "ride-hailing-api",
  "environment": "development",
  "error": "Cancellation reason already exists",
  "cancellationReason": "Accepted this request by mistake",
  "roleId": 2
}
16:29:58 [[32minfo[39m]: Skipped existing item in predefined data
{
  "service": "ride-hailing-api",
  "environment": "development",
  "label": "CancellationReasonsType",
  "item": {
    "cancellationReason": "Accepted this request by mistake",
    "roleId": 2,
    "requestMode": "both"
  },
  "error": "Cancellation reason already exists"
}
16:29:58 [[32minfo[39m]: Cancellation reason already exists — skipping
{
  "service": "ride-hailing-api",
  "environment": "development",
  "error": "Cancellation reason already exists",
  "cancellationReason": "Cancelled due to app or system technical issue",
  "roleId": 3
}
16:29:58 [[32minfo[39m]: Skipped existing item in predefined data
{
  "service": "ride-hailing-api",
  "environment": "development",
  "label": "CancellationReasonsType",
  "item": {
    "cancellationReason": "Cancelled due to app or system technical issue",
    "roleId": 3,
    "requestMode": "both"
  },
  "error": "Cancellation reason already exists"
}
16:29:58 [[32minfo[39m]: Cancellation reason already exists — skipping
{
  "service": "ride-hailing-api",
  "environment": "development",
  "error": "Cancellation reason already exists",
  "cancellationReason": "Route or road unavailable due to weather or official closure",
  "roleId": 3
}
16:29:58 [[32minfo[39m]: Skipped existing item in predefined data
{
  "service": "ride-hailing-api",
  "environment": "development",
  "label": "CancellationReasonsType",
  "item": {
    "cancellationReason": "Route or road unavailable due to weather or official closure",
    "roleId": 3,
    "requestMode": "both"
  },
  "error": "Cancellation reason already exists"
}
16:29:58 [[32minfo[39m]: Cancellation reason already exists — skipping
{
  "service": "ride-hailing-api",
  "environment": "development",
  "error": "Cancellation reason already exists",
  "cancellationReason": "Driver account suspended during an active request",
  "roleId": 3
}
16:29:58 [[32minfo[39m]: Skipped existing item in predefined data
{
  "service": "ride-hailing-api",
  "environment": "development",
  "label": "CancellationReasonsType",
  "item": {
    "cancellationReason": "Driver account suspended during an active request",
    "roleId": 3,
    "requestMode": "both"
  },
  "error": "Cancellation reason already exists"
}
16:29:58 [[32minfo[39m]: Cancellation reason already exists — skipping
{
  "service": "ride-hailing-api",
  "environment": "development",
  "error": "Cancellation reason already exists",
  "cancellationReason": "Company account suspended during an active batch",
  "roleId": 3
}
16:29:58 [[32minfo[39m]: Skipped existing item in predefined data
{
  "service": "ride-hailing-api",
  "environment": "development",
  "label": "CancellationReasonsType",
  "item": {
    "cancellationReason": "Company account suspended during an active batch",
    "roleId": 3,
    "requestMode": "company"
  },
  "error": "Cancellation reason already exists"
}
16:29:58 [[32minfo[39m]: Cancellation reason already exists — skipping
{
  "service": "ride-hailing-api",
  "environment": "development",
  "error": "Cancellation reason already exists",
  "cancellationReason": "Fraud or platform policy violation detected",
  "roleId": 3
}
16:29:58 [[32minfo[39m]: Skipped existing item in predefined data
{
  "service": "ride-hailing-api",
  "environment": "development",
  "label": "CancellationReasonsType",
  "item": {
    "cancellationReason": "Fraud or platform policy violation detected",
    "roleId": 3,
    "requestMode": "both"
  },
  "error": "Cancellation reason already exists"
}
16:29:58 [[32minfo[39m]: Cancellation reason already exists — skipping
{
  "service": "ride-hailing-api",
  "environment": "development",
  "error": "Cancellation reason already exists",
  "cancellationReason": "Duplicate request detected by the system",
  "roleId": 3
}
16:29:58 [[32minfo[39m]: Skipped existing item in predefined data
{
  "service": "ride-hailing-api",
  "environment": "development",
  "label": "CancellationReasonsType",
  "item": {
    "cancellationReason": "Duplicate request detected by the system",
    "roleId": 3,
    "requestMode": "both"
  },
  "error": "Cancellation reason already exists"
}
16:29:58 [[32minfo[39m]: Cancellation reason already exists — skipping
{
  "service": "ride-hailing-api",
  "environment": "development",
  "error": "Cancellation reason already exists",
  "cancellationReason": "Individual request replaced by company fleet assignment — driver reassigned to company-managed freight job",
  "roleId": 3
}
16:29:58 [[32minfo[39m]: Skipped existing item in predefined data
{
  "service": "ride-hailing-api",
  "environment": "development",
  "label": "CancellationReasonsType",
  "item": {
    "cancellationReason": "Individual request replaced by company fleet assignment — driver reassigned to company-managed freight job",
    "roleId": 3,
    "requestMode": "both"
  },
  "error": "Cancellation reason already exists"
}
16:29:58 [[32minfo[39m]: Cancellation reason already exists — skipping
{
  "service": "ride-hailing-api",
  "environment": "development",
  "error": "Cancellation reason already exists",
  "cancellationReason": "Cancelled by queue admin",
  "roleId": 11
}
16:29:58 [[32minfo[39m]: Skipped existing item in predefined data
{
  "service": "ride-hailing-api",
  "environment": "development",
  "label": "CancellationReasonsType",
  "item": {
    "cancellationReason": "Cancelled by queue admin",
    "roleId": 11,
    "requestMode": "both"
  },
  "error": "Cancellation reason already exists"
}
16:29:58 [[32minfo[39m]: Seeded PaymentStatus:
{
  "service": "ride-hailing-api",
  "environment": "development"
}
16:29:58 [[32minfo[39m]: Seeded PaymentStatus:
{
  "service": "ride-hailing-api",
  "environment": "development"
}
16:29:58 [[32minfo[39m]: Seeded PaymentStatus:
{
  "service": "ride-hailing-api",
  "environment": "development"
}
16:29:58 [[32minfo[39m]: Skipped existing item in predefined data
{
  "service": "ride-hailing-api",
  "environment": "development",
  "label": "PaymentMethod",
  "item": {
    "paymentMethodId": 1,
    "paymentMethod": "cash",
    "paymentMethodDescription": "Payment by cash"
  },
  "error": "Payment method already exists"
}
16:29:58 [[32minfo[39m]: Skipped existing item in predefined data
{
  "service": "ride-hailing-api",
  "environment": "development",
  "label": "PaymentMethod",
  "item": {
    "paymentMethodId": 2,
    "paymentMethod": "bank",
    "paymentMethodDescription": "Payment by bank"
  },
  "error": "Payment method already exists"
}
16:29:58 [[32minfo[39m]: Skipped existing item in predefined data
{
  "service": "ride-hailing-api",
  "environment": "development",
  "label": "PaymentMethod",
  "item": {
    "paymentMethodId": 3,
    "paymentMethod": "telebirr",
    "paymentMethodDescription": "Payment by telebirr"
  },
  "error": "Payment method already exists"
}
16:29:58 [[32minfo[39m]: Seeded CommissionRates:
{
  "service": "ride-hailing-api",
  "environment": "development"
}
16:29:58 [[32minfo[39m]: Skipped existing item in predefined data
{
  "service": "ride-hailing-api",
  "environment": "development",
  "label": "TariffRateList",
  "item": {
    "tariffRateId": 1,
    "tariffRateName": "Standard",
    "standingTariffRate": 100,
    "journeyTariffRate": 25,
    "timingTariffRate": 10,
    "tariffRateDescription": "some descriptions ",
    "tariffRateEffectiveDate": "2026-01-01",
    "tariffRateExpirationDate": "2030-01-01"
  },
  "error": "Tariff rate already exists"
}
16:29:58 [[32minfo[39m]: Skipped existing item in predefined data
{
  "service": "ride-hailing-api",
  "environment": "development",
  "label": "TariffRateList",
  "item": {
    "tariffRateId": 2,
    "tariffRateName": "Premium",
    "standingTariffRate": 150,
    "journeyTariffRate": 45,
    "timingTariffRate": 30,
    "tariffRateDescription": "some descriptions ",
    "tariffRateEffectiveDate": "2026-01-01",
    "tariffRateExpirationDate": "2030-01-01"
  },
  "error": "Tariff rate already exists"
}
16:29:58 [[32minfo[39m]: Skipped existing item in predefined data
{
  "service": "ride-hailing-api",
  "environment": "development",
  "label": "financialInstitutionAccount",
  "item": {
    "institutionName": "Commercial Bank of Ethiopia",
    "accountHolderName": "Marew Masresha Abate",
    "accountNumber": "1000142114999",
    "accountType": "bank",
    "isActive": true,
    "addedBy": ""
  },
  "error": "Account already exists with this institution and account number"
}
16:29:58 [[32minfo[39m]: Skipped existing item in predefined data
{
  "service": "ride-hailing-api",
  "environment": "development",
  "label": "financialInstitutionAccount",
  "item": {
    "institutionName": "Tele birr",
    "accountHolderName": "Marew Masresha Abate",
    "accountNumber": "0922112480",
    "accountType": "mobile_money",
    "isActive": true,
    "addedBy": ""
  },
  "error": "Account already exists with this institution and account number"
}
16:29:58 [[32minfo[39m]: Skipped existing item in predefined data
{
  "service": "ride-hailing-api",
  "environment": "development",
  "label": "subscriptionPlanLists",
  "item": {
    "planName": "One month Free",
    "isFree": true,
    "description": "This plan is free for one month",
    "durationInDays": 30
  },
  "error": "Plan name already exists"
}
16:29:58 [[32minfo[39m]: Skipped existing item in predefined data
{
  "service": "ride-hailing-api",
  "environment": "development",
  "label": "subscriptionPlanLists",
  "item": {
    "planName": "One month",
    "isFree": false,
    "durationInDays": 30
  },
  "error": "Plan name already exists"
}
16:29:58 [[32minfo[39m]: Skipped existing item in predefined data
{
  "service": "ride-hailing-api",
  "environment": "development",
  "label": "subscriptionPlanLists",
  "item": {
    "planName": "Three Months",
    "isFree": false,
    "durationInDays": 90
  },
  "error": "Plan name already exists"
}
16:29:58 [[32minfo[39m]: Skipped existing item in predefined data
{
  "service": "ride-hailing-api",
  "environment": "development",
  "label": "subscriptionPlanLists",
  "item": {
    "planName": "One Year",
    "isFree": false,
    "durationInDays": 365
  },
  "error": "Plan name already exists"
}
16:29:58 [[32minfo[39m]: Seeded depositSources:
{
  "service": "ride-hailing-api",
  "environment": "development"
}
16:29:58 [[32minfo[39m]: Seeded depositSources:
{
  "service": "ride-hailing-api",
  "environment": "development"
}
16:29:58 [[32minfo[39m]: Seeded listOfDelinquenciesTypes:
{
  "service": "ride-hailing-api",
  "environment": "development"
}
16:29:58 [[32minfo[39m]: Seeded listOfDelinquenciesTypes:
{
  "service": "ride-hailing-api",
  "environment": "development"
}
16:29:58 [[32minfo[39m]: Seeded listOfDelinquenciesTypes:
{
  "service": "ride-hailing-api",
  "environment": "development"
}
16:29:58 [[32minfo[39m]: Seeded listOfDelinquenciesTypes:
{
  "service": "ride-hailing-api",
  "environment": "development"
}
16:29:58 [[32minfo[39m]: Seeded listOfDelinquenciesTypes:
{
  "service": "ride-hailing-api",
  "environment": "development"
}
16:29:58 [[32minfo[39m]: Seeded listOfDelinquenciesTypes:
{
  "service": "ride-hailing-api",
  "environment": "development"
}
16:29:58 [[32minfo[39m]: Seeded listOfDelinquenciesTypes:
{
  "service": "ride-hailing-api",
  "environment": "development"
}
16:29:58 [[32minfo[39m]: Seeded listOfDelinquenciesTypes:
{
  "service": "ride-hailing-api",
  "environment": "development"
}
16:29:58 [[32minfo[39m]: Seeded listOfDelinquenciesTypes:
{
  "service": "ride-hailing-api",
  "environment": "development"
}
16:29:58 [[32minfo[39m]: Seeded commissionStatusList:
{
  "service": "ride-hailing-api",
  "environment": "development",
  "item": "REQUESTED"
}
16:29:58 [[32minfo[39m]: Seeded commissionStatusList:
{
  "service": "ride-hailing-api",
  "environment": "development",
  "item": "PENDING"
}
16:29:58 [[32minfo[39m]: Seeded commissionStatusList:
{
  "service": "ride-hailing-api",
  "environment": "development",
  "item": "PAID"
}
16:29:58 [[32minfo[39m]: Seeded commissionStatusList:
{
  "service": "ride-hailing-api",
  "environment": "development",
  "item": "FREE"
}
16:29:58 [[32minfo[39m]: Seeded commissionStatusList:
{
  "service": "ride-hailing-api",
  "environment": "development",
  "item": "CANCELED"
}
16:29:58 [[32minfo[39m]: Seeded subscriptionPlanPricing:
{
  "service": "ride-hailing-api",
  "environment": "development"
}
16:29:58 [[32minfo[39m]: Seeded subscriptionPlanPricing:
{
  "service": "ride-hailing-api",
  "environment": "development"
}
16:29:58 [[32minfo[39m]: Seeded subscriptionPlanPricing:
{
  "service": "ride-hailing-api",
  "environment": "development"
}
16:29:58 [[32minfo[39m]: Seeded subscriptionPlanPricing:
{
  "service": "ride-hailing-api",
  "environment": "development"
}
16:29:58 [[32minfo[39m]: Transaction committed
{
  "service": "ride-hailing-api",
  "environment": "development",
  "transactionId": "txn_2026-08-10 13:29:58_z57vh9ixj",
  "duration": "NaNms"
}
16:29:58 [[32minfo[39m]: API Request
{
  "service": "ride-hailing-api",
  "environment": "development",
  "type": "API_REQUEST",
  "method": "GET",
  "url": "/api/admin/installPreDefinedData",
  "statusCode": 200,
  "responseTime": "NaNms",
  "ip": "127.0.0.1",
  "userAgent": "axios/1.18.1",
  "userId": 1,
  "userUniqueId": "b4ab823f-c537-4655-ab27-cab33fbd0996"
}
[VerifyToken] Request: { method: 'GET', url: '/tableColumns/Journey', hasAuth: true }
[VerifyToken] Token decoded: {
  userUniqueId: 'b4ab823f-c537-4655-ab27-cab33fbd0996',
  phoneNumber: '+251983222221',
  roleId: 6,
  iat: 1786368598
}
[VerifyToken] User authenticated: {
  userUniqueId: 'b4ab823f-c537-4655-ab27-cab33fbd0996',
  phoneNumber: '+251983222221',
  roleId: undefined
}
16:29:58 [[32minfo[39m]: API Request
{
  "service": "ride-hailing-api",
  "environment": "development",
  "type": "API_REQUEST",
  "method": "GET",
  "url": "/tableColumns/Journey",
  "statusCode": 200,
  "responseTime": "NaNms",
  "ip": "127.0.0.1",
  "userAgent": "axios/1.18.1",
  "userId": 1,
  "userUniqueId": "b4ab823f-c537-4655-ab27-cab33fbd0996"
}
16:29:58 [[32minfo[39m]: Transaction committed
{
  "service": "ride-hailing-api",
  "environment": "development",
  "transactionId": "txn_2026-08-10 13:29:58_bu7g8oywm",
  "duration": "NaNms"
}
16:29:58 [[32minfo[39m]: API Request
{
  "service": "ride-hailing-api",
  "environment": "development",
  "type": "API_REQUEST",
  "method": "POST",
  "url": "/api/user/verifyUserByOTP",
  "statusCode": 200,
  "responseTime": "NaNms",
  "ip": "127.0.0.1",
  "userAgent": "axios/1.18.1"
}
16:29:58 [[32minfo[39m]: API Request
{
  "service": "ride-hailing-api",
  "environment": "development",
  "type": "API_REQUEST",
  "method": "POST",
  "url": "/api/user/loginUser",
  "statusCode": 200,
  "responseTime": "NaNms",
  "ip": "127.0.0.1",
  "userAgent": "axios/1.18.1"
}
[VerifyToken] Request: {
  method: 'POST',
  url: '/api/admin/createUserByAdminOrSuperAdmin',
  hasAuth: true
}
[VerifyToken] Token decoded: {
  userUniqueId: 'b4ab823f-c537-4655-ab27-cab33fbd0996',
  phoneNumber: '+251983222221',
  roleId: 6,
  iat: 1786368598
}
[VerifyToken] User authenticated: {
  userUniqueId: 'b4ab823f-c537-4655-ab27-cab33fbd0996',
  phoneNumber: '+251983222221',
  roleId: undefined
}
16:29:59 [[32minfo[39m]: Transaction committed
{
  "service": "ride-hailing-api",
  "environment": "development",
  "transactionId": "txn_2026-08-10 13:29:58_tbg1vfw53",
  "duration": "NaNms"
}
16:29:59 [[32minfo[39m]: API Request
{
  "service": "ride-hailing-api",
  "environment": "development",
  "type": "API_REQUEST",
  "method": "POST",
  "url": "/api/admin/createUserByAdminOrSuperAdmin",
  "statusCode": 200,
  "responseTime": "NaNms",
  "ip": "127.0.0.1",
  "userAgent": "axios/1.18.1",
  "userId": 1,
  "userUniqueId": "b4ab823f-c537-4655-ab27-cab33fbd0996"
}
16:29:59 [[32minfo[39m]: Transaction committed
{
  "service": "ride-hailing-api",
  "environment": "development",
  "transactionId": "txn_2026-08-10 13:29:59_qv392id2g",
  "duration": "NaNms"
}
16:29:59 [[32minfo[39m]: API Request
{
  "service": "ride-hailing-api",
  "environment": "development",
  "type": "API_REQUEST",
  "method": "POST",
  "url": "/api/user/verifyUserByOTP",
  "statusCode": 200,
  "responseTime": "NaNms",
  "ip": "127.0.0.1",
  "userAgent": "axios/1.18.1"
}
16:29:59 [[32minfo[39m]: API Request
{
  "service": "ride-hailing-api",
  "environment": "development",
  "type": "API_REQUEST",
  "method": "POST",
  "url": "/api/user/loginUser",
  "statusCode": 200,
  "responseTime": "NaNms",
  "ip": "127.0.0.1",
  "userAgent": "axios/1.18.1"
}
16:29:59 [[32minfo[39m]: Transaction committed
{
  "service": "ride-hailing-api",
  "environment": "development",
  "transactionId": "txn_2026-08-10 13:29:59_tz2buf8ni",
  "duration": "NaNms"
}
16:29:59 [[32minfo[39m]: API Request
{
  "service": "ride-hailing-api",
  "environment": "development",
  "type": "API_REQUEST",
  "method": "POST",
  "url": "/api/user/createUser",
  "statusCode": 200,
  "responseTime": "NaNms",
  "ip": "127.0.0.1",
  "userAgent": "axios/1.18.1"
}
16:29:59 [[32minfo[39m]: Transaction committed
{
  "service": "ride-hailing-api",
  "environment": "development",
  "transactionId": "txn_2026-08-10 13:29:59_c6ndu0lro",
  "duration": "NaNms"
}
16:29:59 [[32minfo[39m]: API Request
{
  "service": "ride-hailing-api",
  "environment": "development",
  "type": "API_REQUEST",
  "method": "POST",
  "url": "/api/user/verifyUserByOTP",
  "statusCode": 200,
  "responseTime": "NaNms",
  "ip": "127.0.0.1",
  "userAgent": "axios/1.18.1"
}
16:29:59 [[32minfo[39m]: API Request
{
  "service": "ride-hailing-api",
  "environment": "development",
  "type": "API_REQUEST",
  "method": "POST",
  "url": "/api/user/loginUser",
  "statusCode": 200,
  "responseTime": "NaNms",
  "ip": "127.0.0.1",
  "userAgent": "axios/1.18.1"
}
16:30:00 [[32minfo[39m]: Transaction committed
{
  "service": "ride-hailing-api",
  "environment": "development",
  "transactionId": "txn_2026-08-10 13:29:59_oa2vaxynw",
  "duration": "NaNms"
}
16:30:00 [[32minfo[39m]: API Request
{
  "service": "ride-hailing-api",
  "environment": "development",
  "type": "API_REQUEST",
  "method": "POST",
  "url": "/api/user/createUser",
  "statusCode": 200,
  "responseTime": "NaNms",
  "ip": "127.0.0.1",
  "userAgent": "axios/1.18.1"
}
16:30:00 [[32minfo[39m]: Transaction committed
{
  "service": "ride-hailing-api",
  "environment": "development",
  "transactionId": "txn_2026-08-10 13:30:00_90thjjcvx",
  "duration": "NaNms"
}
16:30:00 [[32minfo[39m]: API Request
{
  "service": "ride-hailing-api",
  "environment": "development",
  "type": "API_REQUEST",
  "method": "POST",
  "url": "/api/user/verifyUserByOTP",
  "statusCode": 200,
  "responseTime": "NaNms",
  "ip": "127.0.0.1",
  "userAgent": "axios/1.18.1"
}
16:30:00 [[32minfo[39m]: API Request
{
  "service": "ride-hailing-api",
  "environment": "development",
  "type": "API_REQUEST",
  "method": "POST",
  "url": "/api/user/loginUser",
  "statusCode": 200,
  "responseTime": "NaNms",
  "ip": "127.0.0.1",
  "userAgent": "axios/1.18.1"
}
16:30:00 [[32minfo[39m]: Transaction committed
{
  "service": "ride-hailing-api",
  "environment": "development",
  "transactionId": "txn_2026-08-10 13:30:00_t66lidysr",
  "duration": "NaNms"
}
16:30:00 [[32minfo[39m]: API Request
{
  "service": "ride-hailing-api",
  "environment": "development",
  "type": "API_REQUEST",
  "method": "POST",
  "url": "/api/user/createUser",
  "statusCode": 200,
  "responseTime": "NaNms",
  "ip": "127.0.0.1",
  "userAgent": "axios/1.18.1"
}
16:30:00 [[31merror[39m]: Redis connection error
Error: Stream isn't writeable and enableOfflineQueue options is false
    at EventEmitter.sendCommand (/Users/zewedu/Desktop/Projects/transportBackEndNative/node_modules/ioredis/built/Redis.js:376:32)
    at EventEmitter.keys (/Users/zewedu/Desktop/Projects/transportBackEndNative/node_modules/ioredis/built/utils/Commander.js:90:25)
    at sendSocketIONotificationToAdmin (/Users/zewedu/Desktop/Projects/transportBackEndNative/Utils/Notifications.js:151:26)
    at Object.verifyUserByOTP (/Users/zewedu/Desktop/Projects/transportBackEndNative/Services/User/auth/otp.service.js:221:7)
    at process.processTicksAndRejections (node:internal/process/task_queues:105:5)
    at async /Users/zewedu/Desktop/Projects/transportBackEndNative/Controllers/Auth/auth.controller.js:217:14
    at async /Users/zewedu/Desktop/Projects/transportBackEndNative/Utils/DatabaseTransaction.js:101:14
    at async executeInTransaction (/Users/zewedu/Desktop/Projects/transportBackEndNative/Utils/DatabaseTransaction.js:99:20)
    at async verifyUserByOTP (/Users/zewedu/Desktop/Projects/transportBackEndNative/Controllers/Auth/auth.controller.js:216:20)
{
  "service": "ride-hailing-api",
  "environment": "development",
  "error": "Stream isn't writeable and enableOfflineQueue options is false"
}
16:30:00 [[32minfo[39m]: Transaction committed
{
  "service": "ride-hailing-api",
  "environment": "development",
  "transactionId": "txn_2026-08-10 13:30:00_z41hdlodj",
  "duration": "NaNms"
}
16:30:00 [[32minfo[39m]: API Request
{
  "service": "ride-hailing-api",
  "environment": "development",
  "type": "API_REQUEST",
  "method": "POST",
  "url": "/api/user/verifyUserByOTP",
  "statusCode": 200,
  "responseTime": "NaNms",
  "ip": "127.0.0.1",
  "userAgent": "axios/1.18.1"
}
16:30:00 [[32minfo[39m]: API Request
{
  "service": "ride-hailing-api",
  "environment": "development",
  "type": "API_REQUEST",
  "method": "POST",
  "url": "/api/user/loginUser",
  "statusCode": 200,
  "responseTime": "NaNms",
  "ip": "127.0.0.1",
  "userAgent": "axios/1.18.1"
}
16:30:01 [[32minfo[39m]: Transaction committed
{
  "service": "ride-hailing-api",
  "environment": "development",
  "transactionId": "txn_2026-08-10 13:30:00_kfe0o5021",
  "duration": "NaNms"
}
16:30:01 [[32minfo[39m]: API Request
{
  "service": "ride-hailing-api",
  "environment": "development",
  "type": "API_REQUEST",
  "method": "POST",
  "url": "/api/user/createUser",
  "statusCode": 200,
  "responseTime": "NaNms",
  "ip": "127.0.0.1",
  "userAgent": "axios/1.18.1"
}
16:30:01 [[32minfo[39m]: Transaction committed
{
  "service": "ride-hailing-api",
  "environment": "development",
  "transactionId": "txn_2026-08-10 13:30:01_dugalzeax",
  "duration": "NaNms"
}
16:30:01 [[32minfo[39m]: API Request
{
  "service": "ride-hailing-api",
  "environment": "development",
  "type": "API_REQUEST",
  "method": "POST",
  "url": "/api/user/verifyUserByOTP",
  "statusCode": 200,
  "responseTime": "NaNms",
  "ip": "127.0.0.1",
  "userAgent": "axios/1.18.1"
}
16:30:01 [[32minfo[39m]: API Request
{
  "service": "ride-hailing-api",
  "environment": "development",
  "type": "API_REQUEST",
  "method": "POST",
  "url": "/api/user/loginUser",
  "statusCode": 200,
  "responseTime": "NaNms",
  "ip": "127.0.0.1",
  "userAgent": "axios/1.18.1"
}
[VerifyToken] Request: { method: 'GET', url: '/', hasAuth: true }
[VerifyToken] Token decoded: {
  userUniqueId: 'e4f4720c-7828-4476-925d-4dd5f9deb456',
  phoneNumber: '+251975975883',
  roleId: 3,
  iat: 1786368599
}
[VerifyToken] User authenticated: {
  userUniqueId: 'e4f4720c-7828-4476-925d-4dd5f9deb456',
  phoneNumber: '+251975975883',
  roleId: undefined
}
16:30:01 [[32minfo[39m]: API Request
{
  "service": "ride-hailing-api",
  "environment": "development",
  "type": "API_REQUEST",
  "method": "GET",
  "url": "/api/admin/roles",
  "statusCode": 200,
  "responseTime": "NaNms",
  "ip": "127.0.0.1",
  "userAgent": "axios/1.18.1",
  "userId": 1805,
  "userUniqueId": "e4f4720c-7828-4476-925d-4dd5f9deb456"
}
[VerifyToken] Request: { method: 'GET', url: '/api/driver/account', hasAuth: true }
[VerifyToken] Token decoded: {
  userUniqueId: 'e590af62-28fb-49cd-ab29-d5e2d2c8f991',
  phoneNumber: '+251995975881',
  roleId: 2,
  iat: 1786368600
}
[VerifyToken] User authenticated: {
  userUniqueId: 'e590af62-28fb-49cd-ab29-d5e2d2c8f991',
  phoneNumber: '+251995975881',
  roleId: undefined
}
16:30:01 [[32minfo[39m]: @dataRows
{
  "service": "ride-hailing-api",
  "environment": "development"
}
16:30:01 [[32minfo[39m]: API Request
{
  "service": "ride-hailing-api",
  "environment": "development",
  "type": "API_REQUEST",
  "method": "GET",
  "url": "/api/driver/account",
  "statusCode": 200,
  "responseTime": "NaNms",
  "ip": "127.0.0.1",
  "userAgent": "axios/1.18.1",
  "userId": 1808,
  "userUniqueId": "e590af62-28fb-49cd-ab29-d5e2d2c8f991"
}
[VerifyToken] Request: { method: 'GET', url: '/api/driver/account', hasAuth: true }
[VerifyToken] Token decoded: {
  userUniqueId: 'e590af62-28fb-49cd-ab29-d5e2d2c8f991',
  phoneNumber: '+251995975881',
  roleId: 2,
  iat: 1786368600
}
[VerifyToken] User authenticated: {
  userUniqueId: 'e590af62-28fb-49cd-ab29-d5e2d2c8f991',
  phoneNumber: '+251995975881',
  roleId: undefined
}
16:30:01 [[32minfo[39m]: @dataRows
{
  "0": {
    "userBalanceId": 1193,
    "userBalanceUniqueId": "8356ddeb-7ba8-4db4-b0d2-f72a8c498986",
    "userUniqueId": "e590af62-28fb-49cd-ab29-d5e2d2c8f991",
    "transactionType": "Subscription",
    "transactionUniqueId": "69c3c0ba-d4ea-4491-a2f3-38704e344e3a",
    "transactionTime": "2026-08-10T10:30:01.000Z",
    "userBalanceAdjustmentType": "creation",
    "netBalance": "700.00",
    "userBalanceCreatedBy": "e590af62-28fb-49cd-ab29-d5e2d2c8f991",
    "userBalanceUpdatedBy": null,
    "userBalanceDeletedBy": null,
    "userBalanceCreatedAt": "2026-08-10T10:30:01.000Z",
    "userBalanceUpdatedAt": null,
    "userBalanceDeletedAt": null
  },
  "service": "ride-hailing-api",
  "environment": "development"
}
16:30:01 [[32minfo[39m]: API Request
{
  "service": "ride-hailing-api",
  "environment": "development",
  "type": "API_REQUEST",
  "method": "GET",
  "url": "/api/driver/account",
  "statusCode": 200,
  "responseTime": "NaNms",
  "ip": "127.0.0.1",
  "userAgent": "axios/1.18.1",
  "userId": 1808,
  "userUniqueId": "e590af62-28fb-49cd-ab29-d5e2d2c8f991"
}
[VerifyToken] Request: { method: 'GET', url: '/', hasAuth: true }
[VerifyToken] Token decoded: {
  userUniqueId: 'e590af62-28fb-49cd-ab29-d5e2d2c8f991',
  phoneNumber: '+251995975881',
  roleId: 2,
  iat: 1786368600
}
[VerifyToken] User authenticated: {
  userUniqueId: 'e590af62-28fb-49cd-ab29-d5e2d2c8f991',
  phoneNumber: '+251995975881',
  roleId: undefined
}
16:30:01 [[32minfo[39m]: API Request
{
  "service": "ride-hailing-api",
  "environment": "development",
  "type": "API_REQUEST",
  "method": "GET",
  "url": "/api/admin/vehicleTypes",
  "statusCode": 200,
  "responseTime": "NaNms",
  "ip": "127.0.0.1",
  "userAgent": "axios/1.18.1",
  "userId": 1808,
  "userUniqueId": "e590af62-28fb-49cd-ab29-d5e2d2c8f991"
}
[VerifyToken] Request: {
  method: 'POST',
  url: '/api/user/vehicles/driverUserUniqueId/self',
  hasAuth: true
}
[VerifyToken] Token decoded: {
  userUniqueId: 'e590af62-28fb-49cd-ab29-d5e2d2c8f991',
  phoneNumber: '+251995975881',
  roleId: 2,
  iat: 1786368600
}
[VerifyToken] User authenticated: {
  userUniqueId: 'e590af62-28fb-49cd-ab29-d5e2d2c8f991',
  phoneNumber: '+251995975881',
  roleId: undefined
}
16:30:01 [[31merror[39m]: Redis connection error
Error: Stream isn't writeable and enableOfflineQueue options is false
    at EventEmitter.sendCommand (/Users/zewedu/Desktop/Projects/transportBackEndNative/node_modules/ioredis/built/Redis.js:376:32)
    at EventEmitter.keys (/Users/zewedu/Desktop/Projects/transportBackEndNative/node_modules/ioredis/built/utils/Commander.js:90:25)
    at sendSocketIONotificationToAdmin (/Users/zewedu/Desktop/Projects/transportBackEndNative/Utils/Notifications.js:151:26)
    at createVehicle (/Users/zewedu/Desktop/Projects/transportBackEndNative/Services/Vehicle.service.js:136:5)
    at process.processTicksAndRejections (node:internal/process/task_queues:105:5)
    at async executeInTransaction.timeout (/Users/zewedu/Desktop/Projects/transportBackEndNative/Controllers/Vehicle.controller.js:39:31)
    at async /Users/zewedu/Desktop/Projects/transportBackEndNative/Utils/DatabaseTransaction.js:101:14
    at async executeInTransaction (/Users/zewedu/Desktop/Projects/transportBackEndNative/Utils/DatabaseTransaction.js:99:20)
    at async createVehicleController (/Users/zewedu/Desktop/Projects/transportBackEndNative/Controllers/Vehicle.controller.js:37:22)
{
  "service": "ride-hailing-api",
  "environment": "development",
  "error": "Stream isn't writeable and enableOfflineQueue options is false"
}
16:30:01 [[32minfo[39m]: Transaction committed
{
  "service": "ride-hailing-api",
  "environment": "development",
  "transactionId": "txn_2026-08-10 13:30:01_actsx2tpt",
  "duration": "NaNms"
}
16:30:01 [[32minfo[39m]: API Request
{
  "service": "ride-hailing-api",
  "environment": "development",
  "type": "API_REQUEST",
  "method": "POST",
  "url": "/api/user/vehicles/driverUserUniqueId/self",
  "statusCode": 201,
  "responseTime": "NaNms",
  "ip": "127.0.0.1",
  "userAgent": "axios/1.18.1",
  "userId": 1808,
  "userUniqueId": "e590af62-28fb-49cd-ab29-d5e2d2c8f991"
}
[VerifyToken] Request: { method: 'GET', url: '/api/driver/account', hasAuth: true }
[VerifyToken] Token decoded: {
  userUniqueId: 'e590af62-28fb-49cd-ab29-d5e2d2c8f991',
  phoneNumber: '+251995975881',
  roleId: 2,
  iat: 1786368600
}
[VerifyToken] User authenticated: {
  userUniqueId: 'e590af62-28fb-49cd-ab29-d5e2d2c8f991',
  phoneNumber: '+251995975881',
  roleId: undefined
}
16:30:01 [[32minfo[39m]: @dataRows
{
  "0": {
    "userBalanceId": 1193,
    "userBalanceUniqueId": "8356ddeb-7ba8-4db4-b0d2-f72a8c498986",
    "userUniqueId": "e590af62-28fb-49cd-ab29-d5e2d2c8f991",
    "transactionType": "Subscription",
    "transactionUniqueId": "69c3c0ba-d4ea-4491-a2f3-38704e344e3a",
    "transactionTime": "2026-08-10T10:30:01.000Z",
    "userBalanceAdjustmentType": "creation",
    "netBalance": "700.00",
    "userBalanceCreatedBy": "e590af62-28fb-49cd-ab29-d5e2d2c8f991",
    "userBalanceUpdatedBy": null,
    "userBalanceDeletedBy": null,
    "userBalanceCreatedAt": "2026-08-10T10:30:01.000Z",
    "userBalanceUpdatedAt": null,
    "userBalanceDeletedAt": null
  },
  "service": "ride-hailing-api",
  "environment": "development"
}
16:30:01 [[31merror[39m]: Redis connection error
Error: Stream isn't writeable and enableOfflineQueue options is false
    at EventEmitter.sendCommand (/Users/zewedu/Desktop/Projects/transportBackEndNative/node_modules/ioredis/built/Redis.js:376:32)
    at EventEmitter.keys (/Users/zewedu/Desktop/Projects/transportBackEndNative/node_modules/ioredis/built/utils/Commander.js:90:25)
    at sendSocketIONotificationToAdmin (/Users/zewedu/Desktop/Projects/transportBackEndNative/Utils/Notifications.js:151:26)
    at handleUpdateResponses (/Users/zewedu/Desktop/Projects/transportBackEndNative/Services/UserRoleStatus.service.js:110:11)
    at process.processTicksAndRejections (node:internal/process/task_queues:105:5)
    at async updateUserRoleStatus (/Users/zewedu/Desktop/Projects/transportBackEndNative/Services/UserRoleStatus.service.js:93:10)
    at async Object.accountStatus (/Users/zewedu/Desktop/Projects/transportBackEndNative/Services/Account/accountStatus.service.js:435:7)
    at async selfAccountStatus (/Users/zewedu/Desktop/Projects/transportBackEndNative/Controllers/Account.controller.js:27:20)
{
  "service": "ride-hailing-api",
  "environment": "development",
  "error": "Stream isn't writeable and enableOfflineQueue options is false"
}
16:30:01 [[32minfo[39m]: API Request
{
  "service": "ride-hailing-api",
  "environment": "development",
  "type": "API_REQUEST",
  "method": "GET",
  "url": "/api/driver/account",
  "statusCode": 200,
  "responseTime": "NaNms",
  "ip": "127.0.0.1",
  "userAgent": "axios/1.18.1",
  "userId": 1808,
  "userUniqueId": "e590af62-28fb-49cd-ab29-d5e2d2c8f991"
}
[VerifyToken] Request: {
  method: 'POST',
  url: '/api/user/attachDocuments/self',
  hasAuth: true
}
[VerifyToken] Token decoded: {
  userUniqueId: 'e590af62-28fb-49cd-ab29-d5e2d2c8f991',
  phoneNumber: '+251995975881',
  roleId: 2,
  iat: 1786368600
}
[VerifyToken] User authenticated: {
  userUniqueId: 'e590af62-28fb-49cd-ab29-d5e2d2c8f991',
  phoneNumber: '+251995975881',
  roleId: undefined
}
16:30:01 [[32minfo[39m]: File saved locally
{
  "service": "ride-hailing-api",
  "environment": "development",
  "filePath": "/Users/zewedu/Desktop/Projects/transportBackEndNative/uploads/1808_e3de9d8f-e6d6-43af-87d7-031fbfdf0010.png",
  "relativePath": "/uploads/1808_e3de9d8f-e6d6-43af-87d7-031fbfdf0010.png"
}
16:30:01 [[32minfo[39m]: @dataRows
{
  "0": {
    "userBalanceId": 1193,
    "userBalanceUniqueId": "8356ddeb-7ba8-4db4-b0d2-f72a8c498986",
    "userUniqueId": "e590af62-28fb-49cd-ab29-d5e2d2c8f991",
    "transactionType": "Subscription",
    "transactionUniqueId": "69c3c0ba-d4ea-4491-a2f3-38704e344e3a",
    "transactionTime": "2026-08-10T10:30:01.000Z",
    "userBalanceAdjustmentType": "creation",
    "netBalance": "700.00",
    "userBalanceCreatedBy": "e590af62-28fb-49cd-ab29-d5e2d2c8f991",
    "userBalanceUpdatedBy": null,
    "userBalanceDeletedBy": null,
    "userBalanceCreatedAt": "2026-08-10T10:30:01.000Z",
    "userBalanceUpdatedAt": null,
    "userBalanceDeletedAt": null
  },
  "service": "ride-hailing-api",
  "environment": "development"
}
16:30:01 [[32minfo[39m]: Transaction committed
{
  "service": "ride-hailing-api",
  "environment": "development",
  "transactionId": "txn_2026-08-10 13:30:01_xyhgpmsyq",
  "duration": "NaNms"
}
16:30:01 [[31merror[39m]: Redis connection error
Error: Stream isn't writeable and enableOfflineQueue options is false
    at EventEmitter.sendCommand (/Users/zewedu/Desktop/Projects/transportBackEndNative/node_modules/ioredis/built/Redis.js:376:32)
    at EventEmitter.keys (/Users/zewedu/Desktop/Projects/transportBackEndNative/node_modules/ioredis/built/utils/Commander.js:90:25)
    at sendSocketIONotificationToAdmin (/Users/zewedu/Desktop/Projects/transportBackEndNative/Utils/Notifications.js:151:26)
    at createAttachedDocuments (/Users/zewedu/Desktop/Projects/transportBackEndNative/Controllers/AttachedDocuments.controller.js:339:11)
    at process.processTicksAndRejections (node:internal/process/task_queues:105:5)
{
  "service": "ride-hailing-api",
  "environment": "development",
  "error": "Stream isn't writeable and enableOfflineQueue options is false"
}
16:30:01 [[32minfo[39m]: API Request
{
  "service": "ride-hailing-api",
  "environment": "development",
  "type": "API_REQUEST",
  "method": "POST",
  "url": "/api/user/attachDocuments/self",
  "statusCode": 200,
  "responseTime": "NaNms",
  "ip": "127.0.0.1",
  "userAgent": "axios/1.18.1",
  "userId": 1808,
  "userUniqueId": "e590af62-28fb-49cd-ab29-d5e2d2c8f991"
}
[VerifyToken] Request: {
  method: 'POST',
  url: '/api/user/attachDocuments/self',
  hasAuth: true
}
[VerifyToken] Token decoded: {
  userUniqueId: 'e590af62-28fb-49cd-ab29-d5e2d2c8f991',
  phoneNumber: '+251995975881',
  roleId: 2,
  iat: 1786368600
}
[VerifyToken] User authenticated: {
  userUniqueId: 'e590af62-28fb-49cd-ab29-d5e2d2c8f991',
  phoneNumber: '+251995975881',
  roleId: undefined
}
16:30:01 [[32minfo[39m]: File saved locally
{
  "service": "ride-hailing-api",
  "environment": "development",
  "filePath": "/Users/zewedu/Desktop/Projects/transportBackEndNative/uploads/1808_e2b00b98-1709-4ebd-894d-95680ea55d71.png",
  "relativePath": "/uploads/1808_e2b00b98-1709-4ebd-894d-95680ea55d71.png"
}
16:30:01 [[32minfo[39m]: @dataRows
{
  "0": {
    "userBalanceId": 1193,
    "userBalanceUniqueId": "8356ddeb-7ba8-4db4-b0d2-f72a8c498986",
    "userUniqueId": "e590af62-28fb-49cd-ab29-d5e2d2c8f991",
    "transactionType": "Subscription",
    "transactionUniqueId": "69c3c0ba-d4ea-4491-a2f3-38704e344e3a",
    "transactionTime": "2026-08-10T10:30:01.000Z",
    "userBalanceAdjustmentType": "creation",
    "netBalance": "700.00",
    "userBalanceCreatedBy": "e590af62-28fb-49cd-ab29-d5e2d2c8f991",
    "userBalanceUpdatedBy": null,
    "userBalanceDeletedBy": null,
    "userBalanceCreatedAt": "2026-08-10T10:30:01.000Z",
    "userBalanceUpdatedAt": null,
    "userBalanceDeletedAt": null
  },
  "service": "ride-hailing-api",
  "environment": "development"
}
16:30:01 [[32minfo[39m]: Transaction committed
{
  "service": "ride-hailing-api",
  "environment": "development",
  "transactionId": "txn_2026-08-10 13:30:01_tkaosoaol",
  "duration": "NaNms"
}
16:30:01 [[31merror[39m]: Redis connection error
Error: Stream isn't writeable and enableOfflineQueue options is false
    at EventEmitter.sendCommand (/Users/zewedu/Desktop/Projects/transportBackEndNative/node_modules/ioredis/built/Redis.js:376:32)
    at EventEmitter.keys (/Users/zewedu/Desktop/Projects/transportBackEndNative/node_modules/ioredis/built/utils/Commander.js:90:25)
    at sendSocketIONotificationToAdmin (/Users/zewedu/Desktop/Projects/transportBackEndNative/Utils/Notifications.js:151:26)
    at createAttachedDocuments (/Users/zewedu/Desktop/Projects/transportBackEndNative/Controllers/AttachedDocuments.controller.js:339:11)
    at process.processTicksAndRejections (node:internal/process/task_queues:105:5)
{
  "service": "ride-hailing-api",
  "environment": "development",
  "error": "Stream isn't writeable and enableOfflineQueue options is false"
}
16:30:01 [[32minfo[39m]: API Request
{
  "service": "ride-hailing-api",
  "environment": "development",
  "type": "API_REQUEST",
  "method": "POST",
  "url": "/api/user/attachDocuments/self",
  "statusCode": 200,
  "responseTime": "NaNms",
  "ip": "127.0.0.1",
  "userAgent": "axios/1.18.1",
  "userId": 1808,
  "userUniqueId": "e590af62-28fb-49cd-ab29-d5e2d2c8f991"
}
[VerifyToken] Request: {
  method: 'POST',
  url: '/api/vehicle/attachDocuments/18362b7e-19df-44fb-a845-0adb73e7e633',
  hasAuth: true
}
[VerifyToken] Token decoded: {
  userUniqueId: 'e590af62-28fb-49cd-ab29-d5e2d2c8f991',
  phoneNumber: '+251995975881',
  roleId: 2,
  iat: 1786368600
}
[VerifyToken] User authenticated: {
  userUniqueId: 'e590af62-28fb-49cd-ab29-d5e2d2c8f991',
  phoneNumber: '+251995975881',
  roleId: undefined
}
16:30:01 [[32minfo[39m]: File saved locally
{
  "service": "ride-hailing-api",
  "environment": "development",
  "filePath": "/Users/zewedu/Desktop/Projects/transportBackEndNative/uploads/1808_60ec2f61-d5d4-4392-9678-efca12d55425.png",
  "relativePath": "/uploads/1808_60ec2f61-d5d4-4392-9678-efca12d55425.png"
}
16:30:01 [[32minfo[39m]: Transaction committed
{
  "service": "ride-hailing-api",
  "environment": "development",
  "transactionId": "txn_2026-08-10 13:30:01_dfjiwkz3w",
  "duration": "NaNms"
}
16:30:01 [[31merror[39m]: Redis connection error
Error: Stream isn't writeable and enableOfflineQueue options is false
    at EventEmitter.sendCommand (/Users/zewedu/Desktop/Projects/transportBackEndNative/node_modules/ioredis/built/Redis.js:376:32)
    at EventEmitter.keys (/Users/zewedu/Desktop/Projects/transportBackEndNative/node_modules/ioredis/built/utils/Commander.js:90:25)
    at sendSocketIONotificationToAdmin (/Users/zewedu/Desktop/Projects/transportBackEndNative/Utils/Notifications.js:151:26)
    at createAttachedDocuments (/Users/zewedu/Desktop/Projects/transportBackEndNative/Controllers/AttachedDocuments.controller.js:356:11)
    at process.processTicksAndRejections (node:internal/process/task_queues:105:5)
{
  "service": "ride-hailing-api",
  "environment": "development",
  "error": "Stream isn't writeable and enableOfflineQueue options is false"
}
16:30:01 [[32minfo[39m]: API Request
{
  "service": "ride-hailing-api",
  "environment": "development",
  "type": "API_REQUEST",
  "method": "POST",
  "url": "/api/vehicle/attachDocuments/18362b7e-19df-44fb-a845-0adb73e7e633",
  "statusCode": 200,
  "responseTime": "NaNms",
  "ip": "127.0.0.1",
  "userAgent": "axios/1.18.1",
  "userId": 1808,
  "userUniqueId": "e590af62-28fb-49cd-ab29-d5e2d2c8f991"
}
[VerifyToken] Request: {
  method: 'POST',
  url: '/api/vehicle/attachDocuments/18362b7e-19df-44fb-a845-0adb73e7e633',
  hasAuth: true
}
[VerifyToken] Token decoded: {
  userUniqueId: 'e590af62-28fb-49cd-ab29-d5e2d2c8f991',
  phoneNumber: '+251995975881',
  roleId: 2,
  iat: 1786368600
}
[VerifyToken] User authenticated: {
  userUniqueId: 'e590af62-28fb-49cd-ab29-d5e2d2c8f991',
  phoneNumber: '+251995975881',
  roleId: undefined
}
16:30:01 [[32minfo[39m]: File saved locally
{
  "service": "ride-hailing-api",
  "environment": "development",
  "filePath": "/Users/zewedu/Desktop/Projects/transportBackEndNative/uploads/1808_32bc552f-1889-4afb-a129-177cd3bd22dd.png",
  "relativePath": "/uploads/1808_32bc552f-1889-4afb-a129-177cd3bd22dd.png"
}
16:30:01 [[32minfo[39m]: Transaction committed
{
  "service": "ride-hailing-api",
  "environment": "development",
  "transactionId": "txn_2026-08-10 13:30:01_nwwctx9s9",
  "duration": "NaNms"
}
16:30:01 [[31merror[39m]: Redis connection error
Error: Stream isn't writeable and enableOfflineQueue options is false
    at EventEmitter.sendCommand (/Users/zewedu/Desktop/Projects/transportBackEndNative/node_modules/ioredis/built/Redis.js:376:32)
    at EventEmitter.keys (/Users/zewedu/Desktop/Projects/transportBackEndNative/node_modules/ioredis/built/utils/Commander.js:90:25)
    at sendSocketIONotificationToAdmin (/Users/zewedu/Desktop/Projects/transportBackEndNative/Utils/Notifications.js:151:26)
    at createAttachedDocuments (/Users/zewedu/Desktop/Projects/transportBackEndNative/Controllers/AttachedDocuments.controller.js:356:11)
    at process.processTicksAndRejections (node:internal/process/task_queues:105:5)
{
  "service": "ride-hailing-api",
  "environment": "development",
  "error": "Stream isn't writeable and enableOfflineQueue options is false"
}
16:30:01 [[32minfo[39m]: API Request
{
  "service": "ride-hailing-api",
  "environment": "development",
  "type": "API_REQUEST",
  "method": "POST",
  "url": "/api/vehicle/attachDocuments/18362b7e-19df-44fb-a845-0adb73e7e633",
  "statusCode": 200,
  "responseTime": "NaNms",
  "ip": "127.0.0.1",
  "userAgent": "axios/1.18.1",
  "userId": 1808,
  "userUniqueId": "e590af62-28fb-49cd-ab29-d5e2d2c8f991"
}
[VerifyToken] Request: {
  method: 'GET',
  url: '/api/admin/getUnAuthorizedDriver?phone=+251995975881',
  hasAuth: true
}
[VerifyToken] Token decoded: {
  userUniqueId: 'e4f4720c-7828-4476-925d-4dd5f9deb456',
  phoneNumber: '+251975975883',
  roleId: 3,
  iat: 1786368599
}
[VerifyToken] User authenticated: {
  userUniqueId: 'e4f4720c-7828-4476-925d-4dd5f9deb456',
  phoneNumber: '+251975975883',
  roleId: undefined
}
16:30:01 [[32minfo[39m]: @dataRows
{
  "0": {
    "userBalanceId": 1193,
    "userBalanceUniqueId": "8356ddeb-7ba8-4db4-b0d2-f72a8c498986",
    "userUniqueId": "e590af62-28fb-49cd-ab29-d5e2d2c8f991",
    "transactionType": "Subscription",
    "transactionUniqueId": "69c3c0ba-d4ea-4491-a2f3-38704e344e3a",
    "transactionTime": "2026-08-10T10:30:01.000Z",
    "userBalanceAdjustmentType": "creation",
    "netBalance": "700.00",
    "userBalanceCreatedBy": "e590af62-28fb-49cd-ab29-d5e2d2c8f991",
    "userBalanceUpdatedBy": null,
    "userBalanceDeletedBy": null,
    "userBalanceCreatedAt": "2026-08-10T10:30:01.000Z",
    "userBalanceUpdatedAt": null,
    "userBalanceDeletedAt": null
  },
  "service": "ride-hailing-api",
  "environment": "development"
}
16:30:01 [[32minfo[39m]: API Request
{
  "service": "ride-hailing-api",
  "environment": "development",
  "type": "API_REQUEST",
  "method": "GET",
  "url": "/api/admin/getUnAuthorizedDriver?phone=+251995975881",
  "statusCode": 200,
  "responseTime": "NaNms",
  "ip": "127.0.0.1",
  "userAgent": "axios/1.18.1",
  "userId": 1805,
  "userUniqueId": "e4f4720c-7828-4476-925d-4dd5f9deb456"
}
[VerifyToken] Request: {
  method: 'PUT',
  url: '/api/admin/acceptRejectAttachedDocuments',
  hasAuth: true
}
[VerifyToken] Token decoded: {
  userUniqueId: 'e4f4720c-7828-4476-925d-4dd5f9deb456',
  phoneNumber: '+251975975883',
  roleId: 3,
  iat: 1786368599
}
[VerifyToken] Request: {
  method: 'PUT',
  url: '/api/admin/acceptRejectAttachedDocuments',
  hasAuth: true
}
[VerifyToken] Token decoded: {
  userUniqueId: 'e4f4720c-7828-4476-925d-4dd5f9deb456',
  phoneNumber: '+251975975883',
  roleId: 3,
  iat: 1786368599
}
[VerifyToken] User authenticated: {
  userUniqueId: 'e4f4720c-7828-4476-925d-4dd5f9deb456',
  phoneNumber: '+251975975883',
  roleId: undefined
}
[VerifyToken] Request: {
  method: 'PUT',
  url: '/api/admin/acceptRejectAttachedDocuments',
  hasAuth: true
}
[VerifyToken] Token decoded: {
  userUniqueId: 'e4f4720c-7828-4476-925d-4dd5f9deb456',
  phoneNumber: '+251975975883',
  roleId: 3,
  iat: 1786368599
}
[VerifyToken] User authenticated: {
  userUniqueId: 'e4f4720c-7828-4476-925d-4dd5f9deb456',
  phoneNumber: '+251975975883',
  roleId: undefined
}
[VerifyToken] Request: {
  method: 'PUT',
  url: '/api/admin/acceptRejectAttachedDocuments',
  hasAuth: true
}
[VerifyToken] Token decoded: {
  userUniqueId: 'e4f4720c-7828-4476-925d-4dd5f9deb456',
  phoneNumber: '+251975975883',
  roleId: 3,
  iat: 1786368599
}
[VerifyToken] User authenticated: {
  userUniqueId: 'e4f4720c-7828-4476-925d-4dd5f9deb456',
  phoneNumber: '+251975975883',
  roleId: undefined
}
[VerifyToken] User authenticated: {
  userUniqueId: 'e4f4720c-7828-4476-925d-4dd5f9deb456',
  phoneNumber: '+251975975883',
  roleId: undefined
}
16:30:01 [[32minfo[39m]: Transaction committed
{
  "service": "ride-hailing-api",
  "environment": "development",
  "transactionId": "txn_2026-08-10 13:30:01_dt5bm3bos",
  "duration": "NaNms"
}
16:30:01 [[32minfo[39m]: API Request
{
  "service": "ride-hailing-api",
  "environment": "development",
  "type": "API_REQUEST",
  "method": "PUT",
  "url": "/api/admin/acceptRejectAttachedDocuments",
  "statusCode": 200,
  "responseTime": "NaNms",
  "ip": "127.0.0.1",
  "userAgent": "axios/1.18.1",
  "userId": 1805,
  "userUniqueId": "e4f4720c-7828-4476-925d-4dd5f9deb456"
}
16:30:01 [[32minfo[39m]: Transaction committed
{
  "service": "ride-hailing-api",
  "environment": "development",
  "transactionId": "txn_2026-08-10 13:30:01_y0oz90quj",
  "duration": "NaNms"
}
16:30:01 [[32minfo[39m]: API Request
{
  "service": "ride-hailing-api",
  "environment": "development",
  "type": "API_REQUEST",
  "method": "PUT",
  "url": "/api/admin/acceptRejectAttachedDocuments",
  "statusCode": 200,
  "responseTime": "NaNms",
  "ip": "127.0.0.1",
  "userAgent": "axios/1.18.1",
  "userId": 1805,
  "userUniqueId": "e4f4720c-7828-4476-925d-4dd5f9deb456"
}
16:30:01 [[32minfo[39m]: Transaction committed
{
  "service": "ride-hailing-api",
  "environment": "development",
  "transactionId": "txn_2026-08-10 13:30:01_yezuq0r7n",
  "duration": "NaNms"
}
16:30:01 [[32minfo[39m]: API Request
{
  "service": "ride-hailing-api",
  "environment": "development",
  "type": "API_REQUEST",
  "method": "PUT",
  "url": "/api/admin/acceptRejectAttachedDocuments",
  "statusCode": 200,
  "responseTime": "NaNms",
  "ip": "127.0.0.1",
  "userAgent": "axios/1.18.1",
  "userId": 1805,
  "userUniqueId": "e4f4720c-7828-4476-925d-4dd5f9deb456"
}
16:30:01 [[32minfo[39m]: Transaction committed
{
  "service": "ride-hailing-api",
  "environment": "development",
  "transactionId": "txn_2026-08-10 13:30:01_rp1iyflhc",
  "duration": "NaNms"
}
16:30:01 [[32minfo[39m]: API Request
{
  "service": "ride-hailing-api",
  "environment": "development",
  "type": "API_REQUEST",
  "method": "PUT",
  "url": "/api/admin/acceptRejectAttachedDocuments",
  "statusCode": 200,
  "responseTime": "NaNms",
  "ip": "127.0.0.1",
  "userAgent": "axios/1.18.1",
  "userId": 1805,
  "userUniqueId": "e4f4720c-7828-4476-925d-4dd5f9deb456"
}
[VerifyToken] Request: { method: 'GET', url: '/api/driver/account', hasAuth: true }
[VerifyToken] Token decoded: {
  userUniqueId: 'e590af62-28fb-49cd-ab29-d5e2d2c8f991',
  phoneNumber: '+251995975881',
  roleId: 2,
  iat: 1786368600
}
16:30:01 [[32minfo[39m]: @dataRows
{
  "0": {
    "userBalanceId": 1193,
    "userBalanceUniqueId": "8356ddeb-7ba8-4db4-b0d2-f72a8c498986",
    "userUniqueId": "e590af62-28fb-49cd-ab29-d5e2d2c8f991",
    "transactionType": "Subscription",
    "transactionUniqueId": "69c3c0ba-d4ea-4491-a2f3-38704e344e3a",
    "transactionTime": "2026-08-10T10:30:01.000Z",
    "userBalanceAdjustmentType": "creation",
    "netBalance": "700.00",
    "userBalanceCreatedBy": "e590af62-28fb-49cd-ab29-d5e2d2c8f991",
    "userBalanceUpdatedBy": null,
    "userBalanceDeletedBy": null,
    "userBalanceCreatedAt": "2026-08-10T10:30:01.000Z",
    "userBalanceUpdatedAt": null,
    "userBalanceDeletedAt": null
  },
  "service": "ride-hailing-api",
  "environment": "development"
}
[VerifyToken] User authenticated: {
  userUniqueId: 'e590af62-28fb-49cd-ab29-d5e2d2c8f991',
  phoneNumber: '+251995975881',
  roleId: undefined
}
16:30:01 [[32minfo[39m]: @dataRows
{
  "0": {
    "userBalanceId": 1193,
    "userBalanceUniqueId": "8356ddeb-7ba8-4db4-b0d2-f72a8c498986",
    "userUniqueId": "e590af62-28fb-49cd-ab29-d5e2d2c8f991",
    "transactionType": "Subscription",
    "transactionUniqueId": "69c3c0ba-d4ea-4491-a2f3-38704e344e3a",
    "transactionTime": "2026-08-10T10:30:01.000Z",
    "userBalanceAdjustmentType": "creation",
    "netBalance": "700.00",
    "userBalanceCreatedBy": "e590af62-28fb-49cd-ab29-d5e2d2c8f991",
    "userBalanceUpdatedBy": null,
    "userBalanceDeletedBy": null,
    "userBalanceCreatedAt": "2026-08-10T10:30:01.000Z",
    "userBalanceUpdatedAt": null,
    "userBalanceDeletedAt": null
  },
  "service": "ride-hailing-api",
  "environment": "development"
}
16:30:01 [[33mwarn[39m]: No active driver socket found for notification
{
  "service": "ride-hailing-api",
  "environment": "development",
  "phoneNumber": "251995975881"
}
16:30:01 [[32minfo[39m]: API Request
{
  "service": "ride-hailing-api",
  "environment": "development",
  "type": "API_REQUEST",
  "method": "GET",
  "url": "/api/driver/account",
  "statusCode": 200,
  "responseTime": "NaNms",
  "ip": "127.0.0.1",
  "userAgent": "axios/1.18.1",
  "userId": 1808,
  "userUniqueId": "e590af62-28fb-49cd-ab29-d5e2d2c8f991"
}
16:30:01 [[32minfo[39m]: @dataRows
{
  "0": {
    "userBalanceId": 1193,
    "userBalanceUniqueId": "8356ddeb-7ba8-4db4-b0d2-f72a8c498986",
    "userUniqueId": "e590af62-28fb-49cd-ab29-d5e2d2c8f991",
    "transactionType": "Subscription",
    "transactionUniqueId": "69c3c0ba-d4ea-4491-a2f3-38704e344e3a",
    "transactionTime": "2026-08-10T10:30:01.000Z",
    "userBalanceAdjustmentType": "creation",
    "netBalance": "700.00",
    "userBalanceCreatedBy": "e590af62-28fb-49cd-ab29-d5e2d2c8f991",
    "userBalanceUpdatedBy": null,
    "userBalanceDeletedBy": null,
    "userBalanceCreatedAt": "2026-08-10T10:30:01.000Z",
    "userBalanceUpdatedAt": null,
    "userBalanceDeletedAt": null
  },
  "service": "ride-hailing-api",
  "environment": "development"
}
[VerifyToken] Request: { method: 'POST', url: '/api/user/upsertFCMToken', hasAuth: true }
[VerifyToken] Token decoded: {
  userUniqueId: 'e590af62-28fb-49cd-ab29-d5e2d2c8f991',
  phoneNumber: '+251995975881',
  roleId: 2,
  iat: 1786368600
}
[VerifyToken] User authenticated: {
  userUniqueId: 'e590af62-28fb-49cd-ab29-d5e2d2c8f991',
  phoneNumber: '+251995975881',
  roleId: undefined
}
16:30:01 [[33mwarn[39m]: No active driver socket found for notification
{
  "service": "ride-hailing-api",
  "environment": "development",
  "phoneNumber": "251995975881"
}
16:30:01 [[32minfo[39m]: Transaction committed
{
  "service": "ride-hailing-api",
  "environment": "development",
  "transactionId": "txn_2026-08-10 13:30:01_0sokyq2yf",
  "duration": "NaNms"
}
16:30:01 [[32minfo[39m]: API Request
{
  "service": "ride-hailing-api",
  "environment": "development",
  "type": "API_REQUEST",
  "method": "POST",
  "url": "/api/user/upsertFCMToken",
  "statusCode": 200,
  "responseTime": "NaNms",
  "ip": "127.0.0.1",
  "userAgent": "axios/1.18.1",
  "userId": 1808,
  "userUniqueId": "e590af62-28fb-49cd-ab29-d5e2d2c8f991"
}
[VerifyToken] Request: {
  method: 'GET',
  url: '/api/user/getFCMToken/fa6fd96a-4800-48f1-8b15-4b6878d96782',
  hasAuth: true
}
[VerifyToken] Token decoded: {
  userUniqueId: 'e590af62-28fb-49cd-ab29-d5e2d2c8f991',
  phoneNumber: '+251995975881',
  roleId: 2,
  iat: 1786368600
}
[VerifyToken] User authenticated: {
  userUniqueId: 'e590af62-28fb-49cd-ab29-d5e2d2c8f991',
  phoneNumber: '+251995975881',
  roleId: undefined
}
16:30:01 [[32minfo[39m]: API Request
{
  "service": "ride-hailing-api",
  "environment": "development",
  "type": "API_REQUEST",
  "method": "GET",
  "url": "/api/user/getFCMToken/fa6fd96a-4800-48f1-8b15-4b6878d96782",
  "statusCode": 200,
  "responseTime": "NaNms",
  "ip": "127.0.0.1",
  "userAgent": "axios/1.18.1",
  "userId": 1808,
  "userUniqueId": "e590af62-28fb-49cd-ab29-d5e2d2c8f991"
}
16:30:01 [[32minfo[39m]: @dataRows
{
  "0": {
    "userBalanceId": 1193,
    "userBalanceUniqueId": "8356ddeb-7ba8-4db4-b0d2-f72a8c498986",
    "userUniqueId": "e590af62-28fb-49cd-ab29-d5e2d2c8f991",
    "transactionType": "Subscription",
    "transactionUniqueId": "69c3c0ba-d4ea-4491-a2f3-38704e344e3a",
    "transactionTime": "2026-08-10T10:30:01.000Z",
    "userBalanceAdjustmentType": "creation",
    "netBalance": "700.00",
    "userBalanceCreatedBy": "e590af62-28fb-49cd-ab29-d5e2d2c8f991",
    "userBalanceUpdatedBy": null,
    "userBalanceDeletedBy": null,
    "userBalanceCreatedAt": "2026-08-10T10:30:01.000Z",
    "userBalanceUpdatedAt": null,
    "userBalanceDeletedAt": null
  },
  "service": "ride-hailing-api",
  "environment": "development"
}
[VerifyToken] Request: {
  method: 'PUT',
  url: '/api/user/updateFCMToken/fa6fd96a-4800-48f1-8b15-4b6878d96782',
  hasAuth: true
}
[VerifyToken] Token decoded: {
  userUniqueId: 'e590af62-28fb-49cd-ab29-d5e2d2c8f991',
  phoneNumber: '+251995975881',
  roleId: 2,
  iat: 1786368600
}
[VerifyToken] User authenticated: {
  userUniqueId: 'e590af62-28fb-49cd-ab29-d5e2d2c8f991',
  phoneNumber: '+251995975881',
  roleId: undefined
}
16:30:01 [[32minfo[39m]: Transaction committed
{
  "service": "ride-hailing-api",
  "environment": "development",
  "transactionId": "txn_2026-08-10 13:30:01_geg20hy6o",
  "duration": "NaNms"
}
16:30:01 [[32minfo[39m]: API Request
{
  "service": "ride-hailing-api",
  "environment": "development",
  "type": "API_REQUEST",
  "method": "PUT",
  "url": "/api/user/updateFCMToken/fa6fd96a-4800-48f1-8b15-4b6878d96782",
  "statusCode": 200,
  "responseTime": "NaNms",
  "ip": "127.0.0.1",
  "userAgent": "axios/1.18.1",
  "userId": 1808,
  "userUniqueId": "e590af62-28fb-49cd-ab29-d5e2d2c8f991"
}
[VerifyToken] Request: {
  method: 'DELETE',
  url: '/api/user/deleteFCMToken/fa6fd96a-4800-48f1-8b15-4b6878d96782',
  hasAuth: true
}
[VerifyToken] Token decoded: {
  userUniqueId: 'e590af62-28fb-49cd-ab29-d5e2d2c8f991',
  phoneNumber: '+251995975881',
  roleId: 2,
  iat: 1786368600
}
[VerifyToken] User authenticated: {
  userUniqueId: 'e590af62-28fb-49cd-ab29-d5e2d2c8f991',
  phoneNumber: '+251995975881',
  roleId: undefined
}
16:30:01 [[32minfo[39m]: Transaction committed
{
  "service": "ride-hailing-api",
  "environment": "development",
  "transactionId": "txn_2026-08-10 13:30:01_zwyqvi8w0",
  "duration": "NaNms"
}
16:30:01 [[32minfo[39m]: API Request
{
  "service": "ride-hailing-api",
  "environment": "development",
  "type": "API_REQUEST",
  "method": "DELETE",
  "url": "/api/user/deleteFCMToken/fa6fd96a-4800-48f1-8b15-4b6878d96782",
  "statusCode": 200,
  "responseTime": "NaNms",
  "ip": "127.0.0.1",
  "userAgent": "axios/1.18.1",
  "userId": 1808,
  "userUniqueId": "e590af62-28fb-49cd-ab29-d5e2d2c8f991"
}
[VerifyToken] Request: {
  method: 'POST',
  url: '/e590af62-28fb-49cd-ab29-d5e2d2c8f991',
  hasAuth: true
}
[VerifyToken] Token decoded: {
  userUniqueId: 'e4f4720c-7828-4476-925d-4dd5f9deb456',
  phoneNumber: '+251975975883',
  roleId: 3,
  iat: 1786368599
}
[VerifyToken] User authenticated: {
  userUniqueId: 'e4f4720c-7828-4476-925d-4dd5f9deb456',
  phoneNumber: '+251975975883',
  roleId: undefined
}
16:30:01 [[32minfo[39m]: @dataRows
{
  "0": {
    "userBalanceId": 1193,
    "userBalanceUniqueId": "8356ddeb-7ba8-4db4-b0d2-f72a8c498986",
    "userUniqueId": "e590af62-28fb-49cd-ab29-d5e2d2c8f991",
    "transactionType": "Subscription",
    "transactionUniqueId": "69c3c0ba-d4ea-4491-a2f3-38704e344e3a",
    "transactionTime": "2026-08-10T10:30:01.000Z",
    "userBalanceAdjustmentType": "creation",
    "netBalance": "700.00",
    "userBalanceCreatedBy": "e590af62-28fb-49cd-ab29-d5e2d2c8f991",
    "userBalanceUpdatedBy": null,
    "userBalanceDeletedBy": null,
    "userBalanceCreatedAt": "2026-08-10T10:30:01.000Z",
    "userBalanceUpdatedAt": null,
    "userBalanceDeletedAt": null
  },
  "service": "ride-hailing-api",
  "environment": "development"
}
16:30:01 [[32minfo[39m]: Transaction committed
{
  "service": "ride-hailing-api",
  "environment": "development",
  "transactionId": "txn_2026-08-10 13:30:01_xzb4n35av",
  "duration": "NaNms"
}
16:30:01 [[32minfo[39m]: API Request
{
  "service": "ride-hailing-api",
  "environment": "development",
  "type": "API_REQUEST",
  "method": "POST",
  "url": "/api/finance/userBalanceTransfer/e590af62-28fb-49cd-ab29-d5e2d2c8f991",
  "statusCode": 200,
  "responseTime": "NaNms",
  "ip": "127.0.0.1",
  "userAgent": "axios/1.18.1",
  "userId": 1805,
  "userUniqueId": "e4f4720c-7828-4476-925d-4dd5f9deb456"
}
[VerifyToken] Request: { method: 'GET', url: '/', hasAuth: true }
[VerifyToken] Token decoded: {
  userUniqueId: 'e590af62-28fb-49cd-ab29-d5e2d2c8f991',
  phoneNumber: '+251995975881',
  roleId: 2,
  iat: 1786368600
}
[VerifyToken] User authenticated: {
  userUniqueId: 'e590af62-28fb-49cd-ab29-d5e2d2c8f991',
  phoneNumber: '+251995975881',
  roleId: undefined
}
16:30:01 [[32minfo[39m]: API Request
{
  "service": "ride-hailing-api",
  "environment": "development",
  "type": "API_REQUEST",
  "method": "GET",
  "url": "/api/finance/userBalanceTransfer",
  "statusCode": 200,
  "responseTime": "NaNms",
  "ip": "127.0.0.1",
  "userAgent": "axios/1.18.1",
  "userId": 1808,
  "userUniqueId": "e590af62-28fb-49cd-ab29-d5e2d2c8f991"
}
[VerifyToken] Request: { method: 'GET', url: '/', hasAuth: true }
[VerifyToken] Token decoded: {
  userUniqueId: 'e590af62-28fb-49cd-ab29-d5e2d2c8f991',
  phoneNumber: '+251995975881',
  roleId: 2,
  iat: 1786368600
}
[VerifyToken] User authenticated: {
  userUniqueId: 'e590af62-28fb-49cd-ab29-d5e2d2c8f991',
  phoneNumber: '+251995975881',
  roleId: undefined
}
16:30:01 [[32minfo[39m]: API Request
{
  "service": "ride-hailing-api",
  "environment": "development",
  "type": "API_REQUEST",
  "method": "GET",
  "url": "/api/finance/userBalanceTransfer",
  "statusCode": 200,
  "responseTime": "NaNms",
  "ip": "127.0.0.1",
  "userAgent": "axios/1.18.1",
  "userId": 1808,
  "userUniqueId": "e590af62-28fb-49cd-ab29-d5e2d2c8f991"
}
[VerifyToken] Request: {
  method: 'GET',
  url: '/61917ff2-f0c3-4596-b09f-cb748c6e5d4e',
  hasAuth: true
}
[VerifyToken] Token decoded: {
  userUniqueId: 'e590af62-28fb-49cd-ab29-d5e2d2c8f991',
  phoneNumber: '+251995975881',
  roleId: 2,
  iat: 1786368600
}
[VerifyToken] User authenticated: {
  userUniqueId: 'e590af62-28fb-49cd-ab29-d5e2d2c8f991',
  phoneNumber: '+251995975881',
  roleId: undefined
}
16:30:01 [[32minfo[39m]: API Request
{
  "service": "ride-hailing-api",
  "environment": "development",
  "type": "API_REQUEST",
  "method": "GET",
  "url": "/api/finance/userBalanceTransfer/61917ff2-f0c3-4596-b09f-cb748c6e5d4e",
  "statusCode": 200,
  "responseTime": "NaNms",
  "ip": "127.0.0.1",
  "userAgent": "axios/1.18.1",
  "userId": 1808,
  "userUniqueId": "e590af62-28fb-49cd-ab29-d5e2d2c8f991"
}
[VerifyToken] Request: { method: 'GET', url: '/', hasAuth: true }
[VerifyToken] Token decoded: {
  userUniqueId: 'e590af62-28fb-49cd-ab29-d5e2d2c8f991',
  phoneNumber: '+251995975881',
  roleId: 2,
  iat: 1786368600
}
[VerifyToken] User authenticated: {
  userUniqueId: 'e590af62-28fb-49cd-ab29-d5e2d2c8f991',
  phoneNumber: '+251995975881',
  roleId: undefined
}
16:30:01 [[32minfo[39m]: API Request
{
  "service": "ride-hailing-api",
  "environment": "development",
  "type": "API_REQUEST",
  "method": "GET",
  "url": "/api/finance/userBalanceTransfer",
  "statusCode": 200,
  "responseTime": "NaNms",
  "ip": "127.0.0.1",
  "userAgent": "axios/1.18.1",
  "userId": 1808,
  "userUniqueId": "e590af62-28fb-49cd-ab29-d5e2d2c8f991"
}
[VerifyToken] Request: {
  method: 'PUT',
  url: '/61917ff2-f0c3-4596-b09f-cb748c6e5d4e',
  hasAuth: true
}
[VerifyToken] Token decoded: {
  userUniqueId: 'e590af62-28fb-49cd-ab29-d5e2d2c8f991',
  phoneNumber: '+251995975881',
  roleId: 2,
  iat: 1786368600
}
[VerifyToken] User authenticated: {
  userUniqueId: 'e590af62-28fb-49cd-ab29-d5e2d2c8f991',
  phoneNumber: '+251995975881',
  roleId: undefined
}
16:30:01 [[32minfo[39m]: Transaction committed
{
  "service": "ride-hailing-api",
  "environment": "development",
  "transactionId": "txn_2026-08-10 13:30:01_u8vk7mzj1",
  "duration": "NaNms"
}
16:30:01 [[32minfo[39m]: API Request
{
  "service": "ride-hailing-api",
  "environment": "development",
  "type": "API_REQUEST",
  "method": "PUT",
  "url": "/api/finance/userBalanceTransfer/61917ff2-f0c3-4596-b09f-cb748c6e5d4e",
  "statusCode": 200,
  "responseTime": "NaNms",
  "ip": "127.0.0.1",
  "userAgent": "axios/1.18.1",
  "userId": 1808,
  "userUniqueId": "e590af62-28fb-49cd-ab29-d5e2d2c8f991"
}
[VerifyToken] Request: { method: 'GET', url: '/', hasAuth: true }
[VerifyToken] Token decoded: {
  userUniqueId: 'e590af62-28fb-49cd-ab29-d5e2d2c8f991',
  phoneNumber: '+251995975881',
  roleId: 2,
  iat: 1786368600
}
[VerifyToken] User authenticated: {
  userUniqueId: 'e590af62-28fb-49cd-ab29-d5e2d2c8f991',
  phoneNumber: '+251995975881',
  roleId: undefined
}
16:30:01 [[32minfo[39m]: API Request
{
  "service": "ride-hailing-api",
  "environment": "development",
  "type": "API_REQUEST",
  "method": "GET",
  "url": "/api/finance/userBalanceTransfer",
  "statusCode": 200,
  "responseTime": "NaNms",
  "ip": "127.0.0.1",
  "userAgent": "axios/1.18.1",
  "userId": 1808,
  "userUniqueId": "e590af62-28fb-49cd-ab29-d5e2d2c8f991"
}
[VerifyToken] Request: {
  method: 'DELETE',
  url: '/61917ff2-f0c3-4596-b09f-cb748c6e5d4e',
  hasAuth: true
}
[VerifyToken] Token decoded: {
  userUniqueId: 'e590af62-28fb-49cd-ab29-d5e2d2c8f991',
  phoneNumber: '+251995975881',
  roleId: 2,
  iat: 1786368600
}
[VerifyToken] User authenticated: {
  userUniqueId: 'e590af62-28fb-49cd-ab29-d5e2d2c8f991',
  phoneNumber: '+251995975881',
  roleId: undefined
}
16:30:01 [[32minfo[39m]: Transaction committed
{
  "service": "ride-hailing-api",
  "environment": "development",
  "transactionId": "txn_2026-08-10 13:30:01_6xbeg9eyp",
  "duration": "NaNms"
}
16:30:01 [[32minfo[39m]: API Request
{
  "service": "ride-hailing-api",
  "environment": "development",
  "type": "API_REQUEST",
  "method": "DELETE",
  "url": "/api/finance/userBalanceTransfer/61917ff2-f0c3-4596-b09f-cb748c6e5d4e",
  "statusCode": 200,
  "responseTime": "NaNms",
  "ip": "127.0.0.1",
  "userAgent": "axios/1.18.1",
  "userId": 1808,
  "userUniqueId": "e590af62-28fb-49cd-ab29-d5e2d2c8f991"
}
[VerifyToken] Request: { method: 'GET', url: '/', hasAuth: true }
[VerifyToken] Token decoded: {
  userUniqueId: 'e4f4720c-7828-4476-925d-4dd5f9deb456',
  phoneNumber: '+251975975883',
  roleId: 3,
  iat: 1786368599
}
[VerifyToken] User authenticated: {
  userUniqueId: 'e4f4720c-7828-4476-925d-4dd5f9deb456',
  phoneNumber: '+251975975883',
  roleId: undefined
}
16:30:01 [[32minfo[39m]: API Request
{
  "service": "ride-hailing-api",
  "environment": "development",
  "type": "API_REQUEST",
  "method": "GET",
  "url": "/api/finance/depositSource",
  "statusCode": 200,
  "responseTime": "NaNms",
  "ip": "127.0.0.1",
  "userAgent": "axios/1.18.1",
  "userId": 1805,
  "userUniqueId": "e4f4720c-7828-4476-925d-4dd5f9deb456"
}
[VerifyToken] Request: { method: 'GET', url: '/', hasAuth: true }
[VerifyToken] Token decoded: {
  userUniqueId: 'e4f4720c-7828-4476-925d-4dd5f9deb456',
  phoneNumber: '+251975975883',
  roleId: 3,
  iat: 1786368599
}
[VerifyToken] User authenticated: {
  userUniqueId: 'e4f4720c-7828-4476-925d-4dd5f9deb456',
  phoneNumber: '+251975975883',
  roleId: undefined
}
16:30:01 [[32minfo[39m]: API Request
{
  "service": "ride-hailing-api",
  "environment": "development",
  "type": "API_REQUEST",
  "method": "GET",
  "url": "/api/finance/financialInstitutionAccount",
  "statusCode": 200,
  "responseTime": "NaNms",
  "ip": "127.0.0.1",
  "userAgent": "axios/1.18.1",
  "userId": 1805,
  "userUniqueId": "e4f4720c-7828-4476-925d-4dd5f9deb456"
}
[VerifyToken] Request: { method: 'POST', url: '/', hasAuth: true }
[VerifyToken] Token decoded: {
  userUniqueId: 'e590af62-28fb-49cd-ab29-d5e2d2c8f991',
  phoneNumber: '+251995975881',
  roleId: 2,
  iat: 1786368600
}
[VerifyToken] User authenticated: {
  userUniqueId: 'e590af62-28fb-49cd-ab29-d5e2d2c8f991',
  phoneNumber: '+251995975881',
  roleId: undefined
}
16:30:01 [[31merror[39m]: Redis connection error
Error: Stream isn't writeable and enableOfflineQueue options is false
    at EventEmitter.sendCommand (/Users/zewedu/Desktop/Projects/transportBackEndNative/node_modules/ioredis/built/Redis.js:376:32)
    at EventEmitter.keys (/Users/zewedu/Desktop/Projects/transportBackEndNative/node_modules/ioredis/built/utils/Commander.js:90:25)
    at sendSocketIONotificationToAdmin (/Users/zewedu/Desktop/Projects/transportBackEndNative/Utils/Notifications.js:151:26)
    at Object.createUserDeposit (/Users/zewedu/Desktop/Projects/transportBackEndNative/Services/UserDeposit/create.service.js:148:3)
    at process.processTicksAndRejections (node:internal/process/task_queues:105:5)
    at async /Users/zewedu/Desktop/Projects/transportBackEndNative/Controllers/UserDeposit.controller.js:16:14
    at async /Users/zewedu/Desktop/Projects/transportBackEndNative/Utils/DatabaseTransaction.js:101:14
    at async executeInTransaction (/Users/zewedu/Desktop/Projects/transportBackEndNative/Utils/DatabaseTransaction.js:99:20)
    at async exports.createUserDeposit (/Users/zewedu/Desktop/Projects/transportBackEndNative/Controllers/UserDeposit.controller.js:10:20)
{
  "service": "ride-hailing-api",
  "environment": "development",
  "error": "Stream isn't writeable and enableOfflineQueue options is false"
}
16:30:01 [[32minfo[39m]: Transaction committed
{
  "service": "ride-hailing-api",
  "environment": "development",
  "transactionId": "txn_2026-08-10 13:30:01_f11bk48pm",
  "duration": "NaNms"
}
16:30:01 [[32minfo[39m]: API Request
{
  "service": "ride-hailing-api",
  "environment": "development",
  "type": "API_REQUEST",
  "method": "POST",
  "url": "/api/finance/userDeposit",
  "statusCode": 200,
  "responseTime": "NaNms",
  "ip": "127.0.0.1",
  "userAgent": "axios/1.18.1",
  "userId": 1808,
  "userUniqueId": "e590af62-28fb-49cd-ab29-d5e2d2c8f991"
}
[VerifyToken] Request: { method: 'GET', url: '/', hasAuth: true }
[VerifyToken] Token decoded: {
  userUniqueId: 'e590af62-28fb-49cd-ab29-d5e2d2c8f991',
  phoneNumber: '+251995975881',
  roleId: 2,
  iat: 1786368600
}
[VerifyToken] User authenticated: {
  userUniqueId: 'e590af62-28fb-49cd-ab29-d5e2d2c8f991',
  phoneNumber: '+251995975881',
  roleId: undefined
}
16:30:01 [[32minfo[39m]: API Request
{
  "service": "ride-hailing-api",
  "environment": "development",
  "type": "API_REQUEST",
  "method": "GET",
  "url": "/api/finance/userDeposit",
  "statusCode": 200,
  "responseTime": "NaNms",
  "ip": "127.0.0.1",
  "userAgent": "axios/1.18.1",
  "userId": 1808,
  "userUniqueId": "e590af62-28fb-49cd-ab29-d5e2d2c8f991"
}
[VerifyToken] Request: {
  method: 'PUT',
  url: '/6af30c15-6eb3-40da-a368-31181bc922ac',
  hasAuth: true
}
[VerifyToken] Token decoded: {
  userUniqueId: 'e590af62-28fb-49cd-ab29-d5e2d2c8f991',
  phoneNumber: '+251995975881',
  roleId: 2,
  iat: 1786368600
}
[VerifyToken] User authenticated: {
  userUniqueId: 'e590af62-28fb-49cd-ab29-d5e2d2c8f991',
  phoneNumber: '+251995975881',
  roleId: undefined
}
16:30:01 [[32minfo[39m]: Transaction committed
{
  "service": "ride-hailing-api",
  "environment": "development",
  "transactionId": "txn_2026-08-10 13:30:01_0s60g2ejg",
  "duration": "NaNms"
}
16:30:01 [[32minfo[39m]: API Request
{
  "service": "ride-hailing-api",
  "environment": "development",
  "type": "API_REQUEST",
  "method": "PUT",
  "url": "/api/finance/userDeposit/6af30c15-6eb3-40da-a368-31181bc922ac",
  "statusCode": 200,
  "responseTime": "NaNms",
  "ip": "127.0.0.1",
  "userAgent": "axios/1.18.1",
  "userId": 1808,
  "userUniqueId": "e590af62-28fb-49cd-ab29-d5e2d2c8f991"
}
[VerifyToken] Request: {
  method: 'DELETE',
  url: '/6af30c15-6eb3-40da-a368-31181bc922ac',
  hasAuth: true
}
[VerifyToken] Token decoded: {
  userUniqueId: 'e590af62-28fb-49cd-ab29-d5e2d2c8f991',
  phoneNumber: '+251995975881',
  roleId: 2,
  iat: 1786368600
}
[VerifyToken] User authenticated: {
  userUniqueId: 'e590af62-28fb-49cd-ab29-d5e2d2c8f991',
  phoneNumber: '+251995975881',
  roleId: undefined
}
16:30:01 [[32minfo[39m]: Transaction committed
{
  "service": "ride-hailing-api",
  "environment": "development",
  "transactionId": "txn_2026-08-10 13:30:01_dp0jv5skw",
  "duration": "NaNms"
}
16:30:01 [[32minfo[39m]: API Request
{
  "service": "ride-hailing-api",
  "environment": "development",
  "type": "API_REQUEST",
  "method": "DELETE",
  "url": "/api/finance/userDeposit/6af30c15-6eb3-40da-a368-31181bc922ac",
  "statusCode": 200,
  "responseTime": "NaNms",
  "ip": "127.0.0.1",
  "userAgent": "axios/1.18.1",
  "userId": 1808,
  "userUniqueId": "e590af62-28fb-49cd-ab29-d5e2d2c8f991"
}
[VerifyToken] Request: { method: 'GET', url: '/', hasAuth: true }
[VerifyToken] Token decoded: {
  userUniqueId: 'e4f4720c-7828-4476-925d-4dd5f9deb456',
  phoneNumber: '+251975975883',
  roleId: 3,
  iat: 1786368599
}
[VerifyToken] User authenticated: {
  userUniqueId: 'e4f4720c-7828-4476-925d-4dd5f9deb456',
  phoneNumber: '+251975975883',
  roleId: undefined
}
16:30:01 [[32minfo[39m]: API Request
{
  "service": "ride-hailing-api",
  "environment": "development",
  "type": "API_REQUEST",
  "method": "GET",
  "url": "/api/finance/subscriptionPlanPricing",
  "statusCode": 200,
  "responseTime": "NaNms",
  "ip": "127.0.0.1",
  "userAgent": "axios/1.18.1",
  "userId": 1805,
  "userUniqueId": "e4f4720c-7828-4476-925d-4dd5f9deb456"
}
[VerifyToken] Request: {
  method: 'POST',
  url: '/e590af62-28fb-49cd-ab29-d5e2d2c8f991',
  hasAuth: true
}
[VerifyToken] Token decoded: {
  userUniqueId: 'e590af62-28fb-49cd-ab29-d5e2d2c8f991',
  phoneNumber: '+251995975881',
  roleId: 2,
  iat: 1786368600
}
[VerifyToken] User authenticated: {
  userUniqueId: 'e590af62-28fb-49cd-ab29-d5e2d2c8f991',
  phoneNumber: '+251995975881',
  roleId: undefined
}
16:30:01 [[32minfo[39m]: Transaction committed
{
  "service": "ride-hailing-api",
  "environment": "development",
  "transactionId": "txn_2026-08-10 13:30:01_1sf11iuun",
  "duration": "NaNms"
}
16:30:01 [[32minfo[39m]: API Request
{
  "service": "ride-hailing-api",
  "environment": "development",
  "type": "API_REQUEST",
  "method": "POST",
  "url": "/api/finance/userSubscription/e590af62-28fb-49cd-ab29-d5e2d2c8f991",
  "statusCode": 200,
  "responseTime": "NaNms",
  "ip": "127.0.0.1",
  "userAgent": "axios/1.18.1",
  "userId": 1808,
  "userUniqueId": "e590af62-28fb-49cd-ab29-d5e2d2c8f991"
}
[VerifyToken] Request: {
  method: 'GET',
  url: '/?driverUniqueId=e590af62-28fb-49cd-ab29-d5e2d2c8f991',
  hasAuth: true
}
[VerifyToken] Token decoded: {
  userUniqueId: 'e590af62-28fb-49cd-ab29-d5e2d2c8f991',
  phoneNumber: '+251995975881',
  roleId: 2,
  iat: 1786368600
}
[VerifyToken] User authenticated: {
  userUniqueId: 'e590af62-28fb-49cd-ab29-d5e2d2c8f991',
  phoneNumber: '+251995975881',
  roleId: undefined
}
16:30:01 [[32minfo[39m]: API Request
{
  "service": "ride-hailing-api",
  "environment": "development",
  "type": "API_REQUEST",
  "method": "GET",
  "url": "/api/finance/userSubscription?driverUniqueId=e590af62-28fb-49cd-ab29-d5e2d2c8f991",
  "statusCode": 200,
  "responseTime": "NaNms",
  "ip": "127.0.0.1",
  "userAgent": "axios/1.18.1",
  "userId": 1808,
  "userUniqueId": "e590af62-28fb-49cd-ab29-d5e2d2c8f991"
}
[VerifyToken] Request: {
  method: 'PUT',
  url: '/87c447a1-1cae-4306-b2a1-7258da0f6c1d',
  hasAuth: true
}
[VerifyToken] Token decoded: {
  userUniqueId: 'e590af62-28fb-49cd-ab29-d5e2d2c8f991',
  phoneNumber: '+251995975881',
  roleId: 2,
  iat: 1786368600
}
[VerifyToken] User authenticated: {
  userUniqueId: 'e590af62-28fb-49cd-ab29-d5e2d2c8f991',
  phoneNumber: '+251995975881',
  roleId: undefined
}
16:30:01 [[32minfo[39m]: Transaction committed
{
  "service": "ride-hailing-api",
  "environment": "development",
  "transactionId": "txn_2026-08-10 13:30:01_g5mtm5f0h",
  "duration": "NaNms"
}
16:30:01 [[32minfo[39m]: API Request
{
  "service": "ride-hailing-api",
  "environment": "development",
  "type": "API_REQUEST",
  "method": "PUT",
  "url": "/api/finance/userSubscription/87c447a1-1cae-4306-b2a1-7258da0f6c1d",
  "statusCode": 200,
  "responseTime": "NaNms",
  "ip": "127.0.0.1",
  "userAgent": "axios/1.18.1",
  "userId": 1808,
  "userUniqueId": "e590af62-28fb-49cd-ab29-d5e2d2c8f991"
}
[VerifyToken] Request: {
  method: 'DELETE',
  url: '/87c447a1-1cae-4306-b2a1-7258da0f6c1d',
  hasAuth: true
}
[VerifyToken] Token decoded: {
  userUniqueId: 'e590af62-28fb-49cd-ab29-d5e2d2c8f991',
  phoneNumber: '+251995975881',
  roleId: 2,
  iat: 1786368600
}
[VerifyToken] User authenticated: {
  userUniqueId: 'e590af62-28fb-49cd-ab29-d5e2d2c8f991',
  phoneNumber: '+251995975881',
  roleId: undefined
}
16:30:01 [[32minfo[39m]: Transaction committed
{
  "service": "ride-hailing-api",
  "environment": "development",
  "transactionId": "txn_2026-08-10 13:30:01_65w4evdb9",
  "duration": "NaNms"
}
16:30:01 [[32minfo[39m]: API Request
{
  "service": "ride-hailing-api",
  "environment": "development",
  "type": "API_REQUEST",
  "method": "DELETE",
  "url": "/api/finance/userSubscription/87c447a1-1cae-4306-b2a1-7258da0f6c1d",
  "statusCode": 200,
  "responseTime": "NaNms",
  "ip": "127.0.0.1",
  "userAgent": "axios/1.18.1",
  "userId": 1808,
  "userUniqueId": "e590af62-28fb-49cd-ab29-d5e2d2c8f991"
}
[VerifyToken] Request: { method: 'GET', url: '/', hasAuth: true }
[VerifyToken] Token decoded: {
  userUniqueId: 'e4f4720c-7828-4476-925d-4dd5f9deb456',
  phoneNumber: '+251975975883',
  roleId: 3,
  iat: 1786368599
}
[VerifyToken] User authenticated: {
  userUniqueId: 'e4f4720c-7828-4476-925d-4dd5f9deb456',
  phoneNumber: '+251975975883',
  roleId: undefined
}
16:30:01 [[32minfo[39m]: API Request
{
  "service": "ride-hailing-api",
  "environment": "development",
  "type": "API_REQUEST",
  "method": "GET",
  "url": "/api/admin/vehicleTypes",
  "statusCode": 200,
  "responseTime": "NaNms",
  "ip": "127.0.0.1",
  "userAgent": "axios/1.18.1",
  "userId": 1805,
  "userUniqueId": "e4f4720c-7828-4476-925d-4dd5f9deb456"
}
[VerifyToken] Request: { method: 'POST', url: '/', hasAuth: true }
[VerifyToken] Token decoded: {
  userUniqueId: 'e4f4720c-7828-4476-925d-4dd5f9deb456',
  phoneNumber: '+251975975883',
  roleId: 3,
  iat: 1786368599
}
[VerifyToken] User authenticated: {
  userUniqueId: 'e4f4720c-7828-4476-925d-4dd5f9deb456',
  phoneNumber: '+251975975883',
  roleId: undefined
}
16:30:01 [[32minfo[39m]: File saved locally
{
  "service": "ride-hailing-api",
  "environment": "development",
  "filePath": "/Users/zewedu/Desktop/Projects/transportBackEndNative/uploads/vehicle_74d2ce45-9e7e-44f6-81e6-c6537786ba76.png",
  "relativePath": "/uploads/vehicle_74d2ce45-9e7e-44f6-81e6-c6537786ba76.png"
}
16:30:01 [[32minfo[39m]: Transaction committed
{
  "service": "ride-hailing-api",
  "environment": "development",
  "transactionId": "txn_2026-08-10 13:30:01_4a127dp5g",
  "duration": "NaNms"
}
16:30:01 [[32minfo[39m]: API Request
{
  "service": "ride-hailing-api",
  "environment": "development",
  "type": "API_REQUEST",
  "method": "POST",
  "url": "/api/admin/vehicleTypes",
  "statusCode": 201,
  "responseTime": "NaNms",
  "ip": "127.0.0.1",
  "userAgent": "axios/1.18.1",
  "userId": 1805,
  "userUniqueId": "e4f4720c-7828-4476-925d-4dd5f9deb456"
}
[VerifyToken] Request: { method: 'GET', url: '/', hasAuth: true }
[VerifyToken] Token decoded: {
  userUniqueId: 'e4f4720c-7828-4476-925d-4dd5f9deb456',
  phoneNumber: '+251975975883',
  roleId: 3,
  iat: 1786368599
}
[VerifyToken] User authenticated: {
  userUniqueId: 'e4f4720c-7828-4476-925d-4dd5f9deb456',
  phoneNumber: '+251975975883',
  roleId: undefined
}
16:30:01 [[32minfo[39m]: API Request
{
  "service": "ride-hailing-api",
  "environment": "development",
  "type": "API_REQUEST",
  "method": "GET",
  "url": "/api/admin/vehicleTypes",
  "statusCode": 200,
  "responseTime": "NaNms",
  "ip": "127.0.0.1",
  "userAgent": "axios/1.18.1",
  "userId": 1805,
  "userUniqueId": "e4f4720c-7828-4476-925d-4dd5f9deb456"
}
[VerifyToken] Request: { method: 'GET', url: '/', hasAuth: true }
[VerifyToken] Token decoded: {
  userUniqueId: 'e4f4720c-7828-4476-925d-4dd5f9deb456',
  phoneNumber: '+251975975883',
  roleId: 3,
  iat: 1786368599
}
[VerifyToken] User authenticated: {
  userUniqueId: 'e4f4720c-7828-4476-925d-4dd5f9deb456',
  phoneNumber: '+251975975883',
  roleId: undefined
}
16:30:01 [[32minfo[39m]: API Request
{
  "service": "ride-hailing-api",
  "environment": "development",
  "type": "API_REQUEST",
  "method": "GET",
  "url": "/api/admin/vehicleTypes",
  "statusCode": 200,
  "responseTime": "NaNms",
  "ip": "127.0.0.1",
  "userAgent": "axios/1.18.1",
  "userId": 1805,
  "userUniqueId": "e4f4720c-7828-4476-925d-4dd5f9deb456"
}
[VerifyToken] Request: {
  method: 'PUT',
  url: '/d4a15611-672c-41ca-8f94-bcfe3fe69668',
  hasAuth: true
}
[VerifyToken] Token decoded: {
  userUniqueId: 'e4f4720c-7828-4476-925d-4dd5f9deb456',
  phoneNumber: '+251975975883',
  roleId: 3,
  iat: 1786368599
}
[VerifyToken] User authenticated: {
  userUniqueId: 'e4f4720c-7828-4476-925d-4dd5f9deb456',
  phoneNumber: '+251975975883',
  roleId: undefined
}
16:30:01 [[32minfo[39m]: Transaction committed
{
  "service": "ride-hailing-api",
  "environment": "development",
  "transactionId": "txn_2026-08-10 13:30:01_dfvmzd6oo",
  "duration": "NaNms"
}
16:30:01 [[32minfo[39m]: API Request
{
  "service": "ride-hailing-api",
  "environment": "development",
  "type": "API_REQUEST",
  "method": "PUT",
  "url": "/api/admin/vehicleTypes/d4a15611-672c-41ca-8f94-bcfe3fe69668",
  "statusCode": 200,
  "responseTime": "NaNms",
  "ip": "127.0.0.1",
  "userAgent": "axios/1.18.1",
  "userId": 1805,
  "userUniqueId": "e4f4720c-7828-4476-925d-4dd5f9deb456"
}
[VerifyToken] Request: { method: 'GET', url: '/', hasAuth: true }
[VerifyToken] Token decoded: {
  userUniqueId: 'e4f4720c-7828-4476-925d-4dd5f9deb456',
  phoneNumber: '+251975975883',
  roleId: 3,
  iat: 1786368599
}
[VerifyToken] User authenticated: {
  userUniqueId: 'e4f4720c-7828-4476-925d-4dd5f9deb456',
  phoneNumber: '+251975975883',
  roleId: undefined
}
16:30:01 [[32minfo[39m]: API Request
{
  "service": "ride-hailing-api",
  "environment": "development",
  "type": "API_REQUEST",
  "method": "GET",
  "url": "/api/admin/vehicleTypes",
  "statusCode": 200,
  "responseTime": "NaNms",
  "ip": "127.0.0.1",
  "userAgent": "axios/1.18.1",
  "userId": 1805,
  "userUniqueId": "e4f4720c-7828-4476-925d-4dd5f9deb456"
}
[VerifyToken] Request: {
  method: 'DELETE',
  url: '/d4a15611-672c-41ca-8f94-bcfe3fe69668',
  hasAuth: true
}
[VerifyToken] Token decoded: {
  userUniqueId: 'e4f4720c-7828-4476-925d-4dd5f9deb456',
  phoneNumber: '+251975975883',
  roleId: 3,
  iat: 1786368599
}
[VerifyToken] User authenticated: {
  userUniqueId: 'e4f4720c-7828-4476-925d-4dd5f9deb456',
  phoneNumber: '+251975975883',
  roleId: undefined
}
16:30:01 [[32minfo[39m]: Transaction committed
{
  "service": "ride-hailing-api",
  "environment": "development",
  "transactionId": "txn_2026-08-10 13:30:01_n1kcdipfb",
  "duration": "NaNms"
}
16:30:01 [[32minfo[39m]: API Request
{
  "service": "ride-hailing-api",
  "environment": "development",
  "type": "API_REQUEST",
  "method": "DELETE",
  "url": "/api/admin/vehicleTypes/d4a15611-672c-41ca-8f94-bcfe3fe69668",
  "statusCode": 200,
  "responseTime": "NaNms",
  "ip": "127.0.0.1",
  "userAgent": "axios/1.18.1",
  "userId": 1805,
  "userUniqueId": "e4f4720c-7828-4476-925d-4dd5f9deb456"
}
[VerifyToken] Request: { method: 'GET', url: '/', hasAuth: true }
[VerifyToken] Token decoded: {
  userUniqueId: 'e4f4720c-7828-4476-925d-4dd5f9deb456',
  phoneNumber: '+251975975883',
  roleId: 3,
  iat: 1786368599
}
[VerifyToken] User authenticated: {
  userUniqueId: 'e4f4720c-7828-4476-925d-4dd5f9deb456',
  phoneNumber: '+251975975883',
  roleId: undefined
}
16:30:01 [[32minfo[39m]: API Request
{
  "service": "ride-hailing-api",
  "environment": "development",
  "type": "API_REQUEST",
  "method": "GET",
  "url": "/api/admin/vehicleTypes",
  "statusCode": 200,
  "responseTime": "NaNms",
  "ip": "127.0.0.1",
  "userAgent": "axios/1.18.1",
  "userId": 1805,
  "userUniqueId": "e4f4720c-7828-4476-925d-4dd5f9deb456"
}
[VerifyToken] Request: { method: 'GET', url: '/vehicleStatusTypes', hasAuth: true }
[VerifyToken] Token decoded: {
  userUniqueId: 'e4f4720c-7828-4476-925d-4dd5f9deb456',
  phoneNumber: '+251975975883',
  roleId: 3,
  iat: 1786368599
}
[VerifyToken] User authenticated: {
  userUniqueId: 'e4f4720c-7828-4476-925d-4dd5f9deb456',
  phoneNumber: '+251975975883',
  roleId: undefined
}
16:30:01 [[32minfo[39m]: API Request
{
  "service": "ride-hailing-api",
  "environment": "development",
  "type": "API_REQUEST",
  "method": "GET",
  "url": "/vehicleStatusTypes",
  "statusCode": 200,
  "responseTime": "NaNms",
  "ip": "127.0.0.1",
  "userAgent": "axios/1.18.1",
  "userId": 1805,
  "userUniqueId": "e4f4720c-7828-4476-925d-4dd5f9deb456"
}
[VerifyToken] Request: { method: 'POST', url: '/vehicleStatusType', hasAuth: true }
[VerifyToken] Token decoded: {
  userUniqueId: 'e4f4720c-7828-4476-925d-4dd5f9deb456',
  phoneNumber: '+251975975883',
  roleId: 3,
  iat: 1786368599
}
[VerifyToken] User authenticated: {
  userUniqueId: 'e4f4720c-7828-4476-925d-4dd5f9deb456',
  phoneNumber: '+251975975883',
  roleId: undefined
}
16:30:01 [[32minfo[39m]: Inserting VehicleStatusType: E2ETestStatus1786368601594
{
  "service": "ride-hailing-api",
  "environment": "development",
  "vehicleStatusTypeUniqueId": "0be0be1c-c0a8-4859-97ed-2b69128810bc"
}
16:30:01 [[32minfo[39m]: Transaction committed
{
  "service": "ride-hailing-api",
  "environment": "development",
  "transactionId": "txn_2026-08-10 13:30:01_ioub7fl4m",
  "duration": "NaNms"
}
16:30:01 [[32minfo[39m]: API Request
{
  "service": "ride-hailing-api",
  "environment": "development",
  "type": "API_REQUEST",
  "method": "POST",
  "url": "/vehicleStatusType",
  "statusCode": 201,
  "responseTime": "NaNms",
  "ip": "127.0.0.1",
  "userAgent": "axios/1.18.1",
  "userId": 1805,
  "userUniqueId": "e4f4720c-7828-4476-925d-4dd5f9deb456"
}
[VerifyToken] Request: { method: 'GET', url: '/vehicleStatusTypes', hasAuth: true }
[VerifyToken] Token decoded: {
  userUniqueId: 'e4f4720c-7828-4476-925d-4dd5f9deb456',
  phoneNumber: '+251975975883',
  roleId: 3,
  iat: 1786368599
}
[VerifyToken] User authenticated: {
  userUniqueId: 'e4f4720c-7828-4476-925d-4dd5f9deb456',
  phoneNumber: '+251975975883',
  roleId: undefined
}
16:30:01 [[32minfo[39m]: API Request
{
  "service": "ride-hailing-api",
  "environment": "development",
  "type": "API_REQUEST",
  "method": "GET",
  "url": "/vehicleStatusTypes",
  "statusCode": 200,
  "responseTime": "NaNms",
  "ip": "127.0.0.1",
  "userAgent": "axios/1.18.1",
  "userId": 1805,
  "userUniqueId": "e4f4720c-7828-4476-925d-4dd5f9deb456"
}
[VerifyToken] Request: {
  method: 'PUT',
  url: '/vehicleStatusType/0be0be1c-c0a8-4859-97ed-2b69128810bc',
  hasAuth: true
}
[VerifyToken] Token decoded: {
  userUniqueId: 'e4f4720c-7828-4476-925d-4dd5f9deb456',
  phoneNumber: '+251975975883',
  roleId: 3,
  iat: 1786368599
}
[VerifyToken] User authenticated: {
  userUniqueId: 'e4f4720c-7828-4476-925d-4dd5f9deb456',
  phoneNumber: '+251975975883',
  roleId: undefined
}
16:30:01 [[32minfo[39m]: Transaction committed
{
  "service": "ride-hailing-api",
  "environment": "development",
  "transactionId": "txn_2026-08-10 13:30:01_p4bhsap05",
  "duration": "NaNms"
}
16:30:01 [[32minfo[39m]: API Request
{
  "service": "ride-hailing-api",
  "environment": "development",
  "type": "API_REQUEST",
  "method": "PUT",
  "url": "/vehicleStatusType/0be0be1c-c0a8-4859-97ed-2b69128810bc",
  "statusCode": 200,
  "responseTime": "NaNms",
  "ip": "127.0.0.1",
  "userAgent": "axios/1.18.1",
  "userId": 1805,
  "userUniqueId": "e4f4720c-7828-4476-925d-4dd5f9deb456"
}
[VerifyToken] Request: { method: 'GET', url: '/vehicleStatusTypes', hasAuth: true }
[VerifyToken] Token decoded: {
  userUniqueId: 'e4f4720c-7828-4476-925d-4dd5f9deb456',
  phoneNumber: '+251975975883',
  roleId: 3,
  iat: 1786368599
}
[VerifyToken] User authenticated: {
  userUniqueId: 'e4f4720c-7828-4476-925d-4dd5f9deb456',
  phoneNumber: '+251975975883',
  roleId: undefined
}
16:30:01 [[32minfo[39m]: API Request
{
  "service": "ride-hailing-api",
  "environment": "development",
  "type": "API_REQUEST",
  "method": "GET",
  "url": "/vehicleStatusTypes",
  "statusCode": 200,
  "responseTime": "NaNms",
  "ip": "127.0.0.1",
  "userAgent": "axios/1.18.1",
  "userId": 1805,
  "userUniqueId": "e4f4720c-7828-4476-925d-4dd5f9deb456"
}
[VerifyToken] Request: {
  method: 'DELETE',
  url: '/vehicleStatusType/0be0be1c-c0a8-4859-97ed-2b69128810bc',
  hasAuth: true
}
[VerifyToken] Token decoded: {
  userUniqueId: 'e4f4720c-7828-4476-925d-4dd5f9deb456',
  phoneNumber: '+251975975883',
  roleId: 3,
  iat: 1786368599
}
[VerifyToken] User authenticated: {
  userUniqueId: 'e4f4720c-7828-4476-925d-4dd5f9deb456',
  phoneNumber: '+251975975883',
  roleId: undefined
}
16:30:01 [[32minfo[39m]: Transaction committed
{
  "service": "ride-hailing-api",
  "environment": "development",
  "transactionId": "txn_2026-08-10 13:30:01_al0m1h806",
  "duration": "NaNms"
}
16:30:01 [[32minfo[39m]: API Request
{
  "service": "ride-hailing-api",
  "environment": "development",
  "type": "API_REQUEST",
  "method": "DELETE",
  "url": "/vehicleStatusType/0be0be1c-c0a8-4859-97ed-2b69128810bc",
  "statusCode": 200,
  "responseTime": "NaNms",
  "ip": "127.0.0.1",
  "userAgent": "axios/1.18.1",
  "userId": 1805,
  "userUniqueId": "e4f4720c-7828-4476-925d-4dd5f9deb456"
}
[VerifyToken] Request: { method: 'GET', url: '/vehicleStatusTypes', hasAuth: true }
[VerifyToken] Token decoded: {
  userUniqueId: 'e4f4720c-7828-4476-925d-4dd5f9deb456',
  phoneNumber: '+251975975883',
  roleId: 3,
  iat: 1786368599
}
[VerifyToken] User authenticated: {
  userUniqueId: 'e4f4720c-7828-4476-925d-4dd5f9deb456',
  phoneNumber: '+251975975883',
  roleId: undefined
}
16:30:01 [[32minfo[39m]: API Request
{
  "service": "ride-hailing-api",
  "environment": "development",
  "type": "API_REQUEST",
  "method": "GET",
  "url": "/vehicleStatusTypes",
  "statusCode": 200,
  "responseTime": "NaNms",
  "ip": "127.0.0.1",
  "userAgent": "axios/1.18.1",
  "userId": 1805,
  "userUniqueId": "e4f4720c-7828-4476-925d-4dd5f9deb456"
}
[VerifyToken] Request: { method: 'GET', url: '/', hasAuth: true }
[VerifyToken] Token decoded: {
  userUniqueId: 'e4f4720c-7828-4476-925d-4dd5f9deb456',
  phoneNumber: '+251975975883',
  roleId: 3,
  iat: 1786368599
}
[VerifyToken] User authenticated: {
  userUniqueId: 'e4f4720c-7828-4476-925d-4dd5f9deb456',
  phoneNumber: '+251975975883',
  roleId: undefined
}
16:30:01 [[32minfo[39m]: API Request
{
  "service": "ride-hailing-api",
  "environment": "development",
  "type": "API_REQUEST",
  "method": "GET",
  "url": "/api/admin/journeyStatus",
  "statusCode": 200,
  "responseTime": "NaNms",
  "ip": "127.0.0.1",
  "userAgent": "axios/1.18.1",
  "userId": 1805,
  "userUniqueId": "e4f4720c-7828-4476-925d-4dd5f9deb456"
}
[VerifyToken] Request: { method: 'POST', url: '/', hasAuth: true }
[VerifyToken] Token decoded: {
  userUniqueId: 'e4f4720c-7828-4476-925d-4dd5f9deb456',
  phoneNumber: '+251975975883',
  roleId: 3,
  iat: 1786368599
}
[VerifyToken] User authenticated: {
  userUniqueId: 'e4f4720c-7828-4476-925d-4dd5f9deb456',
  phoneNumber: '+251975975883',
  roleId: undefined
}
16:30:01 [[32minfo[39m]: Transaction committed
{
  "service": "ride-hailing-api",
  "environment": "development",
  "transactionId": "txn_2026-08-10 13:30:01_cewdrsi46",
  "duration": "NaNms"
}
16:30:01 [[32minfo[39m]: API Request
{
  "service": "ride-hailing-api",
  "environment": "development",
  "type": "API_REQUEST",
  "method": "POST",
  "url": "/api/admin/journeyStatus",
  "statusCode": 200,
  "responseTime": "NaNms",
  "ip": "127.0.0.1",
  "userAgent": "axios/1.18.1",
  "userId": 1805,
  "userUniqueId": "e4f4720c-7828-4476-925d-4dd5f9deb456"
}
[VerifyToken] Request: { method: 'GET', url: '/', hasAuth: true }
[VerifyToken] Token decoded: {
  userUniqueId: 'e4f4720c-7828-4476-925d-4dd5f9deb456',
  phoneNumber: '+251975975883',
  roleId: 3,
  iat: 1786368599
}
[VerifyToken] User authenticated: {
  userUniqueId: 'e4f4720c-7828-4476-925d-4dd5f9deb456',
  phoneNumber: '+251975975883',
  roleId: undefined
}
16:30:01 [[32minfo[39m]: API Request
{
  "service": "ride-hailing-api",
  "environment": "development",
  "type": "API_REQUEST",
  "method": "GET",
  "url": "/api/admin/journeyStatus",
  "statusCode": 200,
  "responseTime": "NaNms",
  "ip": "127.0.0.1",
  "userAgent": "axios/1.18.1",
  "userId": 1805,
  "userUniqueId": "e4f4720c-7828-4476-925d-4dd5f9deb456"
}
[VerifyToken] Request: {
  method: 'PUT',
  url: '/efe4b05e-cdc7-41a0-a2be-21ff93d34822',
  hasAuth: true
}
[VerifyToken] Token decoded: {
  userUniqueId: 'e4f4720c-7828-4476-925d-4dd5f9deb456',
  phoneNumber: '+251975975883',
  roleId: 3,
  iat: 1786368599
}
[VerifyToken] User authenticated: {
  userUniqueId: 'e4f4720c-7828-4476-925d-4dd5f9deb456',
  phoneNumber: '+251975975883',
  roleId: undefined
}
16:30:01 [[32minfo[39m]: Transaction committed
{
  "service": "ride-hailing-api",
  "environment": "development",
  "transactionId": "txn_2026-08-10 13:30:01_solmjuj75",
  "duration": "NaNms"
}
16:30:01 [[32minfo[39m]: API Request
{
  "service": "ride-hailing-api",
  "environment": "development",
  "type": "API_REQUEST",
  "method": "PUT",
  "url": "/api/admin/journeyStatus/efe4b05e-cdc7-41a0-a2be-21ff93d34822",
  "statusCode": 200,
  "responseTime": "NaNms",
  "ip": "127.0.0.1",
  "userAgent": "axios/1.18.1",
  "userId": 1805,
  "userUniqueId": "e4f4720c-7828-4476-925d-4dd5f9deb456"
}
[VerifyToken] Request: { method: 'GET', url: '/', hasAuth: true }
[VerifyToken] Token decoded: {
  userUniqueId: 'e4f4720c-7828-4476-925d-4dd5f9deb456',
  phoneNumber: '+251975975883',
  roleId: 3,
  iat: 1786368599
}
[VerifyToken] User authenticated: {
  userUniqueId: 'e4f4720c-7828-4476-925d-4dd5f9deb456',
  phoneNumber: '+251975975883',
  roleId: undefined
}
16:30:01 [[32minfo[39m]: API Request
{
  "service": "ride-hailing-api",
  "environment": "development",
  "type": "API_REQUEST",
  "method": "GET",
  "url": "/api/admin/journeyStatus",
  "statusCode": 200,
  "responseTime": "NaNms",
  "ip": "127.0.0.1",
  "userAgent": "axios/1.18.1",
  "userId": 1805,
  "userUniqueId": "e4f4720c-7828-4476-925d-4dd5f9deb456"
}
[VerifyToken] Request: {
  method: 'DELETE',
  url: '/efe4b05e-cdc7-41a0-a2be-21ff93d34822',
  hasAuth: true
}
[VerifyToken] Token decoded: {
  userUniqueId: 'e4f4720c-7828-4476-925d-4dd5f9deb456',
  phoneNumber: '+251975975883',
  roleId: 3,
  iat: 1786368599
}
[VerifyToken] User authenticated: {
  userUniqueId: 'e4f4720c-7828-4476-925d-4dd5f9deb456',
  phoneNumber: '+251975975883',
  roleId: undefined
}
16:30:01 [[32minfo[39m]: Transaction committed
{
  "service": "ride-hailing-api",
  "environment": "development",
  "transactionId": "txn_2026-08-10 13:30:01_7tvryphbm",
  "duration": "NaNms"
}
16:30:01 [[32minfo[39m]: API Request
{
  "service": "ride-hailing-api",
  "environment": "development",
  "type": "API_REQUEST",
  "method": "DELETE",
  "url": "/api/admin/journeyStatus/efe4b05e-cdc7-41a0-a2be-21ff93d34822",
  "statusCode": 200,
  "responseTime": "NaNms",
  "ip": "127.0.0.1",
  "userAgent": "axios/1.18.1",
  "userId": 1805,
  "userUniqueId": "e4f4720c-7828-4476-925d-4dd5f9deb456"
}
[VerifyToken] Request: { method: 'GET', url: '/', hasAuth: true }
[VerifyToken] Token decoded: {
  userUniqueId: 'e4f4720c-7828-4476-925d-4dd5f9deb456',
  phoneNumber: '+251975975883',
  roleId: 3,
  iat: 1786368599
}
[VerifyToken] User authenticated: {
  userUniqueId: 'e4f4720c-7828-4476-925d-4dd5f9deb456',
  phoneNumber: '+251975975883',
  roleId: undefined
}
16:30:01 [[32minfo[39m]: API Request
{
  "service": "ride-hailing-api",
  "environment": "development",
  "type": "API_REQUEST",
  "method": "GET",
  "url": "/api/admin/journeyStatus",
  "statusCode": 200,
  "responseTime": "NaNms",
  "ip": "127.0.0.1",
  "userAgent": "axios/1.18.1",
  "userId": 1805,
  "userUniqueId": "e4f4720c-7828-4476-925d-4dd5f9deb456"
}
[VerifyToken] Request: { method: 'GET', url: '/', hasAuth: true }
[VerifyToken] Token decoded: {
  userUniqueId: 'e4f4720c-7828-4476-925d-4dd5f9deb456',
  phoneNumber: '+251975975883',
  roleId: 3,
  iat: 1786368599
}
[VerifyToken] User authenticated: {
  userUniqueId: 'e4f4720c-7828-4476-925d-4dd5f9deb456',
  phoneNumber: '+251975975883',
  roleId: undefined
}
16:30:01 [[32minfo[39m]: API Request
{
  "service": "ride-hailing-api",
  "environment": "development",
  "type": "API_REQUEST",
  "method": "GET",
  "url": "/api/admin/cancellationReasons",
  "statusCode": 200,
  "responseTime": "NaNms",
  "ip": "127.0.0.1",
  "userAgent": "axios/1.18.1",
  "userId": 1805,
  "userUniqueId": "e4f4720c-7828-4476-925d-4dd5f9deb456"
}
[VerifyToken] Request: { method: 'POST', url: '/', hasAuth: true }
[VerifyToken] Token decoded: {
  userUniqueId: 'e4f4720c-7828-4476-925d-4dd5f9deb456',
  phoneNumber: '+251975975883',
  roleId: 3,
  iat: 1786368599
}
[VerifyToken] User authenticated: {
  userUniqueId: 'e4f4720c-7828-4476-925d-4dd5f9deb456',
  phoneNumber: '+251975975883',
  roleId: undefined
}
16:30:01 [[32minfo[39m]: Transaction committed
{
  "service": "ride-hailing-api",
  "environment": "development",
  "transactionId": "txn_2026-08-10 13:30:01_wje2h5h7l",
  "duration": "NaNms"
}
16:30:01 [[32minfo[39m]: API Request
{
  "service": "ride-hailing-api",
  "environment": "development",
  "type": "API_REQUEST",
  "method": "POST",
  "url": "/api/admin/cancellationReasons",
  "statusCode": 200,
  "responseTime": "NaNms",
  "ip": "127.0.0.1",
  "userAgent": "axios/1.18.1",
  "userId": 1805,
  "userUniqueId": "e4f4720c-7828-4476-925d-4dd5f9deb456"
}
[VerifyToken] Request: { method: 'GET', url: '/', hasAuth: true }
[VerifyToken] Token decoded: {
  userUniqueId: 'e4f4720c-7828-4476-925d-4dd5f9deb456',
  phoneNumber: '+251975975883',
  roleId: 3,
  iat: 1786368599
}
[VerifyToken] User authenticated: {
  userUniqueId: 'e4f4720c-7828-4476-925d-4dd5f9deb456',
  phoneNumber: '+251975975883',
  roleId: undefined
}
16:30:01 [[32minfo[39m]: API Request
{
  "service": "ride-hailing-api",
  "environment": "development",
  "type": "API_REQUEST",
  "method": "GET",
  "url": "/api/admin/cancellationReasons",
  "statusCode": 200,
  "responseTime": "NaNms",
  "ip": "127.0.0.1",
  "userAgent": "axios/1.18.1",
  "userId": 1805,
  "userUniqueId": "e4f4720c-7828-4476-925d-4dd5f9deb456"
}
[VerifyToken] Request: {
  method: 'PUT',
  url: '/778afeb3-4f2e-4c49-b67f-d909a6411c03',
  hasAuth: true
}
[VerifyToken] Token decoded: {
  userUniqueId: 'e4f4720c-7828-4476-925d-4dd5f9deb456',
  phoneNumber: '+251975975883',
  roleId: 3,
  iat: 1786368599
}
[VerifyToken] User authenticated: {
  userUniqueId: 'e4f4720c-7828-4476-925d-4dd5f9deb456',
  phoneNumber: '+251975975883',
  roleId: undefined
}
16:30:01 [[32minfo[39m]: Transaction committed
{
  "service": "ride-hailing-api",
  "environment": "development",
  "transactionId": "txn_2026-08-10 13:30:01_a3zu6i5fi",
  "duration": "NaNms"
}
16:30:01 [[32minfo[39m]: API Request
{
  "service": "ride-hailing-api",
  "environment": "development",
  "type": "API_REQUEST",
  "method": "PUT",
  "url": "/api/admin/cancellationReasons/778afeb3-4f2e-4c49-b67f-d909a6411c03",
  "statusCode": 200,
  "responseTime": "NaNms",
  "ip": "127.0.0.1",
  "userAgent": "axios/1.18.1",
  "userId": 1805,
  "userUniqueId": "e4f4720c-7828-4476-925d-4dd5f9deb456"
}
[VerifyToken] Request: { method: 'GET', url: '/', hasAuth: true }
[VerifyToken] Token decoded: {
  userUniqueId: 'e4f4720c-7828-4476-925d-4dd5f9deb456',
  phoneNumber: '+251975975883',
  roleId: 3,
  iat: 1786368599
}
[VerifyToken] User authenticated: {
  userUniqueId: 'e4f4720c-7828-4476-925d-4dd5f9deb456',
  phoneNumber: '+251975975883',
  roleId: undefined
}
16:30:01 [[32minfo[39m]: API Request
{
  "service": "ride-hailing-api",
  "environment": "development",
  "type": "API_REQUEST",
  "method": "GET",
  "url": "/api/admin/cancellationReasons",
  "statusCode": 200,
  "responseTime": "NaNms",
  "ip": "127.0.0.1",
  "userAgent": "axios/1.18.1",
  "userId": 1805,
  "userUniqueId": "e4f4720c-7828-4476-925d-4dd5f9deb456"
}
[VerifyToken] Request: {
  method: 'DELETE',
  url: '/778afeb3-4f2e-4c49-b67f-d909a6411c03',
  hasAuth: true
}
[VerifyToken] Token decoded: {
  userUniqueId: 'e4f4720c-7828-4476-925d-4dd5f9deb456',
  phoneNumber: '+251975975883',
  roleId: 3,
  iat: 1786368599
}
[VerifyToken] User authenticated: {
  userUniqueId: 'e4f4720c-7828-4476-925d-4dd5f9deb456',
  phoneNumber: '+251975975883',
  roleId: undefined
}
16:30:01 [[32minfo[39m]: Transaction committed
{
  "service": "ride-hailing-api",
  "environment": "development",
  "transactionId": "txn_2026-08-10 13:30:01_tnj7j7ey3",
  "duration": "NaNms"
}
16:30:01 [[32minfo[39m]: API Request
{
  "service": "ride-hailing-api",
  "environment": "development",
  "type": "API_REQUEST",
  "method": "DELETE",
  "url": "/api/admin/cancellationReasons/778afeb3-4f2e-4c49-b67f-d909a6411c03",
  "statusCode": 200,
  "responseTime": "NaNms",
  "ip": "127.0.0.1",
  "userAgent": "axios/1.18.1",
  "userId": 1805,
  "userUniqueId": "e4f4720c-7828-4476-925d-4dd5f9deb456"
}
[VerifyToken] Request: { method: 'GET', url: '/', hasAuth: true }
[VerifyToken] Token decoded: {
  userUniqueId: 'e4f4720c-7828-4476-925d-4dd5f9deb456',
  phoneNumber: '+251975975883',
  roleId: 3,
  iat: 1786368599
}
[VerifyToken] User authenticated: {
  userUniqueId: 'e4f4720c-7828-4476-925d-4dd5f9deb456',
  phoneNumber: '+251975975883',
  roleId: undefined
}
16:30:01 [[32minfo[39m]: API Request
{
  "service": "ride-hailing-api",
  "environment": "development",
  "type": "API_REQUEST",
  "method": "GET",
  "url": "/api/admin/cancellationReasons",
  "statusCode": 200,
  "responseTime": "NaNms",
  "ip": "127.0.0.1",
  "userAgent": "axios/1.18.1",
  "userId": 1805,
  "userUniqueId": "e4f4720c-7828-4476-925d-4dd5f9deb456"
}
[VerifyToken] Request: { method: 'GET', url: '/', hasAuth: true }
[VerifyToken] Token decoded: {
  userUniqueId: 'e4f4720c-7828-4476-925d-4dd5f9deb456',
  phoneNumber: '+251975975883',
  roleId: 3,
  iat: 1786368599
}
[VerifyToken] User authenticated: {
  userUniqueId: 'e4f4720c-7828-4476-925d-4dd5f9deb456',
  phoneNumber: '+251975975883',
  roleId: undefined
}
16:30:01 [[32minfo[39m]: API Request
{
  "service": "ride-hailing-api",
  "environment": "development",
  "type": "API_REQUEST",
  "method": "GET",
  "url": "/api/documentTypes",
  "statusCode": 200,
  "responseTime": "NaNms",
  "ip": "127.0.0.1",
  "userAgent": "axios/1.18.1",
  "userId": 1805,
  "userUniqueId": "e4f4720c-7828-4476-925d-4dd5f9deb456"
}
[VerifyToken] Request: { method: 'POST', url: '/', hasAuth: true }
[VerifyToken] Token decoded: {
  userUniqueId: 'e4f4720c-7828-4476-925d-4dd5f9deb456',
  phoneNumber: '+251975975883',
  roleId: 3,
  iat: 1786368599
}
[VerifyToken] User authenticated: {
  userUniqueId: 'e4f4720c-7828-4476-925d-4dd5f9deb456',
  phoneNumber: '+251975975883',
  roleId: undefined
}
16:30:01 [[32minfo[39m]: API Request
{
  "service": "ride-hailing-api",
  "environment": "development",
  "type": "API_REQUEST",
  "method": "POST",
  "url": "/api/documentTypes",
  "statusCode": 200,
  "responseTime": "NaNms",
  "ip": "127.0.0.1",
  "userAgent": "axios/1.18.1",
  "userId": 1805,
  "userUniqueId": "e4f4720c-7828-4476-925d-4dd5f9deb456"
}
[VerifyToken] Request: { method: 'GET', url: '/', hasAuth: true }
[VerifyToken] Token decoded: {
  userUniqueId: 'e4f4720c-7828-4476-925d-4dd5f9deb456',
  phoneNumber: '+251975975883',
  roleId: 3,
  iat: 1786368599
}
[VerifyToken] User authenticated: {
  userUniqueId: 'e4f4720c-7828-4476-925d-4dd5f9deb456',
  phoneNumber: '+251975975883',
  roleId: undefined
}
16:30:01 [[32minfo[39m]: API Request
{
  "service": "ride-hailing-api",
  "environment": "development",
  "type": "API_REQUEST",
  "method": "GET",
  "url": "/api/documentTypes",
  "statusCode": 200,
  "responseTime": "NaNms",
  "ip": "127.0.0.1",
  "userAgent": "axios/1.18.1",
  "userId": 1805,
  "userUniqueId": "e4f4720c-7828-4476-925d-4dd5f9deb456"
}
[VerifyToken] Request: { method: 'GET', url: '/', hasAuth: true }
[VerifyToken] Token decoded: {
  userUniqueId: 'e4f4720c-7828-4476-925d-4dd5f9deb456',
  phoneNumber: '+251975975883',
  roleId: 3,
  iat: 1786368599
}
[VerifyToken] User authenticated: {
  userUniqueId: 'e4f4720c-7828-4476-925d-4dd5f9deb456',
  phoneNumber: '+251975975883',
  roleId: undefined
}
16:30:01 [[32minfo[39m]: API Request
{
  "service": "ride-hailing-api",
  "environment": "development",
  "type": "API_REQUEST",
  "method": "GET",
  "url": "/api/RoleDocumentRequirements",
  "statusCode": 200,
  "responseTime": "NaNms",
  "ip": "127.0.0.1",
  "userAgent": "axios/1.18.1",
  "userId": 1805,
  "userUniqueId": "e4f4720c-7828-4476-925d-4dd5f9deb456"
}
[VerifyToken] Request: { method: 'GET', url: '/?roleId=2', hasAuth: true }
[VerifyToken] Token decoded: {
  userUniqueId: 'e4f4720c-7828-4476-925d-4dd5f9deb456',
  phoneNumber: '+251975975883',
  roleId: 3,
  iat: 1786368599
}
[VerifyToken] User authenticated: {
  userUniqueId: 'e4f4720c-7828-4476-925d-4dd5f9deb456',
  phoneNumber: '+251975975883',
  roleId: undefined
}
16:30:01 [[32minfo[39m]: API Request
{
  "service": "ride-hailing-api",
  "environment": "development",
  "type": "API_REQUEST",
  "method": "GET",
  "url": "/api/RoleDocumentRequirements?roleId=2",
  "statusCode": 200,
  "responseTime": "NaNms",
  "ip": "127.0.0.1",
  "userAgent": "axios/1.18.1",
  "userId": 1805,
  "userUniqueId": "e4f4720c-7828-4476-925d-4dd5f9deb456"
}
[VerifyToken] Request: { method: 'POST', url: '/', hasAuth: true }
[VerifyToken] Token decoded: {
  userUniqueId: 'e4f4720c-7828-4476-925d-4dd5f9deb456',
  phoneNumber: '+251975975883',
  roleId: 3,
  iat: 1786368599
}
[VerifyToken] User authenticated: {
  userUniqueId: 'e4f4720c-7828-4476-925d-4dd5f9deb456',
  phoneNumber: '+251975975883',
  roleId: undefined
}
16:30:01 [[32minfo[39m]: Transaction committed
{
  "service": "ride-hailing-api",
  "environment": "development",
  "transactionId": "txn_2026-08-10 13:30:01_d51v89v3r",
  "duration": "NaNms"
}
16:30:01 [[32minfo[39m]: API Request
{
  "service": "ride-hailing-api",
  "environment": "development",
  "type": "API_REQUEST",
  "method": "POST",
  "url": "/api/RoleDocumentRequirements",
  "statusCode": 200,
  "responseTime": "NaNms",
  "ip": "127.0.0.1",
  "userAgent": "axios/1.18.1",
  "userId": 1805,
  "userUniqueId": "e4f4720c-7828-4476-925d-4dd5f9deb456"
}
[VerifyToken] Request: { method: 'GET', url: '/', hasAuth: true }
[VerifyToken] Token decoded: {
  userUniqueId: 'e4f4720c-7828-4476-925d-4dd5f9deb456',
  phoneNumber: '+251975975883',
  roleId: 3,
  iat: 1786368599
}
[VerifyToken] User authenticated: {
  userUniqueId: 'e4f4720c-7828-4476-925d-4dd5f9deb456',
  phoneNumber: '+251975975883',
  roleId: undefined
}
16:30:01 [[32minfo[39m]: API Request
{
  "service": "ride-hailing-api",
  "environment": "development",
  "type": "API_REQUEST",
  "method": "GET",
  "url": "/api/RoleDocumentRequirements",
  "statusCode": 200,
  "responseTime": "NaNms",
  "ip": "127.0.0.1",
  "userAgent": "axios/1.18.1",
  "userId": 1805,
  "userUniqueId": "e4f4720c-7828-4476-925d-4dd5f9deb456"
}
[VerifyToken] Request: {
  method: 'PUT',
  url: '/456a1746-2857-4016-9b9f-7c331ae9c8d0',
  hasAuth: true
}
[VerifyToken] Token decoded: {
  userUniqueId: 'e4f4720c-7828-4476-925d-4dd5f9deb456',
  phoneNumber: '+251975975883',
  roleId: 3,
  iat: 1786368599
}
[VerifyToken] User authenticated: {
  userUniqueId: 'e4f4720c-7828-4476-925d-4dd5f9deb456',
  phoneNumber: '+251975975883',
  roleId: undefined
}
16:30:01 [[32minfo[39m]: Transaction committed
{
  "service": "ride-hailing-api",
  "environment": "development",
  "transactionId": "txn_2026-08-10 13:30:01_7blzo9p7i",
  "duration": "NaNms"
}
16:30:01 [[32minfo[39m]: API Request
{
  "service": "ride-hailing-api",
  "environment": "development",
  "type": "API_REQUEST",
  "method": "PUT",
  "url": "/api/RoleDocumentRequirements/456a1746-2857-4016-9b9f-7c331ae9c8d0",
  "statusCode": 200,
  "responseTime": "NaNms",
  "ip": "127.0.0.1",
  "userAgent": "axios/1.18.1",
  "userId": 1805,
  "userUniqueId": "e4f4720c-7828-4476-925d-4dd5f9deb456"
}
[VerifyToken] Request: { method: 'GET', url: '/', hasAuth: true }
[VerifyToken] Token decoded: {
  userUniqueId: 'e4f4720c-7828-4476-925d-4dd5f9deb456',
  phoneNumber: '+251975975883',
  roleId: 3,
  iat: 1786368599
}
[VerifyToken] User authenticated: {
  userUniqueId: 'e4f4720c-7828-4476-925d-4dd5f9deb456',
  phoneNumber: '+251975975883',
  roleId: undefined
}
16:30:01 [[32minfo[39m]: API Request
{
  "service": "ride-hailing-api",
  "environment": "development",
  "type": "API_REQUEST",
  "method": "GET",
  "url": "/api/RoleDocumentRequirements",
  "statusCode": 200,
  "responseTime": "NaNms",
  "ip": "127.0.0.1",
  "userAgent": "axios/1.18.1",
  "userId": 1805,
  "userUniqueId": "e4f4720c-7828-4476-925d-4dd5f9deb456"
}
[VerifyToken] Request: {
  method: 'DELETE',
  url: '/456a1746-2857-4016-9b9f-7c331ae9c8d0',
  hasAuth: true
}
[VerifyToken] Token decoded: {
  userUniqueId: 'e4f4720c-7828-4476-925d-4dd5f9deb456',
  phoneNumber: '+251975975883',
  roleId: 3,
  iat: 1786368599
}
[VerifyToken] User authenticated: {
  userUniqueId: 'e4f4720c-7828-4476-925d-4dd5f9deb456',
  phoneNumber: '+251975975883',
  roleId: undefined
}
16:30:01 [[32minfo[39m]: Transaction committed
{
  "service": "ride-hailing-api",
  "environment": "development",
  "transactionId": "txn_2026-08-10 13:30:01_9u8t1le5j",
  "duration": "NaNms"
}
16:30:01 [[32minfo[39m]: API Request
{
  "service": "ride-hailing-api",
  "environment": "development",
  "type": "API_REQUEST",
  "method": "DELETE",
  "url": "/api/RoleDocumentRequirements/456a1746-2857-4016-9b9f-7c331ae9c8d0",
  "statusCode": 200,
  "responseTime": "NaNms",
  "ip": "127.0.0.1",
  "userAgent": "axios/1.18.1",
  "userId": 1805,
  "userUniqueId": "e4f4720c-7828-4476-925d-4dd5f9deb456"
}
[VerifyToken] Request: { method: 'GET', url: '/', hasAuth: true }
[VerifyToken] Token decoded: {
  userUniqueId: 'e4f4720c-7828-4476-925d-4dd5f9deb456',
  phoneNumber: '+251975975883',
  roleId: 3,
  iat: 1786368599
}
[VerifyToken] User authenticated: {
  userUniqueId: 'e4f4720c-7828-4476-925d-4dd5f9deb456',
  phoneNumber: '+251975975883',
  roleId: undefined
}
16:30:01 [[32minfo[39m]: API Request
{
  "service": "ride-hailing-api",
  "environment": "development",
  "type": "API_REQUEST",
  "method": "GET",
  "url": "/api/RoleDocumentRequirements",
  "statusCode": 200,
  "responseTime": "NaNms",
  "ip": "127.0.0.1",
  "userAgent": "axios/1.18.1",
  "userId": 1805,
  "userUniqueId": "e4f4720c-7828-4476-925d-4dd5f9deb456"
}
[VerifyToken] Request: { method: 'GET', url: '/', hasAuth: true }
[VerifyToken] Token decoded: {
  userUniqueId: 'e4f4720c-7828-4476-925d-4dd5f9deb456',
  phoneNumber: '+251975975883',
  roleId: 3,
  iat: 1786368599
}
[VerifyToken] User authenticated: {
  userUniqueId: 'e4f4720c-7828-4476-925d-4dd5f9deb456',
  phoneNumber: '+251975975883',
  roleId: undefined
}
16:30:01 [[32minfo[39m]: API Request
{
  "service": "ride-hailing-api",
  "environment": "development",
  "type": "API_REQUEST",
  "method": "GET",
  "url": "/api/admin/statuses",
  "statusCode": 200,
  "responseTime": "NaNms",
  "ip": "127.0.0.1",
  "userAgent": "axios/1.18.1",
  "userId": 1805,
  "userUniqueId": "e4f4720c-7828-4476-925d-4dd5f9deb456"
}
[VerifyToken] Request: { method: 'POST', url: '/', hasAuth: true }
[VerifyToken] Token decoded: {
  userUniqueId: 'e4f4720c-7828-4476-925d-4dd5f9deb456',
  phoneNumber: '+251975975883',
  roleId: 3,
  iat: 1786368599
}
[VerifyToken] User authenticated: {
  userUniqueId: 'e4f4720c-7828-4476-925d-4dd5f9deb456',
  phoneNumber: '+251975975883',
  roleId: undefined
}
16:30:01 [[32minfo[39m]: Transaction committed
{
  "service": "ride-hailing-api",
  "environment": "development",
  "transactionId": "txn_2026-08-10 13:30:01_mo3zw90l5",
  "duration": "NaNms"
}
16:30:01 [[32minfo[39m]: API Request
{
  "service": "ride-hailing-api",
  "environment": "development",
  "type": "API_REQUEST",
  "method": "POST",
  "url": "/api/admin/statuses",
  "statusCode": 200,
  "responseTime": "NaNms",
  "ip": "127.0.0.1",
  "userAgent": "axios/1.18.1",
  "userId": 1805,
  "userUniqueId": "e4f4720c-7828-4476-925d-4dd5f9deb456"
}
[VerifyToken] Request: { method: 'GET', url: '/', hasAuth: true }
[VerifyToken] Token decoded: {
  userUniqueId: 'e4f4720c-7828-4476-925d-4dd5f9deb456',
  phoneNumber: '+251975975883',
  roleId: 3,
  iat: 1786368599
}
[VerifyToken] User authenticated: {
  userUniqueId: 'e4f4720c-7828-4476-925d-4dd5f9deb456',
  phoneNumber: '+251975975883',
  roleId: undefined
}
16:30:01 [[32minfo[39m]: API Request
{
  "service": "ride-hailing-api",
  "environment": "development",
  "type": "API_REQUEST",
  "method": "GET",
  "url": "/api/admin/statuses",
  "statusCode": 200,
  "responseTime": "NaNms",
  "ip": "127.0.0.1",
  "userAgent": "axios/1.18.1",
  "userId": 1805,
  "userUniqueId": "e4f4720c-7828-4476-925d-4dd5f9deb456"
}
[VerifyToken] Request: {
  method: 'PUT',
  url: '/1af510c6-7f4d-41bb-80ed-5ec5516cbe09',
  hasAuth: true
}
[VerifyToken] Token decoded: {
  userUniqueId: 'e4f4720c-7828-4476-925d-4dd5f9deb456',
  phoneNumber: '+251975975883',
  roleId: 3,
  iat: 1786368599
}
[VerifyToken] User authenticated: {
  userUniqueId: 'e4f4720c-7828-4476-925d-4dd5f9deb456',
  phoneNumber: '+251975975883',
  roleId: undefined
}
16:30:01 [[32minfo[39m]: Transaction committed
{
  "service": "ride-hailing-api",
  "environment": "development",
  "transactionId": "txn_2026-08-10 13:30:01_j638lx7wh",
  "duration": "NaNms"
}
16:30:01 [[32minfo[39m]: API Request
{
  "service": "ride-hailing-api",
  "environment": "development",
  "type": "API_REQUEST",
  "method": "PUT",
  "url": "/api/admin/statuses/1af510c6-7f4d-41bb-80ed-5ec5516cbe09",
  "statusCode": 200,
  "responseTime": "NaNms",
  "ip": "127.0.0.1",
  "userAgent": "axios/1.18.1",
  "userId": 1805,
  "userUniqueId": "e4f4720c-7828-4476-925d-4dd5f9deb456"
}
[VerifyToken] Request: { method: 'GET', url: '/', hasAuth: true }
[VerifyToken] Token decoded: {
  userUniqueId: 'e4f4720c-7828-4476-925d-4dd5f9deb456',
  phoneNumber: '+251975975883',
  roleId: 3,
  iat: 1786368599
}
[VerifyToken] User authenticated: {
  userUniqueId: 'e4f4720c-7828-4476-925d-4dd5f9deb456',
  phoneNumber: '+251975975883',
  roleId: undefined
}
16:30:01 [[32minfo[39m]: API Request
{
  "service": "ride-hailing-api",
  "environment": "development",
  "type": "API_REQUEST",
  "method": "GET",
  "url": "/api/admin/statuses",
  "statusCode": 200,
  "responseTime": "NaNms",
  "ip": "127.0.0.1",
  "userAgent": "axios/1.18.1",
  "userId": 1805,
  "userUniqueId": "e4f4720c-7828-4476-925d-4dd5f9deb456"
}
[VerifyToken] Request: {
  method: 'DELETE',
  url: '/1af510c6-7f4d-41bb-80ed-5ec5516cbe09',
  hasAuth: true
}
[VerifyToken] Token decoded: {
  userUniqueId: 'e4f4720c-7828-4476-925d-4dd5f9deb456',
  phoneNumber: '+251975975883',
  roleId: 3,
  iat: 1786368599
}
[VerifyToken] User authenticated: {
  userUniqueId: 'e4f4720c-7828-4476-925d-4dd5f9deb456',
  phoneNumber: '+251975975883',
  roleId: undefined
}
16:30:01 [[32minfo[39m]: Transaction committed
{
  "service": "ride-hailing-api",
  "environment": "development",
  "transactionId": "txn_2026-08-10 13:30:01_7vgmkgc0g",
  "duration": "NaNms"
}
16:30:01 [[32minfo[39m]: API Request
{
  "service": "ride-hailing-api",
  "environment": "development",
  "type": "API_REQUEST",
  "method": "DELETE",
  "url": "/api/admin/statuses/1af510c6-7f4d-41bb-80ed-5ec5516cbe09",
  "statusCode": 200,
  "responseTime": "NaNms",
  "ip": "127.0.0.1",
  "userAgent": "axios/1.18.1",
  "userId": 1805,
  "userUniqueId": "e4f4720c-7828-4476-925d-4dd5f9deb456"
}
[VerifyToken] Request: { method: 'GET', url: '/', hasAuth: true }
[VerifyToken] Token decoded: {
  userUniqueId: 'e4f4720c-7828-4476-925d-4dd5f9deb456',
  phoneNumber: '+251975975883',
  roleId: 3,
  iat: 1786368599
}
[VerifyToken] User authenticated: {
  userUniqueId: 'e4f4720c-7828-4476-925d-4dd5f9deb456',
  phoneNumber: '+251975975883',
  roleId: undefined
}
16:30:01 [[32minfo[39m]: API Request
{
  "service": "ride-hailing-api",
  "environment": "development",
  "type": "API_REQUEST",
  "method": "GET",
  "url": "/api/admin/statuses",
  "statusCode": 200,
  "responseTime": "NaNms",
  "ip": "127.0.0.1",
  "userAgent": "axios/1.18.1",
  "userId": 1805,
  "userUniqueId": "e4f4720c-7828-4476-925d-4dd5f9deb456"
}
[VerifyToken] Request: { method: 'GET', url: '/', hasAuth: true }
[VerifyToken] Token decoded: {
  userUniqueId: 'e4f4720c-7828-4476-925d-4dd5f9deb456',
  phoneNumber: '+251975975883',
  roleId: 3,
  iat: 1786368599
}
[VerifyToken] User authenticated: {
  userUniqueId: 'e4f4720c-7828-4476-925d-4dd5f9deb456',
  phoneNumber: '+251975975883',
  roleId: undefined
}
16:30:01 [[32minfo[39m]: API Request
{
  "service": "ride-hailing-api",
  "environment": "development",
  "type": "API_REQUEST",
  "method": "GET",
  "url": "/api/admin/delinquencyTypes",
  "statusCode": 200,
  "responseTime": "NaNms",
  "ip": "127.0.0.1",
  "userAgent": "axios/1.18.1",
  "userId": 1805,
  "userUniqueId": "e4f4720c-7828-4476-925d-4dd5f9deb456"
}
[VerifyToken] Request: { method: 'POST', url: '/', hasAuth: true }
[VerifyToken] Token decoded: {
  userUniqueId: 'e4f4720c-7828-4476-925d-4dd5f9deb456',
  phoneNumber: '+251975975883',
  roleId: 3,
  iat: 1786368599
}
[VerifyToken] User authenticated: {
  userUniqueId: 'e4f4720c-7828-4476-925d-4dd5f9deb456',
  phoneNumber: '+251975975883',
  roleId: undefined
}
16:30:01 [[32minfo[39m]: Transaction committed
{
  "service": "ride-hailing-api",
  "environment": "development",
  "transactionId": "txn_2026-08-10 13:30:01_if4f5iq7i",
  "duration": "NaNms"
}
16:30:01 [[32minfo[39m]: API Request
{
  "service": "ride-hailing-api",
  "environment": "development",
  "type": "API_REQUEST",
  "method": "POST",
  "url": "/api/admin/delinquencyTypes",
  "statusCode": 200,
  "responseTime": "NaNms",
  "ip": "127.0.0.1",
  "userAgent": "axios/1.18.1",
  "userId": 1805,
  "userUniqueId": "e4f4720c-7828-4476-925d-4dd5f9deb456"
}
[VerifyToken] Request: { method: 'GET', url: '/', hasAuth: true }
[VerifyToken] Token decoded: {
  userUniqueId: 'e4f4720c-7828-4476-925d-4dd5f9deb456',
  phoneNumber: '+251975975883',
  roleId: 3,
  iat: 1786368599
}
[VerifyToken] User authenticated: {
  userUniqueId: 'e4f4720c-7828-4476-925d-4dd5f9deb456',
  phoneNumber: '+251975975883',
  roleId: undefined
}
16:30:01 [[32minfo[39m]: API Request
{
  "service": "ride-hailing-api",
  "environment": "development",
  "type": "API_REQUEST",
  "method": "GET",
  "url": "/api/finance/tariffRate",
  "statusCode": 200,
  "responseTime": "NaNms",
  "ip": "127.0.0.1",
  "userAgent": "axios/1.18.1",
  "userId": 1805,
  "userUniqueId": "e4f4720c-7828-4476-925d-4dd5f9deb456"
}
[VerifyToken] Request: { method: 'POST', url: '/', hasAuth: true }
[VerifyToken] Token decoded: {
  userUniqueId: 'e4f4720c-7828-4476-925d-4dd5f9deb456',
  phoneNumber: '+251975975883',
  roleId: 3,
  iat: 1786368599
}
[VerifyToken] User authenticated: {
  userUniqueId: 'e4f4720c-7828-4476-925d-4dd5f9deb456',
  phoneNumber: '+251975975883',
  roleId: undefined
}
16:30:01 [[32minfo[39m]: Transaction committed
{
  "service": "ride-hailing-api",
  "environment": "development",
  "transactionId": "txn_2026-08-10 13:30:01_w09158ju1",
  "duration": "NaNms"
}
16:30:01 [[32minfo[39m]: API Request
{
  "service": "ride-hailing-api",
  "environment": "development",
  "type": "API_REQUEST",
  "method": "POST",
  "url": "/api/finance/tariffRate",
  "statusCode": 200,
  "responseTime": "NaNms",
  "ip": "127.0.0.1",
  "userAgent": "axios/1.18.1",
  "userId": 1805,
  "userUniqueId": "e4f4720c-7828-4476-925d-4dd5f9deb456"
}
[VerifyToken] Request: { method: 'GET', url: '/', hasAuth: true }
[VerifyToken] Token decoded: {
  userUniqueId: 'e4f4720c-7828-4476-925d-4dd5f9deb456',
  phoneNumber: '+251975975883',
  roleId: 3,
  iat: 1786368599
}
[VerifyToken] User authenticated: {
  userUniqueId: 'e4f4720c-7828-4476-925d-4dd5f9deb456',
  phoneNumber: '+251975975883',
  roleId: undefined
}
16:30:01 [[32minfo[39m]: API Request
{
  "service": "ride-hailing-api",
  "environment": "development",
  "type": "API_REQUEST",
  "method": "GET",
  "url": "/api/finance/tariffRate",
  "statusCode": 200,
  "responseTime": "NaNms",
  "ip": "127.0.0.1",
  "userAgent": "axios/1.18.1",
  "userId": 1805,
  "userUniqueId": "e4f4720c-7828-4476-925d-4dd5f9deb456"
}
[VerifyToken] Request: {
  method: 'PUT',
  url: '/90f6803c-9e7b-407f-acbd-e3a7f954a524',
  hasAuth: true
}
[VerifyToken] Token decoded: {
  userUniqueId: 'e4f4720c-7828-4476-925d-4dd5f9deb456',
  phoneNumber: '+251975975883',
  roleId: 3,
  iat: 1786368599
}
[VerifyToken] User authenticated: {
  userUniqueId: 'e4f4720c-7828-4476-925d-4dd5f9deb456',
  phoneNumber: '+251975975883',
  roleId: undefined
}
16:30:01 [[32minfo[39m]: Transaction committed
{
  "service": "ride-hailing-api",
  "environment": "development",
  "transactionId": "txn_2026-08-10 13:30:01_sgbtmg9vt",
  "duration": "NaNms"
}
16:30:01 [[32minfo[39m]: API Request
{
  "service": "ride-hailing-api",
  "environment": "development",
  "type": "API_REQUEST",
  "method": "PUT",
  "url": "/api/finance/tariffRate/90f6803c-9e7b-407f-acbd-e3a7f954a524",
  "statusCode": 200,
  "responseTime": "NaNms",
  "ip": "127.0.0.1",
  "userAgent": "axios/1.18.1",
  "userId": 1805,
  "userUniqueId": "e4f4720c-7828-4476-925d-4dd5f9deb456"
}
[VerifyToken] Request: { method: 'GET', url: '/', hasAuth: true }
[VerifyToken] Token decoded: {
  userUniqueId: 'e4f4720c-7828-4476-925d-4dd5f9deb456',
  phoneNumber: '+251975975883',
  roleId: 3,
  iat: 1786368599
}
[VerifyToken] User authenticated: {
  userUniqueId: 'e4f4720c-7828-4476-925d-4dd5f9deb456',
  phoneNumber: '+251975975883',
  roleId: undefined
}
16:30:01 [[32minfo[39m]: API Request
{
  "service": "ride-hailing-api",
  "environment": "development",
  "type": "API_REQUEST",
  "method": "GET",
  "url": "/api/finance/tariffRate",
  "statusCode": 200,
  "responseTime": "NaNms",
  "ip": "127.0.0.1",
  "userAgent": "axios/1.18.1",
  "userId": 1805,
  "userUniqueId": "e4f4720c-7828-4476-925d-4dd5f9deb456"
}
[VerifyToken] Request: {
  method: 'DELETE',
  url: '/90f6803c-9e7b-407f-acbd-e3a7f954a524',
  hasAuth: true
}
[VerifyToken] Token decoded: {
  userUniqueId: 'e4f4720c-7828-4476-925d-4dd5f9deb456',
  phoneNumber: '+251975975883',
  roleId: 3,
  iat: 1786368599
}
[VerifyToken] User authenticated: {
  userUniqueId: 'e4f4720c-7828-4476-925d-4dd5f9deb456',
  phoneNumber: '+251975975883',
  roleId: undefined
}
16:30:01 [[32minfo[39m]: Transaction committed
{
  "service": "ride-hailing-api",
  "environment": "development",
  "transactionId": "txn_2026-08-10 13:30:01_val8rffq7",
  "duration": "NaNms"
}
16:30:01 [[32minfo[39m]: API Request
{
  "service": "ride-hailing-api",
  "environment": "development",
  "type": "API_REQUEST",
  "method": "DELETE",
  "url": "/api/finance/tariffRate/90f6803c-9e7b-407f-acbd-e3a7f954a524",
  "statusCode": 200,
  "responseTime": "NaNms",
  "ip": "127.0.0.1",
  "userAgent": "axios/1.18.1",
  "userId": 1805,
  "userUniqueId": "e4f4720c-7828-4476-925d-4dd5f9deb456"
}
[VerifyToken] Request: { method: 'GET', url: '/', hasAuth: true }
[VerifyToken] Token decoded: {
  userUniqueId: 'e4f4720c-7828-4476-925d-4dd5f9deb456',
  phoneNumber: '+251975975883',
  roleId: 3,
  iat: 1786368599
}
[VerifyToken] User authenticated: {
  userUniqueId: 'e4f4720c-7828-4476-925d-4dd5f9deb456',
  phoneNumber: '+251975975883',
  roleId: undefined
}
16:30:01 [[32minfo[39m]: API Request
{
  "service": "ride-hailing-api",
  "environment": "development",
  "type": "API_REQUEST",
  "method": "GET",
  "url": "/api/finance/tariffRate",
  "statusCode": 200,
  "responseTime": "NaNms",
  "ip": "127.0.0.1",
  "userAgent": "axios/1.18.1",
  "userId": 1805,
  "userUniqueId": "e4f4720c-7828-4476-925d-4dd5f9deb456"
}
[VerifyToken] Request: { method: 'GET', url: '/', hasAuth: true }
[VerifyToken] Token decoded: {
  userUniqueId: 'e4f4720c-7828-4476-925d-4dd5f9deb456',
  phoneNumber: '+251975975883',
  roleId: 3,
  iat: 1786368599
}
[VerifyToken] User authenticated: {
  userUniqueId: 'e4f4720c-7828-4476-925d-4dd5f9deb456',
  phoneNumber: '+251975975883',
  roleId: undefined
}
16:30:01 [[32minfo[39m]: API Request
{
  "service": "ride-hailing-api",
  "environment": "development",
  "type": "API_REQUEST",
  "method": "GET",
  "url": "/api/finance/depositSource",
  "statusCode": 200,
  "responseTime": "NaNms",
  "ip": "127.0.0.1",
  "userAgent": "axios/1.18.1",
  "userId": 1805,
  "userUniqueId": "e4f4720c-7828-4476-925d-4dd5f9deb456"
}
[VerifyToken] Request: { method: 'POST', url: '/', hasAuth: true }
[VerifyToken] Token decoded: {
  userUniqueId: 'e4f4720c-7828-4476-925d-4dd5f9deb456',
  phoneNumber: '+251975975883',
  roleId: 3,
  iat: 1786368599
}
[VerifyToken] User authenticated: {
  userUniqueId: 'e4f4720c-7828-4476-925d-4dd5f9deb456',
  phoneNumber: '+251975975883',
  roleId: undefined
}
16:30:01 [[32minfo[39m]: Transaction committed
{
  "service": "ride-hailing-api",
  "environment": "development",
  "transactionId": "txn_2026-08-10 13:30:01_07vgaxdmg",
  "duration": "NaNms"
}
16:30:01 [[32minfo[39m]: API Request
{
  "service": "ride-hailing-api",
  "environment": "development",
  "type": "API_REQUEST",
  "method": "POST",
  "url": "/api/finance/depositSource",
  "statusCode": 200,
  "responseTime": "NaNms",
  "ip": "127.0.0.1",
  "userAgent": "axios/1.18.1",
  "userId": 1805,
  "userUniqueId": "e4f4720c-7828-4476-925d-4dd5f9deb456"
}
[VerifyToken] Request: { method: 'GET', url: '/', hasAuth: true }
[VerifyToken] Token decoded: {
  userUniqueId: 'e4f4720c-7828-4476-925d-4dd5f9deb456',
  phoneNumber: '+251975975883',
  roleId: 3,
  iat: 1786368599
}
[VerifyToken] User authenticated: {
  userUniqueId: 'e4f4720c-7828-4476-925d-4dd5f9deb456',
  phoneNumber: '+251975975883',
  roleId: undefined
}
16:30:01 [[32minfo[39m]: API Request
{
  "service": "ride-hailing-api",
  "environment": "development",
  "type": "API_REQUEST",
  "method": "GET",
  "url": "/api/finance/depositSource",
  "statusCode": 200,
  "responseTime": "NaNms",
  "ip": "127.0.0.1",
  "userAgent": "axios/1.18.1",
  "userId": 1805,
  "userUniqueId": "e4f4720c-7828-4476-925d-4dd5f9deb456"
}
[VerifyToken] Request: {
  method: 'GET',
  url: '/8b332844-ed1e-4741-b737-805ef8b10a89',
  hasAuth: true
}
[VerifyToken] Token decoded: {
  userUniqueId: 'e4f4720c-7828-4476-925d-4dd5f9deb456',
  phoneNumber: '+251975975883',
  roleId: 3,
  iat: 1786368599
}
[VerifyToken] User authenticated: {
  userUniqueId: 'e4f4720c-7828-4476-925d-4dd5f9deb456',
  phoneNumber: '+251975975883',
  roleId: undefined
}
16:30:01 [[32minfo[39m]: API Request
{
  "service": "ride-hailing-api",
  "environment": "development",
  "type": "API_REQUEST",
  "method": "GET",
  "url": "/api/finance/depositSource/8b332844-ed1e-4741-b737-805ef8b10a89",
  "statusCode": 200,
  "responseTime": "NaNms",
  "ip": "127.0.0.1",
  "userAgent": "axios/1.18.1",
  "userId": 1805,
  "userUniqueId": "e4f4720c-7828-4476-925d-4dd5f9deb456"
}
[VerifyToken] Request: {
  method: 'PUT',
  url: '/8b332844-ed1e-4741-b737-805ef8b10a89',
  hasAuth: true
}
[VerifyToken] Token decoded: {
  userUniqueId: 'e4f4720c-7828-4476-925d-4dd5f9deb456',
  phoneNumber: '+251975975883',
  roleId: 3,
  iat: 1786368599
}
[VerifyToken] User authenticated: {
  userUniqueId: 'e4f4720c-7828-4476-925d-4dd5f9deb456',
  phoneNumber: '+251975975883',
  roleId: undefined
}
16:30:01 [[32minfo[39m]: Transaction committed
{
  "service": "ride-hailing-api",
  "environment": "development",
  "transactionId": "txn_2026-08-10 13:30:01_ncqkqd6xa",
  "duration": "NaNms"
}
16:30:01 [[32minfo[39m]: API Request
{
  "service": "ride-hailing-api",
  "environment": "development",
  "type": "API_REQUEST",
  "method": "PUT",
  "url": "/api/finance/depositSource/8b332844-ed1e-4741-b737-805ef8b10a89",
  "statusCode": 200,
  "responseTime": "NaNms",
  "ip": "127.0.0.1",
  "userAgent": "axios/1.18.1",
  "userId": 1805,
  "userUniqueId": "e4f4720c-7828-4476-925d-4dd5f9deb456"
}
[VerifyToken] Request: { method: 'GET', url: '/', hasAuth: true }
[VerifyToken] Token decoded: {
  userUniqueId: 'e4f4720c-7828-4476-925d-4dd5f9deb456',
  phoneNumber: '+251975975883',
  roleId: 3,
  iat: 1786368599
}
[VerifyToken] User authenticated: {
  userUniqueId: 'e4f4720c-7828-4476-925d-4dd5f9deb456',
  phoneNumber: '+251975975883',
  roleId: undefined
}
16:30:01 [[32minfo[39m]: API Request
{
  "service": "ride-hailing-api",
  "environment": "development",
  "type": "API_REQUEST",
  "method": "GET",
  "url": "/api/finance/depositSource",
  "statusCode": 200,
  "responseTime": "NaNms",
  "ip": "127.0.0.1",
  "userAgent": "axios/1.18.1",
  "userId": 1805,
  "userUniqueId": "e4f4720c-7828-4476-925d-4dd5f9deb456"
}
[VerifyToken] Request: {
  method: 'DELETE',
  url: '/8b332844-ed1e-4741-b737-805ef8b10a89',
  hasAuth: true
}
[VerifyToken] Token decoded: {
  userUniqueId: 'e4f4720c-7828-4476-925d-4dd5f9deb456',
  phoneNumber: '+251975975883',
  roleId: 3,
  iat: 1786368599
}
[VerifyToken] User authenticated: {
  userUniqueId: 'e4f4720c-7828-4476-925d-4dd5f9deb456',
  phoneNumber: '+251975975883',
  roleId: undefined
}
16:30:01 [[32minfo[39m]: Transaction committed
{
  "service": "ride-hailing-api",
  "environment": "development",
  "transactionId": "txn_2026-08-10 13:30:01_x9lem78yb",
  "duration": "NaNms"
}
16:30:01 [[32minfo[39m]: API Request
{
  "service": "ride-hailing-api",
  "environment": "development",
  "type": "API_REQUEST",
  "method": "DELETE",
  "url": "/api/finance/depositSource/8b332844-ed1e-4741-b737-805ef8b10a89",
  "statusCode": 200,
  "responseTime": "NaNms",
  "ip": "127.0.0.1",
  "userAgent": "axios/1.18.1",
  "userId": 1805,
  "userUniqueId": "e4f4720c-7828-4476-925d-4dd5f9deb456"
}
[VerifyToken] Request: { method: 'GET', url: '/', hasAuth: true }
[VerifyToken] Token decoded: {
  userUniqueId: 'e4f4720c-7828-4476-925d-4dd5f9deb456',
  phoneNumber: '+251975975883',
  roleId: 3,
  iat: 1786368599
}
[VerifyToken] User authenticated: {
  userUniqueId: 'e4f4720c-7828-4476-925d-4dd5f9deb456',
  phoneNumber: '+251975975883',
  roleId: undefined
}
16:30:01 [[32minfo[39m]: API Request
{
  "service": "ride-hailing-api",
  "environment": "development",
  "type": "API_REQUEST",
  "method": "GET",
  "url": "/api/finance/depositSource",
  "statusCode": 200,
  "responseTime": "NaNms",
  "ip": "127.0.0.1",
  "userAgent": "axios/1.18.1",
  "userId": 1805,
  "userUniqueId": "e4f4720c-7828-4476-925d-4dd5f9deb456"
}
[VerifyToken] Request: { method: 'GET', url: '/', hasAuth: true }
[VerifyToken] Token decoded: {
  userUniqueId: 'e4f4720c-7828-4476-925d-4dd5f9deb456',
  phoneNumber: '+251975975883',
  roleId: 3,
  iat: 1786368599
}
[VerifyToken] User authenticated: {
  userUniqueId: 'e4f4720c-7828-4476-925d-4dd5f9deb456',
  phoneNumber: '+251975975883',
  roleId: undefined
}
16:30:01 [[32minfo[39m]: API Request
{
  "service": "ride-hailing-api",
  "environment": "development",
  "type": "API_REQUEST",
  "method": "GET",
  "url": "/api/finance/financialInstitutionAccount",
  "statusCode": 200,
  "responseTime": "NaNms",
  "ip": "127.0.0.1",
  "userAgent": "axios/1.18.1",
  "userId": 1805,
  "userUniqueId": "e4f4720c-7828-4476-925d-4dd5f9deb456"
}
[VerifyToken] Request: { method: 'POST', url: '/', hasAuth: true }
[VerifyToken] Token decoded: {
  userUniqueId: 'e4f4720c-7828-4476-925d-4dd5f9deb456',
  phoneNumber: '+251975975883',
  roleId: 3,
  iat: 1786368599
}
[VerifyToken] User authenticated: {
  userUniqueId: 'e4f4720c-7828-4476-925d-4dd5f9deb456',
  phoneNumber: '+251975975883',
  roleId: undefined
}
16:30:01 [[32minfo[39m]: Transaction committed
{
  "service": "ride-hailing-api",
  "environment": "development",
  "transactionId": "txn_2026-08-10 13:30:01_f8kkhqfum",
  "duration": "NaNms"
}
16:30:01 [[32minfo[39m]: API Request
{
  "service": "ride-hailing-api",
  "environment": "development",
  "type": "API_REQUEST",
  "method": "POST",
  "url": "/api/finance/financialInstitutionAccount",
  "statusCode": 200,
  "responseTime": "NaNms",
  "ip": "127.0.0.1",
  "userAgent": "axios/1.18.1",
  "userId": 1805,
  "userUniqueId": "e4f4720c-7828-4476-925d-4dd5f9deb456"
}
[VerifyToken] Request: { method: 'GET', url: '/', hasAuth: true }
[VerifyToken] Token decoded: {
  userUniqueId: 'e4f4720c-7828-4476-925d-4dd5f9deb456',
  phoneNumber: '+251975975883',
  roleId: 3,
  iat: 1786368599
}
[VerifyToken] User authenticated: {
  userUniqueId: 'e4f4720c-7828-4476-925d-4dd5f9deb456',
  phoneNumber: '+251975975883',
  roleId: undefined
}
16:30:01 [[32minfo[39m]: API Request
{
  "service": "ride-hailing-api",
  "environment": "development",
  "type": "API_REQUEST",
  "method": "GET",
  "url": "/api/finance/financialInstitutionAccount",
  "statusCode": 200,
  "responseTime": "NaNms",
  "ip": "127.0.0.1",
  "userAgent": "axios/1.18.1",
  "userId": 1805,
  "userUniqueId": "e4f4720c-7828-4476-925d-4dd5f9deb456"
}
[VerifyToken] Request: {
  method: 'PUT',
  url: '/846bb56c-ef11-4d1d-888f-2512e6ba4a56',
  hasAuth: true
}
[VerifyToken] Token decoded: {
  userUniqueId: 'e4f4720c-7828-4476-925d-4dd5f9deb456',
  phoneNumber: '+251975975883',
  roleId: 3,
  iat: 1786368599
}
[VerifyToken] User authenticated: {
  userUniqueId: 'e4f4720c-7828-4476-925d-4dd5f9deb456',
  phoneNumber: '+251975975883',
  roleId: undefined
}
16:30:01 [[32minfo[39m]: Transaction committed
{
  "service": "ride-hailing-api",
  "environment": "development",
  "transactionId": "txn_2026-08-10 13:30:01_scu5uf6ul",
  "duration": "NaNms"
}
16:30:01 [[32minfo[39m]: API Request
{
  "service": "ride-hailing-api",
  "environment": "development",
  "type": "API_REQUEST",
  "method": "PUT",
  "url": "/api/finance/financialInstitutionAccount/846bb56c-ef11-4d1d-888f-2512e6ba4a56",
  "statusCode": 200,
  "responseTime": "NaNms",
  "ip": "127.0.0.1",
  "userAgent": "axios/1.18.1",
  "userId": 1805,
  "userUniqueId": "e4f4720c-7828-4476-925d-4dd5f9deb456"
}
[VerifyToken] Request: { method: 'GET', url: '/', hasAuth: true }
[VerifyToken] Token decoded: {
  userUniqueId: 'e4f4720c-7828-4476-925d-4dd5f9deb456',
  phoneNumber: '+251975975883',
  roleId: 3,
  iat: 1786368599
}
[VerifyToken] User authenticated: {
  userUniqueId: 'e4f4720c-7828-4476-925d-4dd5f9deb456',
  phoneNumber: '+251975975883',
  roleId: undefined
}
16:30:01 [[32minfo[39m]: API Request
{
  "service": "ride-hailing-api",
  "environment": "development",
  "type": "API_REQUEST",
  "method": "GET",
  "url": "/api/finance/financialInstitutionAccount",
  "statusCode": 200,
  "responseTime": "NaNms",
  "ip": "127.0.0.1",
  "userAgent": "axios/1.18.1",
  "userId": 1805,
  "userUniqueId": "e4f4720c-7828-4476-925d-4dd5f9deb456"
}
[VerifyToken] Request: {
  method: 'DELETE',
  url: '/846bb56c-ef11-4d1d-888f-2512e6ba4a56',
  hasAuth: true
}
[VerifyToken] Token decoded: {
  userUniqueId: 'e4f4720c-7828-4476-925d-4dd5f9deb456',
  phoneNumber: '+251975975883',
  roleId: 3,
  iat: 1786368599
}
[VerifyToken] User authenticated: {
  userUniqueId: 'e4f4720c-7828-4476-925d-4dd5f9deb456',
  phoneNumber: '+251975975883',
  roleId: undefined
}
16:30:01 [[32minfo[39m]: Transaction committed
{
  "service": "ride-hailing-api",
  "environment": "development",
  "transactionId": "txn_2026-08-10 13:30:01_bg010vkay",
  "duration": "NaNms"
}
16:30:01 [[32minfo[39m]: API Request
{
  "service": "ride-hailing-api",
  "environment": "development",
  "type": "API_REQUEST",
  "method": "DELETE",
  "url": "/api/finance/financialInstitutionAccount/846bb56c-ef11-4d1d-888f-2512e6ba4a56",
  "statusCode": 200,
  "responseTime": "NaNms",
  "ip": "127.0.0.1",
  "userAgent": "axios/1.18.1",
  "userId": 1805,
  "userUniqueId": "e4f4720c-7828-4476-925d-4dd5f9deb456"
}
[VerifyToken] Request: { method: 'GET', url: '/', hasAuth: true }
[VerifyToken] Token decoded: {
  userUniqueId: 'e4f4720c-7828-4476-925d-4dd5f9deb456',
  phoneNumber: '+251975975883',
  roleId: 3,
  iat: 1786368599
}
[VerifyToken] User authenticated: {
  userUniqueId: 'e4f4720c-7828-4476-925d-4dd5f9deb456',
  phoneNumber: '+251975975883',
  roleId: undefined
}
16:30:01 [[32minfo[39m]: API Request
{
  "service": "ride-hailing-api",
  "environment": "development",
  "type": "API_REQUEST",
  "method": "GET",
  "url": "/api/finance/financialInstitutionAccount",
  "statusCode": 200,
  "responseTime": "NaNms",
  "ip": "127.0.0.1",
  "userAgent": "axios/1.18.1",
  "userId": 1805,
  "userUniqueId": "e4f4720c-7828-4476-925d-4dd5f9deb456"
}
[VerifyToken] Request: { method: 'GET', url: '/admin/commission-statuses', hasAuth: true }
[VerifyToken] Token decoded: {
  userUniqueId: 'e4f4720c-7828-4476-925d-4dd5f9deb456',
  phoneNumber: '+251975975883',
  roleId: 3,
  iat: 1786368599
}
[VerifyToken] User authenticated: {
  userUniqueId: 'e4f4720c-7828-4476-925d-4dd5f9deb456',
  phoneNumber: '+251975975883',
  roleId: undefined
}
16:30:01 [[32minfo[39m]: API Request
{
  "service": "ride-hailing-api",
  "environment": "development",
  "type": "API_REQUEST",
  "method": "GET",
  "url": "/api/finance/commissionStatus/admin/commission-statuses",
  "statusCode": 200,
  "responseTime": "NaNms",
  "ip": "127.0.0.1",
  "userAgent": "axios/1.18.1",
  "userId": 1805,
  "userUniqueId": "e4f4720c-7828-4476-925d-4dd5f9deb456"
}
[VerifyToken] Request: { method: 'POST', url: '/admin/commission-statuses', hasAuth: true }
[VerifyToken] Token decoded: {
  userUniqueId: 'e4f4720c-7828-4476-925d-4dd5f9deb456',
  phoneNumber: '+251975975883',
  roleId: 3,
  iat: 1786368599
}
[VerifyToken] User authenticated: {
  userUniqueId: 'e4f4720c-7828-4476-925d-4dd5f9deb456',
  phoneNumber: '+251975975883',
  roleId: undefined
}
16:30:01 [[32minfo[39m]: Transaction committed
{
  "service": "ride-hailing-api",
  "environment": "development",
  "transactionId": "txn_2026-08-10 13:30:01_b5k1xor6e",
  "duration": "NaNms"
}
16:30:01 [[32minfo[39m]: API Request
{
  "service": "ride-hailing-api",
  "environment": "development",
  "type": "API_REQUEST",
  "method": "POST",
  "url": "/api/finance/commissionStatus/admin/commission-statuses",
  "statusCode": 201,
  "responseTime": "NaNms",
  "ip": "127.0.0.1",
  "userAgent": "axios/1.18.1",
  "userId": 1805,
  "userUniqueId": "e4f4720c-7828-4476-925d-4dd5f9deb456"
}
[VerifyToken] Request: { method: 'GET', url: '/admin/commission-statuses', hasAuth: true }
[VerifyToken] Token decoded: {
  userUniqueId: 'e4f4720c-7828-4476-925d-4dd5f9deb456',
  phoneNumber: '+251975975883',
  roleId: 3,
  iat: 1786368599
}
[VerifyToken] User authenticated: {
  userUniqueId: 'e4f4720c-7828-4476-925d-4dd5f9deb456',
  phoneNumber: '+251975975883',
  roleId: undefined
}
16:30:01 [[32minfo[39m]: API Request
{
  "service": "ride-hailing-api",
  "environment": "development",
  "type": "API_REQUEST",
  "method": "GET",
  "url": "/api/finance/commissionStatus/admin/commission-statuses",
  "statusCode": 200,
  "responseTime": "NaNms",
  "ip": "127.0.0.1",
  "userAgent": "axios/1.18.1",
  "userId": 1805,
  "userUniqueId": "e4f4720c-7828-4476-925d-4dd5f9deb456"
}
[VerifyToken] Request: {
  method: 'PUT',
  url: '/admin/commission-statuses/aca5249d-8686-404c-bdda-01d96688303e',
  hasAuth: true
}
[VerifyToken] Token decoded: {
  userUniqueId: 'e4f4720c-7828-4476-925d-4dd5f9deb456',
  phoneNumber: '+251975975883',
  roleId: 3,
  iat: 1786368599
}
[VerifyToken] User authenticated: {
  userUniqueId: 'e4f4720c-7828-4476-925d-4dd5f9deb456',
  phoneNumber: '+251975975883',
  roleId: undefined
}
16:30:01 [[32minfo[39m]: API Request
{
  "service": "ride-hailing-api",
  "environment": "development",
  "type": "API_REQUEST",
  "method": "PUT",
  "url": "/api/finance/commissionStatus/admin/commission-statuses/aca5249d-8686-404c-bdda-01d96688303e",
  "statusCode": 200,
  "responseTime": "NaNms",
  "ip": "127.0.0.1",
  "userAgent": "axios/1.18.1",
  "userId": 1805,
  "userUniqueId": "e4f4720c-7828-4476-925d-4dd5f9deb456"
}
[VerifyToken] Request: { method: 'GET', url: '/admin/commission-statuses', hasAuth: true }
[VerifyToken] Token decoded: {
  userUniqueId: 'e4f4720c-7828-4476-925d-4dd5f9deb456',
  phoneNumber: '+251975975883',
  roleId: 3,
  iat: 1786368599
}
[VerifyToken] User authenticated: {
  userUniqueId: 'e4f4720c-7828-4476-925d-4dd5f9deb456',
  phoneNumber: '+251975975883',
  roleId: undefined
}
16:30:01 [[32minfo[39m]: API Request
{
  "service": "ride-hailing-api",
  "environment": "development",
  "type": "API_REQUEST",
  "method": "GET",
  "url": "/api/finance/commissionStatus/admin/commission-statuses",
  "statusCode": 200,
  "responseTime": "NaNms",
  "ip": "127.0.0.1",
  "userAgent": "axios/1.18.1",
  "userId": 1805,
  "userUniqueId": "e4f4720c-7828-4476-925d-4dd5f9deb456"
}
[VerifyToken] Request: {
  method: 'DELETE',
  url: '/admin/commission-statuses/aca5249d-8686-404c-bdda-01d96688303e',
  hasAuth: true
}
[VerifyToken] Token decoded: {
  userUniqueId: 'e4f4720c-7828-4476-925d-4dd5f9deb456',
  phoneNumber: '+251975975883',
  roleId: 3,
  iat: 1786368599
}
[VerifyToken] User authenticated: {
  userUniqueId: 'e4f4720c-7828-4476-925d-4dd5f9deb456',
  phoneNumber: '+251975975883',
  roleId: undefined
}
16:30:01 [[32minfo[39m]: API Request
{
  "service": "ride-hailing-api",
  "environment": "development",
  "type": "API_REQUEST",
  "method": "DELETE",
  "url": "/api/finance/commissionStatus/admin/commission-statuses/aca5249d-8686-404c-bdda-01d96688303e",
  "statusCode": 200,
  "responseTime": "NaNms",
  "ip": "127.0.0.1",
  "userAgent": "axios/1.18.1",
  "userId": 1805,
  "userUniqueId": "e4f4720c-7828-4476-925d-4dd5f9deb456"
}
[VerifyToken] Request: { method: 'GET', url: '/admin/commission-statuses', hasAuth: true }
[VerifyToken] Token decoded: {
  userUniqueId: 'e4f4720c-7828-4476-925d-4dd5f9deb456',
  phoneNumber: '+251975975883',
  roleId: 3,
  iat: 1786368599
}
[VerifyToken] User authenticated: {
  userUniqueId: 'e4f4720c-7828-4476-925d-4dd5f9deb456',
  phoneNumber: '+251975975883',
  roleId: undefined
}
16:30:01 [[32minfo[39m]: API Request
{
  "service": "ride-hailing-api",
  "environment": "development",
  "type": "API_REQUEST",
  "method": "GET",
  "url": "/api/finance/commissionStatus/admin/commission-statuses",
  "statusCode": 200,
  "responseTime": "NaNms",
  "ip": "127.0.0.1",
  "userAgent": "axios/1.18.1",
  "userId": 1805,
  "userUniqueId": "e4f4720c-7828-4476-925d-4dd5f9deb456"
}
[VerifyToken] Request: { method: 'GET', url: '/', hasAuth: true }
[VerifyToken] Token decoded: {
  userUniqueId: 'e4f4720c-7828-4476-925d-4dd5f9deb456',
  phoneNumber: '+251975975883',
  roleId: 3,
  iat: 1786368599
}
[VerifyToken] User authenticated: {
  userUniqueId: 'e4f4720c-7828-4476-925d-4dd5f9deb456',
  phoneNumber: '+251975975883',
  roleId: undefined
}
16:30:01 [[32minfo[39m]: API Request
{
  "service": "ride-hailing-api",
  "environment": "development",
  "type": "API_REQUEST",
  "method": "GET",
  "url": "/api/finance/paymentStatus",
  "statusCode": 200,
  "responseTime": "NaNms",
  "ip": "127.0.0.1",
  "userAgent": "axios/1.18.1",
  "userId": 1805,
  "userUniqueId": "e4f4720c-7828-4476-925d-4dd5f9deb456"
}
[VerifyToken] Request: { method: 'POST', url: '/', hasAuth: true }
[VerifyToken] Token decoded: {
  userUniqueId: 'e4f4720c-7828-4476-925d-4dd5f9deb456',
  phoneNumber: '+251975975883',
  roleId: 3,
  iat: 1786368599
}
[VerifyToken] User authenticated: {
  userUniqueId: 'e4f4720c-7828-4476-925d-4dd5f9deb456',
  phoneNumber: '+251975975883',
  roleId: undefined
}
16:30:01 [[32minfo[39m]: Transaction committed
{
  "service": "ride-hailing-api",
  "environment": "development",
  "transactionId": "txn_2026-08-10 13:30:01_s6qwup4xa",
  "duration": "NaNms"
}
16:30:01 [[32minfo[39m]: API Request
{
  "service": "ride-hailing-api",
  "environment": "development",
  "type": "API_REQUEST",
  "method": "POST",
  "url": "/api/finance/paymentStatus",
  "statusCode": 200,
  "responseTime": "NaNms",
  "ip": "127.0.0.1",
  "userAgent": "axios/1.18.1",
  "userId": 1805,
  "userUniqueId": "e4f4720c-7828-4476-925d-4dd5f9deb456"
}
[VerifyToken] Request: { method: 'GET', url: '/', hasAuth: true }
[VerifyToken] Token decoded: {
  userUniqueId: 'e4f4720c-7828-4476-925d-4dd5f9deb456',
  phoneNumber: '+251975975883',
  roleId: 3,
  iat: 1786368599
}
[VerifyToken] User authenticated: {
  userUniqueId: 'e4f4720c-7828-4476-925d-4dd5f9deb456',
  phoneNumber: '+251975975883',
  roleId: undefined
}
16:30:01 [[32minfo[39m]: API Request
{
  "service": "ride-hailing-api",
  "environment": "development",
  "type": "API_REQUEST",
  "method": "GET",
  "url": "/api/finance/paymentStatus",
  "statusCode": 200,
  "responseTime": "NaNms",
  "ip": "127.0.0.1",
  "userAgent": "axios/1.18.1",
  "userId": 1805,
  "userUniqueId": "e4f4720c-7828-4476-925d-4dd5f9deb456"
}
[VerifyToken] Request: {
  method: 'PUT',
  url: '/1bb4b4be-6f37-4aa6-9dcf-ba872c22775c',
  hasAuth: true
}
[VerifyToken] Token decoded: {
  userUniqueId: 'e4f4720c-7828-4476-925d-4dd5f9deb456',
  phoneNumber: '+251975975883',
  roleId: 3,
  iat: 1786368599
}
[VerifyToken] User authenticated: {
  userUniqueId: 'e4f4720c-7828-4476-925d-4dd5f9deb456',
  phoneNumber: '+251975975883',
  roleId: undefined
}
16:30:01 [[32minfo[39m]: Transaction committed
{
  "service": "ride-hailing-api",
  "environment": "development",
  "transactionId": "txn_2026-08-10 13:30:01_871nfamwk",
  "duration": "NaNms"
}
16:30:01 [[32minfo[39m]: API Request
{
  "service": "ride-hailing-api",
  "environment": "development",
  "type": "API_REQUEST",
  "method": "PUT",
  "url": "/api/finance/paymentStatus/1bb4b4be-6f37-4aa6-9dcf-ba872c22775c",
  "statusCode": 200,
  "responseTime": "NaNms",
  "ip": "127.0.0.1",
  "userAgent": "axios/1.18.1",
  "userId": 1805,
  "userUniqueId": "e4f4720c-7828-4476-925d-4dd5f9deb456"
}
[VerifyToken] Request: { method: 'GET', url: '/', hasAuth: true }
[VerifyToken] Token decoded: {
  userUniqueId: 'e4f4720c-7828-4476-925d-4dd5f9deb456',
  phoneNumber: '+251975975883',
  roleId: 3,
  iat: 1786368599
}
[VerifyToken] User authenticated: {
  userUniqueId: 'e4f4720c-7828-4476-925d-4dd5f9deb456',
  phoneNumber: '+251975975883',
  roleId: undefined
}
16:30:01 [[32minfo[39m]: API Request
{
  "service": "ride-hailing-api",
  "environment": "development",
  "type": "API_REQUEST",
  "method": "GET",
  "url": "/api/finance/paymentStatus",
  "statusCode": 200,
  "responseTime": "NaNms",
  "ip": "127.0.0.1",
  "userAgent": "axios/1.18.1",
  "userId": 1805,
  "userUniqueId": "e4f4720c-7828-4476-925d-4dd5f9deb456"
}
[VerifyToken] Request: {
  method: 'DELETE',
  url: '/1bb4b4be-6f37-4aa6-9dcf-ba872c22775c',
  hasAuth: true
}
[VerifyToken] Token decoded: {
  userUniqueId: 'e4f4720c-7828-4476-925d-4dd5f9deb456',
  phoneNumber: '+251975975883',
  roleId: 3,
  iat: 1786368599
}
[VerifyToken] User authenticated: {
  userUniqueId: 'e4f4720c-7828-4476-925d-4dd5f9deb456',
  phoneNumber: '+251975975883',
  roleId: undefined
}
16:30:01 [[32minfo[39m]: Transaction committed
{
  "service": "ride-hailing-api",
  "environment": "development",
  "transactionId": "txn_2026-08-10 13:30:01_vvo06uc5l",
  "duration": "NaNms"
}
16:30:01 [[32minfo[39m]: API Request
{
  "service": "ride-hailing-api",
  "environment": "development",
  "type": "API_REQUEST",
  "method": "DELETE",
  "url": "/api/finance/paymentStatus/1bb4b4be-6f37-4aa6-9dcf-ba872c22775c",
  "statusCode": 200,
  "responseTime": "NaNms",
  "ip": "127.0.0.1",
  "userAgent": "axios/1.18.1",
  "userId": 1805,
  "userUniqueId": "e4f4720c-7828-4476-925d-4dd5f9deb456"
}
[VerifyToken] Request: { method: 'GET', url: '/', hasAuth: true }
[VerifyToken] Token decoded: {
  userUniqueId: 'e4f4720c-7828-4476-925d-4dd5f9deb456',
  phoneNumber: '+251975975883',
  roleId: 3,
  iat: 1786368599
}
[VerifyToken] User authenticated: {
  userUniqueId: 'e4f4720c-7828-4476-925d-4dd5f9deb456',
  phoneNumber: '+251975975883',
  roleId: undefined
}
16:30:01 [[32minfo[39m]: API Request
{
  "service": "ride-hailing-api",
  "environment": "development",
  "type": "API_REQUEST",
  "method": "GET",
  "url": "/api/finance/paymentStatus",
  "statusCode": 200,
  "responseTime": "NaNms",
  "ip": "127.0.0.1",
  "userAgent": "axios/1.18.1",
  "userId": 1805,
  "userUniqueId": "e4f4720c-7828-4476-925d-4dd5f9deb456"
}
[VerifyToken] Request: { method: 'GET', url: '/', hasAuth: true }
[VerifyToken] Token decoded: {
  userUniqueId: 'e4f4720c-7828-4476-925d-4dd5f9deb456',
  phoneNumber: '+251975975883',
  roleId: 3,
  iat: 1786368599
}
[VerifyToken] User authenticated: {
  userUniqueId: 'e4f4720c-7828-4476-925d-4dd5f9deb456',
  phoneNumber: '+251975975883',
  roleId: undefined
}
16:30:01 [[32minfo[39m]: API Request
{
  "service": "ride-hailing-api",
  "environment": "development",
  "type": "API_REQUEST",
  "method": "GET",
  "url": "/api/finance/paymentMethod",
  "statusCode": 200,
  "responseTime": "NaNms",
  "ip": "127.0.0.1",
  "userAgent": "axios/1.18.1",
  "userId": 1805,
  "userUniqueId": "e4f4720c-7828-4476-925d-4dd5f9deb456"
}
[VerifyToken] Request: { method: 'POST', url: '/', hasAuth: true }
[VerifyToken] Token decoded: {
  userUniqueId: 'e4f4720c-7828-4476-925d-4dd5f9deb456',
  phoneNumber: '+251975975883',
  roleId: 3,
  iat: 1786368599
}
[VerifyToken] User authenticated: {
  userUniqueId: 'e4f4720c-7828-4476-925d-4dd5f9deb456',
  phoneNumber: '+251975975883',
  roleId: undefined
}
16:30:01 [[32minfo[39m]: Transaction committed
{
  "service": "ride-hailing-api",
  "environment": "development",
  "transactionId": "txn_2026-08-10 13:30:01_aw60cwfuk",
  "duration": "NaNms"
}
16:30:01 [[32minfo[39m]: API Request
{
  "service": "ride-hailing-api",
  "environment": "development",
  "type": "API_REQUEST",
  "method": "POST",
  "url": "/api/finance/paymentMethod",
  "statusCode": 200,
  "responseTime": "NaNms",
  "ip": "127.0.0.1",
  "userAgent": "axios/1.18.1",
  "userId": 1805,
  "userUniqueId": "e4f4720c-7828-4476-925d-4dd5f9deb456"
}
[VerifyToken] Request: { method: 'GET', url: '/', hasAuth: true }
[VerifyToken] Token decoded: {
  userUniqueId: 'e4f4720c-7828-4476-925d-4dd5f9deb456',
  phoneNumber: '+251975975883',
  roleId: 3,
  iat: 1786368599
}
[VerifyToken] User authenticated: {
  userUniqueId: 'e4f4720c-7828-4476-925d-4dd5f9deb456',
  phoneNumber: '+251975975883',
  roleId: undefined
}
16:30:01 [[32minfo[39m]: API Request
{
  "service": "ride-hailing-api",
  "environment": "development",
  "type": "API_REQUEST",
  "method": "GET",
  "url": "/api/finance/paymentMethod",
  "statusCode": 200,
  "responseTime": "NaNms",
  "ip": "127.0.0.1",
  "userAgent": "axios/1.18.1",
  "userId": 1805,
  "userUniqueId": "e4f4720c-7828-4476-925d-4dd5f9deb456"
}
[VerifyToken] Request: {
  method: 'PUT',
  url: '/7a1c2bfd-55eb-43f7-b47a-60ce319eb29f',
  hasAuth: true
}
[VerifyToken] Token decoded: {
  userUniqueId: 'e4f4720c-7828-4476-925d-4dd5f9deb456',
  phoneNumber: '+251975975883',
  roleId: 3,
  iat: 1786368599
}
[VerifyToken] User authenticated: {
  userUniqueId: 'e4f4720c-7828-4476-925d-4dd5f9deb456',
  phoneNumber: '+251975975883',
  roleId: undefined
}
16:30:01 [[32minfo[39m]: Transaction committed
{
  "service": "ride-hailing-api",
  "environment": "development",
  "transactionId": "txn_2026-08-10 13:30:01_nexfc8ccb",
  "duration": "NaNms"
}
16:30:01 [[32minfo[39m]: API Request
{
  "service": "ride-hailing-api",
  "environment": "development",
  "type": "API_REQUEST",
  "method": "PUT",
  "url": "/api/finance/paymentMethod/7a1c2bfd-55eb-43f7-b47a-60ce319eb29f",
  "statusCode": 200,
  "responseTime": "NaNms",
  "ip": "127.0.0.1",
  "userAgent": "axios/1.18.1",
  "userId": 1805,
  "userUniqueId": "e4f4720c-7828-4476-925d-4dd5f9deb456"
}
[VerifyToken] Request: { method: 'GET', url: '/', hasAuth: true }
[VerifyToken] Token decoded: {
  userUniqueId: 'e4f4720c-7828-4476-925d-4dd5f9deb456',
  phoneNumber: '+251975975883',
  roleId: 3,
  iat: 1786368599
}
[VerifyToken] User authenticated: {
  userUniqueId: 'e4f4720c-7828-4476-925d-4dd5f9deb456',
  phoneNumber: '+251975975883',
  roleId: undefined
}
16:30:01 [[32minfo[39m]: API Request
{
  "service": "ride-hailing-api",
  "environment": "development",
  "type": "API_REQUEST",
  "method": "GET",
  "url": "/api/finance/paymentMethod",
  "statusCode": 200,
  "responseTime": "NaNms",
  "ip": "127.0.0.1",
  "userAgent": "axios/1.18.1",
  "userId": 1805,
  "userUniqueId": "e4f4720c-7828-4476-925d-4dd5f9deb456"
}
[VerifyToken] Request: {
  method: 'DELETE',
  url: '/7a1c2bfd-55eb-43f7-b47a-60ce319eb29f',
  hasAuth: true
}
[VerifyToken] Token decoded: {
  userUniqueId: 'e4f4720c-7828-4476-925d-4dd5f9deb456',
  phoneNumber: '+251975975883',
  roleId: 3,
  iat: 1786368599
}
[VerifyToken] User authenticated: {
  userUniqueId: 'e4f4720c-7828-4476-925d-4dd5f9deb456',
  phoneNumber: '+251975975883',
  roleId: undefined
}
16:30:01 [[32minfo[39m]: Transaction committed
{
  "service": "ride-hailing-api",
  "environment": "development",
  "transactionId": "txn_2026-08-10 13:30:01_kmgnknat9",
  "duration": "NaNms"
}
16:30:01 [[32minfo[39m]: API Request
{
  "service": "ride-hailing-api",
  "environment": "development",
  "type": "API_REQUEST",
  "method": "DELETE",
  "url": "/api/finance/paymentMethod/7a1c2bfd-55eb-43f7-b47a-60ce319eb29f",
  "statusCode": 200,
  "responseTime": "NaNms",
  "ip": "127.0.0.1",
  "userAgent": "axios/1.18.1",
  "userId": 1805,
  "userUniqueId": "e4f4720c-7828-4476-925d-4dd5f9deb456"
}
[VerifyToken] Request: { method: 'GET', url: '/', hasAuth: true }
[VerifyToken] Token decoded: {
  userUniqueId: 'e4f4720c-7828-4476-925d-4dd5f9deb456',
  phoneNumber: '+251975975883',
  roleId: 3,
  iat: 1786368599
}
[VerifyToken] User authenticated: {
  userUniqueId: 'e4f4720c-7828-4476-925d-4dd5f9deb456',
  phoneNumber: '+251975975883',
  roleId: undefined
}
16:30:01 [[32minfo[39m]: API Request
{
  "service": "ride-hailing-api",
  "environment": "development",
  "type": "API_REQUEST",
  "method": "GET",
  "url": "/api/finance/paymentMethod",
  "statusCode": 200,
  "responseTime": "NaNms",
  "ip": "127.0.0.1",
  "userAgent": "axios/1.18.1",
  "userId": 1805,
  "userUniqueId": "e4f4720c-7828-4476-925d-4dd5f9deb456"
}
[VerifyToken] Request: { method: 'GET', url: '/', hasAuth: true }
[VerifyToken] Token decoded: {
  userUniqueId: 'e4f4720c-7828-4476-925d-4dd5f9deb456',
  phoneNumber: '+251975975883',
  roleId: 3,
  iat: 1786368599
}
[VerifyToken] User authenticated: {
  userUniqueId: 'e4f4720c-7828-4476-925d-4dd5f9deb456',
  phoneNumber: '+251975975883',
  roleId: undefined
}
16:30:01 [[32minfo[39m]: API Request
{
  "service": "ride-hailing-api",
  "environment": "development",
  "type": "API_REQUEST",
  "method": "GET",
  "url": "/api/finance/commissionRates",
  "statusCode": 200,
  "responseTime": "NaNms",
  "ip": "127.0.0.1",
  "userAgent": "axios/1.18.1",
  "userId": 1805,
  "userUniqueId": "e4f4720c-7828-4476-925d-4dd5f9deb456"
}
[VerifyToken] Request: { method: 'POST', url: '/', hasAuth: true }
[VerifyToken] Token decoded: {
  userUniqueId: 'e4f4720c-7828-4476-925d-4dd5f9deb456',
  phoneNumber: '+251975975883',
  roleId: 3,
  iat: 1786368599
}
[VerifyToken] User authenticated: {
  userUniqueId: 'e4f4720c-7828-4476-925d-4dd5f9deb456',
  phoneNumber: '+251975975883',
  roleId: undefined
}
16:30:01 [[32minfo[39m]: Transaction committed
{
  "service": "ride-hailing-api",
  "environment": "development",
  "transactionId": "txn_2026-08-10 13:30:01_a1f2l3gie",
  "duration": "NaNms"
}
16:30:01 [[32minfo[39m]: API Request
{
  "service": "ride-hailing-api",
  "environment": "development",
  "type": "API_REQUEST",
  "method": "POST",
  "url": "/api/finance/commissionRates",
  "statusCode": 201,
  "responseTime": "NaNms",
  "ip": "127.0.0.1",
  "userAgent": "axios/1.18.1",
  "userId": 1805,
  "userUniqueId": "e4f4720c-7828-4476-925d-4dd5f9deb456"
}
[VerifyToken] Request: { method: 'GET', url: '/', hasAuth: true }
[VerifyToken] Token decoded: {
  userUniqueId: 'e4f4720c-7828-4476-925d-4dd5f9deb456',
  phoneNumber: '+251975975883',
  roleId: 3,
  iat: 1786368599
}
[VerifyToken] User authenticated: {
  userUniqueId: 'e4f4720c-7828-4476-925d-4dd5f9deb456',
  phoneNumber: '+251975975883',
  roleId: undefined
}
16:30:01 [[32minfo[39m]: API Request
{
  "service": "ride-hailing-api",
  "environment": "development",
  "type": "API_REQUEST",
  "method": "GET",
  "url": "/api/finance/commissionRates",
  "statusCode": 200,
  "responseTime": "NaNms",
  "ip": "127.0.0.1",
  "userAgent": "axios/1.18.1",
  "userId": 1805,
  "userUniqueId": "e4f4720c-7828-4476-925d-4dd5f9deb456"
}
[VerifyToken] Request: {
  method: 'PUT',
  url: '/90c31ad4-46f0-4850-adfa-ba9ef60d2422',
  hasAuth: true
}
[VerifyToken] Token decoded: {
  userUniqueId: 'e4f4720c-7828-4476-925d-4dd5f9deb456',
  phoneNumber: '+251975975883',
  roleId: 3,
  iat: 1786368599
}
[VerifyToken] User authenticated: {
  userUniqueId: 'e4f4720c-7828-4476-925d-4dd5f9deb456',
  phoneNumber: '+251975975883',
  roleId: undefined
}
16:30:01 [[32minfo[39m]: Transaction committed
{
  "service": "ride-hailing-api",
  "environment": "development",
  "transactionId": "txn_2026-08-10 13:30:01_5wpnxf44g",
  "duration": "NaNms"
}
16:30:01 [[32minfo[39m]: API Request
{
  "service": "ride-hailing-api",
  "environment": "development",
  "type": "API_REQUEST",
  "method": "PUT",
  "url": "/api/finance/commissionRates/90c31ad4-46f0-4850-adfa-ba9ef60d2422",
  "statusCode": 200,
  "responseTime": "NaNms",
  "ip": "127.0.0.1",
  "userAgent": "axios/1.18.1",
  "userId": 1805,
  "userUniqueId": "e4f4720c-7828-4476-925d-4dd5f9deb456"
}
[VerifyToken] Request: { method: 'GET', url: '/', hasAuth: true }
[VerifyToken] Token decoded: {
  userUniqueId: 'e4f4720c-7828-4476-925d-4dd5f9deb456',
  phoneNumber: '+251975975883',
  roleId: 3,
  iat: 1786368599
}
[VerifyToken] User authenticated: {
  userUniqueId: 'e4f4720c-7828-4476-925d-4dd5f9deb456',
  phoneNumber: '+251975975883',
  roleId: undefined
}
16:30:01 [[32minfo[39m]: API Request
{
  "service": "ride-hailing-api",
  "environment": "development",
  "type": "API_REQUEST",
  "method": "GET",
  "url": "/api/finance/commissionRates",
  "statusCode": 200,
  "responseTime": "NaNms",
  "ip": "127.0.0.1",
  "userAgent": "axios/1.18.1",
  "userId": 1805,
  "userUniqueId": "e4f4720c-7828-4476-925d-4dd5f9deb456"
}
[VerifyToken] Request: {
  method: 'DELETE',
  url: '/90c31ad4-46f0-4850-adfa-ba9ef60d2422',
  hasAuth: true
}
[VerifyToken] Token decoded: {
  userUniqueId: 'e4f4720c-7828-4476-925d-4dd5f9deb456',
  phoneNumber: '+251975975883',
  roleId: 3,
  iat: 1786368599
}
[VerifyToken] User authenticated: {
  userUniqueId: 'e4f4720c-7828-4476-925d-4dd5f9deb456',
  phoneNumber: '+251975975883',
  roleId: undefined
}
16:30:01 [[32minfo[39m]: Transaction committed
{
  "service": "ride-hailing-api",
  "environment": "development",
  "transactionId": "txn_2026-08-10 13:30:01_99fj7yq3v",
  "duration": "NaNms"
}
16:30:01 [[32minfo[39m]: API Request
{
  "service": "ride-hailing-api",
  "environment": "development",
  "type": "API_REQUEST",
  "method": "DELETE",
  "url": "/api/finance/commissionRates/90c31ad4-46f0-4850-adfa-ba9ef60d2422",
  "statusCode": 200,
  "responseTime": "NaNms",
  "ip": "127.0.0.1",
  "userAgent": "axios/1.18.1",
  "userId": 1805,
  "userUniqueId": "e4f4720c-7828-4476-925d-4dd5f9deb456"
}
[VerifyToken] Request: { method: 'GET', url: '/', hasAuth: true }
[VerifyToken] Token decoded: {
  userUniqueId: 'e4f4720c-7828-4476-925d-4dd5f9deb456',
  phoneNumber: '+251975975883',
  roleId: 3,
  iat: 1786368599
}
[VerifyToken] User authenticated: {
  userUniqueId: 'e4f4720c-7828-4476-925d-4dd5f9deb456',
  phoneNumber: '+251975975883',
  roleId: undefined
}
16:30:01 [[32minfo[39m]: API Request
{
  "service": "ride-hailing-api",
  "environment": "development",
  "type": "API_REQUEST",
  "method": "GET",
  "url": "/api/finance/commissionRates",
  "statusCode": 200,
  "responseTime": "NaNms",
  "ip": "127.0.0.1",
  "userAgent": "axios/1.18.1",
  "userId": 1805,
  "userUniqueId": "e4f4720c-7828-4476-925d-4dd5f9deb456"
}
[VerifyToken] Request: { method: 'POST', url: '/', hasAuth: true }
[VerifyToken] Token decoded: {
  userUniqueId: 'e4f4720c-7828-4476-925d-4dd5f9deb456',
  phoneNumber: '+251975975883',
  roleId: 3,
  iat: 1786368599
}
[VerifyToken] User authenticated: {
  userUniqueId: 'e4f4720c-7828-4476-925d-4dd5f9deb456',
  phoneNumber: '+251975975883',
  roleId: undefined
}
16:30:01 [[32minfo[39m]: Transaction committed
{
  "service": "ride-hailing-api",
  "environment": "development",
  "transactionId": "txn_2026-08-10 13:30:01_j9l77rp92",
  "duration": "NaNms"
}
16:30:01 [[32minfo[39m]: API Request
{
  "service": "ride-hailing-api",
  "environment": "development",
  "type": "API_REQUEST",
  "method": "POST",
  "url": "/api/finance/commissionRates",
  "statusCode": 201,
  "responseTime": "NaNms",
  "ip": "127.0.0.1",
  "userAgent": "axios/1.18.1",
  "userId": 1805,
  "userUniqueId": "e4f4720c-7828-4476-925d-4dd5f9deb456"
}
[VerifyToken] Request: { method: 'GET', url: '/', hasAuth: true }
[VerifyToken] Token decoded: {
  userUniqueId: 'e4f4720c-7828-4476-925d-4dd5f9deb456',
  phoneNumber: '+251975975883',
  roleId: 3,
  iat: 1786368599
}
[VerifyToken] User authenticated: {
  userUniqueId: 'e4f4720c-7828-4476-925d-4dd5f9deb456',
  phoneNumber: '+251975975883',
  roleId: undefined
}
16:30:01 [[32minfo[39m]: API Request
{
  "service": "ride-hailing-api",
  "environment": "development",
  "type": "API_REQUEST",
  "method": "GET",
  "url": "/api/finance/subscriptionPlan",
  "statusCode": 200,
  "responseTime": "NaNms",
  "ip": "127.0.0.1",
  "userAgent": "axios/1.18.1",
  "userId": 1805,
  "userUniqueId": "e4f4720c-7828-4476-925d-4dd5f9deb456"
}
[VerifyToken] Request: { method: 'POST', url: '/', hasAuth: true }
[VerifyToken] Token decoded: {
  userUniqueId: 'e4f4720c-7828-4476-925d-4dd5f9deb456',
  phoneNumber: '+251975975883',
  roleId: 3,
  iat: 1786368599
}
[VerifyToken] User authenticated: {
  userUniqueId: 'e4f4720c-7828-4476-925d-4dd5f9deb456',
  phoneNumber: '+251975975883',
  roleId: undefined
}
16:30:01 [[32minfo[39m]: Transaction committed
{
  "service": "ride-hailing-api",
  "environment": "development",
  "transactionId": "txn_2026-08-10 13:30:01_9dyrpzxfz",
  "duration": "NaNms"
}
16:30:01 [[32minfo[39m]: API Request
{
  "service": "ride-hailing-api",
  "environment": "development",
  "type": "API_REQUEST",
  "method": "POST",
  "url": "/api/finance/subscriptionPlan",
  "statusCode": 200,
  "responseTime": "NaNms",
  "ip": "127.0.0.1",
  "userAgent": "axios/1.18.1",
  "userId": 1805,
  "userUniqueId": "e4f4720c-7828-4476-925d-4dd5f9deb456"
}
[VerifyToken] Request: { method: 'GET', url: '/', hasAuth: true }
[VerifyToken] Token decoded: {
  userUniqueId: 'e4f4720c-7828-4476-925d-4dd5f9deb456',
  phoneNumber: '+251975975883',
  roleId: 3,
  iat: 1786368599
}
[VerifyToken] User authenticated: {
  userUniqueId: 'e4f4720c-7828-4476-925d-4dd5f9deb456',
  phoneNumber: '+251975975883',
  roleId: undefined
}
16:30:01 [[32minfo[39m]: API Request
{
  "service": "ride-hailing-api",
  "environment": "development",
  "type": "API_REQUEST",
  "method": "GET",
  "url": "/api/finance/subscriptionPlan",
  "statusCode": 200,
  "responseTime": "NaNms",
  "ip": "127.0.0.1",
  "userAgent": "axios/1.18.1",
  "userId": 1805,
  "userUniqueId": "e4f4720c-7828-4476-925d-4dd5f9deb456"
}
[VerifyToken] Request: {
  method: 'PUT',
  url: '/79f67bbb-cf85-4d40-82da-2e110c2ffd63',
  hasAuth: true
}
[VerifyToken] Token decoded: {
  userUniqueId: 'e4f4720c-7828-4476-925d-4dd5f9deb456',
  phoneNumber: '+251975975883',
  roleId: 3,
  iat: 1786368599
}
[VerifyToken] User authenticated: {
  userUniqueId: 'e4f4720c-7828-4476-925d-4dd5f9deb456',
  phoneNumber: '+251975975883',
  roleId: undefined
}
16:30:01 [[32minfo[39m]: Transaction committed
{
  "service": "ride-hailing-api",
  "environment": "development",
  "transactionId": "txn_2026-08-10 13:30:01_fsfp8uiww",
  "duration": "NaNms"
}
16:30:01 [[32minfo[39m]: API Request
{
  "service": "ride-hailing-api",
  "environment": "development",
  "type": "API_REQUEST",
  "method": "PUT",
  "url": "/api/finance/subscriptionPlan/79f67bbb-cf85-4d40-82da-2e110c2ffd63",
  "statusCode": 200,
  "responseTime": "NaNms",
  "ip": "127.0.0.1",
  "userAgent": "axios/1.18.1",
  "userId": 1805,
  "userUniqueId": "e4f4720c-7828-4476-925d-4dd5f9deb456"
}
[VerifyToken] Request: { method: 'GET', url: '/', hasAuth: true }
[VerifyToken] Token decoded: {
  userUniqueId: 'e4f4720c-7828-4476-925d-4dd5f9deb456',
  phoneNumber: '+251975975883',
  roleId: 3,
  iat: 1786368599
}
[VerifyToken] User authenticated: {
  userUniqueId: 'e4f4720c-7828-4476-925d-4dd5f9deb456',
  phoneNumber: '+251975975883',
  roleId: undefined
}
16:30:01 [[32minfo[39m]: API Request
{
  "service": "ride-hailing-api",
  "environment": "development",
  "type": "API_REQUEST",
  "method": "GET",
  "url": "/api/finance/subscriptionPlan",
  "statusCode": 200,
  "responseTime": "NaNms",
  "ip": "127.0.0.1",
  "userAgent": "axios/1.18.1",
  "userId": 1805,
  "userUniqueId": "e4f4720c-7828-4476-925d-4dd5f9deb456"
}
[VerifyToken] Request: {
  method: 'DELETE',
  url: '/79f67bbb-cf85-4d40-82da-2e110c2ffd63',
  hasAuth: true
}
[VerifyToken] Token decoded: {
  userUniqueId: 'e4f4720c-7828-4476-925d-4dd5f9deb456',
  phoneNumber: '+251975975883',
  roleId: 3,
  iat: 1786368599
}
[VerifyToken] User authenticated: {
  userUniqueId: 'e4f4720c-7828-4476-925d-4dd5f9deb456',
  phoneNumber: '+251975975883',
  roleId: undefined
}
16:30:01 [[32minfo[39m]: Transaction committed
{
  "service": "ride-hailing-api",
  "environment": "development",
  "transactionId": "txn_2026-08-10 13:30:01_d5u1pctgk",
  "duration": "NaNms"
}
16:30:01 [[32minfo[39m]: API Request
{
  "service": "ride-hailing-api",
  "environment": "development",
  "type": "API_REQUEST",
  "method": "DELETE",
  "url": "/api/finance/subscriptionPlan/79f67bbb-cf85-4d40-82da-2e110c2ffd63",
  "statusCode": 200,
  "responseTime": "NaNms",
  "ip": "127.0.0.1",
  "userAgent": "axios/1.18.1",
  "userId": 1805,
  "userUniqueId": "e4f4720c-7828-4476-925d-4dd5f9deb456"
}
[VerifyToken] Request: { method: 'GET', url: '/', hasAuth: true }
[VerifyToken] Token decoded: {
  userUniqueId: 'e4f4720c-7828-4476-925d-4dd5f9deb456',
  phoneNumber: '+251975975883',
  roleId: 3,
  iat: 1786368599
}
[VerifyToken] User authenticated: {
  userUniqueId: 'e4f4720c-7828-4476-925d-4dd5f9deb456',
  phoneNumber: '+251975975883',
  roleId: undefined
}
16:30:01 [[32minfo[39m]: API Request
{
  "service": "ride-hailing-api",
  "environment": "development",
  "type": "API_REQUEST",
  "method": "GET",
  "url": "/api/finance/subscriptionPlan",
  "statusCode": 200,
  "responseTime": "NaNms",
  "ip": "127.0.0.1",
  "userAgent": "axios/1.18.1",
  "userId": 1805,
  "userUniqueId": "e4f4720c-7828-4476-925d-4dd5f9deb456"
}
[VerifyToken] Request: { method: 'POST', url: '/', hasAuth: true }
[VerifyToken] Token decoded: {
  userUniqueId: 'e4f4720c-7828-4476-925d-4dd5f9deb456',
  phoneNumber: '+251975975883',
  roleId: 3,
  iat: 1786368599
}
[VerifyToken] User authenticated: {
  userUniqueId: 'e4f4720c-7828-4476-925d-4dd5f9deb456',
  phoneNumber: '+251975975883',
  roleId: undefined
}
16:30:01 [[32minfo[39m]: Transaction committed
{
  "service": "ride-hailing-api",
  "environment": "development",
  "transactionId": "txn_2026-08-10 13:30:01_qpn9ktgdv",
  "duration": "NaNms"
}
16:30:01 [[32minfo[39m]: API Request
{
  "service": "ride-hailing-api",
  "environment": "development",
  "type": "API_REQUEST",
  "method": "POST",
  "url": "/api/finance/subscriptionPlan",
  "statusCode": 200,
  "responseTime": "NaNms",
  "ip": "127.0.0.1",
  "userAgent": "axios/1.18.1",
  "userId": 1805,
  "userUniqueId": "e4f4720c-7828-4476-925d-4dd5f9deb456"
}
[VerifyToken] Request: { method: 'POST', url: '/', hasAuth: true }
[VerifyToken] Token decoded: {
  userUniqueId: 'e4f4720c-7828-4476-925d-4dd5f9deb456',
  phoneNumber: '+251975975883',
  roleId: 3,
  iat: 1786368599
}
[VerifyToken] User authenticated: {
  userUniqueId: 'e4f4720c-7828-4476-925d-4dd5f9deb456',
  phoneNumber: '+251975975883',
  roleId: undefined
}
16:30:01 [[32minfo[39m]: Transaction committed
{
  "service": "ride-hailing-api",
  "environment": "development",
  "transactionId": "txn_2026-08-10 13:30:01_rudrn2lhy",
  "duration": "NaNms"
}
16:30:01 [[32minfo[39m]: API Request
{
  "service": "ride-hailing-api",
  "environment": "development",
  "type": "API_REQUEST",
  "method": "POST",
  "url": "/api/finance/subscriptionPlanPricing",
  "statusCode": 200,
  "responseTime": "NaNms",
  "ip": "127.0.0.1",
  "userAgent": "axios/1.18.1",
  "userId": 1805,
  "userUniqueId": "e4f4720c-7828-4476-925d-4dd5f9deb456"
}
[VerifyToken] Request: { method: 'GET', url: '/', hasAuth: true }
[VerifyToken] Token decoded: {
  userUniqueId: 'e4f4720c-7828-4476-925d-4dd5f9deb456',
  phoneNumber: '+251975975883',
  roleId: 3,
  iat: 1786368599
}
[VerifyToken] User authenticated: {
  userUniqueId: 'e4f4720c-7828-4476-925d-4dd5f9deb456',
  phoneNumber: '+251975975883',
  roleId: undefined
}
16:30:01 [[32minfo[39m]: API Request
{
  "service": "ride-hailing-api",
  "environment": "development",
  "type": "API_REQUEST",
  "method": "GET",
  "url": "/api/finance/subscriptionPlanPricing",
  "statusCode": 200,
  "responseTime": "NaNms",
  "ip": "127.0.0.1",
  "userAgent": "axios/1.18.1",
  "userId": 1805,
  "userUniqueId": "e4f4720c-7828-4476-925d-4dd5f9deb456"
}
[VerifyToken] Request: {
  method: 'PUT',
  url: '/899efe69-129f-4f87-9a65-cc45e2a30f3b',
  hasAuth: true
}
[VerifyToken] Token decoded: {
  userUniqueId: 'e4f4720c-7828-4476-925d-4dd5f9deb456',
  phoneNumber: '+251975975883',
  roleId: 3,
  iat: 1786368599
}
[VerifyToken] User authenticated: {
  userUniqueId: 'e4f4720c-7828-4476-925d-4dd5f9deb456',
  phoneNumber: '+251975975883',
  roleId: undefined
}
16:30:01 [[32minfo[39m]: Transaction committed
{
  "service": "ride-hailing-api",
  "environment": "development",
  "transactionId": "txn_2026-08-10 13:30:01_4zo4wcjdu",
  "duration": "NaNms"
}
16:30:01 [[32minfo[39m]: API Request
{
  "service": "ride-hailing-api",
  "environment": "development",
  "type": "API_REQUEST",
  "method": "PUT",
  "url": "/api/finance/subscriptionPlanPricing/899efe69-129f-4f87-9a65-cc45e2a30f3b",
  "statusCode": 200,
  "responseTime": "NaNms",
  "ip": "127.0.0.1",
  "userAgent": "axios/1.18.1",
  "userId": 1805,
  "userUniqueId": "e4f4720c-7828-4476-925d-4dd5f9deb456"
}
[VerifyToken] Request: { method: 'GET', url: '/', hasAuth: true }
[VerifyToken] Token decoded: {
  userUniqueId: 'e4f4720c-7828-4476-925d-4dd5f9deb456',
  phoneNumber: '+251975975883',
  roleId: 3,
  iat: 1786368599
}
[VerifyToken] User authenticated: {
  userUniqueId: 'e4f4720c-7828-4476-925d-4dd5f9deb456',
  phoneNumber: '+251975975883',
  roleId: undefined
}
16:30:01 [[32minfo[39m]: API Request
{
  "service": "ride-hailing-api",
  "environment": "development",
  "type": "API_REQUEST",
  "method": "GET",
  "url": "/api/finance/subscriptionPlanPricing",
  "statusCode": 200,
  "responseTime": "NaNms",
  "ip": "127.0.0.1",
  "userAgent": "axios/1.18.1",
  "userId": 1805,
  "userUniqueId": "e4f4720c-7828-4476-925d-4dd5f9deb456"
}
[VerifyToken] Request: {
  method: 'DELETE',
  url: '/899efe69-129f-4f87-9a65-cc45e2a30f3b',
  hasAuth: true
}
[VerifyToken] Token decoded: {
  userUniqueId: 'e4f4720c-7828-4476-925d-4dd5f9deb456',
  phoneNumber: '+251975975883',
  roleId: 3,
  iat: 1786368599
}
[VerifyToken] User authenticated: {
  userUniqueId: 'e4f4720c-7828-4476-925d-4dd5f9deb456',
  phoneNumber: '+251975975883',
  roleId: undefined
}
16:30:01 [[32minfo[39m]: Transaction committed
{
  "service": "ride-hailing-api",
  "environment": "development",
  "transactionId": "txn_2026-08-10 13:30:01_jzysa1ivx",
  "duration": "NaNms"
}
16:30:01 [[32minfo[39m]: API Request
{
  "service": "ride-hailing-api",
  "environment": "development",
  "type": "API_REQUEST",
  "method": "DELETE",
  "url": "/api/finance/subscriptionPlanPricing/899efe69-129f-4f87-9a65-cc45e2a30f3b",
  "statusCode": 200,
  "responseTime": "NaNms",
  "ip": "127.0.0.1",
  "userAgent": "axios/1.18.1",
  "userId": 1805,
  "userUniqueId": "e4f4720c-7828-4476-925d-4dd5f9deb456"
}
[VerifyToken] Request: { method: 'GET', url: '/', hasAuth: true }
[VerifyToken] Token decoded: {
  userUniqueId: 'e4f4720c-7828-4476-925d-4dd5f9deb456',
  phoneNumber: '+251975975883',
  roleId: 3,
  iat: 1786368599
}
[VerifyToken] User authenticated: {
  userUniqueId: 'e4f4720c-7828-4476-925d-4dd5f9deb456',
  phoneNumber: '+251975975883',
  roleId: undefined
}
16:30:01 [[32minfo[39m]: API Request
{
  "service": "ride-hailing-api",
  "environment": "development",
  "type": "API_REQUEST",
  "method": "GET",
  "url": "/api/finance/subscriptionPlanPricing",
  "statusCode": 200,
  "responseTime": "NaNms",
  "ip": "127.0.0.1",
  "userAgent": "axios/1.18.1",
  "userId": 1805,
  "userUniqueId": "e4f4720c-7828-4476-925d-4dd5f9deb456"
}
[VerifyToken] Request: { method: 'GET', url: '/', hasAuth: true }
[VerifyToken] Token decoded: {
  userUniqueId: 'e4f4720c-7828-4476-925d-4dd5f9deb456',
  phoneNumber: '+251975975883',
  roleId: 3,
  iat: 1786368599
}
[VerifyToken] User authenticated: {
  userUniqueId: 'e4f4720c-7828-4476-925d-4dd5f9deb456',
  phoneNumber: '+251975975883',
  roleId: undefined
}
16:30:01 [[32minfo[39m]: API Request
{
  "service": "ride-hailing-api",
  "environment": "development",
  "type": "API_REQUEST",
  "method": "GET",
  "url": "/api/admin/tariffRateForVehicleType",
  "statusCode": 200,
  "responseTime": "NaNms",
  "ip": "127.0.0.1",
  "userAgent": "axios/1.18.1",
  "userId": 1805,
  "userUniqueId": "e4f4720c-7828-4476-925d-4dd5f9deb456"
}
[VerifyToken] Request: { method: 'GET', url: '/', hasAuth: true }
[VerifyToken] Token decoded: {
  userUniqueId: 'e4f4720c-7828-4476-925d-4dd5f9deb456',
  phoneNumber: '+251975975883',
  roleId: 3,
  iat: 1786368599
}
[VerifyToken] User authenticated: {
  userUniqueId: 'e4f4720c-7828-4476-925d-4dd5f9deb456',
  phoneNumber: '+251975975883',
  roleId: undefined
}
16:30:01 [[32minfo[39m]: API Request
{
  "service": "ride-hailing-api",
  "environment": "development",
  "type": "API_REQUEST",
  "method": "GET",
  "url": "/api/admin/vehicleTypes",
  "statusCode": 200,
  "responseTime": "NaNms",
  "ip": "127.0.0.1",
  "userAgent": "axios/1.18.1",
  "userId": 1805,
  "userUniqueId": "e4f4720c-7828-4476-925d-4dd5f9deb456"
}
[VerifyToken] Request: { method: 'GET', url: '/', hasAuth: true }
[VerifyToken] Token decoded: {
  userUniqueId: 'e4f4720c-7828-4476-925d-4dd5f9deb456',
  phoneNumber: '+251975975883',
  roleId: 3,
  iat: 1786368599
}
[VerifyToken] User authenticated: {
  userUniqueId: 'e4f4720c-7828-4476-925d-4dd5f9deb456',
  phoneNumber: '+251975975883',
  roleId: undefined
}
16:30:01 [[32minfo[39m]: API Request
{
  "service": "ride-hailing-api",
  "environment": "development",
  "type": "API_REQUEST",
  "method": "GET",
  "url": "/api/finance/tariffRate",
  "statusCode": 200,
  "responseTime": "NaNms",
  "ip": "127.0.0.1",
  "userAgent": "axios/1.18.1",
  "userId": 1805,
  "userUniqueId": "e4f4720c-7828-4476-925d-4dd5f9deb456"
}
[VerifyToken] Request: { method: 'POST', url: '/', hasAuth: true }
[VerifyToken] Token decoded: {
  userUniqueId: 'e4f4720c-7828-4476-925d-4dd5f9deb456',
  phoneNumber: '+251975975883',
  roleId: 3,
  iat: 1786368599
}
[VerifyToken] User authenticated: {
  userUniqueId: 'e4f4720c-7828-4476-925d-4dd5f9deb456',
  phoneNumber: '+251975975883',
  roleId: undefined
}
16:30:01 [[32minfo[39m]: Transaction committed
{
  "service": "ride-hailing-api",
  "environment": "development",
  "transactionId": "txn_2026-08-10 13:30:01_ctfjvpibl",
  "duration": "NaNms"
}
16:30:01 [[32minfo[39m]: API Request
{
  "service": "ride-hailing-api",
  "environment": "development",
  "type": "API_REQUEST",
  "method": "POST",
  "url": "/api/admin/tariffRateForVehicleType",
  "statusCode": 200,
  "responseTime": "NaNms",
  "ip": "127.0.0.1",
  "userAgent": "axios/1.18.1",
  "userId": 1805,
  "userUniqueId": "e4f4720c-7828-4476-925d-4dd5f9deb456"
}
[VerifyToken] Request: { method: 'GET', url: '/', hasAuth: true }
[VerifyToken] Token decoded: {
  userUniqueId: 'e4f4720c-7828-4476-925d-4dd5f9deb456',
  phoneNumber: '+251975975883',
  roleId: 3,
  iat: 1786368599
}
[VerifyToken] User authenticated: {
  userUniqueId: 'e4f4720c-7828-4476-925d-4dd5f9deb456',
  phoneNumber: '+251975975883',
  roleId: undefined
}
16:30:01 [[32minfo[39m]: API Request
{
  "service": "ride-hailing-api",
  "environment": "development",
  "type": "API_REQUEST",
  "method": "GET",
  "url": "/api/admin/tariffRateForVehicleType",
  "statusCode": 200,
  "responseTime": "NaNms",
  "ip": "127.0.0.1",
  "userAgent": "axios/1.18.1",
  "userId": 1805,
  "userUniqueId": "e4f4720c-7828-4476-925d-4dd5f9deb456"
}
[VerifyToken] Request: {
  method: 'PUT',
  url: '/e39810e7-19cd-44da-93f2-ad152f60c00e',
  hasAuth: true
}
[VerifyToken] Token decoded: {
  userUniqueId: 'e4f4720c-7828-4476-925d-4dd5f9deb456',
  phoneNumber: '+251975975883',
  roleId: 3,
  iat: 1786368599
}
[VerifyToken] User authenticated: {
  userUniqueId: 'e4f4720c-7828-4476-925d-4dd5f9deb456',
  phoneNumber: '+251975975883',
  roleId: undefined
}
16:30:01 [[32minfo[39m]: Transaction committed
{
  "service": "ride-hailing-api",
  "environment": "development",
  "transactionId": "txn_2026-08-10 13:30:01_6mfmpyx21",
  "duration": "NaNms"
}
16:30:01 [[32minfo[39m]: API Request
{
  "service": "ride-hailing-api",
  "environment": "development",
  "type": "API_REQUEST",
  "method": "PUT",
  "url": "/api/admin/tariffRateForVehicleType/e39810e7-19cd-44da-93f2-ad152f60c00e",
  "statusCode": 200,
  "responseTime": "NaNms",
  "ip": "127.0.0.1",
  "userAgent": "axios/1.18.1",
  "userId": 1805,
  "userUniqueId": "e4f4720c-7828-4476-925d-4dd5f9deb456"
}
[VerifyToken] Request: { method: 'GET', url: '/', hasAuth: true }
[VerifyToken] Token decoded: {
  userUniqueId: 'e4f4720c-7828-4476-925d-4dd5f9deb456',
  phoneNumber: '+251975975883',
  roleId: 3,
  iat: 1786368599
}
[VerifyToken] User authenticated: {
  userUniqueId: 'e4f4720c-7828-4476-925d-4dd5f9deb456',
  phoneNumber: '+251975975883',
  roleId: undefined
}
16:30:01 [[32minfo[39m]: API Request
{
  "service": "ride-hailing-api",
  "environment": "development",
  "type": "API_REQUEST",
  "method": "GET",
  "url": "/api/admin/tariffRateForVehicleType",
  "statusCode": 200,
  "responseTime": "NaNms",
  "ip": "127.0.0.1",
  "userAgent": "axios/1.18.1",
  "userId": 1805,
  "userUniqueId": "e4f4720c-7828-4476-925d-4dd5f9deb456"
}
[VerifyToken] Request: {
  method: 'DELETE',
  url: '/e39810e7-19cd-44da-93f2-ad152f60c00e',
  hasAuth: true
}
[VerifyToken] Token decoded: {
  userUniqueId: 'e4f4720c-7828-4476-925d-4dd5f9deb456',
  phoneNumber: '+251975975883',
  roleId: 3,
  iat: 1786368599
}
[VerifyToken] User authenticated: {
  userUniqueId: 'e4f4720c-7828-4476-925d-4dd5f9deb456',
  phoneNumber: '+251975975883',
  roleId: undefined
}
16:30:01 [[32minfo[39m]: Transaction committed
{
  "service": "ride-hailing-api",
  "environment": "development",
  "transactionId": "txn_2026-08-10 13:30:01_nxtsbx16q",
  "duration": "NaNms"
}
16:30:01 [[32minfo[39m]: API Request
{
  "service": "ride-hailing-api",
  "environment": "development",
  "type": "API_REQUEST",
  "method": "DELETE",
  "url": "/api/admin/tariffRateForVehicleType/e39810e7-19cd-44da-93f2-ad152f60c00e",
  "statusCode": 200,
  "responseTime": "NaNms",
  "ip": "127.0.0.1",
  "userAgent": "axios/1.18.1",
  "userId": 1805,
  "userUniqueId": "e4f4720c-7828-4476-925d-4dd5f9deb456"
}
[VerifyToken] Request: { method: 'GET', url: '/', hasAuth: true }
[VerifyToken] Token decoded: {
  userUniqueId: 'e4f4720c-7828-4476-925d-4dd5f9deb456',
  phoneNumber: '+251975975883',
  roleId: 3,
  iat: 1786368599
}
[VerifyToken] User authenticated: {
  userUniqueId: 'e4f4720c-7828-4476-925d-4dd5f9deb456',
  phoneNumber: '+251975975883',
  roleId: undefined
}
16:30:01 [[32minfo[39m]: API Request
{
  "service": "ride-hailing-api",
  "environment": "development",
  "type": "API_REQUEST",
  "method": "GET",
  "url": "/api/admin/tariffRateForVehicleType",
  "statusCode": 200,
  "responseTime": "NaNms",
  "ip": "127.0.0.1",
  "userAgent": "axios/1.18.1",
  "userId": 1805,
  "userUniqueId": "e4f4720c-7828-4476-925d-4dd5f9deb456"
}
[VerifyToken] Request: { method: 'GET', url: '/', hasAuth: true }
[VerifyToken] Token decoded: {
  userUniqueId: 'e4f4720c-7828-4476-925d-4dd5f9deb456',
  phoneNumber: '+251975975883',
  roleId: 3,
  iat: 1786368599
}
[VerifyToken] User authenticated: {
  userUniqueId: 'e4f4720c-7828-4476-925d-4dd5f9deb456',
  phoneNumber: '+251975975883',
  roleId: undefined
}
16:30:01 [[32minfo[39m]: API Request
{
  "service": "ride-hailing-api",
  "environment": "development",
  "type": "API_REQUEST",
  "method": "GET",
  "url": "/api/admin/roles",
  "statusCode": 200,
  "responseTime": "NaNms",
  "ip": "127.0.0.1",
  "userAgent": "axios/1.18.1",
  "userId": 1805,
  "userUniqueId": "e4f4720c-7828-4476-925d-4dd5f9deb456"
}
[VerifyToken] Request: { method: 'POST', url: '/', hasAuth: true }
[VerifyToken] Token decoded: {
  userUniqueId: 'e4f4720c-7828-4476-925d-4dd5f9deb456',
  phoneNumber: '+251975975883',
  roleId: 3,
  iat: 1786368599
}
[VerifyToken] User authenticated: {
  userUniqueId: 'e4f4720c-7828-4476-925d-4dd5f9deb456',
  phoneNumber: '+251975975883',
  roleId: undefined
}
16:30:01 [[32minfo[39m]: Transaction committed
{
  "service": "ride-hailing-api",
  "environment": "development",
  "transactionId": "txn_2026-08-10 13:30:01_v1hkc0m6p",
  "duration": "NaNms"
}
16:30:01 [[32minfo[39m]: API Request
{
  "service": "ride-hailing-api",
  "environment": "development",
  "type": "API_REQUEST",
  "method": "POST",
  "url": "/api/admin/roles",
  "statusCode": 200,
  "responseTime": "NaNms",
  "ip": "127.0.0.1",
  "userAgent": "axios/1.18.1",
  "userId": 1805,
  "userUniqueId": "e4f4720c-7828-4476-925d-4dd5f9deb456"
}
[VerifyToken] Request: {
  method: 'PUT',
  url: '/3fd181ab-e42d-4839-8703-7e53b07b57c0',
  hasAuth: true
}
[VerifyToken] Token decoded: {
  userUniqueId: 'e4f4720c-7828-4476-925d-4dd5f9deb456',
  phoneNumber: '+251975975883',
  roleId: 3,
  iat: 1786368599
}
[VerifyToken] User authenticated: {
  userUniqueId: 'e4f4720c-7828-4476-925d-4dd5f9deb456',
  phoneNumber: '+251975975883',
  roleId: undefined
}
16:30:01 [[32minfo[39m]: Transaction committed
{
  "service": "ride-hailing-api",
  "environment": "development",
  "transactionId": "txn_2026-08-10 13:30:01_w36vhn2t2",
  "duration": "NaNms"
}
16:30:01 [[32minfo[39m]: API Request
{
  "service": "ride-hailing-api",
  "environment": "development",
  "type": "API_REQUEST",
  "method": "PUT",
  "url": "/api/admin/roles/3fd181ab-e42d-4839-8703-7e53b07b57c0",
  "statusCode": 200,
  "responseTime": "NaNms",
  "ip": "127.0.0.1",
  "userAgent": "axios/1.18.1",
  "userId": 1805,
  "userUniqueId": "e4f4720c-7828-4476-925d-4dd5f9deb456"
}
[VerifyToken] Request: {
  method: 'DELETE',
  url: '/3fd181ab-e42d-4839-8703-7e53b07b57c0',
  hasAuth: true
}
[VerifyToken] Token decoded: {
  userUniqueId: 'e4f4720c-7828-4476-925d-4dd5f9deb456',
  phoneNumber: '+251975975883',
  roleId: 3,
  iat: 1786368599
}
[VerifyToken] User authenticated: {
  userUniqueId: 'e4f4720c-7828-4476-925d-4dd5f9deb456',
  phoneNumber: '+251975975883',
  roleId: undefined
}
16:30:01 [[32minfo[39m]: Transaction committed
{
  "service": "ride-hailing-api",
  "environment": "development",
  "transactionId": "txn_2026-08-10 13:30:01_tmdeq9ym2",
  "duration": "NaNms"
}
16:30:01 [[32minfo[39m]: API Request
{
  "service": "ride-hailing-api",
  "environment": "development",
  "type": "API_REQUEST",
  "method": "DELETE",
  "url": "/api/admin/roles/3fd181ab-e42d-4839-8703-7e53b07b57c0",
  "statusCode": 200,
  "responseTime": "NaNms",
  "ip": "127.0.0.1",
  "userAgent": "axios/1.18.1",
  "userId": 1805,
  "userUniqueId": "e4f4720c-7828-4476-925d-4dd5f9deb456"
}
[VerifyToken] Request: { method: 'GET', url: '/', hasAuth: true }
[VerifyToken] Token decoded: {
  userUniqueId: 'e4f4720c-7828-4476-925d-4dd5f9deb456',
  phoneNumber: '+251975975883',
  roleId: 3,
  iat: 1786368599
}
[VerifyToken] User authenticated: {
  userUniqueId: 'e4f4720c-7828-4476-925d-4dd5f9deb456',
  phoneNumber: '+251975975883',
  roleId: undefined
}
16:30:01 [[32minfo[39m]: API Request
{
  "service": "ride-hailing-api",
  "environment": "development",
  "type": "API_REQUEST",
  "method": "GET",
  "url": "/api/admin/roles",
  "statusCode": 200,
  "responseTime": "NaNms",
  "ip": "127.0.0.1",
  "userAgent": "axios/1.18.1",
  "userId": 1805,
  "userUniqueId": "e4f4720c-7828-4476-925d-4dd5f9deb456"
}
[VerifyToken] Request: { method: 'GET', url: '/smsSender', hasAuth: true }
[VerifyToken] Token decoded: {
  userUniqueId: 'e4f4720c-7828-4476-925d-4dd5f9deb456',
  phoneNumber: '+251975975883',
  roleId: 3,
  iat: 1786368599
}
[VerifyToken] User authenticated: {
  userUniqueId: 'e4f4720c-7828-4476-925d-4dd5f9deb456',
  phoneNumber: '+251975975883',
  roleId: undefined
}
16:30:01 [[32minfo[39m]: API Request
{
  "service": "ride-hailing-api",
  "environment": "development",
  "type": "API_REQUEST",
  "method": "GET",
  "url": "/smsSender",
  "statusCode": 200,
  "responseTime": "NaNms",
  "ip": "127.0.0.1",
  "userAgent": "axios/1.18.1",
  "userId": 1805,
  "userUniqueId": "e4f4720c-7828-4476-925d-4dd5f9deb456"
}
[VerifyToken] Request: { method: 'POST', url: '/smsSender', hasAuth: true }
[VerifyToken] Token decoded: {
  userUniqueId: 'e4f4720c-7828-4476-925d-4dd5f9deb456',
  phoneNumber: '+251975975883',
  roleId: 3,
  iat: 1786368599
}
[VerifyToken] User authenticated: {
  userUniqueId: 'e4f4720c-7828-4476-925d-4dd5f9deb456',
  phoneNumber: '+251975975883',
  roleId: undefined
}
16:30:02 [[32minfo[39m]: Transaction committed
{
  "service": "ride-hailing-api",
  "environment": "development",
  "transactionId": "txn_2026-08-10 13:30:01_7eb69wiec",
  "duration": "NaNms"
}
16:30:02 [[32minfo[39m]: API Request
{
  "service": "ride-hailing-api",
  "environment": "development",
  "type": "API_REQUEST",
  "method": "POST",
  "url": "/smsSender",
  "statusCode": 200,
  "responseTime": "NaNms",
  "ip": "127.0.0.1",
  "userAgent": "axios/1.18.1",
  "userId": 1805,
  "userUniqueId": "e4f4720c-7828-4476-925d-4dd5f9deb456"
}
[VerifyToken] Request: { method: 'GET', url: '/smsSender', hasAuth: true }
[VerifyToken] Token decoded: {
  userUniqueId: 'e4f4720c-7828-4476-925d-4dd5f9deb456',
  phoneNumber: '+251975975883',
  roleId: 3,
  iat: 1786368599
}
[VerifyToken] User authenticated: {
  userUniqueId: 'e4f4720c-7828-4476-925d-4dd5f9deb456',
  phoneNumber: '+251975975883',
  roleId: undefined
}
16:30:02 [[32minfo[39m]: API Request
{
  "service": "ride-hailing-api",
  "environment": "development",
  "type": "API_REQUEST",
  "method": "GET",
  "url": "/smsSender",
  "statusCode": 200,
  "responseTime": "NaNms",
  "ip": "127.0.0.1",
  "userAgent": "axios/1.18.1",
  "userId": 1805,
  "userUniqueId": "e4f4720c-7828-4476-925d-4dd5f9deb456"
}
[VerifyToken] Request: { method: 'GET', url: '/smsSender/207', hasAuth: true }
[VerifyToken] Token decoded: {
  userUniqueId: 'e4f4720c-7828-4476-925d-4dd5f9deb456',
  phoneNumber: '+251975975883',
  roleId: 3,
  iat: 1786368599
}
[VerifyToken] User authenticated: {
  userUniqueId: 'e4f4720c-7828-4476-925d-4dd5f9deb456',
  phoneNumber: '+251975975883',
  roleId: undefined
}
16:30:02 [[32minfo[39m]: API Request
{
  "service": "ride-hailing-api",
  "environment": "development",
  "type": "API_REQUEST",
  "method": "GET",
  "url": "/smsSender/207",
  "statusCode": 200,
  "responseTime": "NaNms",
  "ip": "127.0.0.1",
  "userAgent": "axios/1.18.1",
  "userId": 1805,
  "userUniqueId": "e4f4720c-7828-4476-925d-4dd5f9deb456"
}
[VerifyToken] Request: { method: 'PUT', url: '/smsSender/207', hasAuth: true }
[VerifyToken] Token decoded: {
  userUniqueId: 'e4f4720c-7828-4476-925d-4dd5f9deb456',
  phoneNumber: '+251975975883',
  roleId: 3,
  iat: 1786368599
}
[VerifyToken] User authenticated: {
  userUniqueId: 'e4f4720c-7828-4476-925d-4dd5f9deb456',
  phoneNumber: '+251975975883',
  roleId: undefined
}
16:30:02 [[32minfo[39m]: Transaction committed
{
  "service": "ride-hailing-api",
  "environment": "development",
  "transactionId": "txn_2026-08-10 13:30:02_81n05bjso",
  "duration": "NaNms"
}
16:30:02 [[32minfo[39m]: API Request
{
  "service": "ride-hailing-api",
  "environment": "development",
  "type": "API_REQUEST",
  "method": "PUT",
  "url": "/smsSender/207",
  "statusCode": 200,
  "responseTime": "NaNms",
  "ip": "127.0.0.1",
  "userAgent": "axios/1.18.1",
  "userId": 1805,
  "userUniqueId": "e4f4720c-7828-4476-925d-4dd5f9deb456"
}
[VerifyToken] Request: { method: 'GET', url: '/smsSender', hasAuth: true }
[VerifyToken] Token decoded: {
  userUniqueId: 'e4f4720c-7828-4476-925d-4dd5f9deb456',
  phoneNumber: '+251975975883',
  roleId: 3,
  iat: 1786368599
}
[VerifyToken] User authenticated: {
  userUniqueId: 'e4f4720c-7828-4476-925d-4dd5f9deb456',
  phoneNumber: '+251975975883',
  roleId: undefined
}
16:30:02 [[32minfo[39m]: API Request
{
  "service": "ride-hailing-api",
  "environment": "development",
  "type": "API_REQUEST",
  "method": "GET",
  "url": "/smsSender",
  "statusCode": 200,
  "responseTime": "NaNms",
  "ip": "127.0.0.1",
  "userAgent": "axios/1.18.1",
  "userId": 1805,
  "userUniqueId": "e4f4720c-7828-4476-925d-4dd5f9deb456"
}
[VerifyToken] Request: { method: 'DELETE', url: '/smsSender/207', hasAuth: true }
[VerifyToken] Token decoded: {
  userUniqueId: 'e4f4720c-7828-4476-925d-4dd5f9deb456',
  phoneNumber: '+251975975883',
  roleId: 3,
  iat: 1786368599
}
[VerifyToken] User authenticated: {
  userUniqueId: 'e4f4720c-7828-4476-925d-4dd5f9deb456',
  phoneNumber: '+251975975883',
  roleId: undefined
}
16:30:02 [[32minfo[39m]: Transaction committed
{
  "service": "ride-hailing-api",
  "environment": "development",
  "transactionId": "txn_2026-08-10 13:30:02_hqc6d8crf",
  "duration": "NaNms"
}
16:30:02 [[32minfo[39m]: API Request
{
  "service": "ride-hailing-api",
  "environment": "development",
  "type": "API_REQUEST",
  "method": "DELETE",
  "url": "/smsSender/207",
  "statusCode": 200,
  "responseTime": "NaNms",
  "ip": "127.0.0.1",
  "userAgent": "axios/1.18.1",
  "userId": 1805,
  "userUniqueId": "e4f4720c-7828-4476-925d-4dd5f9deb456"
}
[VerifyToken] Request: { method: 'GET', url: '/smsSender', hasAuth: true }
[VerifyToken] Token decoded: {
  userUniqueId: 'e4f4720c-7828-4476-925d-4dd5f9deb456',
  phoneNumber: '+251975975883',
  roleId: 3,
  iat: 1786368599
}
[VerifyToken] User authenticated: {
  userUniqueId: 'e4f4720c-7828-4476-925d-4dd5f9deb456',
  phoneNumber: '+251975975883',
  roleId: undefined
}
16:30:02 [[32minfo[39m]: API Request
{
  "service": "ride-hailing-api",
  "environment": "development",
  "type": "API_REQUEST",
  "method": "GET",
  "url": "/smsSender",
  "statusCode": 200,
  "responseTime": "NaNms",
  "ip": "127.0.0.1",
  "userAgent": "axios/1.18.1",
  "userId": 1805,
  "userUniqueId": "e4f4720c-7828-4476-925d-4dd5f9deb456"
}
[VerifyToken] Request: { method: 'GET', url: '/', hasAuth: true }
[VerifyToken] Token decoded: {
  userUniqueId: 'e4f4720c-7828-4476-925d-4dd5f9deb456',
  phoneNumber: '+251975975883',
  roleId: 3,
  iat: 1786368599
}
[VerifyToken] User authenticated: {
  userUniqueId: 'e4f4720c-7828-4476-925d-4dd5f9deb456',
  phoneNumber: '+251975975883',
  roleId: undefined
}
16:30:02 [[32minfo[39m]: API Request
{
  "service": "ride-hailing-api",
  "environment": "development",
  "type": "API_REQUEST",
  "method": "GET",
  "url": "/api/company/roles",
  "statusCode": 200,
  "responseTime": "NaNms",
  "ip": "127.0.0.1",
  "userAgent": "axios/1.18.1",
  "userId": 1805,
  "userUniqueId": "e4f4720c-7828-4476-925d-4dd5f9deb456"
}
[VerifyToken] Request: { method: 'POST', url: '/', hasAuth: true }
[VerifyToken] Token decoded: {
  userUniqueId: 'e4f4720c-7828-4476-925d-4dd5f9deb456',
  phoneNumber: '+251975975883',
  roleId: 3,
  iat: 1786368599
}
[VerifyToken] User authenticated: {
  userUniqueId: 'e4f4720c-7828-4476-925d-4dd5f9deb456',
  phoneNumber: '+251975975883',
  roleId: undefined
}
16:30:02 [[32minfo[39m]: Transaction committed
{
  "service": "ride-hailing-api",
  "environment": "development",
  "transactionId": "txn_2026-08-10 13:30:02_bc71aeu49",
  "duration": "NaNms"
}
16:30:02 [[32minfo[39m]: API Request
{
  "service": "ride-hailing-api",
  "environment": "development",
  "type": "API_REQUEST",
  "method": "POST",
  "url": "/api/company/roles",
  "statusCode": 200,
  "responseTime": "NaNms",
  "ip": "127.0.0.1",
  "userAgent": "axios/1.18.1",
  "userId": 1805,
  "userUniqueId": "e4f4720c-7828-4476-925d-4dd5f9deb456"
}
[VerifyToken] Request: { method: 'GET', url: '/', hasAuth: true }
[VerifyToken] Token decoded: {
  userUniqueId: 'e4f4720c-7828-4476-925d-4dd5f9deb456',
  phoneNumber: '+251975975883',
  roleId: 3,
  iat: 1786368599
}
[VerifyToken] User authenticated: {
  userUniqueId: 'e4f4720c-7828-4476-925d-4dd5f9deb456',
  phoneNumber: '+251975975883',
  roleId: undefined
}
16:30:02 [[32minfo[39m]: API Request
{
  "service": "ride-hailing-api",
  "environment": "development",
  "type": "API_REQUEST",
  "method": "GET",
  "url": "/api/company/roles",
  "statusCode": 200,
  "responseTime": "NaNms",
  "ip": "127.0.0.1",
  "userAgent": "axios/1.18.1",
  "userId": 1805,
  "userUniqueId": "e4f4720c-7828-4476-925d-4dd5f9deb456"
}
[VerifyToken] Request: {
  method: 'GET',
  url: '/37b16637-ba2d-499e-97c9-1b378f4351e7',
  hasAuth: true
}
[VerifyToken] Token decoded: {
  userUniqueId: 'e4f4720c-7828-4476-925d-4dd5f9deb456',
  phoneNumber: '+251975975883',
  roleId: 3,
  iat: 1786368599
}
[VerifyToken] User authenticated: {
  userUniqueId: 'e4f4720c-7828-4476-925d-4dd5f9deb456',
  phoneNumber: '+251975975883',
  roleId: undefined
}
16:30:02 [[32minfo[39m]: API Request
{
  "service": "ride-hailing-api",
  "environment": "development",
  "type": "API_REQUEST",
  "method": "GET",
  "url": "/api/company/roles/37b16637-ba2d-499e-97c9-1b378f4351e7",
  "statusCode": 200,
  "responseTime": "NaNms",
  "ip": "127.0.0.1",
  "userAgent": "axios/1.18.1",
  "userId": 1805,
  "userUniqueId": "e4f4720c-7828-4476-925d-4dd5f9deb456"
}
[VerifyToken] Request: {
  method: 'PUT',
  url: '/37b16637-ba2d-499e-97c9-1b378f4351e7',
  hasAuth: true
}
[VerifyToken] Token decoded: {
  userUniqueId: 'e4f4720c-7828-4476-925d-4dd5f9deb456',
  phoneNumber: '+251975975883',
  roleId: 3,
  iat: 1786368599
}
[VerifyToken] User authenticated: {
  userUniqueId: 'e4f4720c-7828-4476-925d-4dd5f9deb456',
  phoneNumber: '+251975975883',
  roleId: undefined
}
16:30:02 [[32minfo[39m]: Transaction committed
{
  "service": "ride-hailing-api",
  "environment": "development",
  "transactionId": "txn_2026-08-10 13:30:02_txb5xhxdn",
  "duration": "NaNms"
}
16:30:02 [[32minfo[39m]: API Request
{
  "service": "ride-hailing-api",
  "environment": "development",
  "type": "API_REQUEST",
  "method": "PUT",
  "url": "/api/company/roles/37b16637-ba2d-499e-97c9-1b378f4351e7",
  "statusCode": 200,
  "responseTime": "NaNms",
  "ip": "127.0.0.1",
  "userAgent": "axios/1.18.1",
  "userId": 1805,
  "userUniqueId": "e4f4720c-7828-4476-925d-4dd5f9deb456"
}
[VerifyToken] Request: { method: 'GET', url: '/', hasAuth: true }
[VerifyToken] Token decoded: {
  userUniqueId: 'e4f4720c-7828-4476-925d-4dd5f9deb456',
  phoneNumber: '+251975975883',
  roleId: 3,
  iat: 1786368599
}
[VerifyToken] User authenticated: {
  userUniqueId: 'e4f4720c-7828-4476-925d-4dd5f9deb456',
  phoneNumber: '+251975975883',
  roleId: undefined
}
16:30:02 [[32minfo[39m]: API Request
{
  "service": "ride-hailing-api",
  "environment": "development",
  "type": "API_REQUEST",
  "method": "GET",
  "url": "/api/company/roles",
  "statusCode": 200,
  "responseTime": "NaNms",
  "ip": "127.0.0.1",
  "userAgent": "axios/1.18.1",
  "userId": 1805,
  "userUniqueId": "e4f4720c-7828-4476-925d-4dd5f9deb456"
}
[VerifyToken] Request: {
  method: 'DELETE',
  url: '/37b16637-ba2d-499e-97c9-1b378f4351e7',
  hasAuth: true
}
[VerifyToken] Token decoded: {
  userUniqueId: 'e4f4720c-7828-4476-925d-4dd5f9deb456',
  phoneNumber: '+251975975883',
  roleId: 3,
  iat: 1786368599
}
[VerifyToken] User authenticated: {
  userUniqueId: 'e4f4720c-7828-4476-925d-4dd5f9deb456',
  phoneNumber: '+251975975883',
  roleId: undefined
}
16:30:02 [[32minfo[39m]: Transaction committed
{
  "service": "ride-hailing-api",
  "environment": "development",
  "transactionId": "txn_2026-08-10 13:30:02_rfw2hexwk",
  "duration": "NaNms"
}
16:30:02 [[32minfo[39m]: API Request
{
  "service": "ride-hailing-api",
  "environment": "development",
  "type": "API_REQUEST",
  "method": "DELETE",
  "url": "/api/company/roles/37b16637-ba2d-499e-97c9-1b378f4351e7",
  "statusCode": 200,
  "responseTime": "NaNms",
  "ip": "127.0.0.1",
  "userAgent": "axios/1.18.1",
  "userId": 1805,
  "userUniqueId": "e4f4720c-7828-4476-925d-4dd5f9deb456"
}
[VerifyToken] Request: { method: 'GET', url: '/', hasAuth: true }
[VerifyToken] Token decoded: {
  userUniqueId: 'e4f4720c-7828-4476-925d-4dd5f9deb456',
  phoneNumber: '+251975975883',
  roleId: 3,
  iat: 1786368599
}
[VerifyToken] User authenticated: {
  userUniqueId: 'e4f4720c-7828-4476-925d-4dd5f9deb456',
  phoneNumber: '+251975975883',
  roleId: undefined
}
16:30:02 [[32minfo[39m]: API Request
{
  "service": "ride-hailing-api",
  "environment": "development",
  "type": "API_REQUEST",
  "method": "GET",
  "url": "/api/company/roles",
  "statusCode": 200,
  "responseTime": "NaNms",
  "ip": "127.0.0.1",
  "userAgent": "axios/1.18.1",
  "userId": 1805,
  "userUniqueId": "e4f4720c-7828-4476-925d-4dd5f9deb456"
}
[VerifyToken] Request: { method: 'GET', url: '/', hasAuth: true }
[VerifyToken] Token decoded: {
  userUniqueId: 'e4f4720c-7828-4476-925d-4dd5f9deb456',
  phoneNumber: '+251975975883',
  roleId: 3,
  iat: 1786368599
}
[VerifyToken] User authenticated: {
  userUniqueId: 'e4f4720c-7828-4476-925d-4dd5f9deb456',
  phoneNumber: '+251975975883',
  roleId: undefined
}
16:30:02 [[32minfo[39m]: API Request
{
  "service": "ride-hailing-api",
  "environment": "development",
  "type": "API_REQUEST",
  "method": "GET",
  "url": "/api/vehicleStatus",
  "statusCode": 200,
  "responseTime": "NaNms",
  "ip": "127.0.0.1",
  "userAgent": "axios/1.18.1",
  "userId": 1805,
  "userUniqueId": "e4f4720c-7828-4476-925d-4dd5f9deb456"
}
[VerifyToken] Request: { method: 'POST', url: '/', hasAuth: true }
[VerifyToken] Token decoded: {
  userUniqueId: 'e4f4720c-7828-4476-925d-4dd5f9deb456',
  phoneNumber: '+251975975883',
  roleId: 3,
  iat: 1786368599
}
[VerifyToken] User authenticated: {
  userUniqueId: 'e4f4720c-7828-4476-925d-4dd5f9deb456',
  phoneNumber: '+251975975883',
  roleId: undefined
}
16:30:02 [[32minfo[39m]: Transaction committed
{
  "service": "ride-hailing-api",
  "environment": "development",
  "transactionId": "txn_2026-08-10 13:30:02_ez25nnvau",
  "duration": "NaNms"
}
16:30:02 [[32minfo[39m]: API Request
{
  "service": "ride-hailing-api",
  "environment": "development",
  "type": "API_REQUEST",
  "method": "POST",
  "url": "/api/vehicleStatus",
  "statusCode": 201,
  "responseTime": "NaNms",
  "ip": "127.0.0.1",
  "userAgent": "axios/1.18.1",
  "userId": 1805,
  "userUniqueId": "e4f4720c-7828-4476-925d-4dd5f9deb456"
}
[VerifyToken] Request: { method: 'GET', url: '/', hasAuth: true }
[VerifyToken] Token decoded: {
  userUniqueId: 'e4f4720c-7828-4476-925d-4dd5f9deb456',
  phoneNumber: '+251975975883',
  roleId: 3,
  iat: 1786368599
}
[VerifyToken] User authenticated: {
  userUniqueId: 'e4f4720c-7828-4476-925d-4dd5f9deb456',
  phoneNumber: '+251975975883',
  roleId: undefined
}
16:30:02 [[32minfo[39m]: API Request
{
  "service": "ride-hailing-api",
  "environment": "development",
  "type": "API_REQUEST",
  "method": "GET",
  "url": "/api/vehicleStatus",
  "statusCode": 200,
  "responseTime": "NaNms",
  "ip": "127.0.0.1",
  "userAgent": "axios/1.18.1",
  "userId": 1805,
  "userUniqueId": "e4f4720c-7828-4476-925d-4dd5f9deb456"
}
[VerifyToken] Request: {
  method: 'PUT',
  url: '/8b35645c-5e48-4581-bfa1-b182b754342c',
  hasAuth: true
}
[VerifyToken] Token decoded: {
  userUniqueId: 'e4f4720c-7828-4476-925d-4dd5f9deb456',
  phoneNumber: '+251975975883',
  roleId: 3,
  iat: 1786368599
}
[VerifyToken] User authenticated: {
  userUniqueId: 'e4f4720c-7828-4476-925d-4dd5f9deb456',
  phoneNumber: '+251975975883',
  roleId: undefined
}
16:30:02 [[32minfo[39m]: Transaction committed
{
  "service": "ride-hailing-api",
  "environment": "development",
  "transactionId": "txn_2026-08-10 13:30:02_52pldtw2r",
  "duration": "NaNms"
}
16:30:02 [[32minfo[39m]: API Request
{
  "service": "ride-hailing-api",
  "environment": "development",
  "type": "API_REQUEST",
  "method": "PUT",
  "url": "/api/vehicleStatus/8b35645c-5e48-4581-bfa1-b182b754342c",
  "statusCode": 200,
  "responseTime": "NaNms",
  "ip": "127.0.0.1",
  "userAgent": "axios/1.18.1",
  "userId": 1805,
  "userUniqueId": "e4f4720c-7828-4476-925d-4dd5f9deb456"
}
[VerifyToken] Request: { method: 'GET', url: '/', hasAuth: true }
[VerifyToken] Token decoded: {
  userUniqueId: 'e4f4720c-7828-4476-925d-4dd5f9deb456',
  phoneNumber: '+251975975883',
  roleId: 3,
  iat: 1786368599
}
[VerifyToken] User authenticated: {
  userUniqueId: 'e4f4720c-7828-4476-925d-4dd5f9deb456',
  phoneNumber: '+251975975883',
  roleId: undefined
}
16:30:02 [[32minfo[39m]: API Request
{
  "service": "ride-hailing-api",
  "environment": "development",
  "type": "API_REQUEST",
  "method": "GET",
  "url": "/api/vehicleStatus",
  "statusCode": 200,
  "responseTime": "NaNms",
  "ip": "127.0.0.1",
  "userAgent": "axios/1.18.1",
  "userId": 1805,
  "userUniqueId": "e4f4720c-7828-4476-925d-4dd5f9deb456"
}
[VerifyToken] Request: {
  method: 'DELETE',
  url: '/8b35645c-5e48-4581-bfa1-b182b754342c',
  hasAuth: true
}
[VerifyToken] Token decoded: {
  userUniqueId: 'e4f4720c-7828-4476-925d-4dd5f9deb456',
  phoneNumber: '+251975975883',
  roleId: 3,
  iat: 1786368599
}
[VerifyToken] User authenticated: {
  userUniqueId: 'e4f4720c-7828-4476-925d-4dd5f9deb456',
  phoneNumber: '+251975975883',
  roleId: undefined
}
16:30:02 [[32minfo[39m]: Transaction committed
{
  "service": "ride-hailing-api",
  "environment": "development",
  "transactionId": "txn_2026-08-10 13:30:02_sxjajn3hz",
  "duration": "NaNms"
}
16:30:02 [[32minfo[39m]: API Request
{
  "service": "ride-hailing-api",
  "environment": "development",
  "type": "API_REQUEST",
  "method": "DELETE",
  "url": "/api/vehicleStatus/8b35645c-5e48-4581-bfa1-b182b754342c",
  "statusCode": 200,
  "responseTime": "NaNms",
  "ip": "127.0.0.1",
  "userAgent": "axios/1.18.1",
  "userId": 1805,
  "userUniqueId": "e4f4720c-7828-4476-925d-4dd5f9deb456"
}
[VerifyToken] Request: { method: 'GET', url: '/', hasAuth: true }
[VerifyToken] Token decoded: {
  userUniqueId: 'e4f4720c-7828-4476-925d-4dd5f9deb456',
  phoneNumber: '+251975975883',
  roleId: 3,
  iat: 1786368599
}
[VerifyToken] User authenticated: {
  userUniqueId: 'e4f4720c-7828-4476-925d-4dd5f9deb456',
  phoneNumber: '+251975975883',
  roleId: undefined
}
16:30:02 [[32minfo[39m]: API Request
{
  "service": "ride-hailing-api",
  "environment": "development",
  "type": "API_REQUEST",
  "method": "GET",
  "url": "/api/vehicleStatus",
  "statusCode": 200,
  "responseTime": "NaNms",
  "ip": "127.0.0.1",
  "userAgent": "axios/1.18.1",
  "userId": 1805,
  "userUniqueId": "e4f4720c-7828-4476-925d-4dd5f9deb456"
}
[VerifyToken] Request: { method: 'GET', url: '/', hasAuth: true }
[VerifyToken] Token decoded: {
  userUniqueId: 'e4f4720c-7828-4476-925d-4dd5f9deb456',
  phoneNumber: '+251975975883',
  roleId: 3,
  iat: 1786368599
}
[VerifyToken] User authenticated: {
  userUniqueId: 'e4f4720c-7828-4476-925d-4dd5f9deb456',
  phoneNumber: '+251975975883',
  roleId: undefined
}
16:30:02 [[32minfo[39m]: API Request
{
  "service": "ride-hailing-api",
  "environment": "development",
  "type": "API_REQUEST",
  "method": "GET",
  "url": "/api/finance/userRefund",
  "statusCode": 200,
  "responseTime": "NaNms",
  "ip": "127.0.0.1",
  "userAgent": "axios/1.18.1",
  "userId": 1805,
  "userUniqueId": "e4f4720c-7828-4476-925d-4dd5f9deb456"
}
[VerifyToken] Request: {
  method: 'POST',
  url: '/e590af62-28fb-49cd-ab29-d5e2d2c8f991',
  hasAuth: true
}
[VerifyToken] Token decoded: {
  userUniqueId: 'e590af62-28fb-49cd-ab29-d5e2d2c8f991',
  phoneNumber: '+251995975881',
  roleId: 2,
  iat: 1786368600
}
[VerifyToken] User authenticated: {
  userUniqueId: 'e590af62-28fb-49cd-ab29-d5e2d2c8f991',
  phoneNumber: '+251995975881',
  roleId: undefined
}
16:30:02 [[31merror[39m]: Redis connection error
Error: Stream isn't writeable and enableOfflineQueue options is false
    at EventEmitter.sendCommand (/Users/zewedu/Desktop/Projects/transportBackEndNative/node_modules/ioredis/built/Redis.js:376:32)
    at EventEmitter.keys (/Users/zewedu/Desktop/Projects/transportBackEndNative/node_modules/ioredis/built/utils/Commander.js:90:25)
    at sendSocketIONotificationToAdmin (/Users/zewedu/Desktop/Projects/transportBackEndNative/Utils/Notifications.js:151:26)
    at Object.createUserRefund (/Users/zewedu/Desktop/Projects/transportBackEndNative/Services/UserRefund.service.js:98:3)
    at process.processTicksAndRejections (node:internal/process/task_queues:105:5)
    at async /Users/zewedu/Desktop/Projects/transportBackEndNative/Controllers/UserRefund.controller.js:18:14
    at async /Users/zewedu/Desktop/Projects/transportBackEndNative/Utils/DatabaseTransaction.js:101:14
    at async executeInTransaction (/Users/zewedu/Desktop/Projects/transportBackEndNative/Utils/DatabaseTransaction.js:99:20)
    at async exports.createUserRefund (/Users/zewedu/Desktop/Projects/transportBackEndNative/Controllers/UserRefund.controller.js:17:20)
{
  "service": "ride-hailing-api",
  "environment": "development",
  "error": "Stream isn't writeable and enableOfflineQueue options is false"
}
16:30:02 [[32minfo[39m]: Transaction committed
{
  "service": "ride-hailing-api",
  "environment": "development",
  "transactionId": "txn_2026-08-10 13:30:02_h2zy2nt43",
  "duration": "NaNms"
}
16:30:02 [[32minfo[39m]: API Request
{
  "service": "ride-hailing-api",
  "environment": "development",
  "type": "API_REQUEST",
  "method": "POST",
  "url": "/api/finance/userRefund/e590af62-28fb-49cd-ab29-d5e2d2c8f991",
  "statusCode": 200,
  "responseTime": "NaNms",
  "ip": "127.0.0.1",
  "userAgent": "axios/1.18.1",
  "userId": 1808,
  "userUniqueId": "e590af62-28fb-49cd-ab29-d5e2d2c8f991"
}
[VerifyToken] Request: { method: 'GET', url: '/', hasAuth: true }
[VerifyToken] Token decoded: {
  userUniqueId: 'e4f4720c-7828-4476-925d-4dd5f9deb456',
  phoneNumber: '+251975975883',
  roleId: 3,
  iat: 1786368599
}
[VerifyToken] User authenticated: {
  userUniqueId: 'e4f4720c-7828-4476-925d-4dd5f9deb456',
  phoneNumber: '+251975975883',
  roleId: undefined
}
16:30:02 [[32minfo[39m]: API Request
{
  "service": "ride-hailing-api",
  "environment": "development",
  "type": "API_REQUEST",
  "method": "GET",
  "url": "/api/finance/userRefund",
  "statusCode": 200,
  "responseTime": "NaNms",
  "ip": "127.0.0.1",
  "userAgent": "axios/1.18.1",
  "userId": 1805,
  "userUniqueId": "e4f4720c-7828-4476-925d-4dd5f9deb456"
}
[VerifyToken] Request: {
  method: 'PATCH',
  url: '/5806986d-c58d-49e3-bd1e-54933be1d8ca',
  hasAuth: true
}
[VerifyToken] Token decoded: {
  userUniqueId: 'e4f4720c-7828-4476-925d-4dd5f9deb456',
  phoneNumber: '+251975975883',
  roleId: 3,
  iat: 1786368599
}
[VerifyToken] User authenticated: {
  userUniqueId: 'e4f4720c-7828-4476-925d-4dd5f9deb456',
  phoneNumber: '+251975975883',
  roleId: undefined
}
16:30:02 [[33mwarn[39m]: Skipping driver notification: invalid or missing phone number
{
  "service": "ride-hailing-api",
  "environment": "development"
}
16:30:02 [[32minfo[39m]: Transaction committed
{
  "service": "ride-hailing-api",
  "environment": "development",
  "transactionId": "txn_2026-08-10 13:30:02_2ltqa01n4",
  "duration": "NaNms"
}
16:30:02 [[32minfo[39m]: API Request
{
  "service": "ride-hailing-api",
  "environment": "development",
  "type": "API_REQUEST",
  "method": "PATCH",
  "url": "/api/finance/userRefund/5806986d-c58d-49e3-bd1e-54933be1d8ca",
  "statusCode": 200,
  "responseTime": "NaNms",
  "ip": "127.0.0.1",
  "userAgent": "axios/1.18.1",
  "userId": 1805,
  "userUniqueId": "e4f4720c-7828-4476-925d-4dd5f9deb456"
}
[VerifyToken] Request: { method: 'GET', url: '/', hasAuth: true }
[VerifyToken] Token decoded: {
  userUniqueId: 'e4f4720c-7828-4476-925d-4dd5f9deb456',
  phoneNumber: '+251975975883',
  roleId: 3,
  iat: 1786368599
}
[VerifyToken] User authenticated: {
  userUniqueId: 'e4f4720c-7828-4476-925d-4dd5f9deb456',
  phoneNumber: '+251975975883',
  roleId: undefined
}
16:30:02 [[32minfo[39m]: API Request
{
  "service": "ride-hailing-api",
  "environment": "development",
  "type": "API_REQUEST",
  "method": "GET",
  "url": "/api/finance/userRefund",
  "statusCode": 200,
  "responseTime": "NaNms",
  "ip": "127.0.0.1",
  "userAgent": "axios/1.18.1",
  "userId": 1805,
  "userUniqueId": "e4f4720c-7828-4476-925d-4dd5f9deb456"
}
[VerifyToken] Request: {
  method: 'DELETE',
  url: '/5806986d-c58d-49e3-bd1e-54933be1d8ca',
  hasAuth: true
}
[VerifyToken] Token decoded: {
  userUniqueId: 'e4f4720c-7828-4476-925d-4dd5f9deb456',
  phoneNumber: '+251975975883',
  roleId: 3,
  iat: 1786368599
}
[VerifyToken] User authenticated: {
  userUniqueId: 'e4f4720c-7828-4476-925d-4dd5f9deb456',
  phoneNumber: '+251975975883',
  roleId: undefined
}
16:30:02 [[32minfo[39m]: Transaction committed
{
  "service": "ride-hailing-api",
  "environment": "development",
  "transactionId": "txn_2026-08-10 13:30:02_z9cqd3j0v",
  "duration": "NaNms"
}
16:30:02 [[32minfo[39m]: API Request
{
  "service": "ride-hailing-api",
  "environment": "development",
  "type": "API_REQUEST",
  "method": "DELETE",
  "url": "/api/finance/userRefund/5806986d-c58d-49e3-bd1e-54933be1d8ca",
  "statusCode": 200,
  "responseTime": "NaNms",
  "ip": "127.0.0.1",
  "userAgent": "axios/1.18.1",
  "userId": 1805,
  "userUniqueId": "e4f4720c-7828-4476-925d-4dd5f9deb456"
}
[VerifyToken] Request: { method: 'GET', url: '/', hasAuth: true }
[VerifyToken] Token decoded: {
  userUniqueId: 'e4f4720c-7828-4476-925d-4dd5f9deb456',
  phoneNumber: '+251975975883',
  roleId: 3,
  iat: 1786368599
}
[VerifyToken] User authenticated: {
  userUniqueId: 'e4f4720c-7828-4476-925d-4dd5f9deb456',
  phoneNumber: '+251975975883',
  roleId: undefined
}
16:30:02 [[32minfo[39m]: API Request
{
  "service": "ride-hailing-api",
  "environment": "development",
  "type": "API_REQUEST",
  "method": "GET",
  "url": "/api/finance/userRefund",
  "statusCode": 200,
  "responseTime": "NaNms",
  "ip": "127.0.0.1",
  "userAgent": "axios/1.18.1",
  "userId": 1805,
  "userUniqueId": "e4f4720c-7828-4476-925d-4dd5f9deb456"
}
[VerifyToken] Request: {
  method: 'GET',
  url: '/?driverUniqueId=e590af62-28fb-49cd-ab29-d5e2d2c8f991&limit=10',
  hasAuth: true
}
[VerifyToken] Token decoded: {
  userUniqueId: 'e590af62-28fb-49cd-ab29-d5e2d2c8f991',
  phoneNumber: '+251995975881',
  roleId: 2,
  iat: 1786368600
}
[VerifyToken] User authenticated: {
  userUniqueId: 'e590af62-28fb-49cd-ab29-d5e2d2c8f991',
  phoneNumber: '+251995975881',
  roleId: undefined
}
16:30:02 [[32minfo[39m]: API Request
{
  "service": "ride-hailing-api",
  "environment": "development",
  "type": "API_REQUEST",
  "method": "GET",
  "url": "/api/finance/driverEarning?driverUniqueId=e590af62-28fb-49cd-ab29-d5e2d2c8f991&limit=10",
  "statusCode": 200,
  "responseTime": "NaNms",
  "ip": "127.0.0.1",
  "userAgent": "axios/1.18.1",
  "userId": 1808,
  "userUniqueId": "e590af62-28fb-49cd-ab29-d5e2d2c8f991"
}
[VerifyToken] Request: {
  method: 'GET',
  url: '/?driverUniqueId=e590af62-28fb-49cd-ab29-d5e2d2c8f991&limit=10&fromDate=2026-01-01&toDate=2030-12-31',
  hasAuth: true
}
[VerifyToken] Token decoded: {
  userUniqueId: 'e590af62-28fb-49cd-ab29-d5e2d2c8f991',
  phoneNumber: '+251995975881',
  roleId: 2,
  iat: 1786368600
}
[VerifyToken] User authenticated: {
  userUniqueId: 'e590af62-28fb-49cd-ab29-d5e2d2c8f991',
  phoneNumber: '+251995975881',
  roleId: undefined
}
16:30:02 [[32minfo[39m]: API Request
{
  "service": "ride-hailing-api",
  "environment": "development",
  "type": "API_REQUEST",
  "method": "GET",
  "url": "/api/finance/driverEarning?driverUniqueId=e590af62-28fb-49cd-ab29-d5e2d2c8f991&limit=10&fromDate=2026-01-01&toDate=2030-12-31",
  "statusCode": 200,
  "responseTime": "NaNms",
  "ip": "127.0.0.1",
  "userAgent": "axios/1.18.1",
  "userId": 1808,
  "userUniqueId": "e590af62-28fb-49cd-ab29-d5e2d2c8f991"
}
[VerifyToken] Request: { method: 'GET', url: '/filter', hasAuth: true }
[VerifyToken] Token decoded: {
  userUniqueId: 'e4f4720c-7828-4476-925d-4dd5f9deb456',
  phoneNumber: '+251975975883',
  roleId: 3,
  iat: 1786368599
}
[VerifyToken] User authenticated: {
  userUniqueId: 'e4f4720c-7828-4476-925d-4dd5f9deb456',
  phoneNumber: '+251975975883',
  roleId: undefined
}
16:30:02 [[32minfo[39m]: Transaction committed
{
  "service": "ride-hailing-api",
  "environment": "development",
  "transactionId": "txn_2026-08-10 13:30:02_mcqn058wk",
  "duration": "NaNms"
}
16:30:02 [[32minfo[39m]: API Request
{
  "service": "ride-hailing-api",
  "environment": "development",
  "type": "API_REQUEST",
  "method": "GET",
  "url": "/api/admin/userRole/filter",
  "statusCode": 200,
  "responseTime": "NaNms",
  "ip": "127.0.0.1",
  "userAgent": "axios/1.18.1",
  "userId": 1805,
  "userUniqueId": "e4f4720c-7828-4476-925d-4dd5f9deb456"
}
[VerifyToken] Request: { method: 'POST', url: '/create', hasAuth: true }
[VerifyToken] Token decoded: {
  userUniqueId: 'b4ab823f-c537-4655-ab27-cab33fbd0996',
  phoneNumber: '+251983222221',
  roleId: 6,
  iat: 1786368598
}
[VerifyToken] User authenticated: {
  userUniqueId: 'b4ab823f-c537-4655-ab27-cab33fbd0996',
  phoneNumber: '+251983222221',
  roleId: undefined
}
16:30:02 [[32minfo[39m]: Transaction committed
{
  "service": "ride-hailing-api",
  "environment": "development",
  "transactionId": "txn_2026-08-10 13:30:02_3m5k5cxni",
  "duration": "NaNms"
}
16:30:02 [[32minfo[39m]: API Request
{
  "service": "ride-hailing-api",
  "environment": "development",
  "type": "API_REQUEST",
  "method": "POST",
  "url": "/api/admin/userRole/create",
  "statusCode": 200,
  "responseTime": "NaNms",
  "ip": "127.0.0.1",
  "userAgent": "axios/1.18.1",
  "userId": 1,
  "userUniqueId": "b4ab823f-c537-4655-ab27-cab33fbd0996"
}
[VerifyToken] Request: { method: 'GET', url: '/filter', hasAuth: true }
[VerifyToken] Token decoded: {
  userUniqueId: 'e4f4720c-7828-4476-925d-4dd5f9deb456',
  phoneNumber: '+251975975883',
  roleId: 3,
  iat: 1786368599
}
[VerifyToken] User authenticated: {
  userUniqueId: 'e4f4720c-7828-4476-925d-4dd5f9deb456',
  phoneNumber: '+251975975883',
  roleId: undefined
}
16:30:02 [[32minfo[39m]: Transaction committed
{
  "service": "ride-hailing-api",
  "environment": "development",
  "transactionId": "txn_2026-08-10 13:30:02_ilotpfu68",
  "duration": "NaNms"
}
16:30:02 [[32minfo[39m]: API Request
{
  "service": "ride-hailing-api",
  "environment": "development",
  "type": "API_REQUEST",
  "method": "GET",
  "url": "/api/admin/userRole/filter",
  "statusCode": 200,
  "responseTime": "NaNms",
  "ip": "127.0.0.1",
  "userAgent": "axios/1.18.1",
  "userId": 1805,
  "userUniqueId": "e4f4720c-7828-4476-925d-4dd5f9deb456"
}
[VerifyToken] Request: {
  method: 'PUT',
  url: '/c2acd3c9-08b5-4a6e-a8fc-b327e0099968',
  hasAuth: true
}
[VerifyToken] Token decoded: {
  userUniqueId: 'e4f4720c-7828-4476-925d-4dd5f9deb456',
  phoneNumber: '+251975975883',
  roleId: 3,
  iat: 1786368599
}
[VerifyToken] User authenticated: {
  userUniqueId: 'e4f4720c-7828-4476-925d-4dd5f9deb456',
  phoneNumber: '+251975975883',
  roleId: undefined
}
16:30:02 [[32minfo[39m]: Transaction committed
{
  "service": "ride-hailing-api",
  "environment": "development",
  "transactionId": "txn_2026-08-10 13:30:02_95laquuam",
  "duration": "NaNms"
}
16:30:02 [[32minfo[39m]: API Request
{
  "service": "ride-hailing-api",
  "environment": "development",
  "type": "API_REQUEST",
  "method": "PUT",
  "url": "/api/admin/userRole/c2acd3c9-08b5-4a6e-a8fc-b327e0099968",
  "statusCode": 200,
  "responseTime": "NaNms",
  "ip": "127.0.0.1",
  "userAgent": "axios/1.18.1",
  "userId": 1805,
  "userUniqueId": "e4f4720c-7828-4476-925d-4dd5f9deb456"
}
[VerifyToken] Request: { method: 'GET', url: '/filter', hasAuth: true }
[VerifyToken] Token decoded: {
  userUniqueId: 'e4f4720c-7828-4476-925d-4dd5f9deb456',
  phoneNumber: '+251975975883',
  roleId: 3,
  iat: 1786368599
}
[VerifyToken] User authenticated: {
  userUniqueId: 'e4f4720c-7828-4476-925d-4dd5f9deb456',
  phoneNumber: '+251975975883',
  roleId: undefined
}
16:30:02 [[32minfo[39m]: Transaction committed
{
  "service": "ride-hailing-api",
  "environment": "development",
  "transactionId": "txn_2026-08-10 13:30:02_mb5no3mjj",
  "duration": "NaNms"
}
16:30:02 [[32minfo[39m]: API Request
{
  "service": "ride-hailing-api",
  "environment": "development",
  "type": "API_REQUEST",
  "method": "GET",
  "url": "/api/admin/userRole/filter",
  "statusCode": 200,
  "responseTime": "NaNms",
  "ip": "127.0.0.1",
  "userAgent": "axios/1.18.1",
  "userId": 1805,
  "userUniqueId": "e4f4720c-7828-4476-925d-4dd5f9deb456"
}
[VerifyToken] Request: {
  method: 'DELETE',
  url: '/c2acd3c9-08b5-4a6e-a8fc-b327e0099968',
  hasAuth: true
}
[VerifyToken] Token decoded: {
  userUniqueId: 'e4f4720c-7828-4476-925d-4dd5f9deb456',
  phoneNumber: '+251975975883',
  roleId: 3,
  iat: 1786368599
}
[VerifyToken] User authenticated: {
  userUniqueId: 'e4f4720c-7828-4476-925d-4dd5f9deb456',
  phoneNumber: '+251975975883',
  roleId: undefined
}
16:30:02 [[32minfo[39m]: Transaction committed
{
  "service": "ride-hailing-api",
  "environment": "development",
  "transactionId": "txn_2026-08-10 13:30:02_zuvj4w52b",
  "duration": "NaNms"
}
16:30:02 [[32minfo[39m]: API Request
{
  "service": "ride-hailing-api",
  "environment": "development",
  "type": "API_REQUEST",
  "method": "DELETE",
  "url": "/api/admin/userRole/c2acd3c9-08b5-4a6e-a8fc-b327e0099968",
  "statusCode": 200,
  "responseTime": "NaNms",
  "ip": "127.0.0.1",
  "userAgent": "axios/1.18.1",
  "userId": 1805,
  "userUniqueId": "e4f4720c-7828-4476-925d-4dd5f9deb456"
}
[VerifyToken] Request: { method: 'GET', url: '/filter', hasAuth: true }
[VerifyToken] Token decoded: {
  userUniqueId: 'e4f4720c-7828-4476-925d-4dd5f9deb456',
  phoneNumber: '+251975975883',
  roleId: 3,
  iat: 1786368599
}
[VerifyToken] User authenticated: {
  userUniqueId: 'e4f4720c-7828-4476-925d-4dd5f9deb456',
  phoneNumber: '+251975975883',
  roleId: undefined
}
16:30:02 [[32minfo[39m]: Transaction committed
{
  "service": "ride-hailing-api",
  "environment": "development",
  "transactionId": "txn_2026-08-10 13:30:02_hp9diw9m0",
  "duration": "NaNms"
}
16:30:02 [[32minfo[39m]: API Request
{
  "service": "ride-hailing-api",
  "environment": "development",
  "type": "API_REQUEST",
  "method": "GET",
  "url": "/api/admin/userRole/filter",
  "statusCode": 200,
  "responseTime": "NaNms",
  "ip": "127.0.0.1",
  "userAgent": "axios/1.18.1",
  "userId": 1805,
  "userUniqueId": "e4f4720c-7828-4476-925d-4dd5f9deb456"
}
[VerifyToken] Request: { method: 'GET', url: '/api/shipper/account', hasAuth: true }
[VerifyToken] Token decoded: {
  userUniqueId: '5e76d160-608e-4d5b-8b95-132a6fa878b0',
  phoneNumber: '+251985975882',
  roleId: 1,
  iat: 1786368601
}
[VerifyToken] User authenticated: {
  userUniqueId: '5e76d160-608e-4d5b-8b95-132a6fa878b0',
  phoneNumber: '+251985975882',
  roleId: undefined
}
16:30:02 [[32minfo[39m]: API Request
{
  "service": "ride-hailing-api",
  "environment": "development",
  "type": "API_REQUEST",
  "method": "GET",
  "url": "/api/shipper/account",
  "statusCode": 200,
  "responseTime": "NaNms",
  "ip": "127.0.0.1",
  "userAgent": "axios/1.18.1",
  "userId": 1809,
  "userUniqueId": "5e76d160-608e-4d5b-8b95-132a6fa878b0"
}
[VerifyToken] Request: {
  method: 'POST',
  url: '/api/user/attachDocuments/self',
  hasAuth: true
}
[VerifyToken] Token decoded: {
  userUniqueId: '5e76d160-608e-4d5b-8b95-132a6fa878b0',
  phoneNumber: '+251985975882',
  roleId: 1,
  iat: 1786368601
}
[VerifyToken] User authenticated: {
  userUniqueId: '5e76d160-608e-4d5b-8b95-132a6fa878b0',
  phoneNumber: '+251985975882',
  roleId: undefined
}
16:30:02 [[32minfo[39m]: File saved locally
{
  "service": "ride-hailing-api",
  "environment": "development",
  "filePath": "/Users/zewedu/Desktop/Projects/transportBackEndNative/uploads/1809_c6ddd213-8496-4258-a5c0-333ae1397b7e.png",
  "relativePath": "/uploads/1809_c6ddd213-8496-4258-a5c0-333ae1397b7e.png"
}
16:30:02 [[32minfo[39m]: Transaction committed
{
  "service": "ride-hailing-api",
  "environment": "development",
  "transactionId": "txn_2026-08-10 13:30:02_kzxcdjlui",
  "duration": "NaNms"
}
16:30:02 [[31merror[39m]: Redis connection error
Error: Stream isn't writeable and enableOfflineQueue options is false
    at EventEmitter.sendCommand (/Users/zewedu/Desktop/Projects/transportBackEndNative/node_modules/ioredis/built/Redis.js:376:32)
    at EventEmitter.keys (/Users/zewedu/Desktop/Projects/transportBackEndNative/node_modules/ioredis/built/utils/Commander.js:90:25)
    at sendSocketIONotificationToAdmin (/Users/zewedu/Desktop/Projects/transportBackEndNative/Utils/Notifications.js:151:26)
    at createAttachedDocuments (/Users/zewedu/Desktop/Projects/transportBackEndNative/Controllers/AttachedDocuments.controller.js:356:11)
    at process.processTicksAndRejections (node:internal/process/task_queues:105:5)
{
  "service": "ride-hailing-api",
  "environment": "development",
  "error": "Stream isn't writeable and enableOfflineQueue options is false"
}
16:30:02 [[32minfo[39m]: API Request
{
  "service": "ride-hailing-api",
  "environment": "development",
  "type": "API_REQUEST",
  "method": "POST",
  "url": "/api/user/attachDocuments/self",
  "statusCode": 200,
  "responseTime": "NaNms",
  "ip": "127.0.0.1",
  "userAgent": "axios/1.18.1",
  "userId": 1809,
  "userUniqueId": "5e76d160-608e-4d5b-8b95-132a6fa878b0"
}
[VerifyToken] Request: {
  method: 'POST',
  url: '/api/user/attachDocuments/self',
  hasAuth: true
}
[VerifyToken] Token decoded: {
  userUniqueId: '5e76d160-608e-4d5b-8b95-132a6fa878b0',
  phoneNumber: '+251985975882',
  roleId: 1,
  iat: 1786368601
}
[VerifyToken] User authenticated: {
  userUniqueId: '5e76d160-608e-4d5b-8b95-132a6fa878b0',
  phoneNumber: '+251985975882',
  roleId: undefined
}
16:30:02 [[32minfo[39m]: File saved locally
{
  "service": "ride-hailing-api",
  "environment": "development",
  "filePath": "/Users/zewedu/Desktop/Projects/transportBackEndNative/uploads/1809_da0e9d1a-01e0-4a51-977a-cf6accc7b6d4.png",
  "relativePath": "/uploads/1809_da0e9d1a-01e0-4a51-977a-cf6accc7b6d4.png"
}
16:30:02 [[32minfo[39m]: Transaction committed
{
  "service": "ride-hailing-api",
  "environment": "development",
  "transactionId": "txn_2026-08-10 13:30:02_pcoeykjbv",
  "duration": "NaNms"
}
16:30:02 [[31merror[39m]: Redis connection error
Error: Stream isn't writeable and enableOfflineQueue options is false
    at EventEmitter.sendCommand (/Users/zewedu/Desktop/Projects/transportBackEndNative/node_modules/ioredis/built/Redis.js:376:32)
    at EventEmitter.keys (/Users/zewedu/Desktop/Projects/transportBackEndNative/node_modules/ioredis/built/utils/Commander.js:90:25)
    at sendSocketIONotificationToAdmin (/Users/zewedu/Desktop/Projects/transportBackEndNative/Utils/Notifications.js:151:26)
    at createAttachedDocuments (/Users/zewedu/Desktop/Projects/transportBackEndNative/Controllers/AttachedDocuments.controller.js:356:11)
    at process.processTicksAndRejections (node:internal/process/task_queues:105:5)
{
  "service": "ride-hailing-api",
  "environment": "development",
  "error": "Stream isn't writeable and enableOfflineQueue options is false"
}
16:30:02 [[32minfo[39m]: API Request
{
  "service": "ride-hailing-api",
  "environment": "development",
  "type": "API_REQUEST",
  "method": "POST",
  "url": "/api/user/attachDocuments/self",
  "statusCode": 200,
  "responseTime": "NaNms",
  "ip": "127.0.0.1",
  "userAgent": "axios/1.18.1",
  "userId": 1809,
  "userUniqueId": "5e76d160-608e-4d5b-8b95-132a6fa878b0"
}
[VerifyToken] Request: { method: 'GET', url: '/', hasAuth: true }
[VerifyToken] Token decoded: {
  userUniqueId: '5e76d160-608e-4d5b-8b95-132a6fa878b0',
  phoneNumber: '+251985975882',
  roleId: 1,
  iat: 1786368601
}
[VerifyToken] User authenticated: {
  userUniqueId: '5e76d160-608e-4d5b-8b95-132a6fa878b0',
  phoneNumber: '+251985975882',
  roleId: undefined
}
16:30:02 [[32minfo[39m]: API Request
{
  "service": "ride-hailing-api",
  "environment": "development",
  "type": "API_REQUEST",
  "method": "GET",
  "url": "/api/admin/vehicleTypes",
  "statusCode": 200,
  "responseTime": "NaNms",
  "ip": "127.0.0.1",
  "userAgent": "axios/1.18.1",
  "userId": 1809,
  "userUniqueId": "5e76d160-608e-4d5b-8b95-132a6fa878b0"
}
[VerifyToken] Request: {
  method: 'POST',
  url: '/api/shipperRequest/createRequest',
  hasAuth: true
}
[VerifyToken] Token decoded: {
  userUniqueId: '5e76d160-608e-4d5b-8b95-132a6fa878b0',
  phoneNumber: '+251985975882',
  roleId: 1,
  iat: 1786368601
}
[VerifyToken] User authenticated: {
  userUniqueId: '5e76d160-608e-4d5b-8b95-132a6fa878b0',
  phoneNumber: '+251985975882',
  roleId: undefined
}
16:30:02 [[33mwarn[39m]: Duplicate JourneyDecision detected (race condition), skipping
{
  "service": "ride-hailing-api",
  "environment": "development",
  "driverRequestId": 23,
  "shipperRequestId": 1432,
  "error": "Duplicate entry '23' for key 'journeydecisions.driverRequestId'"
}
16:30:02 [[33mwarn[39m]: Duplicate JourneyDecision detected (race condition), skipping
{
  "service": "ride-hailing-api",
  "environment": "development",
  "driverRequestId": 28,
  "shipperRequestId": 1432,
  "error": "Duplicate entry '28' for key 'journeydecisions.driverRequestId'"
}
16:30:02 [[33mwarn[39m]: Duplicate JourneyDecision detected (race condition), skipping
{
  "service": "ride-hailing-api",
  "environment": "development",
  "driverRequestId": 33,
  "shipperRequestId": 1432,
  "error": "Duplicate entry '33' for key 'journeydecisions.driverRequestId'"
}
16:30:02 [[33mwarn[39m]: Duplicate JourneyDecision detected (race condition), skipping
{
  "service": "ride-hailing-api",
  "environment": "development",
  "driverRequestId": 48,
  "shipperRequestId": 1432,
  "error": "Duplicate entry '48' for key 'journeydecisions.driverRequestId'"
}
16:30:02 [[33mwarn[39m]: Duplicate JourneyDecision detected (race condition), skipping
{
  "service": "ride-hailing-api",
  "environment": "development",
  "driverRequestId": 56,
  "shipperRequestId": 1432,
  "error": "Duplicate entry '56' for key 'journeydecisions.driverRequestId'"
}
16:30:02 [[32minfo[39m]: Transaction committed
{
  "service": "ride-hailing-api",
  "environment": "development",
  "transactionId": "txn_2026-08-10 13:30:02_oo6fscllw",
  "duration": "NaNms"
}
16:30:02 [[32minfo[39m]: API Request
{
  "service": "ride-hailing-api",
  "environment": "development",
  "type": "API_REQUEST",
  "method": "POST",
  "url": "/api/shipperRequest/createRequest",
  "statusCode": 200,
  "responseTime": "NaNms",
  "ip": "127.0.0.1",
  "userAgent": "axios/1.18.1",
  "userId": 1809,
  "userUniqueId": "5e76d160-608e-4d5b-8b95-132a6fa878b0"
}
[VerifyToken] Request: {
  method: 'GET',
  url: '/api/shipperRequest/verifyShipperStatus?page=1&pageSize=10',
  hasAuth: true
}
[VerifyToken] Token decoded: {
  userUniqueId: '5e76d160-608e-4d5b-8b95-132a6fa878b0',
  phoneNumber: '+251985975882',
  roleId: 1,
  iat: 1786368601
}
[VerifyToken] User authenticated: {
  userUniqueId: '5e76d160-608e-4d5b-8b95-132a6fa878b0',
  phoneNumber: '+251985975882',
  roleId: undefined
}
16:30:02 [[32minfo[39m]: API Request
{
  "service": "ride-hailing-api",
  "environment": "development",
  "type": "API_REQUEST",
  "method": "GET",
  "url": "/api/shipperRequest/verifyShipperStatus?page=1&pageSize=10",
  "statusCode": 200,
  "responseTime": "NaNms",
  "ip": "127.0.0.1",
  "userAgent": "axios/1.18.1",
  "userId": 1809,
  "userUniqueId": "5e76d160-608e-4d5b-8b95-132a6fa878b0"
}
[VerifyToken] Request: { method: 'POST', url: '/api/driver/request', hasAuth: true }
[VerifyToken] Token decoded: {
  userUniqueId: 'e590af62-28fb-49cd-ab29-d5e2d2c8f991',
  phoneNumber: '+251995975881',
  roleId: 2,
  iat: 1786368600
}
[VerifyToken] User authenticated: {
  userUniqueId: 'e590af62-28fb-49cd-ab29-d5e2d2c8f991',
  phoneNumber: '+251995975881',
  roleId: undefined
}
16:30:02 [[33mwarn[39m]: No active shipper socket found for notification
{
  "service": "ride-hailing-api",
  "environment": "development",
  "phoneNumber": "251985197312"
}
16:30:02 [[32minfo[39m]: Transaction committed
{
  "service": "ride-hailing-api",
  "environment": "development",
  "transactionId": "txn_2026-08-10 13:30:02_uckrt6yqe",
  "duration": "NaNms"
}
16:30:02 [[32minfo[39m]: API Request
{
  "service": "ride-hailing-api",
  "environment": "development",
  "type": "API_REQUEST",
  "method": "POST",
  "url": "/api/driver/request",
  "statusCode": 201,
  "responseTime": "NaNms",
  "ip": "127.0.0.1",
  "userAgent": "axios/1.18.1",
  "userId": 1808,
  "userUniqueId": "e590af62-28fb-49cd-ab29-d5e2d2c8f991"
}
[VerifyToken] Request: {
  method: 'GET',
  url: '/api/driver/verifyDriverJourneyStatus',
  hasAuth: true
}
[VerifyToken] Token decoded: {
  userUniqueId: 'e590af62-28fb-49cd-ab29-d5e2d2c8f991',
  phoneNumber: '+251995975881',
  roleId: 2,
  iat: 1786368600
}
[VerifyToken] User authenticated: {
  userUniqueId: 'e590af62-28fb-49cd-ab29-d5e2d2c8f991',
  phoneNumber: '+251995975881',
  roleId: undefined
}
16:30:02 [[33mwarn[39m]: No active shipper socket found for notification
{
  "service": "ride-hailing-api",
  "environment": "development",
  "phoneNumber": "251985197312"
}
16:30:02 [[32minfo[39m]: API Request
{
  "service": "ride-hailing-api",
  "environment": "development",
  "type": "API_REQUEST",
  "method": "GET",
  "url": "/api/driver/verifyDriverJourneyStatus",
  "statusCode": 200,
  "responseTime": "NaNms",
  "ip": "127.0.0.1",
  "userAgent": "axios/1.18.1",
  "userId": 1808,
  "userUniqueId": "e590af62-28fb-49cd-ab29-d5e2d2c8f991"
}
[VerifyToken] Request: {
  method: 'PUT',
  url: '/api/driver/cancelDriverRequest?ownerUserUniqueId=self&roleId=2&cancellationReasonsTypeId=2',
  hasAuth: true
}
[VerifyToken] Token decoded: {
  userUniqueId: 'e590af62-28fb-49cd-ab29-d5e2d2c8f991',
  phoneNumber: '+251995975881',
  roleId: 2,
  iat: 1786368600
}
[VerifyToken] User authenticated: {
  userUniqueId: 'e590af62-28fb-49cd-ab29-d5e2d2c8f991',
  phoneNumber: '+251995975881',
  roleId: undefined
}
16:30:02 [[31merror[39m]: Redis connection error
Error: Stream isn't writeable and enableOfflineQueue options is false
    at EventEmitter.sendCommand (/Users/zewedu/Desktop/Projects/transportBackEndNative/node_modules/ioredis/built/Redis.js:376:32)
    at EventEmitter.keys (/Users/zewedu/Desktop/Projects/transportBackEndNative/node_modules/ioredis/built/utils/Commander.js:90:25)
    at sendSocketIONotificationToAdmin (/Users/zewedu/Desktop/Projects/transportBackEndNative/Utils/Notifications.js:151:26)
    at Object.cancelDriverRequest (/Users/zewedu/Desktop/Projects/transportBackEndNative/Services/DriverRequest/actionCancelDriverRequest.service.js:442:11)
    at process.processTicksAndRejections (node:internal/process/task_queues:105:5)
    at async /Users/zewedu/Desktop/Projects/transportBackEndNative/Controllers/Driver.controller.js:248:14
    at async /Users/zewedu/Desktop/Projects/transportBackEndNative/Utils/DatabaseTransaction.js:101:14
    at async executeInTransaction (/Users/zewedu/Desktop/Projects/transportBackEndNative/Utils/DatabaseTransaction.js:99:20)
    at async cancelDriverRequest (/Users/zewedu/Desktop/Projects/transportBackEndNative/Controllers/Driver.controller.js:247:20)
{
  "service": "ride-hailing-api",
  "environment": "development",
  "error": "Stream isn't writeable and enableOfflineQueue options is false"
}
16:30:02 [[32minfo[39m]: Transaction committed
{
  "service": "ride-hailing-api",
  "environment": "development",
  "transactionId": "txn_2026-08-10 13:30:02_hnmvbvxje",
  "duration": "NaNms"
}
16:30:02 [[32minfo[39m]: API Request
{
  "service": "ride-hailing-api",
  "environment": "development",
  "type": "API_REQUEST",
  "method": "PUT",
  "url": "/api/driver/cancelDriverRequest?ownerUserUniqueId=self&roleId=2&cancellationReasonsTypeId=2",
  "statusCode": 200,
  "responseTime": "NaNms",
  "ip": "127.0.0.1",
  "userAgent": "axios/1.18.1",
  "userId": 1808,
  "userUniqueId": "e590af62-28fb-49cd-ab29-d5e2d2c8f991"
}
[VerifyToken] Request: { method: 'POST', url: '/api/driver/request', hasAuth: true }
[VerifyToken] Token decoded: {
  userUniqueId: 'e590af62-28fb-49cd-ab29-d5e2d2c8f991',
  phoneNumber: '+251995975881',
  roleId: 2,
  iat: 1786368600
}
[VerifyToken] User authenticated: {
  userUniqueId: 'e590af62-28fb-49cd-ab29-d5e2d2c8f991',
  phoneNumber: '+251995975881',
  roleId: undefined
}
16:30:02 [[33mwarn[39m]: No active shipper socket found for notification
{
  "service": "ride-hailing-api",
  "environment": "development",
  "phoneNumber": "251985975882"
}
16:30:02 [[32minfo[39m]: Transaction committed
{
  "service": "ride-hailing-api",
  "environment": "development",
  "transactionId": "txn_2026-08-10 13:30:02_sx250zh45",
  "duration": "NaNms"
}
16:30:02 [[32minfo[39m]: API Request
{
  "service": "ride-hailing-api",
  "environment": "development",
  "type": "API_REQUEST",
  "method": "POST",
  "url": "/api/driver/request",
  "statusCode": 201,
  "responseTime": "NaNms",
  "ip": "127.0.0.1",
  "userAgent": "axios/1.18.1",
  "userId": 1808,
  "userUniqueId": "e590af62-28fb-49cd-ab29-d5e2d2c8f991"
}
[VerifyToken] Request: {
  method: 'GET',
  url: '/api/driver/verifyDriverJourneyStatus',
  hasAuth: true
}
[VerifyToken] Token decoded: {
  userUniqueId: 'e590af62-28fb-49cd-ab29-d5e2d2c8f991',
  phoneNumber: '+251995975881',
  roleId: 2,
  iat: 1786368600
}
[VerifyToken] User authenticated: {
  userUniqueId: 'e590af62-28fb-49cd-ab29-d5e2d2c8f991',
  phoneNumber: '+251995975881',
  roleId: undefined
}
16:30:02 [[33mwarn[39m]: No active shipper socket found for notification
{
  "service": "ride-hailing-api",
  "environment": "development",
  "phoneNumber": "251985975882"
}
16:30:02 [[32minfo[39m]: API Request
{
  "service": "ride-hailing-api",
  "environment": "development",
  "type": "API_REQUEST",
  "method": "GET",
  "url": "/api/driver/verifyDriverJourneyStatus",
  "statusCode": 200,
  "responseTime": "NaNms",
  "ip": "127.0.0.1",
  "userAgent": "axios/1.18.1",
  "userId": 1808,
  "userUniqueId": "e590af62-28fb-49cd-ab29-d5e2d2c8f991"
}
[VerifyToken] Request: {
  method: 'PUT',
  url: '/api/driver/acceptShipperRequest',
  hasAuth: true
}
[VerifyToken] Token decoded: {
  userUniqueId: 'e590af62-28fb-49cd-ab29-d5e2d2c8f991',
  phoneNumber: '+251995975881',
  roleId: 2,
  iat: 1786368600
}
[VerifyToken] User authenticated: {
  userUniqueId: 'e590af62-28fb-49cd-ab29-d5e2d2c8f991',
  phoneNumber: '+251995975881',
  roleId: undefined
}
16:30:02 [[33mwarn[39m]: Journey table NOT updated - journeyUniqueId missing
{
  "service": "ride-hailing-api",
  "environment": "development",
  "providedParams": {
    "journeyDecisionUniqueId": "0cc9b328-0a66-46b8-be38-00bf0ac3b4fa",
    "shipperRequestUniqueId": "ca44faee-7d22-42fb-9a54-4ce7a04716aa",
    "driverRequestUniqueId": "bb903600-df64-428f-8733-02f92c843d17",
    "journeyStatusId": 3
  }
}
16:30:02 [[32minfo[39m]: Journey status update completed
{
  "service": "ride-hailing-api",
  "environment": "development",
  "journeyStatusId": 3,
  "tablesUpdated": {
    "journey": false,
    "shipperRequest": true,
    "journeyDecision": true,
    "driverRequest": true
  },
  "totalUpdates": 4
}
16:30:02 [[32minfo[39m]: Transaction committed
{
  "service": "ride-hailing-api",
  "environment": "development",
  "transactionId": "txn_2026-08-10 13:30:02_zbql70tmo",
  "duration": "NaNms"
}
16:30:02 [[33mwarn[39m]: No active shipper socket found for notification
{
  "service": "ride-hailing-api",
  "environment": "development",
  "phoneNumber": "251985975882"
}
16:30:02 [[32minfo[39m]: API Request
{
  "service": "ride-hailing-api",
  "environment": "development",
  "type": "API_REQUEST",
  "method": "PUT",
  "url": "/api/driver/acceptShipperRequest",
  "statusCode": 200,
  "responseTime": "NaNms",
  "ip": "127.0.0.1",
  "userAgent": "axios/1.18.1",
  "userId": 1808,
  "userUniqueId": "e590af62-28fb-49cd-ab29-d5e2d2c8f991"
}
[VerifyToken] Request: {
  method: 'GET',
  url: '/api/driver/verifyDriverJourneyStatus',
  hasAuth: true
}
[VerifyToken] Token decoded: {
  userUniqueId: 'e590af62-28fb-49cd-ab29-d5e2d2c8f991',
  phoneNumber: '+251995975881',
  roleId: 2,
  iat: 1786368600
}
[VerifyToken] User authenticated: {
  userUniqueId: 'e590af62-28fb-49cd-ab29-d5e2d2c8f991',
  phoneNumber: '+251995975881',
  roleId: undefined
}
16:30:02 [[33mwarn[39m]: No active shipper socket found for notification
{
  "service": "ride-hailing-api",
  "environment": "development",
  "phoneNumber": "251985975882"
}
16:30:02 [[32minfo[39m]: API Request
{
  "service": "ride-hailing-api",
  "environment": "development",
  "type": "API_REQUEST",
  "method": "GET",
  "url": "/api/driver/verifyDriverJourneyStatus",
  "statusCode": 200,
  "responseTime": "NaNms",
  "ip": "127.0.0.1",
  "userAgent": "axios/1.18.1",
  "userId": 1808,
  "userUniqueId": "e590af62-28fb-49cd-ab29-d5e2d2c8f991"
}
[VerifyToken] Request: {
  method: 'PUT',
  url: '/api/shipper/acceptDriverRequest',
  hasAuth: true
}
[VerifyToken] Token decoded: {
  userUniqueId: '5e76d160-608e-4d5b-8b95-132a6fa878b0',
  phoneNumber: '+251985975882',
  roleId: 1,
  iat: 1786368601
}
[VerifyToken] User authenticated: {
  userUniqueId: '5e76d160-608e-4d5b-8b95-132a6fa878b0',
  phoneNumber: '+251985975882',
  roleId: undefined
}
16:30:02 [[33mwarn[39m]: Journey table NOT updated - journeyUniqueId missing
{
  "service": "ride-hailing-api",
  "environment": "development",
  "providedParams": {
    "journeyDecisionUniqueId": "0cc9b328-0a66-46b8-be38-00bf0ac3b4fa",
    "shipperRequestUniqueId": "ca44faee-7d22-42fb-9a54-4ce7a04716aa",
    "driverRequestUniqueId": "bb903600-df64-428f-8733-02f92c843d17",
    "journeyStatusId": 4
  }
}
16:30:02 [[32minfo[39m]: Journey status update completed
{
  "service": "ride-hailing-api",
  "environment": "development",
  "journeyStatusId": 4,
  "tablesUpdated": {
    "journey": false,
    "shipperRequest": true,
    "journeyDecision": true,
    "driverRequest": true
  },
  "totalUpdates": 4
}
16:30:02 [[33mwarn[39m]: No active driver socket found for notification
{
  "service": "ride-hailing-api",
  "environment": "development",
  "phoneNumber": "251995975881"
}
16:30:02 [[32minfo[39m]: Transaction committed
{
  "service": "ride-hailing-api",
  "environment": "development",
  "transactionId": "txn_2026-08-10 13:30:02_7gaysgc6y",
  "duration": "NaNms"
}
16:30:02 [[32minfo[39m]: API Request
{
  "service": "ride-hailing-api",
  "environment": "development",
  "type": "API_REQUEST",
  "method": "PUT",
  "url": "/api/shipper/acceptDriverRequest",
  "statusCode": 200,
  "responseTime": "NaNms",
  "ip": "127.0.0.1",
  "userAgent": "axios/1.18.1",
  "userId": 1809,
  "userUniqueId": "5e76d160-608e-4d5b-8b95-132a6fa878b0"
}
[VerifyToken] Request: {
  method: 'GET',
  url: '/api/driver/verifyDriverJourneyStatus',
  hasAuth: true
}
[VerifyToken] Token decoded: {
  userUniqueId: 'e590af62-28fb-49cd-ab29-d5e2d2c8f991',
  phoneNumber: '+251995975881',
  roleId: 2,
  iat: 1786368600
}
[VerifyToken] User authenticated: {
  userUniqueId: 'e590af62-28fb-49cd-ab29-d5e2d2c8f991',
  phoneNumber: '+251995975881',
  roleId: undefined
}
16:30:02 [[32minfo[39m]: API Request
{
  "service": "ride-hailing-api",
  "environment": "development",
  "type": "API_REQUEST",
  "method": "GET",
  "url": "/api/driver/verifyDriverJourneyStatus",
  "statusCode": 200,
  "responseTime": "NaNms",
  "ip": "127.0.0.1",
  "userAgent": "axios/1.18.1",
  "userId": 1808,
  "userUniqueId": "e590af62-28fb-49cd-ab29-d5e2d2c8f991"
}
[VerifyToken] Request: { method: 'PUT', url: '/api/driver/startJourney', hasAuth: true }
[VerifyToken] Token decoded: {
  userUniqueId: 'e590af62-28fb-49cd-ab29-d5e2d2c8f991',
  phoneNumber: '+251995975881',
  roleId: 2,
  iat: 1786368600
}
[VerifyToken] User authenticated: {
  userUniqueId: 'e590af62-28fb-49cd-ab29-d5e2d2c8f991',
  phoneNumber: '+251995975881',
  roleId: undefined
}
16:30:02 [[32minfo[39m]: Updating Journey table
{
  "service": "ride-hailing-api",
  "environment": "development",
  "journeyUniqueId": "4666d177-6a53-445f-9ac5-378d0a6d3884",
  "journeyStatusId": 5,
  "updateValues": {
    "journeyStatusId": 5
  },
  "hasConnection": true
}
16:30:02 [[32minfo[39m]: Journey table update result
{
  "service": "ride-hailing-api",
  "environment": "development",
  "journeyUniqueId": "4666d177-6a53-445f-9ac5-378d0a6d3884",
  "affectedRows": 1,
  "changedRows": 0
}
16:30:02 [[32minfo[39m]: Journey status update completed
{
  "service": "ride-hailing-api",
  "environment": "development",
  "journeyUniqueId": "4666d177-6a53-445f-9ac5-378d0a6d3884",
  "journeyStatusId": 5,
  "tablesUpdated": {
    "journey": true,
    "shipperRequest": true,
    "journeyDecision": true,
    "driverRequest": true
  },
  "totalUpdates": 5
}
16:30:02 [[32minfo[39m]: Transaction committed
{
  "service": "ride-hailing-api",
  "environment": "development",
  "transactionId": "txn_2026-08-10 13:30:02_65142d0ck",
  "duration": "NaNms"
}
16:30:02 [[33mwarn[39m]: No active shipper socket found for notification
{
  "service": "ride-hailing-api",
  "environment": "development",
  "phoneNumber": "251985975882"
}
16:30:02 [[32minfo[39m]: API Request
{
  "service": "ride-hailing-api",
  "environment": "development",
  "type": "API_REQUEST",
  "method": "PUT",
  "url": "/api/driver/startJourney",
  "statusCode": 200,
  "responseTime": "NaNms",
  "ip": "127.0.0.1",
  "userAgent": "axios/1.18.1",
  "userId": 1808,
  "userUniqueId": "e590af62-28fb-49cd-ab29-d5e2d2c8f991"
}
[VerifyToken] Request: {
  method: 'GET',
  url: '/api/driver/verifyDriverJourneyStatus',
  hasAuth: true
}
[VerifyToken] Token decoded: {
  userUniqueId: 'e590af62-28fb-49cd-ab29-d5e2d2c8f991',
  phoneNumber: '+251995975881',
  roleId: 2,
  iat: 1786368600
}
[VerifyToken] User authenticated: {
  userUniqueId: 'e590af62-28fb-49cd-ab29-d5e2d2c8f991',
  phoneNumber: '+251995975881',
  roleId: undefined
}
16:30:02 [[33mwarn[39m]: No active shipper socket found for notification
{
  "service": "ride-hailing-api",
  "environment": "development",
  "phoneNumber": "251985975882"
}
16:30:02 [[32minfo[39m]: API Request
{
  "service": "ride-hailing-api",
  "environment": "development",
  "type": "API_REQUEST",
  "method": "GET",
  "url": "/api/driver/verifyDriverJourneyStatus",
  "statusCode": 200,
  "responseTime": "NaNms",
  "ip": "127.0.0.1",
  "userAgent": "axios/1.18.1",
  "userId": 1808,
  "userUniqueId": "e590af62-28fb-49cd-ab29-d5e2d2c8f991"
}
[VerifyToken] Request: { method: 'PUT', url: '/api/driver/completeJourney', hasAuth: true }
[VerifyToken] Token decoded: {
  userUniqueId: 'e590af62-28fb-49cd-ab29-d5e2d2c8f991',
  phoneNumber: '+251995975881',
  roleId: 2,
  iat: 1786368600
}
[VerifyToken] User authenticated: {
  userUniqueId: 'e590af62-28fb-49cd-ab29-d5e2d2c8f991',
  phoneNumber: '+251995975881',
  roleId: undefined
}
16:30:02 [[32minfo[39m]: Updating Journey table
{
  "service": "ride-hailing-api",
  "environment": "development",
  "journeyUniqueId": "4666d177-6a53-445f-9ac5-378d0a6d3884",
  "journeyStatusId": 6,
  "updateValues": {
    "journeyStatusId": 6,
    "endTime": "2026-08-10 13:30:02"
  },
  "hasConnection": true
}
16:30:02 [[32minfo[39m]: Journey table update result
{
  "service": "ride-hailing-api",
  "environment": "development",
  "journeyUniqueId": "4666d177-6a53-445f-9ac5-378d0a6d3884",
  "affectedRows": 1,
  "changedRows": 1
}
16:30:02 [[32minfo[39m]: Journey status update completed
{
  "service": "ride-hailing-api",
  "environment": "development",
  "journeyUniqueId": "4666d177-6a53-445f-9ac5-378d0a6d3884",
  "journeyStatusId": 6,
  "tablesUpdated": {
    "journey": true,
    "shipperRequest": true,
    "journeyDecision": true,
    "driverRequest": true
  },
  "totalUpdates": 6
}
16:30:02 [[32minfo[39m]: Transaction committed
{
  "service": "ride-hailing-api",
  "environment": "development",
  "transactionId": "txn_2026-08-10 13:30:02_b80htkgby",
  "duration": "NaNms"
}
16:30:02 [[33mwarn[39m]: No active shipper socket found for notification
{
  "service": "ride-hailing-api",
  "environment": "development",
  "phoneNumber": "251985975882"
}
16:30:02 [[32minfo[39m]: API Request
{
  "service": "ride-hailing-api",
  "environment": "development",
  "type": "API_REQUEST",
  "method": "PUT",
  "url": "/api/driver/completeJourney",
  "statusCode": 200,
  "responseTime": "NaNms",
  "ip": "127.0.0.1",
  "userAgent": "axios/1.18.1",
  "userId": 1808,
  "userUniqueId": "e590af62-28fb-49cd-ab29-d5e2d2c8f991"
}
[VerifyToken] Request: {
  method: 'GET',
  url: '/api/driver/verifyDriverJourneyStatus',
  hasAuth: true
}
[VerifyToken] Token decoded: {
  userUniqueId: 'e590af62-28fb-49cd-ab29-d5e2d2c8f991',
  phoneNumber: '+251995975881',
  roleId: 2,
  iat: 1786368600
}
[VerifyToken] User authenticated: {
  userUniqueId: 'e590af62-28fb-49cd-ab29-d5e2d2c8f991',
  phoneNumber: '+251995975881',
  roleId: undefined
}
16:30:02 [[32minfo[39m]: API Request
{
  "service": "ride-hailing-api",
  "environment": "development",
  "type": "API_REQUEST",
  "method": "GET",
  "url": "/api/driver/verifyDriverJourneyStatus",
  "statusCode": 200,
  "responseTime": "NaNms",
  "ip": "127.0.0.1",
  "userAgent": "axios/1.18.1",
  "userId": 1808,
  "userUniqueId": "e590af62-28fb-49cd-ab29-d5e2d2c8f991"
}
[VerifyToken] Request: { method: 'GET', url: '/api/driver/account', hasAuth: true }
[VerifyToken] Token decoded: {
  userUniqueId: 'e590af62-28fb-49cd-ab29-d5e2d2c8f991',
  phoneNumber: '+251995975881',
  roleId: 2,
  iat: 1786368600
}
[VerifyToken] User authenticated: {
  userUniqueId: 'e590af62-28fb-49cd-ab29-d5e2d2c8f991',
  phoneNumber: '+251995975881',
  roleId: undefined
}
16:30:02 [[32minfo[39m]: @dataRows
{
  "0": {
    "userBalanceId": 1198,
    "userBalanceUniqueId": "5a78bae3-4bde-4348-9663-45413a23cbb7",
    "userUniqueId": "e590af62-28fb-49cd-ab29-d5e2d2c8f991",
    "transactionType": "Refund",
    "transactionUniqueId": "5806986d-c58d-49e3-bd1e-54933be1d8ca",
    "transactionTime": "2026-08-10T10:30:02.000Z",
    "userBalanceAdjustmentType": "creation",
    "netBalance": "950.00",
    "userBalanceCreatedBy": "e590af62-28fb-49cd-ab29-d5e2d2c8f991",
    "userBalanceUpdatedBy": null,
    "userBalanceDeletedBy": null,
    "userBalanceCreatedAt": "2026-08-10T10:30:02.000Z",
    "userBalanceUpdatedAt": null,
    "userBalanceDeletedAt": null
  },
  "service": "ride-hailing-api",
  "environment": "development"
}
16:30:02 [[32minfo[39m]: API Request
{
  "service": "ride-hailing-api",
  "environment": "development",
  "type": "API_REQUEST",
  "method": "GET",
  "url": "/api/driver/account",
  "statusCode": 200,
  "responseTime": "NaNms",
  "ip": "127.0.0.1",
  "userAgent": "axios/1.18.1",
  "userId": 1808,
  "userUniqueId": "e590af62-28fb-49cd-ab29-d5e2d2c8f991"
}
[VerifyToken] Request: {
  method: 'GET',
  url: '/api/driver/verifyDriverJourneyStatus',
  hasAuth: true
}
[VerifyToken] Token decoded: {
  userUniqueId: 'e590af62-28fb-49cd-ab29-d5e2d2c8f991',
  phoneNumber: '+251995975881',
  roleId: 2,
  iat: 1786368600
}
[VerifyToken] User authenticated: {
  userUniqueId: 'e590af62-28fb-49cd-ab29-d5e2d2c8f991',
  phoneNumber: '+251995975881',
  roleId: undefined
}
16:30:02 [[32minfo[39m]: API Request
{
  "service": "ride-hailing-api",
  "environment": "development",
  "type": "API_REQUEST",
  "method": "GET",
  "url": "/api/driver/verifyDriverJourneyStatus",
  "statusCode": 200,
  "responseTime": "NaNms",
  "ip": "127.0.0.1",
  "userAgent": "axios/1.18.1",
  "userId": 1808,
  "userUniqueId": "e590af62-28fb-49cd-ab29-d5e2d2c8f991"
}
[VerifyToken] Request: { method: 'POST', url: '/api/driver/takeFromStreet', hasAuth: true }
[VerifyToken] Token decoded: {
  userUniqueId: 'e590af62-28fb-49cd-ab29-d5e2d2c8f991',
  phoneNumber: '+251995975881',
  roleId: 2,
  iat: 1786368600
}
[VerifyToken] User authenticated: {
  userUniqueId: 'e590af62-28fb-49cd-ab29-d5e2d2c8f991',
  phoneNumber: '+251995975881',
  roleId: undefined
}
16:30:02 [[32minfo[39m]: SMS Configuration Details:
{
  "service": "ride-hailing-api",
  "environment": "development",
  "config": {
    "TOKEN": "eyJhbGciOiJIUzI1NiJ9.eyJpZGVudGlmaWVyIjoiN2dtVldJRHhZdzhWVDlaRzZTWENqZjMyQldJV0pmaWgiLCJleHAiOjE5MzI3OTU1MTcsImlhdCI6MTc3NTAyOTExNywianRpIjoiNTE0ZjNhOWUtNDI3ZS00MWUzLTg0NDAtZTY2NzExMDMzN2VkIn0.6NTM10KG1dJJoHz_ouYZIIONUBmWxo49V_VG9B7QMrg",
    "BASE_URL": "https://api.afromessage.com/api/send",
    "SENDER": "Dynamics.T",
    "FROM": "",
    "CALLBACK": "",
    "OTP_TEMPLATE": "Your OTP code is #OTP#"
  },
  "receiverPhoneNumber": "+251985975882"
}
16:30:03 [[32minfo[39m]: SMS API Raw Response:
{
  "service": "ride-hailing-api",
  "environment": "development",
  "status": 200,
  "data": {
    "acknowledge": "error",
    "response": {
      "errors": [
        "+251985975882 is unverified contact number. You need to verify your contacts while beta testing the system. Please verify this contact using the contact verification tool in the system. Goto list of contacts (or search this contact) and click on the verify button to verify this contact."
      ],
      "relatedObject": "/api/send"
    }
  },
  "receiverPhoneNumber": "+251985975882"
}
16:30:03 [[33mwarn[39m]: SMS API Request Error Details: SMS API returned error: +251985975882 is unverified contact number. You need to verify your contacts while beta testing the system. Please verify this contact using the contact verification tool in the system. Goto list of contacts (or search this contact) and click on the verify button to verify this contact.
{
  "service": "ride-hailing-api",
  "environment": "development",
  "receiverPhoneNumber": "+251985975882"
}
16:30:03 [[33mwarn[39m]: Failed to send SMS in takeFromStreet
{
  "service": "ride-hailing-api",
  "environment": "development",
  "phoneNumber": "+251985975882",
  "error": "SMS API returned error: +251985975882 is unverified contact number. You need to verify your contacts while beta testing the system. Please verify this contact using the contact verification tool in the system. Goto list of contacts (or search this contact) and click on the verify button to verify this contact."
}
16:30:04 [[32minfo[39m]: Transaction committed
{
  "service": "ride-hailing-api",
  "environment": "development",
  "transactionId": "txn_2026-08-10 13:30:02_rqxsi3tik",
  "duration": "NaNms"
}
16:30:04 [[32minfo[39m]: API Request
{
  "service": "ride-hailing-api",
  "environment": "development",
  "type": "API_REQUEST",
  "method": "POST",
  "url": "/api/driver/takeFromStreet",
  "statusCode": 201,
  "responseTime": "NaNms",
  "ip": "127.0.0.1",
  "userAgent": "axios/1.18.1",
  "userId": 1808,
  "userUniqueId": "e590af62-28fb-49cd-ab29-d5e2d2c8f991"
}
[VerifyToken] Request: {
  method: 'GET',
  url: '/api/driver/verifyDriverJourneyStatus',
  hasAuth: true
}
[VerifyToken] Token decoded: {
  userUniqueId: 'e590af62-28fb-49cd-ab29-d5e2d2c8f991',
  phoneNumber: '+251995975881',
  roleId: 2,
  iat: 1786368600
}
[VerifyToken] User authenticated: {
  userUniqueId: 'e590af62-28fb-49cd-ab29-d5e2d2c8f991',
  phoneNumber: '+251995975881',
  roleId: undefined
}
16:30:04 [[33mwarn[39m]: No active shipper socket found for notification
{
  "service": "ride-hailing-api",
  "environment": "development",
  "phoneNumber": "251985975882"
}
16:30:04 [[32minfo[39m]: API Request
{
  "service": "ride-hailing-api",
  "environment": "development",
  "type": "API_REQUEST",
  "method": "GET",
  "url": "/api/driver/verifyDriverJourneyStatus",
  "statusCode": 200,
  "responseTime": "NaNms",
  "ip": "127.0.0.1",
  "userAgent": "axios/1.18.1",
  "userId": 1808,
  "userUniqueId": "e590af62-28fb-49cd-ab29-d5e2d2c8f991"
}
[VerifyToken] Request: { method: 'PUT', url: '/api/driver/completeJourney', hasAuth: true }
[VerifyToken] Token decoded: {
  userUniqueId: 'e590af62-28fb-49cd-ab29-d5e2d2c8f991',
  phoneNumber: '+251995975881',
  roleId: 2,
  iat: 1786368600
}
[VerifyToken] User authenticated: {
  userUniqueId: 'e590af62-28fb-49cd-ab29-d5e2d2c8f991',
  phoneNumber: '+251995975881',
  roleId: undefined
}
16:30:04 [[32minfo[39m]: Updating Journey table
{
  "service": "ride-hailing-api",
  "environment": "development",
  "journeyUniqueId": "f5f590c8-77a6-42f4-9e3e-c8adb4816de9",
  "journeyStatusId": 6,
  "updateValues": {
    "journeyStatusId": 6,
    "endTime": "2026-08-10 13:30:04"
  },
  "hasConnection": true
}
16:30:04 [[32minfo[39m]: Journey table update result
{
  "service": "ride-hailing-api",
  "environment": "development",
  "journeyUniqueId": "f5f590c8-77a6-42f4-9e3e-c8adb4816de9",
  "affectedRows": 1,
  "changedRows": 1
}
16:30:04 [[32minfo[39m]: Journey status update completed
{
  "service": "ride-hailing-api",
  "environment": "development",
  "journeyUniqueId": "f5f590c8-77a6-42f4-9e3e-c8adb4816de9",
  "journeyStatusId": 6,
  "tablesUpdated": {
    "journey": true,
    "shipperRequest": true,
    "journeyDecision": true,
    "driverRequest": true
  },
  "totalUpdates": 6
}
16:30:04 [[32minfo[39m]: Transaction committed
{
  "service": "ride-hailing-api",
  "environment": "development",
  "transactionId": "txn_2026-08-10 13:30:04_ly53j7ikz",
  "duration": "NaNms"
}
16:30:04 [[33mwarn[39m]: No active shipper socket found for notification
{
  "service": "ride-hailing-api",
  "environment": "development",
  "phoneNumber": "251985975882"
}
16:30:04 [[32minfo[39m]: API Request
{
  "service": "ride-hailing-api",
  "environment": "development",
  "type": "API_REQUEST",
  "method": "PUT",
  "url": "/api/driver/completeJourney",
  "statusCode": 200,
  "responseTime": "NaNms",
  "ip": "127.0.0.1",
  "userAgent": "axios/1.18.1",
  "userId": 1808,
  "userUniqueId": "e590af62-28fb-49cd-ab29-d5e2d2c8f991"
}
[VerifyToken] Request: {
  method: 'GET',
  url: '/api/driver/verifyDriverJourneyStatus',
  hasAuth: true
}
[VerifyToken] Token decoded: {
  userUniqueId: 'e590af62-28fb-49cd-ab29-d5e2d2c8f991',
  phoneNumber: '+251995975881',
  roleId: 2,
  iat: 1786368600
}
[VerifyToken] User authenticated: {
  userUniqueId: 'e590af62-28fb-49cd-ab29-d5e2d2c8f991',
  phoneNumber: '+251995975881',
  roleId: undefined
}
16:30:04 [[32minfo[39m]: API Request
{
  "service": "ride-hailing-api",
  "environment": "development",
  "type": "API_REQUEST",
  "method": "GET",
  "url": "/api/driver/verifyDriverJourneyStatus",
  "statusCode": 200,
  "responseTime": "NaNms",
  "ip": "127.0.0.1",
  "userAgent": "axios/1.18.1",
  "userId": 1808,
  "userUniqueId": "e590af62-28fb-49cd-ab29-d5e2d2c8f991"
}
[VerifyToken] Request: { method: 'PUT', url: '/api/user/updateUser/self', hasAuth: true }
[VerifyToken] Token decoded: {
  userUniqueId: '5e76d160-608e-4d5b-8b95-132a6fa878b0',
  phoneNumber: '+251985975882',
  roleId: 1,
  iat: 1786368601
}
[VerifyToken] User authenticated: {
  userUniqueId: '5e76d160-608e-4d5b-8b95-132a6fa878b0',
  phoneNumber: '+251985975882',
  roleId: undefined
}
16:30:04 [[32minfo[39m]: File saved locally
{
  "service": "ride-hailing-api",
  "environment": "development",
  "filePath": "/Users/zewedu/Desktop/Projects/transportBackEndNative/uploads/1809_9b26d282-48e9-4e62-9fb1-12cd16a8409e.png",
  "relativePath": "/uploads/1809_9b26d282-48e9-4e62-9fb1-12cd16a8409e.png"
}
16:30:04 [[32minfo[39m]: File deleted locally
{
  "service": "ride-hailing-api",
  "environment": "development",
  "filePath": "/Users/zewedu/Desktop/Projects/transportBackEndNative/uploads/1809_c6ddd213-8496-4258-a5c0-333ae1397b7e.png"
}
16:30:04 [[32minfo[39m]: Transaction committed
{
  "service": "ride-hailing-api",
  "environment": "development",
  "transactionId": "txn_2026-08-10 13:30:04_enavnejov",
  "duration": "NaNms"
}
16:30:04 [[32minfo[39m]: API Request
{
  "service": "ride-hailing-api",
  "environment": "development",
  "type": "API_REQUEST",
  "method": "PUT",
  "url": "/api/user/updateUser/self",
  "statusCode": 200,
  "responseTime": "NaNms",
  "ip": "127.0.0.1",
  "userAgent": "axios/1.18.1",
  "userId": 1809,
  "userUniqueId": "5e76d160-608e-4d5b-8b95-132a6fa878b0"
}
[VerifyToken] Request: { method: 'GET', url: '/api/shipper/account', hasAuth: true }
[VerifyToken] Token decoded: {
  userUniqueId: '5e76d160-608e-4d5b-8b95-132a6fa878b0',
  phoneNumber: '+251985975882',
  roleId: 1,
  iat: 1786368601
}
[VerifyToken] User authenticated: {
  userUniqueId: '5e76d160-608e-4d5b-8b95-132a6fa878b0',
  phoneNumber: '+251985975882',
  roleId: undefined
}
16:30:04 [[32minfo[39m]: API Request
{
  "service": "ride-hailing-api",
  "environment": "development",
  "type": "API_REQUEST",
  "method": "GET",
  "url": "/api/shipper/account",
  "statusCode": 200,
  "responseTime": "NaNms",
  "ip": "127.0.0.1",
  "userAgent": "axios/1.18.1",
  "userId": 1809,
  "userUniqueId": "5e76d160-608e-4d5b-8b95-132a6fa878b0"
}
[VerifyToken] Request: { method: 'GET', url: '/', hasAuth: true }
[VerifyToken] Token decoded: {
  userUniqueId: '5e76d160-608e-4d5b-8b95-132a6fa878b0',
  phoneNumber: '+251985975882',
  roleId: 1,
  iat: 1786368601
}
[VerifyToken] User authenticated: {
  userUniqueId: '5e76d160-608e-4d5b-8b95-132a6fa878b0',
  phoneNumber: '+251985975882',
  roleId: undefined
}
16:30:04 [[32minfo[39m]: API Request
{
  "service": "ride-hailing-api",
  "environment": "development",
  "type": "API_REQUEST",
  "method": "GET",
  "url": "/api/admin/vehicleTypes",
  "statusCode": 200,
  "responseTime": "NaNms",
  "ip": "127.0.0.1",
  "userAgent": "axios/1.18.1",
  "userId": 1809,
  "userUniqueId": "5e76d160-608e-4d5b-8b95-132a6fa878b0"
}
[VerifyToken] Request: {
  method: 'POST',
  url: '/api/shipperRequest/createRequest',
  hasAuth: true
}
[VerifyToken] Token decoded: {
  userUniqueId: '5e76d160-608e-4d5b-8b95-132a6fa878b0',
  phoneNumber: '+251985975882',
  roleId: 1,
  iat: 1786368601
}
[VerifyToken] User authenticated: {
  userUniqueId: '5e76d160-608e-4d5b-8b95-132a6fa878b0',
  phoneNumber: '+251985975882',
  roleId: undefined
}
16:30:04 [[32minfo[39m]: company_target batch created (PR rows deferred to bid acceptance)
{
  "service": "ride-hailing-api",
  "environment": "development",
  "shipperRequestBatchUniqueId": "47e86e46-c6ca-4462-87ab-16640ac5cdfe",
  "totalVehicles": 1,
  "userUniqueId": "5e76d160-608e-4d5b-8b95-132a6fa878b0"
}
16:30:04 [[32minfo[39m]: Transaction committed
{
  "service": "ride-hailing-api",
  "environment": "development",
  "transactionId": "txn_2026-08-10 13:30:04_eogkzkj63",
  "duration": "NaNms"
}
16:30:04 [[32minfo[39m]: API Request
{
  "service": "ride-hailing-api",
  "environment": "development",
  "type": "API_REQUEST",
  "method": "POST",
  "url": "/api/shipperRequest/createRequest",
  "statusCode": 200,
  "responseTime": "NaNms",
  "ip": "127.0.0.1",
  "userAgent": "axios/1.18.1",
  "userId": 1809,
  "userUniqueId": "5e76d160-608e-4d5b-8b95-132a6fa878b0"
}
[VerifyToken] Request: {
  method: 'GET',
  url: '/api/shipperRequest/verifyShipperStatus?page=1&pageSize=10',
  hasAuth: true
}
[VerifyToken] Token decoded: {
  userUniqueId: '5e76d160-608e-4d5b-8b95-132a6fa878b0',
  phoneNumber: '+251985975882',
  roleId: 1,
  iat: 1786368601
}
[VerifyToken] User authenticated: {
  userUniqueId: '5e76d160-608e-4d5b-8b95-132a6fa878b0',
  phoneNumber: '+251985975882',
  roleId: undefined
}
16:30:04 [[32minfo[39m]: API Request
{
  "service": "ride-hailing-api",
  "environment": "development",
  "type": "API_REQUEST",
  "method": "GET",
  "url": "/api/shipperRequest/verifyShipperStatus?page=1&pageSize=10",
  "statusCode": 200,
  "responseTime": "NaNms",
  "ip": "127.0.0.1",
  "userAgent": "axios/1.18.1",
  "userId": 1809,
  "userUniqueId": "5e76d160-608e-4d5b-8b95-132a6fa878b0"
}
[VerifyToken] Request: { method: 'GET', url: '/', hasAuth: true }
[VerifyToken] Token decoded: {
  userUniqueId: '7e350e22-f087-4f51-adb1-9931d8529cb0',
  phoneNumber: '+251965975884',
  roleId: 7,
  iat: 1786368599
}
[VerifyToken] User authenticated: {
  userUniqueId: '7e350e22-f087-4f51-adb1-9931d8529cb0',
  phoneNumber: '+251965975884',
  roleId: undefined
}
16:30:04 [[32minfo[39m]: API Request
{
  "service": "ride-hailing-api",
  "environment": "development",
  "type": "API_REQUEST",
  "method": "GET",
  "url": "/api/company/companies",
  "statusCode": 200,
  "responseTime": "NaNms",
  "ip": "127.0.0.1",
  "userAgent": "axios/1.18.1",
  "userId": 1806,
  "userUniqueId": "7e350e22-f087-4f51-adb1-9931d8529cb0"
}
[VerifyToken] Request: { method: 'POST', url: '/', hasAuth: true }
[VerifyToken] Token decoded: {
  userUniqueId: '7e350e22-f087-4f51-adb1-9931d8529cb0',
  phoneNumber: '+251965975884',
  roleId: 7,
  iat: 1786368599
}
[VerifyToken] User authenticated: {
  userUniqueId: '7e350e22-f087-4f51-adb1-9931d8529cb0',
  phoneNumber: '+251965975884',
  roleId: undefined
}
16:30:04 [[32minfo[39m]: Transaction committed
{
  "service": "ride-hailing-api",
  "environment": "development",
  "transactionId": "txn_2026-08-10 13:30:04_b13jtl0j7",
  "duration": "NaNms"
}
16:30:04 [[32minfo[39m]: API Request
{
  "service": "ride-hailing-api",
  "environment": "development",
  "type": "API_REQUEST",
  "method": "POST",
  "url": "/api/company/companies",
  "statusCode": 201,
  "responseTime": "NaNms",
  "ip": "127.0.0.1",
  "userAgent": "axios/1.18.1",
  "userId": 1806,
  "userUniqueId": "7e350e22-f087-4f51-adb1-9931d8529cb0"
}
[VerifyToken] Request: { method: 'GET', url: '/', hasAuth: true }
[VerifyToken] Token decoded: {
  userUniqueId: '7e350e22-f087-4f51-adb1-9931d8529cb0',
  phoneNumber: '+251965975884',
  roleId: 7,
  iat: 1786368599
}
[VerifyToken] User authenticated: {
  userUniqueId: '7e350e22-f087-4f51-adb1-9931d8529cb0',
  phoneNumber: '+251965975884',
  roleId: undefined
}
16:30:04 [[32minfo[39m]: API Request
{
  "service": "ride-hailing-api",
  "environment": "development",
  "type": "API_REQUEST",
  "method": "GET",
  "url": "/api/company/companies",
  "statusCode": 200,
  "responseTime": "NaNms",
  "ip": "127.0.0.1",
  "userAgent": "axios/1.18.1",
  "userId": 1806,
  "userUniqueId": "7e350e22-f087-4f51-adb1-9931d8529cb0"
}
[VerifyToken] Request: {
  method: 'GET',
  url: '/api/company/attachedDocuments/3bf53a94-2138-453c-9523-6dd7c12540e0',
  hasAuth: true
}
[VerifyToken] Token decoded: {
  userUniqueId: '7e350e22-f087-4f51-adb1-9931d8529cb0',
  phoneNumber: '+251965975884',
  roleId: 7,
  iat: 1786368599
}
[VerifyToken] User authenticated: {
  userUniqueId: '7e350e22-f087-4f51-adb1-9931d8529cb0',
  phoneNumber: '+251965975884',
  roleId: undefined
}
16:30:04 [[32minfo[39m]: API Request
{
  "service": "ride-hailing-api",
  "environment": "development",
  "type": "API_REQUEST",
  "method": "GET",
  "url": "/api/company/attachedDocuments/3bf53a94-2138-453c-9523-6dd7c12540e0",
  "statusCode": 200,
  "responseTime": "NaNms",
  "ip": "127.0.0.1",
  "userAgent": "axios/1.18.1",
  "userId": 1806,
  "userUniqueId": "7e350e22-f087-4f51-adb1-9931d8529cb0"
}
[VerifyToken] Request: { method: 'GET', url: '/?roleId=8', hasAuth: true }
[VerifyToken] Token decoded: {
  userUniqueId: '7e350e22-f087-4f51-adb1-9931d8529cb0',
  phoneNumber: '+251965975884',
  roleId: 7,
  iat: 1786368599
}
[VerifyToken] User authenticated: {
  userUniqueId: '7e350e22-f087-4f51-adb1-9931d8529cb0',
  phoneNumber: '+251965975884',
  roleId: undefined
}
16:30:04 [[32minfo[39m]: API Request
{
  "service": "ride-hailing-api",
  "environment": "development",
  "type": "API_REQUEST",
  "method": "GET",
  "url": "/api/RoleDocumentRequirements?roleId=8",
  "statusCode": 200,
  "responseTime": "NaNms",
  "ip": "127.0.0.1",
  "userAgent": "axios/1.18.1",
  "userId": 1806,
  "userUniqueId": "7e350e22-f087-4f51-adb1-9931d8529cb0"
}
[VerifyToken] Request: {
  method: 'POST',
  url: '/api/company/attachDocuments/3bf53a94-2138-453c-9523-6dd7c12540e0',
  hasAuth: true
}
[VerifyToken] Token decoded: {
  userUniqueId: '7e350e22-f087-4f51-adb1-9931d8529cb0',
  phoneNumber: '+251965975884',
  roleId: 7,
  iat: 1786368599
}
[VerifyToken] User authenticated: {
  userUniqueId: '7e350e22-f087-4f51-adb1-9931d8529cb0',
  phoneNumber: '+251965975884',
  roleId: undefined
}
16:30:04 [[32minfo[39m]: File saved locally
{
  "service": "ride-hailing-api",
  "environment": "development",
  "filePath": "/Users/zewedu/Desktop/Projects/transportBackEndNative/uploads/1806_1e68527b-129e-4e31-89e3-4363c7673d2c.png",
  "relativePath": "/uploads/1806_1e68527b-129e-4e31-89e3-4363c7673d2c.png"
}
16:30:04 [[32minfo[39m]: Transaction committed
{
  "service": "ride-hailing-api",
  "environment": "development",
  "transactionId": "txn_2026-08-10 13:30:04_xifuy7481",
  "duration": "NaNms"
}
16:30:04 [[31merror[39m]: Redis connection error
Error: Stream isn't writeable and enableOfflineQueue options is false
    at EventEmitter.sendCommand (/Users/zewedu/Desktop/Projects/transportBackEndNative/node_modules/ioredis/built/Redis.js:376:32)
    at EventEmitter.keys (/Users/zewedu/Desktop/Projects/transportBackEndNative/node_modules/ioredis/built/utils/Commander.js:90:25)
    at sendSocketIONotificationToAdmin (/Users/zewedu/Desktop/Projects/transportBackEndNative/Utils/Notifications.js:151:26)
    at createAttachedDocuments (/Users/zewedu/Desktop/Projects/transportBackEndNative/Controllers/AttachedDocuments.controller.js:356:11)
    at process.processTicksAndRejections (node:internal/process/task_queues:105:5)
{
  "service": "ride-hailing-api",
  "environment": "development",
  "error": "Stream isn't writeable and enableOfflineQueue options is false"
}
16:30:04 [[32minfo[39m]: API Request
{
  "service": "ride-hailing-api",
  "environment": "development",
  "type": "API_REQUEST",
  "method": "POST",
  "url": "/api/company/attachDocuments/3bf53a94-2138-453c-9523-6dd7c12540e0",
  "statusCode": 200,
  "responseTime": "NaNms",
  "ip": "127.0.0.1",
  "userAgent": "axios/1.18.1",
  "userId": 1806,
  "userUniqueId": "7e350e22-f087-4f51-adb1-9931d8529cb0"
}
[VerifyToken] Request: {
  method: 'POST',
  url: '/api/company/attachDocuments/3bf53a94-2138-453c-9523-6dd7c12540e0',
  hasAuth: true
}
[VerifyToken] Token decoded: {
  userUniqueId: '7e350e22-f087-4f51-adb1-9931d8529cb0',
  phoneNumber: '+251965975884',
  roleId: 7,
  iat: 1786368599
}
[VerifyToken] User authenticated: {
  userUniqueId: '7e350e22-f087-4f51-adb1-9931d8529cb0',
  phoneNumber: '+251965975884',
  roleId: undefined
}
16:30:04 [[32minfo[39m]: File saved locally
{
  "service": "ride-hailing-api",
  "environment": "development",
  "filePath": "/Users/zewedu/Desktop/Projects/transportBackEndNative/uploads/1806_509d65c2-3054-48eb-af1f-1276e1400dae.png",
  "relativePath": "/uploads/1806_509d65c2-3054-48eb-af1f-1276e1400dae.png"
}
16:30:04 [[32minfo[39m]: Transaction committed
{
  "service": "ride-hailing-api",
  "environment": "development",
  "transactionId": "txn_2026-08-10 13:30:04_x71kost6t",
  "duration": "NaNms"
}
16:30:04 [[31merror[39m]: Redis connection error
Error: Stream isn't writeable and enableOfflineQueue options is false
    at EventEmitter.sendCommand (/Users/zewedu/Desktop/Projects/transportBackEndNative/node_modules/ioredis/built/Redis.js:376:32)
    at EventEmitter.keys (/Users/zewedu/Desktop/Projects/transportBackEndNative/node_modules/ioredis/built/utils/Commander.js:90:25)
    at sendSocketIONotificationToAdmin (/Users/zewedu/Desktop/Projects/transportBackEndNative/Utils/Notifications.js:151:26)
    at createAttachedDocuments (/Users/zewedu/Desktop/Projects/transportBackEndNative/Controllers/AttachedDocuments.controller.js:356:11)
    at process.processTicksAndRejections (node:internal/process/task_queues:105:5)
{
  "service": "ride-hailing-api",
  "environment": "development",
  "error": "Stream isn't writeable and enableOfflineQueue options is false"
}
16:30:04 [[32minfo[39m]: API Request
{
  "service": "ride-hailing-api",
  "environment": "development",
  "type": "API_REQUEST",
  "method": "POST",
  "url": "/api/company/attachDocuments/3bf53a94-2138-453c-9523-6dd7c12540e0",
  "statusCode": 200,
  "responseTime": "NaNms",
  "ip": "127.0.0.1",
  "userAgent": "axios/1.18.1",
  "userId": 1806,
  "userUniqueId": "7e350e22-f087-4f51-adb1-9931d8529cb0"
}
[VerifyToken] Request: {
  method: 'POST',
  url: '/api/company/attachDocuments/3bf53a94-2138-453c-9523-6dd7c12540e0',
  hasAuth: true
}
[VerifyToken] Token decoded: {
  userUniqueId: '7e350e22-f087-4f51-adb1-9931d8529cb0',
  phoneNumber: '+251965975884',
  roleId: 7,
  iat: 1786368599
}
[VerifyToken] User authenticated: {
  userUniqueId: '7e350e22-f087-4f51-adb1-9931d8529cb0',
  phoneNumber: '+251965975884',
  roleId: undefined
}
16:30:04 [[32minfo[39m]: File saved locally
{
  "service": "ride-hailing-api",
  "environment": "development",
  "filePath": "/Users/zewedu/Desktop/Projects/transportBackEndNative/uploads/1806_37ecf929-3c72-47f3-a964-edc91c3a9cb7.png",
  "relativePath": "/uploads/1806_37ecf929-3c72-47f3-a964-edc91c3a9cb7.png"
}
16:30:04 [[32minfo[39m]: Transaction committed
{
  "service": "ride-hailing-api",
  "environment": "development",
  "transactionId": "txn_2026-08-10 13:30:04_w9pivt9qz",
  "duration": "NaNms"
}
16:30:04 [[31merror[39m]: Redis connection error
Error: Stream isn't writeable and enableOfflineQueue options is false
    at EventEmitter.sendCommand (/Users/zewedu/Desktop/Projects/transportBackEndNative/node_modules/ioredis/built/Redis.js:376:32)
    at EventEmitter.keys (/Users/zewedu/Desktop/Projects/transportBackEndNative/node_modules/ioredis/built/utils/Commander.js:90:25)
    at sendSocketIONotificationToAdmin (/Users/zewedu/Desktop/Projects/transportBackEndNative/Utils/Notifications.js:151:26)
    at createAttachedDocuments (/Users/zewedu/Desktop/Projects/transportBackEndNative/Controllers/AttachedDocuments.controller.js:356:11)
    at process.processTicksAndRejections (node:internal/process/task_queues:105:5)
{
  "service": "ride-hailing-api",
  "environment": "development",
  "error": "Stream isn't writeable and enableOfflineQueue options is false"
}
16:30:04 [[32minfo[39m]: API Request
{
  "service": "ride-hailing-api",
  "environment": "development",
  "type": "API_REQUEST",
  "method": "POST",
  "url": "/api/company/attachDocuments/3bf53a94-2138-453c-9523-6dd7c12540e0",
  "statusCode": 200,
  "responseTime": "NaNms",
  "ip": "127.0.0.1",
  "userAgent": "axios/1.18.1",
  "userId": 1806,
  "userUniqueId": "7e350e22-f087-4f51-adb1-9931d8529cb0"
}
[VerifyToken] Request: {
  method: 'POST',
  url: '/api/company/attachDocuments/3bf53a94-2138-453c-9523-6dd7c12540e0',
  hasAuth: true
}
[VerifyToken] Token decoded: {
  userUniqueId: '7e350e22-f087-4f51-adb1-9931d8529cb0',
  phoneNumber: '+251965975884',
  roleId: 7,
  iat: 1786368599
}
[VerifyToken] User authenticated: {
  userUniqueId: '7e350e22-f087-4f51-adb1-9931d8529cb0',
  phoneNumber: '+251965975884',
  roleId: undefined
}
16:30:04 [[32minfo[39m]: File saved locally
{
  "service": "ride-hailing-api",
  "environment": "development",
  "filePath": "/Users/zewedu/Desktop/Projects/transportBackEndNative/uploads/1806_f6666e1f-85bb-4541-a393-3eafa9932993.png",
  "relativePath": "/uploads/1806_f6666e1f-85bb-4541-a393-3eafa9932993.png"
}
16:30:04 [[32minfo[39m]: Transaction committed
{
  "service": "ride-hailing-api",
  "environment": "development",
  "transactionId": "txn_2026-08-10 13:30:04_61mx5ixp5",
  "duration": "NaNms"
}
16:30:04 [[31merror[39m]: Redis connection error
Error: Stream isn't writeable and enableOfflineQueue options is false
    at EventEmitter.sendCommand (/Users/zewedu/Desktop/Projects/transportBackEndNative/node_modules/ioredis/built/Redis.js:376:32)
    at EventEmitter.keys (/Users/zewedu/Desktop/Projects/transportBackEndNative/node_modules/ioredis/built/utils/Commander.js:90:25)
    at sendSocketIONotificationToAdmin (/Users/zewedu/Desktop/Projects/transportBackEndNative/Utils/Notifications.js:151:26)
    at createAttachedDocuments (/Users/zewedu/Desktop/Projects/transportBackEndNative/Controllers/AttachedDocuments.controller.js:356:11)
    at process.processTicksAndRejections (node:internal/process/task_queues:105:5)
{
  "service": "ride-hailing-api",
  "environment": "development",
  "error": "Stream isn't writeable and enableOfflineQueue options is false"
}
16:30:04 [[32minfo[39m]: API Request
{
  "service": "ride-hailing-api",
  "environment": "development",
  "type": "API_REQUEST",
  "method": "POST",
  "url": "/api/company/attachDocuments/3bf53a94-2138-453c-9523-6dd7c12540e0",
  "statusCode": 200,
  "responseTime": "NaNms",
  "ip": "127.0.0.1",
  "userAgent": "axios/1.18.1",
  "userId": 1806,
  "userUniqueId": "7e350e22-f087-4f51-adb1-9931d8529cb0"
}
[VerifyToken] Request: {
  method: 'GET',
  url: '/api/company/attachedDocuments/3bf53a94-2138-453c-9523-6dd7c12540e0',
  hasAuth: true
}
[VerifyToken] Token decoded: {
  userUniqueId: '7e350e22-f087-4f51-adb1-9931d8529cb0',
  phoneNumber: '+251965975884',
  roleId: 7,
  iat: 1786368599
}
[VerifyToken] User authenticated: {
  userUniqueId: '7e350e22-f087-4f51-adb1-9931d8529cb0',
  phoneNumber: '+251965975884',
  roleId: undefined
}
16:30:04 [[32minfo[39m]: API Request
{
  "service": "ride-hailing-api",
  "environment": "development",
  "type": "API_REQUEST",
  "method": "GET",
  "url": "/api/company/attachedDocuments/3bf53a94-2138-453c-9523-6dd7c12540e0",
  "statusCode": 200,
  "responseTime": "NaNms",
  "ip": "127.0.0.1",
  "userAgent": "axios/1.18.1",
  "userId": 1806,
  "userUniqueId": "7e350e22-f087-4f51-adb1-9931d8529cb0"
}
[VerifyToken] Request: {
  method: 'PUT',
  url: '/api/admin/acceptRejectAttachedDocuments',
  hasAuth: true
}
[VerifyToken] Token decoded: {
  userUniqueId: 'e4f4720c-7828-4476-925d-4dd5f9deb456',
  phoneNumber: '+251975975883',
  roleId: 3,
  iat: 1786368599
}
[VerifyToken] Request: {
  method: 'PUT',
  url: '/api/admin/acceptRejectAttachedDocuments',
  hasAuth: true
}
[VerifyToken] Token decoded: {
  userUniqueId: 'e4f4720c-7828-4476-925d-4dd5f9deb456',
  phoneNumber: '+251975975883',
  roleId: 3,
  iat: 1786368599
}
[VerifyToken] Request: {
  method: 'PUT',
  url: '/api/admin/acceptRejectAttachedDocuments',
  hasAuth: true
}
[VerifyToken] Token decoded: {
  userUniqueId: 'e4f4720c-7828-4476-925d-4dd5f9deb456',
  phoneNumber: '+251975975883',
  roleId: 3,
  iat: 1786368599
}
[VerifyToken] Request: {
  method: 'PUT',
  url: '/api/admin/acceptRejectAttachedDocuments',
  hasAuth: true
}
[VerifyToken] Token decoded: {
  userUniqueId: 'e4f4720c-7828-4476-925d-4dd5f9deb456',
  phoneNumber: '+251975975883',
  roleId: 3,
  iat: 1786368599
}
[VerifyToken] User authenticated: {
  userUniqueId: 'e4f4720c-7828-4476-925d-4dd5f9deb456',
  phoneNumber: '+251975975883',
  roleId: undefined
}
[VerifyToken] User authenticated: {
  userUniqueId: 'e4f4720c-7828-4476-925d-4dd5f9deb456',
  phoneNumber: '+251975975883',
  roleId: undefined
}
[VerifyToken] User authenticated: {
  userUniqueId: 'e4f4720c-7828-4476-925d-4dd5f9deb456',
  phoneNumber: '+251975975883',
  roleId: undefined
}
[VerifyToken] User authenticated: {
  userUniqueId: 'e4f4720c-7828-4476-925d-4dd5f9deb456',
  phoneNumber: '+251975975883',
  roleId: undefined
}
16:30:04 [[32minfo[39m]: Transaction committed
{
  "service": "ride-hailing-api",
  "environment": "development",
  "transactionId": "txn_2026-08-10 13:30:04_r5ayxpt11",
  "duration": "NaNms"
}
16:30:04 [[32minfo[39m]: API Request
{
  "service": "ride-hailing-api",
  "environment": "development",
  "type": "API_REQUEST",
  "method": "PUT",
  "url": "/api/admin/acceptRejectAttachedDocuments",
  "statusCode": 200,
  "responseTime": "NaNms",
  "ip": "127.0.0.1",
  "userAgent": "axios/1.18.1",
  "userId": 1805,
  "userUniqueId": "e4f4720c-7828-4476-925d-4dd5f9deb456"
}
16:30:04 [[32minfo[39m]: Transaction committed
{
  "service": "ride-hailing-api",
  "environment": "development",
  "transactionId": "txn_2026-08-10 13:30:04_ksrzkxl6q",
  "duration": "NaNms"
}
16:30:04 [[32minfo[39m]: API Request
{
  "service": "ride-hailing-api",
  "environment": "development",
  "type": "API_REQUEST",
  "method": "PUT",
  "url": "/api/admin/acceptRejectAttachedDocuments",
  "statusCode": 200,
  "responseTime": "NaNms",
  "ip": "127.0.0.1",
  "userAgent": "axios/1.18.1",
  "userId": 1805,
  "userUniqueId": "e4f4720c-7828-4476-925d-4dd5f9deb456"
}
16:30:04 [[32minfo[39m]: Transaction committed
{
  "service": "ride-hailing-api",
  "environment": "development",
  "transactionId": "txn_2026-08-10 13:30:04_qd5glqmhe",
  "duration": "NaNms"
}
16:30:04 [[32minfo[39m]: API Request
{
  "service": "ride-hailing-api",
  "environment": "development",
  "type": "API_REQUEST",
  "method": "PUT",
  "url": "/api/admin/acceptRejectAttachedDocuments",
  "statusCode": 200,
  "responseTime": "NaNms",
  "ip": "127.0.0.1",
  "userAgent": "axios/1.18.1",
  "userId": 1805,
  "userUniqueId": "e4f4720c-7828-4476-925d-4dd5f9deb456"
}
16:30:04 [[32minfo[39m]: Transaction committed
{
  "service": "ride-hailing-api",
  "environment": "development",
  "transactionId": "txn_2026-08-10 13:30:04_q5yku9lm3",
  "duration": "NaNms"
}
16:30:04 [[32minfo[39m]: API Request
{
  "service": "ride-hailing-api",
  "environment": "development",
  "type": "API_REQUEST",
  "method": "PUT",
  "url": "/api/admin/acceptRejectAttachedDocuments",
  "statusCode": 200,
  "responseTime": "NaNms",
  "ip": "127.0.0.1",
  "userAgent": "axios/1.18.1",
  "userId": 1805,
  "userUniqueId": "e4f4720c-7828-4476-925d-4dd5f9deb456"
}
[VerifyToken] Request: {
  method: 'PATCH',
  url: '/3bf53a94-2138-453c-9523-6dd7c12540e0/approve',
  hasAuth: true
}
[VerifyToken] Token decoded: {
  userUniqueId: 'e4f4720c-7828-4476-925d-4dd5f9deb456',
  phoneNumber: '+251975975883',
  roleId: 3,
  iat: 1786368599
}
[VerifyToken] User authenticated: {
  userUniqueId: 'e4f4720c-7828-4476-925d-4dd5f9deb456',
  phoneNumber: '+251975975883',
  roleId: undefined
}
16:30:04 [[32minfo[39m]: Transaction committed
{
  "service": "ride-hailing-api",
  "environment": "development",
  "transactionId": "txn_2026-08-10 13:30:04_oxbie8srf",
  "duration": "NaNms"
}
16:30:04 [[32minfo[39m]: API Request
{
  "service": "ride-hailing-api",
  "environment": "development",
  "type": "API_REQUEST",
  "method": "PATCH",
  "url": "/api/company/companies/3bf53a94-2138-453c-9523-6dd7c12540e0/approve",
  "statusCode": 200,
  "responseTime": "NaNms",
  "ip": "127.0.0.1",
  "userAgent": "axios/1.18.1",
  "userId": 1805,
  "userUniqueId": "e4f4720c-7828-4476-925d-4dd5f9deb456"
}
[VerifyToken] Request: {
  method: 'GET',
  url: '/?target=available&companyUniqueId=3bf53a94-2138-453c-9523-6dd7c12540e0',
  hasAuth: true
}
[VerifyToken] Token decoded: {
  userUniqueId: '7e350e22-f087-4f51-adb1-9931d8529cb0',
  phoneNumber: '+251965975884',
  roleId: 7,
  iat: 1786368599
}
[VerifyToken] User authenticated: {
  userUniqueId: '7e350e22-f087-4f51-adb1-9931d8529cb0',
  phoneNumber: '+251965975884',
  roleId: undefined
}
16:30:04 [[32minfo[39m]: API Request
{
  "service": "ride-hailing-api",
  "environment": "development",
  "type": "API_REQUEST",
  "method": "GET",
  "url": "/api/company/bids?target=available&companyUniqueId=3bf53a94-2138-453c-9523-6dd7c12540e0",
  "statusCode": 200,
  "responseTime": "NaNms",
  "ip": "127.0.0.1",
  "userAgent": "axios/1.18.1",
  "userId": 1806,
  "userUniqueId": "7e350e22-f087-4f51-adb1-9931d8529cb0"
}
[VerifyToken] Request: { method: 'POST', url: '/', hasAuth: true }
[VerifyToken] Token decoded: {
  userUniqueId: '7e350e22-f087-4f51-adb1-9931d8529cb0',
  phoneNumber: '+251965975884',
  roleId: 7,
  iat: 1786368599
}
[VerifyToken] User authenticated: {
  userUniqueId: '7e350e22-f087-4f51-adb1-9931d8529cb0',
  phoneNumber: '+251965975884',
  roleId: undefined
}
16:30:04 [[33mwarn[39m]: No active shipper socket found for notification
{
  "service": "ride-hailing-api",
  "environment": "development",
  "phoneNumber": "251985975882"
}
16:30:04 [[32minfo[39m]: Transaction committed
{
  "service": "ride-hailing-api",
  "environment": "development",
  "transactionId": "txn_2026-08-10 13:30:04_l77eq0zeu",
  "duration": "NaNms"
}
16:30:04 [[32minfo[39m]: API Request
{
  "service": "ride-hailing-api",
  "environment": "development",
  "type": "API_REQUEST",
  "method": "POST",
  "url": "/api/company/bids",
  "statusCode": 201,
  "responseTime": "NaNms",
  "ip": "127.0.0.1",
  "userAgent": "axios/1.18.1",
  "userId": 1806,
  "userUniqueId": "7e350e22-f087-4f51-adb1-9931d8529cb0"
}
[VerifyToken] Request: {
  method: 'GET',
  url: '/?companyUniqueId=3bf53a94-2138-453c-9523-6dd7c12540e0&bidStatus=submitted',
  hasAuth: true
}
[VerifyToken] Token decoded: {
  userUniqueId: '7e350e22-f087-4f51-adb1-9931d8529cb0',
  phoneNumber: '+251965975884',
  roleId: 7,
  iat: 1786368599
}
[VerifyToken] User authenticated: {
  userUniqueId: '7e350e22-f087-4f51-adb1-9931d8529cb0',
  phoneNumber: '+251965975884',
  roleId: undefined
}
16:30:04 [[32minfo[39m]: API Request
{
  "service": "ride-hailing-api",
  "environment": "development",
  "type": "API_REQUEST",
  "method": "GET",
  "url": "/api/company/bids?companyUniqueId=3bf53a94-2138-453c-9523-6dd7c12540e0&bidStatus=submitted",
  "statusCode": 200,
  "responseTime": "NaNms",
  "ip": "127.0.0.1",
  "userAgent": "axios/1.18.1",
  "userId": 1806,
  "userUniqueId": "7e350e22-f087-4f51-adb1-9931d8529cb0"
}
[VerifyToken] Request: {
  method: 'PATCH',
  url: '/80a3fc70-ffb1-46ad-aba1-d9d281b5ed6a/status',
  hasAuth: true
}
[VerifyToken] Token decoded: {
  userUniqueId: '5e76d160-608e-4d5b-8b95-132a6fa878b0',
  phoneNumber: '+251985975882',
  roleId: 1,
  iat: 1786368601
}
[VerifyToken] User authenticated: {
  userUniqueId: '5e76d160-608e-4d5b-8b95-132a6fa878b0',
  phoneNumber: '+251985975882',
  roleId: undefined
}
16:30:04 [[32minfo[39m]: company_target bid accepted — 1 ShipperRequest rows created
{
  "service": "ride-hailing-api",
  "environment": "development",
  "batchUniqueId": "47e86e46-c6ca-4462-87ab-16640ac5cdfe",
  "bidUniqueId": "80a3fc70-ffb1-46ad-aba1-d9d281b5ed6a",
  "totalVehicles": 1
}
16:30:04 [[32minfo[39m]: Transaction committed
{
  "service": "ride-hailing-api",
  "environment": "development",
  "transactionId": "txn_2026-08-10 13:30:04_6x8wqzwn8",
  "duration": "NaNms"
}
16:30:04 [[32minfo[39m]: API Request
{
  "service": "ride-hailing-api",
  "environment": "development",
  "type": "API_REQUEST",
  "method": "PATCH",
  "url": "/api/company/bids/80a3fc70-ffb1-46ad-aba1-d9d281b5ed6a/status",
  "statusCode": 200,
  "responseTime": "NaNms",
  "ip": "127.0.0.1",
  "userAgent": "axios/1.18.1",
  "userId": 1809,
  "userUniqueId": "5e76d160-608e-4d5b-8b95-132a6fa878b0"
}
[VerifyToken] Request: {
  method: 'GET',
  url: '/?companyUniqueId=3bf53a94-2138-453c-9523-6dd7c12540e0&bidStatus=accepted_by_shipper',
  hasAuth: true
}
[VerifyToken] Token decoded: {
  userUniqueId: '7e350e22-f087-4f51-adb1-9931d8529cb0',
  phoneNumber: '+251965975884',
  roleId: 7,
  iat: 1786368599
}
[VerifyToken] User authenticated: {
  userUniqueId: '7e350e22-f087-4f51-adb1-9931d8529cb0',
  phoneNumber: '+251965975884',
  roleId: undefined
}
16:30:04 [[32minfo[39m]: API Request
{
  "service": "ride-hailing-api",
  "environment": "development",
  "type": "API_REQUEST",
  "method": "GET",
  "url": "/api/company/bids?companyUniqueId=3bf53a94-2138-453c-9523-6dd7c12540e0&bidStatus=accepted_by_shipper",
  "statusCode": 200,
  "responseTime": "NaNms",
  "ip": "127.0.0.1",
  "userAgent": "axios/1.18.1",
  "userId": 1806,
  "userUniqueId": "7e350e22-f087-4f51-adb1-9931d8529cb0"
}
[VerifyToken] Request: {
  method: 'GET',
  url: '/?companyUniqueId=3bf53a94-2138-453c-9523-6dd7c12540e0&assignmentStatus=active',
  hasAuth: true
}
[VerifyToken] Token decoded: {
  userUniqueId: '7e350e22-f087-4f51-adb1-9931d8529cb0',
  phoneNumber: '+251965975884',
  roleId: 7,
  iat: 1786368599
}
[VerifyToken] User authenticated: {
  userUniqueId: '7e350e22-f087-4f51-adb1-9931d8529cb0',
  phoneNumber: '+251965975884',
  roleId: undefined
}
16:30:04 [[32minfo[39m]: API Request
{
  "service": "ride-hailing-api",
  "environment": "development",
  "type": "API_REQUEST",
  "method": "GET",
  "url": "/api/company/fleet?companyUniqueId=3bf53a94-2138-453c-9523-6dd7c12540e0&assignmentStatus=active",
  "statusCode": 200,
  "responseTime": "NaNms",
  "ip": "127.0.0.1",
  "userAgent": "axios/1.18.1",
  "userId": 1806,
  "userUniqueId": "7e350e22-f087-4f51-adb1-9931d8529cb0"
}
[VerifyToken] Request: { method: 'POST', url: '/', hasAuth: true }
[VerifyToken] Token decoded: {
  userUniqueId: '7e350e22-f087-4f51-adb1-9931d8529cb0',
  phoneNumber: '+251965975884',
  roleId: 7,
  iat: 1786368599
}
[VerifyToken] User authenticated: {
  userUniqueId: '7e350e22-f087-4f51-adb1-9931d8529cb0',
  phoneNumber: '+251965975884',
  roleId: undefined
}
16:30:04 [[32minfo[39m]: Transaction committed
{
  "service": "ride-hailing-api",
  "environment": "development",
  "transactionId": "txn_2026-08-10 13:30:04_2p5td5374",
  "duration": "NaNms"
}
16:30:04 [[32minfo[39m]: API Request
{
  "service": "ride-hailing-api",
  "environment": "development",
  "type": "API_REQUEST",
  "method": "POST",
  "url": "/api/company/fleet",
  "statusCode": 201,
  "responseTime": "NaNms",
  "ip": "127.0.0.1",
  "userAgent": "axios/1.18.1",
  "userId": 1806,
  "userUniqueId": "7e350e22-f087-4f51-adb1-9931d8529cb0"
}
[VerifyToken] Request: { method: 'POST', url: '/auto', hasAuth: true }
[VerifyToken] Token decoded: {
  userUniqueId: '7e350e22-f087-4f51-adb1-9931d8529cb0',
  phoneNumber: '+251965975884',
  roleId: 7,
  iat: 1786368599
}
[VerifyToken] User authenticated: {
  userUniqueId: '7e350e22-f087-4f51-adb1-9931d8529cb0',
  phoneNumber: '+251965975884',
  roleId: undefined
}
16:30:04 [[33mwarn[39m]: No active shipper socket found for notification
{
  "service": "ride-hailing-api",
  "environment": "development",
  "phoneNumber": "251985975882"
}
16:30:04 [[32minfo[39m]: Transaction committed
{
  "service": "ride-hailing-api",
  "environment": "development",
  "transactionId": "txn_2026-08-10 13:30:04_ss18scq3w",
  "duration": "NaNms"
}
16:30:04 [[32minfo[39m]: API Request
{
  "service": "ride-hailing-api",
  "environment": "development",
  "type": "API_REQUEST",
  "method": "POST",
  "url": "/api/company/assignments/auto",
  "statusCode": 201,
  "responseTime": "NaNms",
  "ip": "127.0.0.1",
  "userAgent": "axios/1.18.1",
  "userId": 1806,
  "userUniqueId": "7e350e22-f087-4f51-adb1-9931d8529cb0"
}
[VerifyToken] Request: {
  method: 'GET',
  url: '/api/driver/verifyDriverJourneyStatus',
  hasAuth: true
}
[VerifyToken] Token decoded: {
  userUniqueId: 'e590af62-28fb-49cd-ab29-d5e2d2c8f991',
  phoneNumber: '+251995975881',
  roleId: 2,
  iat: 1786368600
}
[VerifyToken] User authenticated: {
  userUniqueId: 'e590af62-28fb-49cd-ab29-d5e2d2c8f991',
  phoneNumber: '+251995975881',
  roleId: undefined
}
16:30:04 [[33mwarn[39m]: No active shipper socket found for notification
{
  "service": "ride-hailing-api",
  "environment": "development",
  "phoneNumber": "251985975882"
}
16:30:04 [[33mwarn[39m]: No active driver socket found for notification
{
  "service": "ride-hailing-api",
  "environment": "development",
  "phoneNumber": "251995975881"
}
16:30:04 [[33mwarn[39m]: No active shipper socket found for notification
{
  "service": "ride-hailing-api",
  "environment": "development",
  "phoneNumber": "251985975882"
}
16:30:04 [[32minfo[39m]: API Request
{
  "service": "ride-hailing-api",
  "environment": "development",
  "type": "API_REQUEST",
  "method": "GET",
  "url": "/api/driver/verifyDriverJourneyStatus",
  "statusCode": 200,
  "responseTime": "NaNms",
  "ip": "127.0.0.1",
  "userAgent": "axios/1.18.1",
  "userId": 1808,
  "userUniqueId": "e590af62-28fb-49cd-ab29-d5e2d2c8f991"
}
[VerifyToken] Request: {
  method: 'PATCH',
  url: '/0fc04c5f-d800-4e5e-bfd2-1020f8aa4e6d/status',
  hasAuth: true
}
[VerifyToken] Token decoded: {
  userUniqueId: 'e590af62-28fb-49cd-ab29-d5e2d2c8f991',
  phoneNumber: '+251995975881',
  roleId: 2,
  iat: 1786368600
}
[VerifyToken] User authenticated: {
  userUniqueId: 'e590af62-28fb-49cd-ab29-d5e2d2c8f991',
  phoneNumber: '+251995975881',
  roleId: undefined
}
16:30:04 [[33mwarn[39m]: No active shipper socket found for notification
{
  "service": "ride-hailing-api",
  "environment": "development",
  "phoneNumber": "251985975882"
}
16:30:04 [[32minfo[39m]: Transaction committed
{
  "service": "ride-hailing-api",
  "environment": "development",
  "transactionId": "txn_2026-08-10 13:30:04_i09a926kl",
  "duration": "NaNms"
}
16:30:04 [[32minfo[39m]: API Request
{
  "service": "ride-hailing-api",
  "environment": "development",
  "type": "API_REQUEST",
  "method": "PATCH",
  "url": "/api/company/assignments/0fc04c5f-d800-4e5e-bfd2-1020f8aa4e6d/status",
  "statusCode": 200,
  "responseTime": "NaNms",
  "ip": "127.0.0.1",
  "userAgent": "axios/1.18.1",
  "userId": 1808,
  "userUniqueId": "e590af62-28fb-49cd-ab29-d5e2d2c8f991"
}
[VerifyToken] Request: {
  method: 'GET',
  url: '/api/driver/verifyDriverJourneyStatus',
  hasAuth: true
}
[VerifyToken] Token decoded: {
  userUniqueId: 'e590af62-28fb-49cd-ab29-d5e2d2c8f991',
  phoneNumber: '+251995975881',
  roleId: 2,
  iat: 1786368600
}
[VerifyToken] User authenticated: {
  userUniqueId: 'e590af62-28fb-49cd-ab29-d5e2d2c8f991',
  phoneNumber: '+251995975881',
  roleId: undefined
}
16:30:04 [[32minfo[39m]: API Request
{
  "service": "ride-hailing-api",
  "environment": "development",
  "type": "API_REQUEST",
  "method": "GET",
  "url": "/api/driver/verifyDriverJourneyStatus",
  "statusCode": 200,
  "responseTime": "NaNms",
  "ip": "127.0.0.1",
  "userAgent": "axios/1.18.1",
  "userId": 1808,
  "userUniqueId": "e590af62-28fb-49cd-ab29-d5e2d2c8f991"
}
[VerifyToken] Request: { method: 'PUT', url: '/api/driver/startJourney', hasAuth: true }
[VerifyToken] Token decoded: {
  userUniqueId: 'e590af62-28fb-49cd-ab29-d5e2d2c8f991',
  phoneNumber: '+251995975881',
  roleId: 2,
  iat: 1786368600
}
[VerifyToken] User authenticated: {
  userUniqueId: 'e590af62-28fb-49cd-ab29-d5e2d2c8f991',
  phoneNumber: '+251995975881',
  roleId: undefined
}
16:30:04 [[32minfo[39m]: Updating Journey table
{
  "service": "ride-hailing-api",
  "environment": "development",
  "journeyUniqueId": "f5f590c8-77a6-42f4-9e3e-c8adb4816de9",
  "journeyStatusId": 5,
  "updateValues": {
    "journeyStatusId": 5
  },
  "hasConnection": true
}
16:30:04 [[32minfo[39m]: Journey table update result
{
  "service": "ride-hailing-api",
  "environment": "development",
  "journeyUniqueId": "f5f590c8-77a6-42f4-9e3e-c8adb4816de9",
  "affectedRows": 1,
  "changedRows": 1
}
16:30:04 [[32minfo[39m]: Journey status update completed
{
  "service": "ride-hailing-api",
  "environment": "development",
  "journeyUniqueId": "f5f590c8-77a6-42f4-9e3e-c8adb4816de9",
  "journeyStatusId": 5,
  "tablesUpdated": {
    "journey": true,
    "shipperRequest": true,
    "journeyDecision": true,
    "driverRequest": true
  },
  "totalUpdates": 5
}
16:30:04 [[32minfo[39m]: Transaction committed
{
  "service": "ride-hailing-api",
  "environment": "development",
  "transactionId": "txn_2026-08-10 13:30:04_nht4brubv",
  "duration": "NaNms"
}
16:30:04 [[33mwarn[39m]: No active shipper socket found for notification
{
  "service": "ride-hailing-api",
  "environment": "development",
  "phoneNumber": "251985975882"
}
16:30:04 [[32minfo[39m]: API Request
{
  "service": "ride-hailing-api",
  "environment": "development",
  "type": "API_REQUEST",
  "method": "PUT",
  "url": "/api/driver/startJourney",
  "statusCode": 200,
  "responseTime": "NaNms",
  "ip": "127.0.0.1",
  "userAgent": "axios/1.18.1",
  "userId": 1808,
  "userUniqueId": "e590af62-28fb-49cd-ab29-d5e2d2c8f991"
}
[VerifyToken] Request: {
  method: 'GET',
  url: '/api/driver/verifyDriverJourneyStatus',
  hasAuth: true
}
[VerifyToken] Token decoded: {
  userUniqueId: 'e590af62-28fb-49cd-ab29-d5e2d2c8f991',
  phoneNumber: '+251995975881',
  roleId: 2,
  iat: 1786368600
}
[VerifyToken] User authenticated: {
  userUniqueId: 'e590af62-28fb-49cd-ab29-d5e2d2c8f991',
  phoneNumber: '+251995975881',
  roleId: undefined
}
16:30:04 [[33mwarn[39m]: No active shipper socket found for notification
{
  "service": "ride-hailing-api",
  "environment": "development",
  "phoneNumber": "251985975882"
}
16:30:04 [[32minfo[39m]: API Request
{
  "service": "ride-hailing-api",
  "environment": "development",
  "type": "API_REQUEST",
  "method": "GET",
  "url": "/api/driver/verifyDriverJourneyStatus",
  "statusCode": 200,
  "responseTime": "NaNms",
  "ip": "127.0.0.1",
  "userAgent": "axios/1.18.1",
  "userId": 1808,
  "userUniqueId": "e590af62-28fb-49cd-ab29-d5e2d2c8f991"
}
[VerifyToken] Request: { method: 'PUT', url: '/api/driver/completeJourney', hasAuth: true }
[VerifyToken] Token decoded: {
  userUniqueId: 'e590af62-28fb-49cd-ab29-d5e2d2c8f991',
  phoneNumber: '+251995975881',
  roleId: 2,
  iat: 1786368600
}
[VerifyToken] User authenticated: {
  userUniqueId: 'e590af62-28fb-49cd-ab29-d5e2d2c8f991',
  phoneNumber: '+251995975881',
  roleId: undefined
}
16:30:04 [[32minfo[39m]: Updating Journey table
{
  "service": "ride-hailing-api",
  "environment": "development",
  "journeyUniqueId": "f5f590c8-77a6-42f4-9e3e-c8adb4816de9",
  "journeyStatusId": 6,
  "updateValues": {
    "journeyStatusId": 6,
    "endTime": "2026-08-10 13:30:04"
  },
  "hasConnection": true
}
16:30:04 [[32minfo[39m]: Journey table update result
{
  "service": "ride-hailing-api",
  "environment": "development",
  "journeyUniqueId": "f5f590c8-77a6-42f4-9e3e-c8adb4816de9",
  "affectedRows": 1,
  "changedRows": 1
}
16:30:04 [[32minfo[39m]: Journey status update completed
{
  "service": "ride-hailing-api",
  "environment": "development",
  "journeyUniqueId": "f5f590c8-77a6-42f4-9e3e-c8adb4816de9",
  "journeyStatusId": 6,
  "tablesUpdated": {
    "journey": true,
    "shipperRequest": true,
    "journeyDecision": true,
    "driverRequest": true
  },
  "totalUpdates": 6
}
16:30:04 [[32minfo[39m]: Transaction committed
{
  "service": "ride-hailing-api",
  "environment": "development",
  "transactionId": "txn_2026-08-10 13:30:04_esixvb2jl",
  "duration": "NaNms"
}
16:30:04 [[33mwarn[39m]: No active shipper socket found for notification
{
  "service": "ride-hailing-api",
  "environment": "development",
  "phoneNumber": "251985975882"
}
16:30:04 [[32minfo[39m]: API Request
{
  "service": "ride-hailing-api",
  "environment": "development",
  "type": "API_REQUEST",
  "method": "PUT",
  "url": "/api/driver/completeJourney",
  "statusCode": 200,
  "responseTime": "NaNms",
  "ip": "127.0.0.1",
  "userAgent": "axios/1.18.1",
  "userId": 1808,
  "userUniqueId": "e590af62-28fb-49cd-ab29-d5e2d2c8f991"
}
[VerifyToken] Request: {
  method: 'GET',
  url: '/api/driver/verifyDriverJourneyStatus',
  hasAuth: true
}
[VerifyToken] Token decoded: {
  userUniqueId: 'e590af62-28fb-49cd-ab29-d5e2d2c8f991',
  phoneNumber: '+251995975881',
  roleId: 2,
  iat: 1786368600
}
[VerifyToken] User authenticated: {
  userUniqueId: 'e590af62-28fb-49cd-ab29-d5e2d2c8f991',
  phoneNumber: '+251995975881',
  roleId: undefined
}
16:30:04 [[32minfo[39m]: API Request
{
  "service": "ride-hailing-api",
  "environment": "development",
  "type": "API_REQUEST",
  "method": "GET",
  "url": "/api/driver/verifyDriverJourneyStatus",
  "statusCode": 200,
  "responseTime": "NaNms",
  "ip": "127.0.0.1",
  "userAgent": "axios/1.18.1",
  "userId": 1808,
  "userUniqueId": "e590af62-28fb-49cd-ab29-d5e2d2c8f991"
}
[VerifyToken] Request: { method: 'GET', url: '/', hasAuth: true }
[VerifyToken] Token decoded: {
  userUniqueId: '7e350e22-f087-4f51-adb1-9931d8529cb0',
  phoneNumber: '+251965975884',
  roleId: 7,
  iat: 1786368599
}
[VerifyToken] User authenticated: {
  userUniqueId: '7e350e22-f087-4f51-adb1-9931d8529cb0',
  phoneNumber: '+251965975884',
  roleId: undefined
}
16:30:04 [[32minfo[39m]: API Request
{
  "service": "ride-hailing-api",
  "environment": "development",
  "type": "API_REQUEST",
  "method": "GET",
  "url": "/api/company/assignments",
  "statusCode": 200,
  "responseTime": "NaNms",
  "ip": "127.0.0.1",
  "userAgent": "axios/1.18.1",
  "userId": 1806,
  "userUniqueId": "7e350e22-f087-4f51-adb1-9931d8529cb0"
}
[VerifyToken] Request: { method: 'GET', url: '/', hasAuth: true }
[VerifyToken] Token decoded: {
  userUniqueId: '7e350e22-f087-4f51-adb1-9931d8529cb0',
  phoneNumber: '+251965975884',
  roleId: 7,
  iat: 1786368599
}
[VerifyToken] User authenticated: {
  userUniqueId: '7e350e22-f087-4f51-adb1-9931d8529cb0',
  phoneNumber: '+251965975884',
  roleId: undefined
}
16:30:04 [[32minfo[39m]: API Request
{
  "service": "ride-hailing-api",
  "environment": "development",
  "type": "API_REQUEST",
  "method": "GET",
  "url": "/api/company/bids",
  "statusCode": 200,
  "responseTime": "NaNms",
  "ip": "127.0.0.1",
  "userAgent": "axios/1.18.1",
  "userId": 1806,
  "userUniqueId": "7e350e22-f087-4f51-adb1-9931d8529cb0"
}
[VerifyToken] Request: { method: 'POST', url: '/', hasAuth: true }
[VerifyToken] Token decoded: {
  userUniqueId: 'e590af62-28fb-49cd-ab29-d5e2d2c8f991',
  phoneNumber: '+251995975881',
  roleId: 2,
  iat: 1786368600
}
[VerifyToken] User authenticated: {
  userUniqueId: 'e590af62-28fb-49cd-ab29-d5e2d2c8f991',
  phoneNumber: '+251995975881',
  roleId: undefined
}
16:30:04 [[32minfo[39m]: File saved locally
{
  "service": "ride-hailing-api",
  "environment": "development",
  "filePath": "/Users/zewedu/Desktop/Projects/transportBackEndNative/uploads/delivery_7d2c1d6b-c0b6-4560-b989-bb80e32023e0.png",
  "relativePath": "/uploads/delivery_7d2c1d6b-c0b6-4560-b989-bb80e32023e0.png"
}
16:30:04 [[32minfo[39m]: Transaction committed
{
  "service": "ride-hailing-api",
  "environment": "development",
  "transactionId": "txn_2026-08-10 13:30:04_0fhmegnxu",
  "duration": "NaNms"
}
16:30:04 [[32minfo[39m]: API Request
{
  "service": "ride-hailing-api",
  "environment": "development",
  "type": "API_REQUEST",
  "method": "POST",
  "url": "/api/deliveryConfirmations",
  "statusCode": 200,
  "responseTime": "NaNms",
  "ip": "127.0.0.1",
  "userAgent": "axios/1.18.1",
  "userId": 1808,
  "userUniqueId": "e590af62-28fb-49cd-ab29-d5e2d2c8f991"
}
[VerifyToken] Request: {
  method: 'GET',
  url: '/?deliveryConfirmationUniqueId=f3996142-d170-40eb-b7ae-1ac951479c65',
  hasAuth: true
}
[VerifyToken] Token decoded: {
  userUniqueId: 'e590af62-28fb-49cd-ab29-d5e2d2c8f991',
  phoneNumber: '+251995975881',
  roleId: 2,
  iat: 1786368600
}
[VerifyToken] User authenticated: {
  userUniqueId: 'e590af62-28fb-49cd-ab29-d5e2d2c8f991',
  phoneNumber: '+251995975881',
  roleId: undefined
}
16:30:04 [[32minfo[39m]: API Request
{
  "service": "ride-hailing-api",
  "environment": "development",
  "type": "API_REQUEST",
  "method": "GET",
  "url": "/api/deliveryConfirmations?deliveryConfirmationUniqueId=f3996142-d170-40eb-b7ae-1ac951479c65",
  "statusCode": 200,
  "responseTime": "NaNms",
  "ip": "127.0.0.1",
  "userAgent": "axios/1.18.1",
  "userId": 1808,
  "userUniqueId": "e590af62-28fb-49cd-ab29-d5e2d2c8f991"
}
[VerifyToken] Request: {
  method: 'GET',
  url: '/?deliveryConfirmationUniqueId=f3996142-d170-40eb-b7ae-1ac951479c65&status=PENDING',
  hasAuth: true
}
[VerifyToken] Token decoded: {
  userUniqueId: 'e590af62-28fb-49cd-ab29-d5e2d2c8f991',
  phoneNumber: '+251995975881',
  roleId: 2,
  iat: 1786368600
}
[VerifyToken] User authenticated: {
  userUniqueId: 'e590af62-28fb-49cd-ab29-d5e2d2c8f991',
  phoneNumber: '+251995975881',
  roleId: undefined
}
16:30:04 [[32minfo[39m]: API Request
{
  "service": "ride-hailing-api",
  "environment": "development",
  "type": "API_REQUEST",
  "method": "GET",
  "url": "/api/deliveryConfirmations?deliveryConfirmationUniqueId=f3996142-d170-40eb-b7ae-1ac951479c65&status=PENDING",
  "statusCode": 200,
  "responseTime": "NaNms",
  "ip": "127.0.0.1",
  "userAgent": "axios/1.18.1",
  "userId": 1808,
  "userUniqueId": "e590af62-28fb-49cd-ab29-d5e2d2c8f991"
}
[VerifyToken] Request: {
  method: 'GET',
  url: '/?journeyUniqueId=f5f590c8-77a6-42f4-9e3e-c8adb4816de9',
  hasAuth: true
}
[VerifyToken] Token decoded: {
  userUniqueId: 'e590af62-28fb-49cd-ab29-d5e2d2c8f991',
  phoneNumber: '+251995975881',
  roleId: 2,
  iat: 1786368600
}
[VerifyToken] User authenticated: {
  userUniqueId: 'e590af62-28fb-49cd-ab29-d5e2d2c8f991',
  phoneNumber: '+251995975881',
  roleId: undefined
}
16:30:04 [[32minfo[39m]: API Request
{
  "service": "ride-hailing-api",
  "environment": "development",
  "type": "API_REQUEST",
  "method": "GET",
  "url": "/api/deliveryConfirmations?journeyUniqueId=f5f590c8-77a6-42f4-9e3e-c8adb4816de9",
  "statusCode": 200,
  "responseTime": "NaNms",
  "ip": "127.0.0.1",
  "userAgent": "axios/1.18.1",
  "userId": 1808,
  "userUniqueId": "e590af62-28fb-49cd-ab29-d5e2d2c8f991"
}
[VerifyToken] Request: {
  method: 'PUT',
  url: '/f3996142-d170-40eb-b7ae-1ac951479c65',
  hasAuth: true
}
[VerifyToken] Token decoded: {
  userUniqueId: 'e590af62-28fb-49cd-ab29-d5e2d2c8f991',
  phoneNumber: '+251995975881',
  roleId: 2,
  iat: 1786368600
}
[VerifyToken] User authenticated: {
  userUniqueId: 'e590af62-28fb-49cd-ab29-d5e2d2c8f991',
  phoneNumber: '+251995975881',
  roleId: undefined
}
16:30:04 [[32minfo[39m]: File saved locally
{
  "service": "ride-hailing-api",
  "environment": "development",
  "filePath": "/Users/zewedu/Desktop/Projects/transportBackEndNative/uploads/delivery_6a3dba84-fc39-4005-9ead-401047e96a21.png",
  "relativePath": "/uploads/delivery_6a3dba84-fc39-4005-9ead-401047e96a21.png"
}
16:30:04 [[32minfo[39m]: Transaction committed
{
  "service": "ride-hailing-api",
  "environment": "development",
  "transactionId": "txn_2026-08-10 13:30:04_verietrp9",
  "duration": "NaNms"
}
16:30:04 [[32minfo[39m]: API Request
{
  "service": "ride-hailing-api",
  "environment": "development",
  "type": "API_REQUEST",
  "method": "PUT",
  "url": "/api/deliveryConfirmations/f3996142-d170-40eb-b7ae-1ac951479c65",
  "statusCode": 200,
  "responseTime": "NaNms",
  "ip": "127.0.0.1",
  "userAgent": "axios/1.18.1",
  "userId": 1808,
  "userUniqueId": "e590af62-28fb-49cd-ab29-d5e2d2c8f991"
}
[VerifyToken] Request: {
  method: 'GET',
  url: '/?deliveryConfirmationUniqueId=f3996142-d170-40eb-b7ae-1ac951479c65',
  hasAuth: true
}
[VerifyToken] Token decoded: {
  userUniqueId: 'e590af62-28fb-49cd-ab29-d5e2d2c8f991',
  phoneNumber: '+251995975881',
  roleId: 2,
  iat: 1786368600
}
[VerifyToken] User authenticated: {
  userUniqueId: 'e590af62-28fb-49cd-ab29-d5e2d2c8f991',
  phoneNumber: '+251995975881',
  roleId: undefined
}
16:30:04 [[32minfo[39m]: API Request
{
  "service": "ride-hailing-api",
  "environment": "development",
  "type": "API_REQUEST",
  "method": "GET",
  "url": "/api/deliveryConfirmations?deliveryConfirmationUniqueId=f3996142-d170-40eb-b7ae-1ac951479c65",
  "statusCode": 200,
  "responseTime": "NaNms",
  "ip": "127.0.0.1",
  "userAgent": "axios/1.18.1",
  "userId": 1808,
  "userUniqueId": "e590af62-28fb-49cd-ab29-d5e2d2c8f991"
}
[VerifyToken] Request: {
  method: 'DELETE',
  url: '/f3996142-d170-40eb-b7ae-1ac951479c65',
  hasAuth: true
}
[VerifyToken] Token decoded: {
  userUniqueId: 'e590af62-28fb-49cd-ab29-d5e2d2c8f991',
  phoneNumber: '+251995975881',
  roleId: 2,
  iat: 1786368600
}
[VerifyToken] User authenticated: {
  userUniqueId: 'e590af62-28fb-49cd-ab29-d5e2d2c8f991',
  phoneNumber: '+251995975881',
  roleId: undefined
}
16:30:04 [[32minfo[39m]: Transaction committed
{
  "service": "ride-hailing-api",
  "environment": "development",
  "transactionId": "txn_2026-08-10 13:30:04_uanp96i53",
  "duration": "NaNms"
}
16:30:04 [[32minfo[39m]: API Request
{
  "service": "ride-hailing-api",
  "environment": "development",
  "type": "API_REQUEST",
  "method": "DELETE",
  "url": "/api/deliveryConfirmations/f3996142-d170-40eb-b7ae-1ac951479c65",
  "statusCode": 200,
  "responseTime": "NaNms",
  "ip": "127.0.0.1",
  "userAgent": "axios/1.18.1",
  "userId": 1808,
  "userUniqueId": "e590af62-28fb-49cd-ab29-d5e2d2c8f991"
}
[VerifyToken] Request: {
  method: 'GET',
  url: '/?deliveryConfirmationUniqueId=f3996142-d170-40eb-b7ae-1ac951479c65',
  hasAuth: true
}
[VerifyToken] Token decoded: {
  userUniqueId: 'e590af62-28fb-49cd-ab29-d5e2d2c8f991',
  phoneNumber: '+251995975881',
  roleId: 2,
  iat: 1786368600
}
[VerifyToken] User authenticated: {
  userUniqueId: 'e590af62-28fb-49cd-ab29-d5e2d2c8f991',
  phoneNumber: '+251995975881',
  roleId: undefined
}
16:30:04 [[33mwarn[39m]: API Error Delivery confirmation not found
Error: Delivery confirmation not found
    at exports.getDeliveryConfirmations (/Users/zewedu/Desktop/Projects/transportBackEndNative/Services/DeliveryConfirmation.service.js:260:13)
    at process.processTicksAndRejections (node:internal/process/task_queues:105:5)
    at async exports.getDeliveryConfirmations (/Users/zewedu/Desktop/Projects/transportBackEndNative/Controllers/DeliveryConfirmation.controller.js:74:20)
{
  "service": "ride-hailing-api",
  "environment": "development",
  "type": "API_ERROR",
  "statusCode": 404,
  "path": "/api/deliveryConfirmations?deliveryConfirmationUniqueId=f3996142-d170-40eb-b7ae-1ac951479c65",
  "method": "GET",
  "ip": "127.0.0.1",
  "requestId": "0cd4a421-8888-4368-9509-0af33d494aae",
  "userId": 1808,
  "userUniqueId": "e590af62-28fb-49cd-ab29-d5e2d2c8f991",
  "params": {},
  "query": {
    "deliveryConfirmationUniqueId": "f3996142-d170-40eb-b7ae-1ac951479c65",
    "page": 1,
    "limit": 10
  }
}
16:30:04 [[32minfo[39m]: API Request
{
  "service": "ride-hailing-api",
  "environment": "development",
  "type": "API_REQUEST",
  "method": "GET",
  "url": "/api/deliveryConfirmations?deliveryConfirmationUniqueId=f3996142-d170-40eb-b7ae-1ac951479c65",
  "statusCode": 404,
  "responseTime": "NaNms",
  "ip": "127.0.0.1",
  "userAgent": "axios/1.18.1",
  "userId": 1808,
  "userUniqueId": "e590af62-28fb-49cd-ab29-d5e2d2c8f991"
}
[VerifyToken] Request: { method: 'GET', url: '/api/journey?roleId=2', hasAuth: true }
[VerifyToken] Token decoded: {
  userUniqueId: 'e590af62-28fb-49cd-ab29-d5e2d2c8f991',
  phoneNumber: '+251995975881',
  roleId: 2,
  iat: 1786368600
}
[VerifyToken] User authenticated: {
  userUniqueId: 'e590af62-28fb-49cd-ab29-d5e2d2c8f991',
  phoneNumber: '+251995975881',
  roleId: undefined
}
16:30:04 [[32minfo[39m]: API Request
{
  "service": "ride-hailing-api",
  "environment": "development",
  "type": "API_REQUEST",
  "method": "GET",
  "url": "/api/journey?roleId=2",
  "statusCode": 200,
  "responseTime": "NaNms",
  "ip": "127.0.0.1",
  "userAgent": "axios/1.18.1",
  "userId": 1808,
  "userUniqueId": "e590af62-28fb-49cd-ab29-d5e2d2c8f991"
}
[VerifyToken] Request: { method: 'GET', url: '/api/user/getOngoingJourney', hasAuth: true }
[VerifyToken] Token decoded: {
  userUniqueId: 'e590af62-28fb-49cd-ab29-d5e2d2c8f991',
  phoneNumber: '+251995975881',
  roleId: 2,
  iat: 1786368600
}
[VerifyToken] User authenticated: {
  userUniqueId: 'e590af62-28fb-49cd-ab29-d5e2d2c8f991',
  phoneNumber: '+251995975881',
  roleId: undefined
}
16:30:04 [[32minfo[39m]: API Request
{
  "service": "ride-hailing-api",
  "environment": "development",
  "type": "API_REQUEST",
  "method": "GET",
  "url": "/api/user/getOngoingJourney",
  "statusCode": 200,
  "responseTime": "NaNms",
  "ip": "127.0.0.1",
  "userAgent": "axios/1.18.1",
  "userId": 1808,
  "userUniqueId": "e590af62-28fb-49cd-ab29-d5e2d2c8f991"
}
[VerifyToken] Request: {
  method: 'GET',
  url: '/api/journey/f5f590c8-77a6-42f4-9e3e-c8adb4816de9',
  hasAuth: true
}
[VerifyToken] Token decoded: {
  userUniqueId: 'e590af62-28fb-49cd-ab29-d5e2d2c8f991',
  phoneNumber: '+251995975881',
  roleId: 2,
  iat: 1786368600
}
[VerifyToken] User authenticated: {
  userUniqueId: 'e590af62-28fb-49cd-ab29-d5e2d2c8f991',
  phoneNumber: '+251995975881',
  roleId: undefined
}
16:30:04 [[32minfo[39m]: API Request
{
  "service": "ride-hailing-api",
  "environment": "development",
  "type": "API_REQUEST",
  "method": "GET",
  "url": "/api/journey/f5f590c8-77a6-42f4-9e3e-c8adb4816de9",
  "statusCode": 200,
  "responseTime": "NaNms",
  "ip": "127.0.0.1",
  "userAgent": "axios/1.18.1",
  "userId": 1808,
  "userUniqueId": "e590af62-28fb-49cd-ab29-d5e2d2c8f991"
}
[VerifyToken] Request: {
  method: 'PUT',
  url: '/api/journey/f5f590c8-77a6-42f4-9e3e-c8adb4816de9',
  hasAuth: true
}
[VerifyToken] Token decoded: {
  userUniqueId: 'e4f4720c-7828-4476-925d-4dd5f9deb456',
  phoneNumber: '+251975975883',
  roleId: 3,
  iat: 1786368599
}
[VerifyToken] User authenticated: {
  userUniqueId: 'e4f4720c-7828-4476-925d-4dd5f9deb456',
  phoneNumber: '+251975975883',
  roleId: undefined
}
16:30:04 [[32minfo[39m]: Transaction committed
{
  "service": "ride-hailing-api",
  "environment": "development",
  "transactionId": "txn_2026-08-10 13:30:04_ev63jqxz1",
  "duration": "NaNms"
}
16:30:04 [[32minfo[39m]: API Request
{
  "service": "ride-hailing-api",
  "environment": "development",
  "type": "API_REQUEST",
  "method": "PUT",
  "url": "/api/journey/f5f590c8-77a6-42f4-9e3e-c8adb4816de9",
  "statusCode": 200,
  "responseTime": "NaNms",
  "ip": "127.0.0.1",
  "userAgent": "axios/1.18.1",
  "userId": 1805,
  "userUniqueId": "e4f4720c-7828-4476-925d-4dd5f9deb456"
}
[VerifyToken] Request: { method: 'GET', url: '/api/journey?roleId=2', hasAuth: true }
[VerifyToken] Token decoded: {
  userUniqueId: 'e590af62-28fb-49cd-ab29-d5e2d2c8f991',
  phoneNumber: '+251995975881',
  roleId: 2,
  iat: 1786368600
}
[VerifyToken] User authenticated: {
  userUniqueId: 'e590af62-28fb-49cd-ab29-d5e2d2c8f991',
  phoneNumber: '+251995975881',
  roleId: undefined
}
16:30:04 [[32minfo[39m]: API Request
{
  "service": "ride-hailing-api",
  "environment": "development",
  "type": "API_REQUEST",
  "method": "GET",
  "url": "/api/journey?roleId=2",
  "statusCode": 200,
  "responseTime": "NaNms",
  "ip": "127.0.0.1",
  "userAgent": "axios/1.18.1",
  "userId": 1808,
  "userUniqueId": "e590af62-28fb-49cd-ab29-d5e2d2c8f991"
}
[VerifyToken] Request: {
  method: 'DELETE',
  url: '/api/journey/f5f590c8-77a6-42f4-9e3e-c8adb4816de9',
  hasAuth: true
}
[VerifyToken] Token decoded: {
  userUniqueId: 'e4f4720c-7828-4476-925d-4dd5f9deb456',
  phoneNumber: '+251975975883',
  roleId: 3,
  iat: 1786368599
}
[VerifyToken] User authenticated: {
  userUniqueId: 'e4f4720c-7828-4476-925d-4dd5f9deb456',
  phoneNumber: '+251975975883',
  roleId: undefined
}
16:30:04 [[31merror[39m]: Transaction rolled back
Error: Cannot delete or update a parent row: a foreign key constraint fails (`transportcompanytest`.`deliveryconfirmations`, CONSTRAINT `deliveryconfirmations_ibfk_1` FOREIGN KEY (`journeyUniqueId`) REFERENCES `journey` (`journeyUniqueId`))
    at query (/Users/zewedu/Desktop/Projects/transportBackEndNative/Services/Journey/journeyHelper.js:17:40)
    at Object.deleteJourney (/Users/zewedu/Desktop/Projects/transportBackEndNative/Services/Journey/journeyDelete.service.js:27:24)
    at process.processTicksAndRejections (node:internal/process/task_queues:105:5)
    at async /Users/zewedu/Desktop/Projects/transportBackEndNative/Controllers/Journey.controller.js:71:14
    at async /Users/zewedu/Desktop/Projects/transportBackEndNative/Utils/DatabaseTransaction.js:101:14
    at async executeInTransaction (/Users/zewedu/Desktop/Projects/transportBackEndNative/Utils/DatabaseTransaction.js:99:20)
    at async handleServiceResponse (/Users/zewedu/Desktop/Projects/transportBackEndNative/Controllers/Journey.controller.js:10:20)
    at async exports.deleteJourney (/Users/zewedu/Desktop/Projects/transportBackEndNative/Controllers/Journey.controller.js:69:3)
{
  "service": "ride-hailing-api",
  "environment": "development",
  "transactionId": "txn_2026-08-10 13:30:04_2k70hyl33",
  "duration": "NaNms",
  "error": "Cannot delete or update a parent row: a foreign key constraint fails (`transportcompanytest`.`deliveryconfirmations`, CONSTRAINT `deliveryconfirmations_ibfk_1` FOREIGN KEY (`journeyUniqueId`) REFERENCES `journey` (`journeyUniqueId`))"
}
16:30:04 [[31merror[39m]: API Error Cannot delete or update a parent row: a foreign key constraint fails (`transportcompanytest`.`deliveryconfirmations`, CONSTRAINT `deliveryconfirmations_ibfk_1` FOREIGN KEY (`journeyUniqueId`) REFERENCES `journey` (`journeyUniqueId`))
Error: Cannot delete or update a parent row: a foreign key constraint fails (`transportcompanytest`.`deliveryconfirmations`, CONSTRAINT `deliveryconfirmations_ibfk_1` FOREIGN KEY (`journeyUniqueId`) REFERENCES `journey` (`journeyUniqueId`))
    at query (/Users/zewedu/Desktop/Projects/transportBackEndNative/Services/Journey/journeyHelper.js:17:40)
    at Object.deleteJourney (/Users/zewedu/Desktop/Projects/transportBackEndNative/Services/Journey/journeyDelete.service.js:27:24)
    at process.processTicksAndRejections (node:internal/process/task_queues:105:5)
    at async /Users/zewedu/Desktop/Projects/transportBackEndNative/Controllers/Journey.controller.js:71:14
    at async /Users/zewedu/Desktop/Projects/transportBackEndNative/Utils/DatabaseTransaction.js:101:14
    at async executeInTransaction (/Users/zewedu/Desktop/Projects/transportBackEndNative/Utils/DatabaseTransaction.js:99:20)
    at async handleServiceResponse (/Users/zewedu/Desktop/Projects/transportBackEndNative/Controllers/Journey.controller.js:10:20)
    at async exports.deleteJourney (/Users/zewedu/Desktop/Projects/transportBackEndNative/Controllers/Journey.controller.js:69:3)
{
  "service": "ride-hailing-api",
  "environment": "development",
  "type": "API_ERROR",
  "code": "ER_ROW_IS_REFERENCED_2",
  "statusCode": 500,
  "path": "/api/journey/f5f590c8-77a6-42f4-9e3e-c8adb4816de9",
  "method": "DELETE",
  "ip": "127.0.0.1",
  "requestId": "0b7d99b7-8cee-4abe-aef1-73a5d12cf8ba",
  "userId": 1805,
  "userUniqueId": "e4f4720c-7828-4476-925d-4dd5f9deb456",
  "params": {},
  "query": {}
}
16:30:04 [[32minfo[39m]: API Request
{
  "service": "ride-hailing-api",
  "environment": "development",
  "type": "API_REQUEST",
  "method": "DELETE",
  "url": "/api/journey/f5f590c8-77a6-42f4-9e3e-c8adb4816de9",
  "statusCode": 500,
  "responseTime": "NaNms",
  "ip": "127.0.0.1",
  "userAgent": "axios/1.18.1",
  "userId": 1805,
  "userUniqueId": "e4f4720c-7828-4476-925d-4dd5f9deb456"
}
[VerifyToken] Request: {
  method: 'GET',
  url: '/api/driver/getAllCompletedJourney',
  hasAuth: true
}
[VerifyToken] Token decoded: {
  userUniqueId: 'e590af62-28fb-49cd-ab29-d5e2d2c8f991',
  phoneNumber: '+251995975881',
  roleId: 2,
  iat: 1786368600
}
[VerifyToken] User authenticated: {
  userUniqueId: 'e590af62-28fb-49cd-ab29-d5e2d2c8f991',
  phoneNumber: '+251995975881',
  roleId: undefined
}
16:30:04 [[32minfo[39m]: API Request
{
  "service": "ride-hailing-api",
  "environment": "development",
  "type": "API_REQUEST",
  "method": "GET",
  "url": "/api/driver/getAllCompletedJourney",
  "statusCode": 200,
  "responseTime": "NaNms",
  "ip": "127.0.0.1",
  "userAgent": "axios/1.18.1",
  "userId": 1808,
  "userUniqueId": "e590af62-28fb-49cd-ab29-d5e2d2c8f991"
}
[VerifyToken] Request: {
  method: 'GET',
  url: '/api/user/getJourneyDecision4AllOrSingleUser',
  hasAuth: true
}
[VerifyToken] Token decoded: {
  userUniqueId: 'e4f4720c-7828-4476-925d-4dd5f9deb456',
  phoneNumber: '+251975975883',
  roleId: 3,
  iat: 1786368599
}
[VerifyToken] User authenticated: {
  userUniqueId: 'e4f4720c-7828-4476-925d-4dd5f9deb456',
  phoneNumber: '+251975975883',
  roleId: undefined
}
16:30:04 [[32minfo[39m]: API Request
{
  "service": "ride-hailing-api",
  "environment": "development",
  "type": "API_REQUEST",
  "method": "GET",
  "url": "/api/user/getJourneyDecision4AllOrSingleUser",
  "statusCode": 200,
  "responseTime": "NaNms",
  "ip": "127.0.0.1",
  "userAgent": "axios/1.18.1",
  "userId": 1805,
  "userUniqueId": "e4f4720c-7828-4476-925d-4dd5f9deb456"
}
[VerifyToken] Request: {
  method: 'GET',
  url: '/api/user/getJourneyDecision4AllOrSingleUser?ownerUserUniqueId=e590af62-28fb-49cd-ab29-d5e2d2c8f991&roleId=2',
  hasAuth: true
}
[VerifyToken] Token decoded: {
  userUniqueId: 'e4f4720c-7828-4476-925d-4dd5f9deb456',
  phoneNumber: '+251975975883',
  roleId: 3,
  iat: 1786368599
}
[VerifyToken] User authenticated: {
  userUniqueId: 'e4f4720c-7828-4476-925d-4dd5f9deb456',
  phoneNumber: '+251975975883',
  roleId: undefined
}
16:30:04 [[32minfo[39m]: API Request
{
  "service": "ride-hailing-api",
  "environment": "development",
  "type": "API_REQUEST",
  "method": "GET",
  "url": "/api/user/getJourneyDecision4AllOrSingleUser?ownerUserUniqueId=e590af62-28fb-49cd-ab29-d5e2d2c8f991&roleId=2",
  "statusCode": 200,
  "responseTime": "NaNms",
  "ip": "127.0.0.1",
  "userAgent": "axios/1.18.1",
  "userId": 1805,
  "userUniqueId": "e4f4720c-7828-4476-925d-4dd5f9deb456"
}
[VerifyToken] Request: { method: 'PUT', url: '/api/journeyDecisions', hasAuth: true }
[VerifyToken] Token decoded: {
  userUniqueId: 'e4f4720c-7828-4476-925d-4dd5f9deb456',
  phoneNumber: '+251975975883',
  roleId: 3,
  iat: 1786368599
}
[VerifyToken] User authenticated: {
  userUniqueId: 'e4f4720c-7828-4476-925d-4dd5f9deb456',
  phoneNumber: '+251975975883',
  roleId: undefined
}
16:30:04 [[32minfo[39m]: Transaction committed
{
  "service": "ride-hailing-api",
  "environment": "development",
  "transactionId": "txn_2026-08-10 13:30:04_q9hvt6csx",
  "duration": "NaNms"
}
16:30:04 [[32minfo[39m]: API Request
{
  "service": "ride-hailing-api",
  "environment": "development",
  "type": "API_REQUEST",
  "method": "PUT",
  "url": "/api/journeyDecisions",
  "statusCode": 200,
  "responseTime": "NaNms",
  "ip": "127.0.0.1",
  "userAgent": "axios/1.18.1",
  "userId": 1805,
  "userUniqueId": "e4f4720c-7828-4476-925d-4dd5f9deb456"
}
[VerifyToken] Request: {
  method: 'GET',
  url: '/api/user/getJourneyDecision4AllOrSingleUser?target=all&limit=1&unreferenced=true',
  hasAuth: true
}
[VerifyToken] Token decoded: {
  userUniqueId: 'e4f4720c-7828-4476-925d-4dd5f9deb456',
  phoneNumber: '+251975975883',
  roleId: 3,
  iat: 1786368599
}
[VerifyToken] User authenticated: {
  userUniqueId: 'e4f4720c-7828-4476-925d-4dd5f9deb456',
  phoneNumber: '+251975975883',
  roleId: undefined
}
16:30:04 [[32minfo[39m]: API Request
{
  "service": "ride-hailing-api",
  "environment": "development",
  "type": "API_REQUEST",
  "method": "GET",
  "url": "/api/user/getJourneyDecision4AllOrSingleUser?target=all&limit=1&unreferenced=true",
  "statusCode": 200,
  "responseTime": "NaNms",
  "ip": "127.0.0.1",
  "userAgent": "axios/1.18.1",
  "userId": 1805,
  "userUniqueId": "e4f4720c-7828-4476-925d-4dd5f9deb456"
}
[VerifyToken] Request: { method: 'DELETE', url: '/api/journeyDecisions/6766', hasAuth: true }
[VerifyToken] Token decoded: {
  userUniqueId: 'e4f4720c-7828-4476-925d-4dd5f9deb456',
  phoneNumber: '+251975975883',
  roleId: 3,
  iat: 1786368599
}
[VerifyToken] User authenticated: {
  userUniqueId: 'e4f4720c-7828-4476-925d-4dd5f9deb456',
  phoneNumber: '+251975975883',
  roleId: undefined
}
16:30:04 [[32minfo[39m]: Transaction committed
{
  "service": "ride-hailing-api",
  "environment": "development",
  "transactionId": "txn_2026-08-10 13:30:04_072hv68u9",
  "duration": "NaNms"
}
16:30:04 [[32minfo[39m]: API Request
{
  "service": "ride-hailing-api",
  "environment": "development",
  "type": "API_REQUEST",
  "method": "DELETE",
  "url": "/api/journeyDecisions/6766",
  "statusCode": 200,
  "responseTime": "NaNms",
  "ip": "127.0.0.1",
  "userAgent": "axios/1.18.1",
  "userId": 1805,
  "userUniqueId": "e4f4720c-7828-4476-925d-4dd5f9deb456"
}
[VerifyToken] Request: {
  method: 'GET',
  url: '/api/admin/getCanceledJourneyByFilter',
  hasAuth: true
}
[VerifyToken] Token decoded: {
  userUniqueId: 'e4f4720c-7828-4476-925d-4dd5f9deb456',
  phoneNumber: '+251975975883',
  roleId: 3,
  iat: 1786368599
}
[VerifyToken] User authenticated: {
  userUniqueId: 'e4f4720c-7828-4476-925d-4dd5f9deb456',
  phoneNumber: '+251975975883',
  roleId: undefined
}
16:30:04 [[32minfo[39m]: API Request
{
  "service": "ride-hailing-api",
  "environment": "development",
  "type": "API_REQUEST",
  "method": "GET",
  "url": "/api/admin/getCanceledJourneyByFilter",
  "statusCode": 200,
  "responseTime": "NaNms",
  "ip": "127.0.0.1",
  "userAgent": "axios/1.18.1",
  "userId": 1805,
  "userUniqueId": "e4f4720c-7828-4476-925d-4dd5f9deb456"
}
[VerifyToken] Request: {
  method: 'PUT',
  url: '/api/admin/canceledJourney/ce6f6c0a-59c9-41c3-8baf-647cd802bbc0',
  hasAuth: true
}
[VerifyToken] Token decoded: {
  userUniqueId: 'e4f4720c-7828-4476-925d-4dd5f9deb456',
  phoneNumber: '+251975975883',
  roleId: 3,
  iat: 1786368599
}
[VerifyToken] User authenticated: {
  userUniqueId: 'e4f4720c-7828-4476-925d-4dd5f9deb456',
  phoneNumber: '+251975975883',
  roleId: undefined
}
16:30:04 [[32minfo[39m]: Transaction committed
{
  "service": "ride-hailing-api",
  "environment": "development",
  "transactionId": "txn_2026-08-10 13:30:04_vbffvghem",
  "duration": "NaNms"
}
16:30:04 [[32minfo[39m]: API Request
{
  "service": "ride-hailing-api",
  "environment": "development",
  "type": "API_REQUEST",
  "method": "PUT",
  "url": "/api/admin/canceledJourney/ce6f6c0a-59c9-41c3-8baf-647cd802bbc0",
  "statusCode": 200,
  "responseTime": "NaNms",
  "ip": "127.0.0.1",
  "userAgent": "axios/1.18.1",
  "userId": 1805,
  "userUniqueId": "e4f4720c-7828-4476-925d-4dd5f9deb456"
}
[VerifyToken] Request: {
  method: 'PUT',
  url: '/api/admin/canceledJourney/ce6f6c0a-59c9-41c3-8baf-647cd802bbc0/seen',
  hasAuth: true
}
[VerifyToken] Token decoded: {
  userUniqueId: 'e4f4720c-7828-4476-925d-4dd5f9deb456',
  phoneNumber: '+251975975883',
  roleId: 3,
  iat: 1786368599
}
[VerifyToken] User authenticated: {
  userUniqueId: 'e4f4720c-7828-4476-925d-4dd5f9deb456',
  phoneNumber: '+251975975883',
  roleId: undefined
}
16:30:04 [[32minfo[39m]: Transaction committed
{
  "service": "ride-hailing-api",
  "environment": "development",
  "transactionId": "txn_2026-08-10 13:30:04_57pl6et16",
  "duration": "NaNms"
}
16:30:04 [[32minfo[39m]: API Request
{
  "service": "ride-hailing-api",
  "environment": "development",
  "type": "API_REQUEST",
  "method": "PUT",
  "url": "/api/admin/canceledJourney/ce6f6c0a-59c9-41c3-8baf-647cd802bbc0/seen",
  "statusCode": 200,
  "responseTime": "NaNms",
  "ip": "127.0.0.1",
  "userAgent": "axios/1.18.1",
  "userId": 1805,
  "userUniqueId": "e4f4720c-7828-4476-925d-4dd5f9deb456"
}
[VerifyToken] Request: {
  method: 'DELETE',
  url: '/api/admin/canceledJourney/ce6f6c0a-59c9-41c3-8baf-647cd802bbc0',
  hasAuth: true
}
[VerifyToken] Token decoded: {
  userUniqueId: 'e4f4720c-7828-4476-925d-4dd5f9deb456',
  phoneNumber: '+251975975883',
  roleId: 3,
  iat: 1786368599
}
[VerifyToken] User authenticated: {
  userUniqueId: 'e4f4720c-7828-4476-925d-4dd5f9deb456',
  phoneNumber: '+251975975883',
  roleId: undefined
}
16:30:04 [[32minfo[39m]: Transaction committed
{
  "service": "ride-hailing-api",
  "environment": "development",
  "transactionId": "txn_2026-08-10 13:30:04_5vdoqtah7",
  "duration": "NaNms"
}
16:30:04 [[32minfo[39m]: API Request
{
  "service": "ride-hailing-api",
  "environment": "development",
  "type": "API_REQUEST",
  "method": "DELETE",
  "url": "/api/admin/canceledJourney/ce6f6c0a-59c9-41c3-8baf-647cd802bbc0",
  "statusCode": 200,
  "responseTime": "NaNms",
  "ip": "127.0.0.1",
  "userAgent": "axios/1.18.1",
  "userId": 1805,
  "userUniqueId": "e4f4720c-7828-4476-925d-4dd5f9deb456"
}
[VerifyToken] Request: {
  method: 'GET',
  url: '/api/admin/getCanceledJourneyByFilter',
  hasAuth: true
}
[VerifyToken] Token decoded: {
  userUniqueId: 'e4f4720c-7828-4476-925d-4dd5f9deb456',
  phoneNumber: '+251975975883',
  roleId: 3,
  iat: 1786368599
}
[VerifyToken] User authenticated: {
  userUniqueId: 'e4f4720c-7828-4476-925d-4dd5f9deb456',
  phoneNumber: '+251975975883',
  roleId: undefined
}
16:30:04 [[32minfo[39m]: API Request
{
  "service": "ride-hailing-api",
  "environment": "development",
  "type": "API_REQUEST",
  "method": "GET",
  "url": "/api/admin/getCanceledJourneyByFilter",
  "statusCode": 200,
  "responseTime": "NaNms",
  "ip": "127.0.0.1",
  "userAgent": "axios/1.18.1",
  "userId": 1805,
  "userUniqueId": "e4f4720c-7828-4476-925d-4dd5f9deb456"
}
[VerifyToken] Request: {
  method: 'GET',
  url: '/?journeyDecisionUniqueId=e718bfee-61f6-4405-a645-9975b353ee7c',
  hasAuth: true
}
[VerifyToken] Token decoded: {
  userUniqueId: 'e590af62-28fb-49cd-ab29-d5e2d2c8f991',
  phoneNumber: '+251995975881',
  roleId: 2,
  iat: 1786368600
}
[VerifyToken] User authenticated: {
  userUniqueId: 'e590af62-28fb-49cd-ab29-d5e2d2c8f991',
  phoneNumber: '+251995975881',
  roleId: undefined
}
16:30:04 [[32minfo[39m]: API Request
{
  "service": "ride-hailing-api",
  "environment": "development",
  "type": "API_REQUEST",
  "method": "GET",
  "url": "/api/journeyRoutePoints?journeyDecisionUniqueId=e718bfee-61f6-4405-a645-9975b353ee7c",
  "statusCode": 200,
  "responseTime": "NaNms",
  "ip": "127.0.0.1",
  "userAgent": "axios/1.18.1",
  "userId": 1808,
  "userUniqueId": "e590af62-28fb-49cd-ab29-d5e2d2c8f991"
}
[VerifyToken] Request: {
  method: 'GET',
  url: '/api/user/getJourneyDecision4AllOrSingleUser?target=all&limit=1',
  hasAuth: true
}
[VerifyToken] Token decoded: {
  userUniqueId: 'e590af62-28fb-49cd-ab29-d5e2d2c8f991',
  phoneNumber: '+251995975881',
  roleId: 2,
  iat: 1786368600
}
[VerifyToken] User authenticated: {
  userUniqueId: 'e590af62-28fb-49cd-ab29-d5e2d2c8f991',
  phoneNumber: '+251995975881',
  roleId: undefined
}
16:30:04 [[32minfo[39m]: API Request
{
  "service": "ride-hailing-api",
  "environment": "development",
  "type": "API_REQUEST",
  "method": "GET",
  "url": "/api/user/getJourneyDecision4AllOrSingleUser?target=all&limit=1",
  "statusCode": 200,
  "responseTime": "NaNms",
  "ip": "127.0.0.1",
  "userAgent": "axios/1.18.1",
  "userId": 1808,
  "userUniqueId": "e590af62-28fb-49cd-ab29-d5e2d2c8f991"
}
[VerifyToken] Request: { method: 'POST', url: '/?userUniqueId=self', hasAuth: true }
[VerifyToken] Token decoded: {
  userUniqueId: 'e590af62-28fb-49cd-ab29-d5e2d2c8f991',
  phoneNumber: '+251995975881',
  roleId: 2,
  iat: 1786368600
}
[VerifyToken] User authenticated: {
  userUniqueId: 'e590af62-28fb-49cd-ab29-d5e2d2c8f991',
  phoneNumber: '+251995975881',
  roleId: undefined
}
16:30:04 [[32minfo[39m]: Transaction committed
{
  "service": "ride-hailing-api",
  "environment": "development",
  "transactionId": "txn_2026-08-10 13:30:04_ifggb1199",
  "duration": "NaNms"
}
16:30:04 [[32minfo[39m]: API Request
{
  "service": "ride-hailing-api",
  "environment": "development",
  "type": "API_REQUEST",
  "method": "POST",
  "url": "/api/journeyRoutePoints?userUniqueId=self",
  "statusCode": 200,
  "responseTime": "NaNms",
  "ip": "127.0.0.1",
  "userAgent": "axios/1.18.1",
  "userId": 1808,
  "userUniqueId": "e590af62-28fb-49cd-ab29-d5e2d2c8f991"
}
[VerifyToken] Request: {
  method: 'GET',
  url: '/?journeyDecisionUniqueId=e718bfee-61f6-4405-a645-9975b353ee7c',
  hasAuth: true
}
[VerifyToken] Token decoded: {
  userUniqueId: 'e590af62-28fb-49cd-ab29-d5e2d2c8f991',
  phoneNumber: '+251995975881',
  roleId: 2,
  iat: 1786368600
}
[VerifyToken] User authenticated: {
  userUniqueId: 'e590af62-28fb-49cd-ab29-d5e2d2c8f991',
  phoneNumber: '+251995975881',
  roleId: undefined
}
16:30:04 [[32minfo[39m]: API Request
{
  "service": "ride-hailing-api",
  "environment": "development",
  "type": "API_REQUEST",
  "method": "GET",
  "url": "/api/journeyRoutePoints?journeyDecisionUniqueId=e718bfee-61f6-4405-a645-9975b353ee7c",
  "statusCode": 200,
  "responseTime": "NaNms",
  "ip": "127.0.0.1",
  "userAgent": "axios/1.18.1",
  "userId": 1808,
  "userUniqueId": "e590af62-28fb-49cd-ab29-d5e2d2c8f991"
}
[VerifyToken] Request: {
  method: 'PUT',
  url: '/544e62a7-1206-4460-bac0-10f537c13132',
  hasAuth: true
}
[VerifyToken] Token decoded: {
  userUniqueId: 'e590af62-28fb-49cd-ab29-d5e2d2c8f991',
  phoneNumber: '+251995975881',
  roleId: 2,
  iat: 1786368600
}
[VerifyToken] User authenticated: {
  userUniqueId: 'e590af62-28fb-49cd-ab29-d5e2d2c8f991',
  phoneNumber: '+251995975881',
  roleId: undefined
}
16:30:04 [[32minfo[39m]: Transaction committed
{
  "service": "ride-hailing-api",
  "environment": "development",
  "transactionId": "txn_2026-08-10 13:30:04_sgdrn7302",
  "duration": "NaNms"
}
16:30:04 [[32minfo[39m]: API Request
{
  "service": "ride-hailing-api",
  "environment": "development",
  "type": "API_REQUEST",
  "method": "PUT",
  "url": "/api/journeyRoutePoints/544e62a7-1206-4460-bac0-10f537c13132",
  "statusCode": 200,
  "responseTime": "NaNms",
  "ip": "127.0.0.1",
  "userAgent": "axios/1.18.1",
  "userId": 1808,
  "userUniqueId": "e590af62-28fb-49cd-ab29-d5e2d2c8f991"
}
[VerifyToken] Request: {
  method: 'GET',
  url: '/?journeyDecisionUniqueId=e718bfee-61f6-4405-a645-9975b353ee7c',
  hasAuth: true
}
[VerifyToken] Token decoded: {
  userUniqueId: 'e590af62-28fb-49cd-ab29-d5e2d2c8f991',
  phoneNumber: '+251995975881',
  roleId: 2,
  iat: 1786368600
}
[VerifyToken] User authenticated: {
  userUniqueId: 'e590af62-28fb-49cd-ab29-d5e2d2c8f991',
  phoneNumber: '+251995975881',
  roleId: undefined
}
16:30:04 [[32minfo[39m]: API Request
{
  "service": "ride-hailing-api",
  "environment": "development",
  "type": "API_REQUEST",
  "method": "GET",
  "url": "/api/journeyRoutePoints?journeyDecisionUniqueId=e718bfee-61f6-4405-a645-9975b353ee7c",
  "statusCode": 200,
  "responseTime": "NaNms",
  "ip": "127.0.0.1",
  "userAgent": "axios/1.18.1",
  "userId": 1808,
  "userUniqueId": "e590af62-28fb-49cd-ab29-d5e2d2c8f991"
}
[VerifyToken] Request: {
  method: 'DELETE',
  url: '/544e62a7-1206-4460-bac0-10f537c13132',
  hasAuth: true
}
[VerifyToken] Token decoded: {
  userUniqueId: 'e590af62-28fb-49cd-ab29-d5e2d2c8f991',
  phoneNumber: '+251995975881',
  roleId: 2,
  iat: 1786368600
}
[VerifyToken] User authenticated: {
  userUniqueId: 'e590af62-28fb-49cd-ab29-d5e2d2c8f991',
  phoneNumber: '+251995975881',
  roleId: undefined
}
16:30:04 [[32minfo[39m]: Transaction committed
{
  "service": "ride-hailing-api",
  "environment": "development",
  "transactionId": "txn_2026-08-10 13:30:04_utqh8v752",
  "duration": "NaNms"
}
16:30:04 [[32minfo[39m]: API Request
{
  "service": "ride-hailing-api",
  "environment": "development",
  "type": "API_REQUEST",
  "method": "DELETE",
  "url": "/api/journeyRoutePoints/544e62a7-1206-4460-bac0-10f537c13132",
  "statusCode": 200,
  "responseTime": "NaNms",
  "ip": "127.0.0.1",
  "userAgent": "axios/1.18.1",
  "userId": 1808,
  "userUniqueId": "e590af62-28fb-49cd-ab29-d5e2d2c8f991"
}
[VerifyToken] Request: {
  method: 'GET',
  url: '/?journeyDecisionUniqueId=e718bfee-61f6-4405-a645-9975b353ee7c',
  hasAuth: true
}
[VerifyToken] Token decoded: {
  userUniqueId: 'e590af62-28fb-49cd-ab29-d5e2d2c8f991',
  phoneNumber: '+251995975881',
  roleId: 2,
  iat: 1786368600
}
[VerifyToken] User authenticated: {
  userUniqueId: 'e590af62-28fb-49cd-ab29-d5e2d2c8f991',
  phoneNumber: '+251995975881',
  roleId: undefined
}
16:30:04 [[32minfo[39m]: API Request
{
  "service": "ride-hailing-api",
  "environment": "development",
  "type": "API_REQUEST",
  "method": "GET",
  "url": "/api/journeyRoutePoints?journeyDecisionUniqueId=e718bfee-61f6-4405-a645-9975b353ee7c",
  "statusCode": 200,
  "responseTime": "NaNms",
  "ip": "127.0.0.1",
  "userAgent": "axios/1.18.1",
  "userId": 1808,
  "userUniqueId": "e590af62-28fb-49cd-ab29-d5e2d2c8f991"
}
[VerifyToken] Request: { method: 'GET', url: '/', hasAuth: true }
[VerifyToken] Token decoded: {
  userUniqueId: '5e76d160-608e-4d5b-8b95-132a6fa878b0',
  phoneNumber: '+251985975882',
  roleId: 1,
  iat: 1786368601
}
[VerifyToken] User authenticated: {
  userUniqueId: '5e76d160-608e-4d5b-8b95-132a6fa878b0',
  phoneNumber: '+251985975882',
  roleId: undefined
}
16:30:04 [[32minfo[39m]: API Request
{
  "service": "ride-hailing-api",
  "environment": "development",
  "type": "API_REQUEST",
  "method": "GET",
  "url": "/api/ratings",
  "statusCode": 200,
  "responseTime": "NaNms",
  "ip": "127.0.0.1",
  "userAgent": "axios/1.18.1",
  "userId": 1809,
  "userUniqueId": "5e76d160-608e-4d5b-8b95-132a6fa878b0"
}
[VerifyToken] Request: {
  method: 'GET',
  url: '/?ratedUserUniqueId=e590af62-28fb-49cd-ab29-d5e2d2c8f991',
  hasAuth: true
}
[VerifyToken] Token decoded: {
  userUniqueId: '5e76d160-608e-4d5b-8b95-132a6fa878b0',
  phoneNumber: '+251985975882',
  roleId: 1,
  iat: 1786368601
}
[VerifyToken] User authenticated: {
  userUniqueId: '5e76d160-608e-4d5b-8b95-132a6fa878b0',
  phoneNumber: '+251985975882',
  roleId: undefined
}
16:30:04 [[32minfo[39m]: API Request
{
  "service": "ride-hailing-api",
  "environment": "development",
  "type": "API_REQUEST",
  "method": "GET",
  "url": "/api/ratings?ratedUserUniqueId=e590af62-28fb-49cd-ab29-d5e2d2c8f991",
  "statusCode": 200,
  "responseTime": "NaNms",
  "ip": "127.0.0.1",
  "userAgent": "axios/1.18.1",
  "userId": 1809,
  "userUniqueId": "5e76d160-608e-4d5b-8b95-132a6fa878b0"
}
[VerifyToken] Request: {
  method: 'GET',
  url: '/api/user/getJourneyDecision4AllOrSingleUser?target=all&limit=1',
  hasAuth: true
}
[VerifyToken] Token decoded: {
  userUniqueId: '5e76d160-608e-4d5b-8b95-132a6fa878b0',
  phoneNumber: '+251985975882',
  roleId: 1,
  iat: 1786368601
}
[VerifyToken] User authenticated: {
  userUniqueId: '5e76d160-608e-4d5b-8b95-132a6fa878b0',
  phoneNumber: '+251985975882',
  roleId: undefined
}
16:30:04 [[32minfo[39m]: API Request
{
  "service": "ride-hailing-api",
  "environment": "development",
  "type": "API_REQUEST",
  "method": "GET",
  "url": "/api/user/getJourneyDecision4AllOrSingleUser?target=all&limit=1",
  "statusCode": 200,
  "responseTime": "NaNms",
  "ip": "127.0.0.1",
  "userAgent": "axios/1.18.1",
  "userId": 1809,
  "userUniqueId": "5e76d160-608e-4d5b-8b95-132a6fa878b0"
}
[VerifyToken] Request: { method: 'POST', url: '/', hasAuth: true }
[VerifyToken] Token decoded: {
  userUniqueId: '5e76d160-608e-4d5b-8b95-132a6fa878b0',
  phoneNumber: '+251985975882',
  roleId: 1,
  iat: 1786368601
}
[VerifyToken] User authenticated: {
  userUniqueId: '5e76d160-608e-4d5b-8b95-132a6fa878b0',
  phoneNumber: '+251985975882',
  roleId: undefined
}
16:30:04 [[32minfo[39m]: Transaction committed
{
  "service": "ride-hailing-api",
  "environment": "development",
  "transactionId": "txn_2026-08-10 13:30:04_cgxgo56ez",
  "duration": "NaNms"
}
16:30:04 [[32minfo[39m]: API Request
{
  "service": "ride-hailing-api",
  "environment": "development",
  "type": "API_REQUEST",
  "method": "POST",
  "url": "/api/ratings",
  "statusCode": 200,
  "responseTime": "NaNms",
  "ip": "127.0.0.1",
  "userAgent": "axios/1.18.1",
  "userId": 1809,
  "userUniqueId": "5e76d160-608e-4d5b-8b95-132a6fa878b0"
}
[VerifyToken] Request: { method: 'GET', url: '/', hasAuth: true }
[VerifyToken] Token decoded: {
  userUniqueId: '5e76d160-608e-4d5b-8b95-132a6fa878b0',
  phoneNumber: '+251985975882',
  roleId: 1,
  iat: 1786368601
}
[VerifyToken] User authenticated: {
  userUniqueId: '5e76d160-608e-4d5b-8b95-132a6fa878b0',
  phoneNumber: '+251985975882',
  roleId: undefined
}
16:30:04 [[32minfo[39m]: API Request
{
  "service": "ride-hailing-api",
  "environment": "development",
  "type": "API_REQUEST",
  "method": "GET",
  "url": "/api/ratings",
  "statusCode": 200,
  "responseTime": "NaNms",
  "ip": "127.0.0.1",
  "userAgent": "axios/1.18.1",
  "userId": 1809,
  "userUniqueId": "5e76d160-608e-4d5b-8b95-132a6fa878b0"
}
[VerifyToken] Request: { method: 'PUT', url: '/153', hasAuth: true }
[VerifyToken] Token decoded: {
  userUniqueId: '5e76d160-608e-4d5b-8b95-132a6fa878b0',
  phoneNumber: '+251985975882',
  roleId: 1,
  iat: 1786368601
}
[VerifyToken] User authenticated: {
  userUniqueId: '5e76d160-608e-4d5b-8b95-132a6fa878b0',
  phoneNumber: '+251985975882',
  roleId: undefined
}
16:30:04 [[32minfo[39m]: Transaction committed
{
  "service": "ride-hailing-api",
  "environment": "development",
  "transactionId": "txn_2026-08-10 13:30:04_0wui49inz",
  "duration": "NaNms"
}
16:30:04 [[32minfo[39m]: API Request
{
  "service": "ride-hailing-api",
  "environment": "development",
  "type": "API_REQUEST",
  "method": "PUT",
  "url": "/api/ratings/153",
  "statusCode": 200,
  "responseTime": "NaNms",
  "ip": "127.0.0.1",
  "userAgent": "axios/1.18.1",
  "userId": 1809,
  "userUniqueId": "5e76d160-608e-4d5b-8b95-132a6fa878b0"
}
[VerifyToken] Request: { method: 'GET', url: '/', hasAuth: true }
[VerifyToken] Token decoded: {
  userUniqueId: '5e76d160-608e-4d5b-8b95-132a6fa878b0',
  phoneNumber: '+251985975882',
  roleId: 1,
  iat: 1786368601
}
[VerifyToken] User authenticated: {
  userUniqueId: '5e76d160-608e-4d5b-8b95-132a6fa878b0',
  phoneNumber: '+251985975882',
  roleId: undefined
}
16:30:04 [[32minfo[39m]: API Request
{
  "service": "ride-hailing-api",
  "environment": "development",
  "type": "API_REQUEST",
  "method": "GET",
  "url": "/api/ratings",
  "statusCode": 200,
  "responseTime": "NaNms",
  "ip": "127.0.0.1",
  "userAgent": "axios/1.18.1",
  "userId": 1809,
  "userUniqueId": "5e76d160-608e-4d5b-8b95-132a6fa878b0"
}
[VerifyToken] Request: { method: 'DELETE', url: '/153', hasAuth: true }
[VerifyToken] Token decoded: {
  userUniqueId: '5e76d160-608e-4d5b-8b95-132a6fa878b0',
  phoneNumber: '+251985975882',
  roleId: 1,
  iat: 1786368601
}
[VerifyToken] User authenticated: {
  userUniqueId: '5e76d160-608e-4d5b-8b95-132a6fa878b0',
  phoneNumber: '+251985975882',
  roleId: undefined
}
16:30:04 [[32minfo[39m]: Transaction committed
{
  "service": "ride-hailing-api",
  "environment": "development",
  "transactionId": "txn_2026-08-10 13:30:04_006yr8z29",
  "duration": "NaNms"
}
16:30:04 [[32minfo[39m]: API Request
{
  "service": "ride-hailing-api",
  "environment": "development",
  "type": "API_REQUEST",
  "method": "DELETE",
  "url": "/api/ratings/153",
  "statusCode": 200,
  "responseTime": "NaNms",
  "ip": "127.0.0.1",
  "userAgent": "axios/1.18.1",
  "userId": 1809,
  "userUniqueId": "5e76d160-608e-4d5b-8b95-132a6fa878b0"
}
[VerifyToken] Request: { method: 'GET', url: '/', hasAuth: true }
[VerifyToken] Token decoded: {
  userUniqueId: '5e76d160-608e-4d5b-8b95-132a6fa878b0',
  phoneNumber: '+251985975882',
  roleId: 1,
  iat: 1786368601
}
[VerifyToken] User authenticated: {
  userUniqueId: '5e76d160-608e-4d5b-8b95-132a6fa878b0',
  phoneNumber: '+251985975882',
  roleId: undefined
}
16:30:04 [[32minfo[39m]: API Request
{
  "service": "ride-hailing-api",
  "environment": "development",
  "type": "API_REQUEST",
  "method": "GET",
  "url": "/api/ratings",
  "statusCode": 200,
  "responseTime": "NaNms",
  "ip": "127.0.0.1",
  "userAgent": "axios/1.18.1",
  "userId": 1809,
  "userUniqueId": "5e76d160-608e-4d5b-8b95-132a6fa878b0"
}
[VerifyToken] Request: { method: 'GET', url: '/api/vehicles', hasAuth: true }
[VerifyToken] Token decoded: {
  userUniqueId: 'e590af62-28fb-49cd-ab29-d5e2d2c8f991',
  phoneNumber: '+251995975881',
  roleId: 2,
  iat: 1786368600
}
[VerifyToken] User authenticated: {
  userUniqueId: 'e590af62-28fb-49cd-ab29-d5e2d2c8f991',
  phoneNumber: '+251995975881',
  roleId: undefined
}
16:30:04 [[32minfo[39m]: API Request
{
  "service": "ride-hailing-api",
  "environment": "development",
  "type": "API_REQUEST",
  "method": "GET",
  "url": "/api/vehicles",
  "statusCode": 200,
  "responseTime": "NaNms",
  "ip": "127.0.0.1",
  "userAgent": "axios/1.18.1",
  "userId": 1808,
  "userUniqueId": "e590af62-28fb-49cd-ab29-d5e2d2c8f991"
}
[VerifyToken] Request: {
  method: 'PUT',
  url: '/api/user/vehicles/18362b7e-19df-44fb-a845-0adb73e7e633',
  hasAuth: true
}
[VerifyToken] Token decoded: {
  userUniqueId: 'e590af62-28fb-49cd-ab29-d5e2d2c8f991',
  phoneNumber: '+251995975881',
  roleId: 2,
  iat: 1786368600
}
[VerifyToken] User authenticated: {
  userUniqueId: 'e590af62-28fb-49cd-ab29-d5e2d2c8f991',
  phoneNumber: '+251995975881',
  roleId: undefined
}
16:30:04 [[32minfo[39m]: Transaction committed
{
  "service": "ride-hailing-api",
  "environment": "development",
  "transactionId": "txn_2026-08-10 13:30:04_v4jrb4ter",
  "duration": "NaNms"
}
16:30:04 [[32minfo[39m]: API Request
{
  "service": "ride-hailing-api",
  "environment": "development",
  "type": "API_REQUEST",
  "method": "PUT",
  "url": "/api/user/vehicles/18362b7e-19df-44fb-a845-0adb73e7e633",
  "statusCode": 200,
  "responseTime": "NaNms",
  "ip": "127.0.0.1",
  "userAgent": "axios/1.18.1",
  "userId": 1808,
  "userUniqueId": "e590af62-28fb-49cd-ab29-d5e2d2c8f991"
}
[VerifyToken] Request: { method: 'GET', url: '/api/vehicles', hasAuth: true }
[VerifyToken] Token decoded: {
  userUniqueId: 'e590af62-28fb-49cd-ab29-d5e2d2c8f991',
  phoneNumber: '+251995975881',
  roleId: 2,
  iat: 1786368600
}
[VerifyToken] User authenticated: {
  userUniqueId: 'e590af62-28fb-49cd-ab29-d5e2d2c8f991',
  phoneNumber: '+251995975881',
  roleId: undefined
}
16:30:04 [[32minfo[39m]: API Request
{
  "service": "ride-hailing-api",
  "environment": "development",
  "type": "API_REQUEST",
  "method": "GET",
  "url": "/api/vehicles",
  "statusCode": 200,
  "responseTime": "NaNms",
  "ip": "127.0.0.1",
  "userAgent": "axios/1.18.1",
  "userId": 1808,
  "userUniqueId": "e590af62-28fb-49cd-ab29-d5e2d2c8f991"
}
[VerifyToken] Request: { method: 'GET', url: '/', hasAuth: true }
[VerifyToken] Token decoded: {
  userUniqueId: 'e4f4720c-7828-4476-925d-4dd5f9deb456',
  phoneNumber: '+251975975883',
  roleId: 3,
  iat: 1786368599
}
[VerifyToken] User authenticated: {
  userUniqueId: 'e4f4720c-7828-4476-925d-4dd5f9deb456',
  phoneNumber: '+251975975883',
  roleId: undefined
}
16:30:04 [[32minfo[39m]: @getVehicleDriversController filters
{
  "service": "ride-hailing-api",
  "environment": "development",
  "page": 1,
  "limit": 10
}
16:30:04 [[32minfo[39m]: API Request
{
  "service": "ride-hailing-api",
  "environment": "development",
  "type": "API_REQUEST",
  "method": "GET",
  "url": "/api/vehicleDriver",
  "statusCode": 200,
  "responseTime": "NaNms",
  "ip": "127.0.0.1",
  "userAgent": "axios/1.18.1",
  "userId": 1805,
  "userUniqueId": "e4f4720c-7828-4476-925d-4dd5f9deb456"
}
[VerifyToken] Request: {
  method: 'PUT',
  url: '/11c50a8a-81d7-42df-9240-3117b167a948',
  hasAuth: true
}
[VerifyToken] Token decoded: {
  userUniqueId: 'e4f4720c-7828-4476-925d-4dd5f9deb456',
  phoneNumber: '+251975975883',
  roleId: 3,
  iat: 1786368599
}
[VerifyToken] User authenticated: {
  userUniqueId: 'e4f4720c-7828-4476-925d-4dd5f9deb456',
  phoneNumber: '+251975975883',
  roleId: undefined
}
16:30:04 [[32minfo[39m]: Transaction committed
{
  "service": "ride-hailing-api",
  "environment": "development",
  "transactionId": "txn_2026-08-10 13:30:04_0w5wziok4",
  "duration": "NaNms"
}
16:30:04 [[32minfo[39m]: @dataRows
{
  "0": {
    "userBalanceId": 1198,
    "userBalanceUniqueId": "5a78bae3-4bde-4348-9663-45413a23cbb7",
    "userUniqueId": "e590af62-28fb-49cd-ab29-d5e2d2c8f991",
    "transactionType": "Refund",
    "transactionUniqueId": "5806986d-c58d-49e3-bd1e-54933be1d8ca",
    "transactionTime": "2026-08-10T10:30:02.000Z",
    "userBalanceAdjustmentType": "creation",
    "netBalance": "950.00",
    "userBalanceCreatedBy": "e590af62-28fb-49cd-ab29-d5e2d2c8f991",
    "userBalanceUpdatedBy": null,
    "userBalanceDeletedBy": null,
    "userBalanceCreatedAt": "2026-08-10T10:30:02.000Z",
    "userBalanceUpdatedAt": null,
    "userBalanceDeletedAt": null
  },
  "service": "ride-hailing-api",
  "environment": "development"
}
16:30:04 [[32minfo[39m]: API Request
{
  "service": "ride-hailing-api",
  "environment": "development",
  "type": "API_REQUEST",
  "method": "PUT",
  "url": "/api/vehicleDriver/11c50a8a-81d7-42df-9240-3117b167a948",
  "statusCode": 200,
  "responseTime": "NaNms",
  "ip": "127.0.0.1",
  "userAgent": "axios/1.18.1",
  "userId": 1805,
  "userUniqueId": "e4f4720c-7828-4476-925d-4dd5f9deb456"
}
[VerifyToken] Request: { method: 'GET', url: '/', hasAuth: true }
[VerifyToken] Token decoded: {
  userUniqueId: 'e4f4720c-7828-4476-925d-4dd5f9deb456',
  phoneNumber: '+251975975883',
  roleId: 3,
  iat: 1786368599
}
[VerifyToken] User authenticated: {
  userUniqueId: 'e4f4720c-7828-4476-925d-4dd5f9deb456',
  phoneNumber: '+251975975883',
  roleId: undefined
}
16:30:04 [[32minfo[39m]: @getVehicleDriversController filters
{
  "service": "ride-hailing-api",
  "environment": "development",
  "page": 1,
  "limit": 10
}
16:30:04 [[32minfo[39m]: API Request
{
  "service": "ride-hailing-api",
  "environment": "development",
  "type": "API_REQUEST",
  "method": "GET",
  "url": "/api/vehicleDriver",
  "statusCode": 200,
  "responseTime": "NaNms",
  "ip": "127.0.0.1",
  "userAgent": "axios/1.18.1",
  "userId": 1805,
  "userUniqueId": "e4f4720c-7828-4476-925d-4dd5f9deb456"
}
[VerifyToken] Request: { method: 'GET', url: '/', hasAuth: true }
[VerifyToken] Token decoded: {
  userUniqueId: 'e4f4720c-7828-4476-925d-4dd5f9deb456',
  phoneNumber: '+251975975883',
  roleId: 3,
  iat: 1786368599
}
[VerifyToken] User authenticated: {
  userUniqueId: 'e4f4720c-7828-4476-925d-4dd5f9deb456',
  phoneNumber: '+251975975883',
  roleId: undefined
}
16:30:04 [[32minfo[39m]: API Request
{
  "service": "ride-hailing-api",
  "environment": "development",
  "type": "API_REQUEST",
  "method": "GET",
  "url": "/api/admin/vehicleOwnerships",
  "statusCode": 200,
  "responseTime": "NaNms",
  "ip": "127.0.0.1",
  "userAgent": "axios/1.18.1",
  "userId": 1805,
  "userUniqueId": "e4f4720c-7828-4476-925d-4dd5f9deb456"
}
[VerifyToken] Request: {
  method: 'PUT',
  url: '/c6099354-1fe3-43be-924b-cd2eced87494',
  hasAuth: true
}
[VerifyToken] Token decoded: {
  userUniqueId: 'e4f4720c-7828-4476-925d-4dd5f9deb456',
  phoneNumber: '+251975975883',
  roleId: 3,
  iat: 1786368599
}
[VerifyToken] User authenticated: {
  userUniqueId: 'e4f4720c-7828-4476-925d-4dd5f9deb456',
  phoneNumber: '+251975975883',
  roleId: undefined
}
16:30:04 [[32minfo[39m]: Transaction committed
{
  "service": "ride-hailing-api",
  "environment": "development",
  "transactionId": "txn_2026-08-10 13:30:04_sibk0l8na",
  "duration": "NaNms"
}
16:30:04 [[32minfo[39m]: API Request
{
  "service": "ride-hailing-api",
  "environment": "development",
  "type": "API_REQUEST",
  "method": "PUT",
  "url": "/api/admin/vehicleOwnerships/c6099354-1fe3-43be-924b-cd2eced87494",
  "statusCode": 200,
  "responseTime": "NaNms",
  "ip": "127.0.0.1",
  "userAgent": "axios/1.18.1",
  "userId": 1805,
  "userUniqueId": "e4f4720c-7828-4476-925d-4dd5f9deb456"
}
[VerifyToken] Request: { method: 'GET', url: '/', hasAuth: true }
[VerifyToken] Token decoded: {
  userUniqueId: 'e4f4720c-7828-4476-925d-4dd5f9deb456',
  phoneNumber: '+251975975883',
  roleId: 3,
  iat: 1786368599
}
[VerifyToken] User authenticated: {
  userUniqueId: 'e4f4720c-7828-4476-925d-4dd5f9deb456',
  phoneNumber: '+251975975883',
  roleId: undefined
}
16:30:04 [[32minfo[39m]: API Request
{
  "service": "ride-hailing-api",
  "environment": "development",
  "type": "API_REQUEST",
  "method": "GET",
  "url": "/api/admin/vehicleOwnerships",
  "statusCode": 200,
  "responseTime": "NaNms",
  "ip": "127.0.0.1",
  "userAgent": "axios/1.18.1",
  "userId": 1805,
  "userUniqueId": "e4f4720c-7828-4476-925d-4dd5f9deb456"
}
[VerifyToken] Request: { method: 'GET', url: '/current', hasAuth: true }
[VerifyToken] Token decoded: {
  userUniqueId: 'e4f4720c-7828-4476-925d-4dd5f9deb456',
  phoneNumber: '+251975975883',
  roleId: 3,
  iat: 1786368599
}
[VerifyToken] User authenticated: {
  userUniqueId: 'e4f4720c-7828-4476-925d-4dd5f9deb456',
  phoneNumber: '+251975975883',
  roleId: undefined
}
16:30:04 [[32minfo[39m]: API Request
{
  "service": "ride-hailing-api",
  "environment": "development",
  "type": "API_REQUEST",
  "method": "GET",
  "url": "/api/admin/userRoleStatus/current",
  "statusCode": 200,
  "responseTime": "NaNms",
  "ip": "127.0.0.1",
  "userAgent": "axios/1.18.1",
  "userId": 1805,
  "userUniqueId": "e4f4720c-7828-4476-925d-4dd5f9deb456"
}
[VerifyToken] Request: { method: 'GET', url: '/byPhone?phone=%2B251995975881', hasAuth: true }
[VerifyToken] Token decoded: {
  userUniqueId: 'e4f4720c-7828-4476-925d-4dd5f9deb456',
  phoneNumber: '+251975975883',
  roleId: 3,
  iat: 1786368599
}
[VerifyToken] User authenticated: {
  userUniqueId: 'e4f4720c-7828-4476-925d-4dd5f9deb456',
  phoneNumber: '+251975975883',
  roleId: undefined
}
16:30:04 [[32minfo[39m]: API Request
{
  "service": "ride-hailing-api",
  "environment": "development",
  "type": "API_REQUEST",
  "method": "GET",
  "url": "/api/admin/userRoleStatus/byPhone?phone=%2B251995975881",
  "statusCode": 200,
  "responseTime": "NaNms",
  "ip": "127.0.0.1",
  "userAgent": "axios/1.18.1",
  "userId": 1805,
  "userUniqueId": "e4f4720c-7828-4476-925d-4dd5f9deb456"
}
[VerifyToken] Request: {
  method: 'PUT',
  url: '/e590af62-28fb-49cd-ab29-d5e2d2c8f991',
  hasAuth: true
}
[VerifyToken] Token decoded: {
  userUniqueId: 'e4f4720c-7828-4476-925d-4dd5f9deb456',
  phoneNumber: '+251975975883',
  roleId: 3,
  iat: 1786368599
}
[VerifyToken] User authenticated: {
  userUniqueId: 'e4f4720c-7828-4476-925d-4dd5f9deb456',
  phoneNumber: '+251975975883',
  roleId: undefined
}
16:30:04 [[32minfo[39m]: Transaction committed
{
  "service": "ride-hailing-api",
  "environment": "development",
  "transactionId": "txn_2026-08-10 13:30:04_g7qt84z3p",
  "duration": "NaNms"
}
16:30:04 [[32minfo[39m]: API Request
{
  "service": "ride-hailing-api",
  "environment": "development",
  "type": "API_REQUEST",
  "method": "PUT",
  "url": "/api/admin/userRoleStatus/e590af62-28fb-49cd-ab29-d5e2d2c8f991",
  "statusCode": 200,
  "responseTime": "NaNms",
  "ip": "127.0.0.1",
  "userAgent": "axios/1.18.1",
  "userId": 1805,
  "userUniqueId": "e4f4720c-7828-4476-925d-4dd5f9deb456"
}
[VerifyToken] Request: { method: 'GET', url: '/current', hasAuth: true }
[VerifyToken] Token decoded: {
  userUniqueId: 'e4f4720c-7828-4476-925d-4dd5f9deb456',
  phoneNumber: '+251975975883',
  roleId: 3,
  iat: 1786368599
}
[VerifyToken] User authenticated: {
  userUniqueId: 'e4f4720c-7828-4476-925d-4dd5f9deb456',
  phoneNumber: '+251975975883',
  roleId: undefined
}
16:30:04 [[32minfo[39m]: API Request
{
  "service": "ride-hailing-api",
  "environment": "development",
  "type": "API_REQUEST",
  "method": "GET",
  "url": "/api/admin/userRoleStatus/current",
  "statusCode": 200,
  "responseTime": "NaNms",
  "ip": "127.0.0.1",
  "userAgent": "axios/1.18.1",
  "userId": 1805,
  "userUniqueId": "e4f4720c-7828-4476-925d-4dd5f9deb456"
}
[VerifyToken] Request: { method: 'GET', url: '/', hasAuth: true }
[VerifyToken] Token decoded: {
  userUniqueId: '5e76d160-608e-4d5b-8b95-132a6fa878b0',
  phoneNumber: '+251985975882',
  roleId: 1,
  iat: 1786368601
}
[VerifyToken] User authenticated: {
  userUniqueId: '5e76d160-608e-4d5b-8b95-132a6fa878b0',
  phoneNumber: '+251985975882',
  roleId: undefined
}
16:30:04 [[32minfo[39m]: API Request
{
  "service": "ride-hailing-api",
  "environment": "development",
  "type": "API_REQUEST",
  "method": "GET",
  "url": "/api/shipperRequestBatch",
  "statusCode": 200,
  "responseTime": "NaNms",
  "ip": "127.0.0.1",
  "userAgent": "axios/1.18.1",
  "userId": 1809,
  "userUniqueId": "5e76d160-608e-4d5b-8b95-132a6fa878b0"
}
[VerifyToken] Request: {
  method: 'GET',
  url: '/47e86e46-c6ca-4462-87ab-16640ac5cdfe/slots',
  hasAuth: true
}
[VerifyToken] Token decoded: {
  userUniqueId: '5e76d160-608e-4d5b-8b95-132a6fa878b0',
  phoneNumber: '+251985975882',
  roleId: 1,
  iat: 1786368601
}
[VerifyToken] User authenticated: {
  userUniqueId: '5e76d160-608e-4d5b-8b95-132a6fa878b0',
  phoneNumber: '+251985975882',
  roleId: undefined
}
16:30:04 [[32minfo[39m]: API Request
{
  "service": "ride-hailing-api",
  "environment": "development",
  "type": "API_REQUEST",
  "method": "GET",
  "url": "/api/shipperRequestBatch/47e86e46-c6ca-4462-87ab-16640ac5cdfe/slots",
  "statusCode": 200,
  "responseTime": "NaNms",
  "ip": "127.0.0.1",
  "userAgent": "axios/1.18.1",
  "userId": 1809,
  "userUniqueId": "5e76d160-608e-4d5b-8b95-132a6fa878b0"
}
[VerifyToken] Request: {
  method: 'PUT',
  url: '/47e86e46-c6ca-4462-87ab-16640ac5cdfe/partialCancel',
  hasAuth: true
}
[VerifyToken] Token decoded: {
  userUniqueId: '5e76d160-608e-4d5b-8b95-132a6fa878b0',
  phoneNumber: '+251985975882',
  roleId: 1,
  iat: 1786368601
}
[VerifyToken] User authenticated: {
  userUniqueId: '5e76d160-608e-4d5b-8b95-132a6fa878b0',
  phoneNumber: '+251985975882',
  roleId: undefined
}
16:30:04 [[32minfo[39m]: Transaction committed
{
  "service": "ride-hailing-api",
  "environment": "development",
  "transactionId": "txn_2026-08-10 13:30:04_abbsyv9ux",
  "duration": "NaNms"
}
16:30:04 [[32minfo[39m]: API Request
{
  "service": "ride-hailing-api",
  "environment": "development",
  "type": "API_REQUEST",
  "method": "PUT",
  "url": "/api/shipperRequestBatch/47e86e46-c6ca-4462-87ab-16640ac5cdfe/partialCancel",
  "statusCode": 200,
  "responseTime": "NaNms",
  "ip": "127.0.0.1",
  "userAgent": "axios/1.18.1",
  "userId": 1809,
  "userUniqueId": "5e76d160-608e-4d5b-8b95-132a6fa878b0"
}
16:30:04 [[33mwarn[39m]: No active shipper socket found for notification
{
  "service": "ride-hailing-api",
  "environment": "development",
  "phoneNumber": "251985975882"
}
[VerifyToken] Request: {
  method: 'GET',
  url: '/b0c50217-9e65-47d2-ac84-d97ee2508e0a/slots?cancellable=true&limit=1',
  hasAuth: true
}
[VerifyToken] Token decoded: {
  userUniqueId: '5e76d160-608e-4d5b-8b95-132a6fa878b0',
  phoneNumber: '+251985975882',
  roleId: 1,
  iat: 1786368601
}
[VerifyToken] User authenticated: {
  userUniqueId: '5e76d160-608e-4d5b-8b95-132a6fa878b0',
  phoneNumber: '+251985975882',
  roleId: undefined
}
16:30:04 [[32minfo[39m]: API Request
{
  "service": "ride-hailing-api",
  "environment": "development",
  "type": "API_REQUEST",
  "method": "GET",
  "url": "/api/shipperRequestBatch/b0c50217-9e65-47d2-ac84-d97ee2508e0a/slots?cancellable=true&limit=1",
  "statusCode": 200,
  "responseTime": "NaNms",
  "ip": "127.0.0.1",
  "userAgent": "axios/1.18.1",
  "userId": 1809,
  "userUniqueId": "5e76d160-608e-4d5b-8b95-132a6fa878b0"
}
[VerifyToken] Request: {
  method: 'GET',
  url: '/4dc2a219-0af2-49a6-975f-543dbf3680d4/slots?cancellable=true&limit=1',
  hasAuth: true
}
[VerifyToken] Token decoded: {
  userUniqueId: '5e76d160-608e-4d5b-8b95-132a6fa878b0',
  phoneNumber: '+251985975882',
  roleId: 1,
  iat: 1786368601
}
[VerifyToken] User authenticated: {
  userUniqueId: '5e76d160-608e-4d5b-8b95-132a6fa878b0',
  phoneNumber: '+251985975882',
  roleId: undefined
}
16:30:04 [[32minfo[39m]: API Request
{
  "service": "ride-hailing-api",
  "environment": "development",
  "type": "API_REQUEST",
  "method": "GET",
  "url": "/api/shipperRequestBatch/4dc2a219-0af2-49a6-975f-543dbf3680d4/slots?cancellable=true&limit=1",
  "statusCode": 200,
  "responseTime": "NaNms",
  "ip": "127.0.0.1",
  "userAgent": "axios/1.18.1",
  "userId": 1809,
  "userUniqueId": "5e76d160-608e-4d5b-8b95-132a6fa878b0"
}
[VerifyToken] Request: { method: 'GET', url: '/', hasAuth: true }
[VerifyToken] Token decoded: {
  userUniqueId: '5e76d160-608e-4d5b-8b95-132a6fa878b0',
  phoneNumber: '+251985975882',
  roleId: 1,
  iat: 1786368601
}
[VerifyToken] User authenticated: {
  userUniqueId: '5e76d160-608e-4d5b-8b95-132a6fa878b0',
  phoneNumber: '+251985975882',
  roleId: undefined
}
16:30:04 [[32minfo[39m]: API Request
{
  "service": "ride-hailing-api",
  "environment": "development",
  "type": "API_REQUEST",
  "method": "GET",
  "url": "/api/shipperRequestBatch",
  "statusCode": 200,
  "responseTime": "NaNms",
  "ip": "127.0.0.1",
  "userAgent": "axios/1.18.1",
  "userId": 1809,
  "userUniqueId": "5e76d160-608e-4d5b-8b95-132a6fa878b0"
}
[VerifyToken] Request: { method: 'GET', url: '/api/driver/account', hasAuth: true }
[VerifyToken] Token decoded: {
  userUniqueId: 'e590af62-28fb-49cd-ab29-d5e2d2c8f991',
  phoneNumber: '+251995975881',
  roleId: 2,
  iat: 1786368600
}
[VerifyToken] User authenticated: {
  userUniqueId: 'e590af62-28fb-49cd-ab29-d5e2d2c8f991',
  phoneNumber: '+251995975881',
  roleId: undefined
}
16:30:04 [[32minfo[39m]: @dataRows
{
  "0": {
    "userBalanceId": 1198,
    "userBalanceUniqueId": "5a78bae3-4bde-4348-9663-45413a23cbb7",
    "userUniqueId": "e590af62-28fb-49cd-ab29-d5e2d2c8f991",
    "transactionType": "Refund",
    "transactionUniqueId": "5806986d-c58d-49e3-bd1e-54933be1d8ca",
    "transactionTime": "2026-08-10T10:30:02.000Z",
    "userBalanceAdjustmentType": "creation",
    "netBalance": "950.00",
    "userBalanceCreatedBy": "e590af62-28fb-49cd-ab29-d5e2d2c8f991",
    "userBalanceUpdatedBy": null,
    "userBalanceDeletedBy": null,
    "userBalanceCreatedAt": "2026-08-10T10:30:02.000Z",
    "userBalanceUpdatedAt": null,
    "userBalanceDeletedAt": null
  },
  "service": "ride-hailing-api",
  "environment": "development"
}
16:30:04 [[32minfo[39m]: API Request
{
  "service": "ride-hailing-api",
  "environment": "development",
  "type": "API_REQUEST",
  "method": "GET",
  "url": "/api/driver/account",
  "statusCode": 200,
  "responseTime": "NaNms",
  "ip": "127.0.0.1",
  "userAgent": "axios/1.18.1",
  "userId": 1808,
  "userUniqueId": "e590af62-28fb-49cd-ab29-d5e2d2c8f991"
}
[VerifyToken] Request: { method: 'GET', url: '/api/shipper/account', hasAuth: true }
[VerifyToken] Token decoded: {
  userUniqueId: '5e76d160-608e-4d5b-8b95-132a6fa878b0',
  phoneNumber: '+251985975882',
  roleId: 1,
  iat: 1786368601
}
[VerifyToken] User authenticated: {
  userUniqueId: '5e76d160-608e-4d5b-8b95-132a6fa878b0',
  phoneNumber: '+251985975882',
  roleId: undefined
}
16:30:04 [[32minfo[39m]: API Request
{
  "service": "ride-hailing-api",
  "environment": "development",
  "type": "API_REQUEST",
  "method": "GET",
  "url": "/api/shipper/account",
  "statusCode": 200,
  "responseTime": "NaNms",
  "ip": "127.0.0.1",
  "userAgent": "axios/1.18.1",
  "userId": 1809,
  "userUniqueId": "5e76d160-608e-4d5b-8b95-132a6fa878b0"
}
[VerifyToken] Request: { method: 'GET', url: '/api/companyAdmin/account', hasAuth: true }
[VerifyToken] Token decoded: {
  userUniqueId: '7e350e22-f087-4f51-adb1-9931d8529cb0',
  phoneNumber: '+251965975884',
  roleId: 7,
  iat: 1786368599
}
[VerifyToken] User authenticated: {
  userUniqueId: '7e350e22-f087-4f51-adb1-9931d8529cb0',
  phoneNumber: '+251965975884',
  roleId: undefined
}
16:30:04 [[32minfo[39m]: API Request
{
  "service": "ride-hailing-api",
  "environment": "development",
  "type": "API_REQUEST",
  "method": "GET",
  "url": "/api/companyAdmin/account",
  "statusCode": 200,
  "responseTime": "NaNms",
  "ip": "127.0.0.1",
  "userAgent": "axios/1.18.1",
  "userId": 1806,
  "userUniqueId": "7e350e22-f087-4f51-adb1-9931d8529cb0"
}
[VerifyToken] Request: {
  method: 'GET',
  url: '/api/account/status?roleId=2&phoneNumber=%2B251995975881',
  hasAuth: true
}
[VerifyToken] Token decoded: {
  userUniqueId: 'e4f4720c-7828-4476-925d-4dd5f9deb456',
  phoneNumber: '+251975975883',
  roleId: 3,
  iat: 1786368599
}
[VerifyToken] User authenticated: {
  userUniqueId: 'e4f4720c-7828-4476-925d-4dd5f9deb456',
  phoneNumber: '+251975975883',
  roleId: undefined
}
16:30:04 [[32minfo[39m]: @dataRows
{
  "0": {
    "userBalanceId": 1198,
    "userBalanceUniqueId": "5a78bae3-4bde-4348-9663-45413a23cbb7",
    "userUniqueId": "e590af62-28fb-49cd-ab29-d5e2d2c8f991",
    "transactionType": "Refund",
    "transactionUniqueId": "5806986d-c58d-49e3-bd1e-54933be1d8ca",
    "transactionTime": "2026-08-10T10:30:02.000Z",
    "userBalanceAdjustmentType": "creation",
    "netBalance": "950.00",
    "userBalanceCreatedBy": "e590af62-28fb-49cd-ab29-d5e2d2c8f991",
    "userBalanceUpdatedBy": null,
    "userBalanceDeletedBy": null,
    "userBalanceCreatedAt": "2026-08-10T10:30:02.000Z",
    "userBalanceUpdatedAt": null,
    "userBalanceDeletedAt": null
  },
  "service": "ride-hailing-api",
  "environment": "development"
}
16:30:04 [[32minfo[39m]: API Request
{
  "service": "ride-hailing-api",
  "environment": "development",
  "type": "API_REQUEST",
  "method": "GET",
  "url": "/api/account/status?roleId=2&phoneNumber=%2B251995975881",
  "statusCode": 200,
  "responseTime": "NaNms",
  "ip": "127.0.0.1",
  "userAgent": "axios/1.18.1",
  "userId": 1805,
  "userUniqueId": "e4f4720c-7828-4476-925d-4dd5f9deb456"
}
[VerifyToken] Request: {
  method: 'GET',
  url: '/api/account/status?roleId=1&phoneNumber=%2B251985975882',
  hasAuth: true
}
[VerifyToken] Token decoded: {
  userUniqueId: 'e4f4720c-7828-4476-925d-4dd5f9deb456',
  phoneNumber: '+251975975883',
  roleId: 3,
  iat: 1786368599
}
[VerifyToken] User authenticated: {
  userUniqueId: 'e4f4720c-7828-4476-925d-4dd5f9deb456',
  phoneNumber: '+251975975883',
  roleId: undefined
}
16:30:04 [[32minfo[39m]: API Request
{
  "service": "ride-hailing-api",
  "environment": "development",
  "type": "API_REQUEST",
  "method": "GET",
  "url": "/api/account/status?roleId=1&phoneNumber=%2B251985975882",
  "statusCode": 200,
  "responseTime": "NaNms",
  "ip": "127.0.0.1",
  "userAgent": "axios/1.18.1",
  "userId": 1805,
  "userUniqueId": "e4f4720c-7828-4476-925d-4dd5f9deb456"
}
[VerifyToken] Request: {
  method: 'GET',
  url: '/api/driver/getCancellationNotifications',
  hasAuth: true
}
[VerifyToken] Token decoded: {
  userUniqueId: 'e590af62-28fb-49cd-ab29-d5e2d2c8f991',
  phoneNumber: '+251995975881',
  roleId: 2,
  iat: 1786368600
}
[VerifyToken] User authenticated: {
  userUniqueId: 'e590af62-28fb-49cd-ab29-d5e2d2c8f991',
  phoneNumber: '+251995975881',
  roleId: undefined
}
16:30:04 [[32minfo[39m]: API Request
{
  "service": "ride-hailing-api",
  "environment": "development",
  "type": "API_REQUEST",
  "method": "GET",
  "url": "/api/driver/getCancellationNotifications",
  "statusCode": 200,
  "responseTime": "NaNms",
  "ip": "127.0.0.1",
  "userAgent": "axios/1.18.1",
  "userId": 1808,
  "userUniqueId": "e590af62-28fb-49cd-ab29-d5e2d2c8f991"
}
[VerifyToken] Request: {
  method: 'GET',
  url: '/api/shipperRequest/getCancellationNotifications',
  hasAuth: true
}
[VerifyToken] Token decoded: {
  userUniqueId: '5e76d160-608e-4d5b-8b95-132a6fa878b0',
  phoneNumber: '+251985975882',
  roleId: 1,
  iat: 1786368601
}
[VerifyToken] User authenticated: {
  userUniqueId: '5e76d160-608e-4d5b-8b95-132a6fa878b0',
  phoneNumber: '+251985975882',
  roleId: undefined
}
16:30:04 [[32minfo[39m]: API Request
{
  "service": "ride-hailing-api",
  "environment": "development",
  "type": "API_REQUEST",
  "method": "GET",
  "url": "/api/shipperRequest/getCancellationNotifications",
  "statusCode": 200,
  "responseTime": "NaNms",
  "ip": "127.0.0.1",
  "userAgent": "axios/1.18.1",
  "userId": 1809,
  "userUniqueId": "5e76d160-608e-4d5b-8b95-132a6fa878b0"
}
[VerifyToken] Request: {
  method: 'GET',
  url: '/api/driver/getCancellationNotifications',
  hasAuth: true
}
[VerifyToken] Token decoded: {
  userUniqueId: 'e590af62-28fb-49cd-ab29-d5e2d2c8f991',
  phoneNumber: '+251995975881',
  roleId: 2,
  iat: 1786368600
}
[VerifyToken] User authenticated: {
  userUniqueId: 'e590af62-28fb-49cd-ab29-d5e2d2c8f991',
  phoneNumber: '+251995975881',
  roleId: undefined
}
16:30:04 [[32minfo[39m]: API Request
{
  "service": "ride-hailing-api",
  "environment": "development",
  "type": "API_REQUEST",
  "method": "GET",
  "url": "/api/driver/getCancellationNotifications",
  "statusCode": 200,
  "responseTime": "NaNms",
  "ip": "127.0.0.1",
  "userAgent": "axios/1.18.1",
  "userId": 1808,
  "userUniqueId": "e590af62-28fb-49cd-ab29-d5e2d2c8f991"
}
[VerifyToken] Request: { method: 'GET', url: '/api/user/getDriverRequest', hasAuth: true }
[VerifyToken] Token decoded: {
  userUniqueId: 'e590af62-28fb-49cd-ab29-d5e2d2c8f991',
  phoneNumber: '+251995975881',
  roleId: 2,
  iat: 1786368600
}
[VerifyToken] User authenticated: {
  userUniqueId: 'e590af62-28fb-49cd-ab29-d5e2d2c8f991',
  phoneNumber: '+251995975881',
  roleId: undefined
}
16:30:04 [[32minfo[39m]: API Request
{
  "service": "ride-hailing-api",
  "environment": "development",
  "type": "API_REQUEST",
  "method": "GET",
  "url": "/api/user/getDriverRequest",
  "statusCode": 200,
  "responseTime": "NaNms",
  "ip": "127.0.0.1",
  "userAgent": "axios/1.18.1",
  "userId": 1808,
  "userUniqueId": "e590af62-28fb-49cd-ab29-d5e2d2c8f991"
}
[VerifyToken] Request: {
  method: 'PUT',
  url: '/api/driver/markNegativeStatusAsSeen',
  hasAuth: true
}
[VerifyToken] Token decoded: {
  userUniqueId: 'e590af62-28fb-49cd-ab29-d5e2d2c8f991',
  phoneNumber: '+251995975881',
  roleId: 2,
  iat: 1786368600
}
[VerifyToken] User authenticated: {
  userUniqueId: 'e590af62-28fb-49cd-ab29-d5e2d2c8f991',
  phoneNumber: '+251995975881',
  roleId: undefined
}
16:30:04 [[32minfo[39m]: Transaction committed
{
  "service": "ride-hailing-api",
  "environment": "development",
  "transactionId": "txn_2026-08-10 13:30:04_5wso29pwp",
  "duration": "NaNms"
}
16:30:04 [[32minfo[39m]: API Request
{
  "service": "ride-hailing-api",
  "environment": "development",
  "type": "API_REQUEST",
  "method": "PUT",
  "url": "/api/driver/markNegativeStatusAsSeen",
  "statusCode": 200,
  "responseTime": "NaNms",
  "ip": "127.0.0.1",
  "userAgent": "axios/1.18.1",
  "userId": 1808,
  "userUniqueId": "e590af62-28fb-49cd-ab29-d5e2d2c8f991"
}
[VerifyToken] Request: {
  method: 'GET',
  url: '/api/user/getShipperRequest4allOrSingleUser?journeyStatusId=6',
  hasAuth: true
}
[VerifyToken] Token decoded: {
  userUniqueId: '5e76d160-608e-4d5b-8b95-132a6fa878b0',
  phoneNumber: '+251985975882',
  roleId: 1,
  iat: 1786368601
}
[VerifyToken] User authenticated: {
  userUniqueId: '5e76d160-608e-4d5b-8b95-132a6fa878b0',
  phoneNumber: '+251985975882',
  roleId: undefined
}
16:30:04 [[32minfo[39m]: Transaction committed
{
  "service": "ride-hailing-api",
  "environment": "development",
  "transactionId": "txn_2026-08-10 13:30:04_fqgi7v1we",
  "duration": "NaNms"
}
16:30:04 [[32minfo[39m]: API Request
{
  "service": "ride-hailing-api",
  "environment": "development",
  "type": "API_REQUEST",
  "method": "GET",
  "url": "/api/user/getShipperRequest4allOrSingleUser?journeyStatusId=6",
  "statusCode": 200,
  "responseTime": "NaNms",
  "ip": "127.0.0.1",
  "userAgent": "axios/1.18.1",
  "userId": 1809,
  "userUniqueId": "5e76d160-608e-4d5b-8b95-132a6fa878b0"
}
[VerifyToken] Request: {
  method: 'GET',
  url: '/api/shipperRequest/getCancellationNotifications',
  hasAuth: true
}
[VerifyToken] Token decoded: {
  userUniqueId: '5e76d160-608e-4d5b-8b95-132a6fa878b0',
  phoneNumber: '+251985975882',
  roleId: 1,
  iat: 1786368601
}
[VerifyToken] User authenticated: {
  userUniqueId: '5e76d160-608e-4d5b-8b95-132a6fa878b0',
  phoneNumber: '+251985975882',
  roleId: undefined
}
16:30:04 [[32minfo[39m]: API Request
{
  "service": "ride-hailing-api",
  "environment": "development",
  "type": "API_REQUEST",
  "method": "GET",
  "url": "/api/shipperRequest/getCancellationNotifications",
  "statusCode": 200,
  "responseTime": "NaNms",
  "ip": "127.0.0.1",
  "userAgent": "axios/1.18.1",
  "userId": 1809,
  "userUniqueId": "5e76d160-608e-4d5b-8b95-132a6fa878b0"
}
[VerifyToken] Request: { method: 'GET', url: '/', hasAuth: true }
[VerifyToken] Token decoded: {
  userUniqueId: 'e4f4720c-7828-4476-925d-4dd5f9deb456',
  phoneNumber: '+251975975883',
  roleId: 3,
  iat: 1786368599
}
[VerifyToken] User authenticated: {
  userUniqueId: 'e4f4720c-7828-4476-925d-4dd5f9deb456',
  phoneNumber: '+251975975883',
  roleId: undefined
}
16:30:04 [[32minfo[39m]: API Request
{
  "service": "ride-hailing-api",
  "environment": "development",
  "type": "API_REQUEST",
  "method": "GET",
  "url": "/api/finance/commission",
  "statusCode": 200,
  "responseTime": "NaNms",
  "ip": "127.0.0.1",
  "userAgent": "axios/1.18.1",
  "userId": 1805,
  "userUniqueId": "e4f4720c-7828-4476-925d-4dd5f9deb456"
}
[VerifyToken] Request: {
  method: 'GET',
  url: '/api/user/getJourneyDecision4AllOrSingleUser?journeyStatusId=6&limit=10',
  hasAuth: true
}
[VerifyToken] Token decoded: {
  userUniqueId: 'e4f4720c-7828-4476-925d-4dd5f9deb456',
  phoneNumber: '+251975975883',
  roleId: 3,
  iat: 1786368599
}
[VerifyToken] User authenticated: {
  userUniqueId: 'e4f4720c-7828-4476-925d-4dd5f9deb456',
  phoneNumber: '+251975975883',
  roleId: undefined
}
16:30:04 [[32minfo[39m]: API Request
{
  "service": "ride-hailing-api",
  "environment": "development",
  "type": "API_REQUEST",
  "method": "GET",
  "url": "/api/user/getJourneyDecision4AllOrSingleUser?journeyStatusId=6&limit=10",
  "statusCode": 200,
  "responseTime": "NaNms",
  "ip": "127.0.0.1",
  "userAgent": "axios/1.18.1",
  "userId": 1805,
  "userUniqueId": "e4f4720c-7828-4476-925d-4dd5f9deb456"
}
[VerifyToken] Request: { method: 'POST', url: '/', hasAuth: true }
[VerifyToken] Token decoded: {
  userUniqueId: 'e590af62-28fb-49cd-ab29-d5e2d2c8f991',
  phoneNumber: '+251995975881',
  roleId: 2,
  iat: 1786368600
}
[VerifyToken] User authenticated: {
  userUniqueId: 'e590af62-28fb-49cd-ab29-d5e2d2c8f991',
  phoneNumber: '+251995975881',
  roleId: undefined
}
16:30:04 [[32minfo[39m]: Transaction committed
{
  "service": "ride-hailing-api",
  "environment": "development",
  "transactionId": "txn_2026-08-10 13:30:04_pbt3szroy",
  "duration": "NaNms"
}
16:30:04 [[32minfo[39m]: API Request
{
  "service": "ride-hailing-api",
  "environment": "development",
  "type": "API_REQUEST",
  "method": "POST",
  "url": "/api/finance/userBalance",
  "statusCode": 200,
  "responseTime": "NaNms",
  "ip": "127.0.0.1",
  "userAgent": "axios/1.18.1",
  "userId": 1808,
  "userUniqueId": "e590af62-28fb-49cd-ab29-d5e2d2c8f991"
}
16:30:04 [[32minfo[39m]: API Request
{
  "service": "ride-hailing-api",
  "environment": "development",
  "type": "API_REQUEST",
  "method": "GET",
  "url": "/api/utils/clear-cache",
  "statusCode": 200,
  "responseTime": "NaNms",
  "ip": "127.0.0.1",
  "userAgent": "axios/1.18.1"
}
[VerifyToken] Request: { method: 'POST', url: '/', hasAuth: true }
[VerifyToken] Token decoded: {
  userUniqueId: 'e4f4720c-7828-4476-925d-4dd5f9deb456',
  phoneNumber: '+251975975883',
  roleId: 3,
  iat: 1786368599
}
[VerifyToken] User authenticated: {
  userUniqueId: 'e4f4720c-7828-4476-925d-4dd5f9deb456',
  phoneNumber: '+251975975883',
  roleId: undefined
}
16:30:04 [[32minfo[39m]: createCommission commissionAmount1375
{
  "service": "ride-hailing-api",
  "environment": "development"
}
16:30:04 [[32minfo[39m]: Commission Created
{
  "service": "ride-hailing-api",
  "environment": "development",
  "type": "COMMISSION_CREATED",
  "commissionId": "77bc39fb-edb0-4d4e-ad0c-c193851d47f2",
  "amount": "1375.00",
  "journeyDecisionId": "e718bfee-61f6-4405-a645-9975b353ee7c",
  "createdBy": "e4f4720c-7828-4476-925d-4dd5f9deb456"
}
16:30:04 [[32minfo[39m]: Transaction committed
{
  "service": "ride-hailing-api",
  "environment": "development",
  "transactionId": "txn_2026-08-10 13:30:04_soly7gvak",
  "duration": "NaNms"
}
16:30:04 [[32minfo[39m]: API Request
{
  "service": "ride-hailing-api",
  "environment": "development",
  "type": "API_REQUEST",
  "method": "POST",
  "url": "/api/finance/commission",
  "statusCode": 201,
  "responseTime": "NaNms",
  "ip": "127.0.0.1",
  "userAgent": "axios/1.18.1",
  "userId": 1805,
  "userUniqueId": "e4f4720c-7828-4476-925d-4dd5f9deb456"
}
[VerifyToken] Request: { method: 'GET', url: '/', hasAuth: true }
[VerifyToken] Token decoded: {
  userUniqueId: 'e4f4720c-7828-4476-925d-4dd5f9deb456',
  phoneNumber: '+251975975883',
  roleId: 3,
  iat: 1786368599
}
[VerifyToken] User authenticated: {
  userUniqueId: 'e4f4720c-7828-4476-925d-4dd5f9deb456',
  phoneNumber: '+251975975883',
  roleId: undefined
}
16:30:04 [[32minfo[39m]: API Request
{
  "service": "ride-hailing-api",
  "environment": "development",
  "type": "API_REQUEST",
  "method": "GET",
  "url": "/api/finance/commission",
  "statusCode": 200,
  "responseTime": "NaNms",
  "ip": "127.0.0.1",
  "userAgent": "axios/1.18.1",
  "userId": 1805,
  "userUniqueId": "e4f4720c-7828-4476-925d-4dd5f9deb456"
}
[VerifyToken] Request: {
  method: 'PUT',
  url: '/77bc39fb-edb0-4d4e-ad0c-c193851d47f2',
  hasAuth: true
}
[VerifyToken] Token decoded: {
  userUniqueId: 'e4f4720c-7828-4476-925d-4dd5f9deb456',
  phoneNumber: '+251975975883',
  roleId: 3,
  iat: 1786368599
}
[VerifyToken] User authenticated: {
  userUniqueId: 'e4f4720c-7828-4476-925d-4dd5f9deb456',
  phoneNumber: '+251975975883',
  roleId: undefined
}
16:30:04 [[32minfo[39m]: Commission Updated
{
  "service": "ride-hailing-api",
  "environment": "development",
  "commissionId": "77bc39fb-edb0-4d4e-ad0c-c193851d47f2",
  "updatedBy": "e4f4720c-7828-4476-925d-4dd5f9deb456",
  "updates": {
    "commissionAmount": 300
  }
}
16:30:04 [[32minfo[39m]: Transaction committed
{
  "service": "ride-hailing-api",
  "environment": "development",
  "transactionId": "txn_2026-08-10 13:30:04_25we5mjh0",
  "duration": "NaNms"
}
16:30:04 [[32minfo[39m]: API Request
{
  "service": "ride-hailing-api",
  "environment": "development",
  "type": "API_REQUEST",
  "method": "PUT",
  "url": "/api/finance/commission/77bc39fb-edb0-4d4e-ad0c-c193851d47f2",
  "statusCode": 200,
  "responseTime": "NaNms",
  "ip": "127.0.0.1",
  "userAgent": "axios/1.18.1",
  "userId": 1805,
  "userUniqueId": "e4f4720c-7828-4476-925d-4dd5f9deb456"
}
[VerifyToken] Request: { method: 'GET', url: '/', hasAuth: true }
[VerifyToken] Token decoded: {
  userUniqueId: 'e4f4720c-7828-4476-925d-4dd5f9deb456',
  phoneNumber: '+251975975883',
  roleId: 3,
  iat: 1786368599
}
[VerifyToken] User authenticated: {
  userUniqueId: 'e4f4720c-7828-4476-925d-4dd5f9deb456',
  phoneNumber: '+251975975883',
  roleId: undefined
}
16:30:04 [[32minfo[39m]: API Request
{
  "service": "ride-hailing-api",
  "environment": "development",
  "type": "API_REQUEST",
  "method": "GET",
  "url": "/api/finance/commission",
  "statusCode": 200,
  "responseTime": "NaNms",
  "ip": "127.0.0.1",
  "userAgent": "axios/1.18.1",
  "userId": 1805,
  "userUniqueId": "e4f4720c-7828-4476-925d-4dd5f9deb456"
}
[VerifyToken] Request: {
  method: 'DELETE',
  url: '/77bc39fb-edb0-4d4e-ad0c-c193851d47f2',
  hasAuth: true
}
[VerifyToken] Token decoded: {
  userUniqueId: 'e4f4720c-7828-4476-925d-4dd5f9deb456',
  phoneNumber: '+251975975883',
  roleId: 3,
  iat: 1786368599
}
[VerifyToken] User authenticated: {
  userUniqueId: 'e4f4720c-7828-4476-925d-4dd5f9deb456',
  phoneNumber: '+251975975883',
  roleId: undefined
}
16:30:04 [[32minfo[39m]: Commission Deleted
{
  "service": "ride-hailing-api",
  "environment": "development",
  "commissionId": "77bc39fb-edb0-4d4e-ad0c-c193851d47f2",
  "deletedBy": "e4f4720c-7828-4476-925d-4dd5f9deb456"
}
16:30:04 [[32minfo[39m]: Transaction committed
{
  "service": "ride-hailing-api",
  "environment": "development",
  "transactionId": "txn_2026-08-10 13:30:04_pw9y8d4vv",
  "duration": "NaNms"
}
16:30:04 [[32minfo[39m]: API Request
{
  "service": "ride-hailing-api",
  "environment": "development",
  "type": "API_REQUEST",
  "method": "DELETE",
  "url": "/api/finance/commission/77bc39fb-edb0-4d4e-ad0c-c193851d47f2",
  "statusCode": 200,
  "responseTime": "NaNms",
  "ip": "127.0.0.1",
  "userAgent": "axios/1.18.1",
  "userId": 1805,
  "userUniqueId": "e4f4720c-7828-4476-925d-4dd5f9deb456"
}
[VerifyToken] Request: { method: 'GET', url: '/', hasAuth: true }
[VerifyToken] Token decoded: {
  userUniqueId: 'e4f4720c-7828-4476-925d-4dd5f9deb456',
  phoneNumber: '+251975975883',
  roleId: 3,
  iat: 1786368599
}
[VerifyToken] User authenticated: {
  userUniqueId: 'e4f4720c-7828-4476-925d-4dd5f9deb456',
  phoneNumber: '+251975975883',
  roleId: undefined
}
16:30:04 [[32minfo[39m]: API Request
{
  "service": "ride-hailing-api",
  "environment": "development",
  "type": "API_REQUEST",
  "method": "GET",
  "url": "/api/finance/commission",
  "statusCode": 200,
  "responseTime": "NaNms",
  "ip": "127.0.0.1",
  "userAgent": "axios/1.18.1",
  "userId": 1805,
  "userUniqueId": "e4f4720c-7828-4476-925d-4dd5f9deb456"
}
[VerifyToken] Request: { method: 'GET', url: '/', hasAuth: true }
[VerifyToken] Token decoded: {
  userUniqueId: 'e4f4720c-7828-4476-925d-4dd5f9deb456',
  phoneNumber: '+251975975883',
  roleId: 3,
  iat: 1786368599
}
[VerifyToken] User authenticated: {
  userUniqueId: 'e4f4720c-7828-4476-925d-4dd5f9deb456',
  phoneNumber: '+251975975883',
  roleId: undefined
}
16:30:04 [[32minfo[39m]: API Request
{
  "service": "ride-hailing-api",
  "environment": "development",
  "type": "API_REQUEST",
  "method": "GET",
  "url": "/api/finance/payments",
  "statusCode": 200,
  "responseTime": "NaNms",
  "ip": "127.0.0.1",
  "userAgent": "axios/1.18.1",
  "userId": 1805,
  "userUniqueId": "e4f4720c-7828-4476-925d-4dd5f9deb456"
}
[VerifyToken] Request: {
  method: 'GET',
  url: '/api/user/getJourneyDecision4AllOrSingleUser?journeyStatusId=6&limit=10',
  hasAuth: true
}
[VerifyToken] Token decoded: {
  userUniqueId: 'e4f4720c-7828-4476-925d-4dd5f9deb456',
  phoneNumber: '+251975975883',
  roleId: 3,
  iat: 1786368599
}
[VerifyToken] User authenticated: {
  userUniqueId: 'e4f4720c-7828-4476-925d-4dd5f9deb456',
  phoneNumber: '+251975975883',
  roleId: undefined
}
16:30:04 [[32minfo[39m]: API Request
{
  "service": "ride-hailing-api",
  "environment": "development",
  "type": "API_REQUEST",
  "method": "GET",
  "url": "/api/user/getJourneyDecision4AllOrSingleUser?journeyStatusId=6&limit=10",
  "statusCode": 200,
  "responseTime": "NaNms",
  "ip": "127.0.0.1",
  "userAgent": "axios/1.18.1",
  "userId": 1805,
  "userUniqueId": "e4f4720c-7828-4476-925d-4dd5f9deb456"
}
[VerifyToken] Request: { method: 'GET', url: '/', hasAuth: true }
[VerifyToken] Token decoded: {
  userUniqueId: 'e4f4720c-7828-4476-925d-4dd5f9deb456',
  phoneNumber: '+251975975883',
  roleId: 3,
  iat: 1786368599
}
[VerifyToken] User authenticated: {
  userUniqueId: 'e4f4720c-7828-4476-925d-4dd5f9deb456',
  phoneNumber: '+251975975883',
  roleId: undefined
}
16:30:04 [[32minfo[39m]: API Request
{
  "service": "ride-hailing-api",
  "environment": "development",
  "type": "API_REQUEST",
  "method": "GET",
  "url": "/api/finance/paymentMethod",
  "statusCode": 200,
  "responseTime": "NaNms",
  "ip": "127.0.0.1",
  "userAgent": "axios/1.18.1",
  "userId": 1805,
  "userUniqueId": "e4f4720c-7828-4476-925d-4dd5f9deb456"
}
[VerifyToken] Request: { method: 'GET', url: '/', hasAuth: true }
[VerifyToken] Token decoded: {
  userUniqueId: 'e4f4720c-7828-4476-925d-4dd5f9deb456',
  phoneNumber: '+251975975883',
  roleId: 3,
  iat: 1786368599
}
[VerifyToken] User authenticated: {
  userUniqueId: 'e4f4720c-7828-4476-925d-4dd5f9deb456',
  phoneNumber: '+251975975883',
  roleId: undefined
}
16:30:04 [[32minfo[39m]: API Request
{
  "service": "ride-hailing-api",
  "environment": "development",
  "type": "API_REQUEST",
  "method": "GET",
  "url": "/api/finance/paymentStatus",
  "statusCode": 200,
  "responseTime": "NaNms",
  "ip": "127.0.0.1",
  "userAgent": "axios/1.18.1",
  "userId": 1805,
  "userUniqueId": "e4f4720c-7828-4476-925d-4dd5f9deb456"
}
[VerifyToken] Request: { method: 'POST', url: '/', hasAuth: true }
[VerifyToken] Token decoded: {
  userUniqueId: 'e4f4720c-7828-4476-925d-4dd5f9deb456',
  phoneNumber: '+251975975883',
  roleId: 3,
  iat: 1786368599
}
[VerifyToken] User authenticated: {
  userUniqueId: 'e4f4720c-7828-4476-925d-4dd5f9deb456',
  phoneNumber: '+251975975883',
  roleId: undefined
}
16:30:04 [[32minfo[39m]: Transaction committed
{
  "service": "ride-hailing-api",
  "environment": "development",
  "transactionId": "txn_2026-08-10 13:30:04_kz2ij7y7l",
  "duration": "NaNms"
}
16:30:04 [[32minfo[39m]: API Request
{
  "service": "ride-hailing-api",
  "environment": "development",
  "type": "API_REQUEST",
  "method": "POST",
  "url": "/api/finance/payments",
  "statusCode": 200,
  "responseTime": "NaNms",
  "ip": "127.0.0.1",
  "userAgent": "axios/1.18.1",
  "userId": 1805,
  "userUniqueId": "e4f4720c-7828-4476-925d-4dd5f9deb456"
}
[VerifyToken] Request: { method: 'GET', url: '/', hasAuth: true }
[VerifyToken] Token decoded: {
  userUniqueId: 'e4f4720c-7828-4476-925d-4dd5f9deb456',
  phoneNumber: '+251975975883',
  roleId: 3,
  iat: 1786368599
}
[VerifyToken] User authenticated: {
  userUniqueId: 'e4f4720c-7828-4476-925d-4dd5f9deb456',
  phoneNumber: '+251975975883',
  roleId: undefined
}
16:30:04 [[32minfo[39m]: API Request
{
  "service": "ride-hailing-api",
  "environment": "development",
  "type": "API_REQUEST",
  "method": "GET",
  "url": "/api/finance/payments",
  "statusCode": 200,
  "responseTime": "NaNms",
  "ip": "127.0.0.1",
  "userAgent": "axios/1.18.1",
  "userId": 1805,
  "userUniqueId": "e4f4720c-7828-4476-925d-4dd5f9deb456"
}
[VerifyToken] Request: {
  method: 'GET',
  url: '/c7f583c6-ab8a-44fe-89b4-bd4e63fb6c4c',
  hasAuth: true
}
[VerifyToken] Token decoded: {
  userUniqueId: 'e4f4720c-7828-4476-925d-4dd5f9deb456',
  phoneNumber: '+251975975883',
  roleId: 3,
  iat: 1786368599
}
[VerifyToken] User authenticated: {
  userUniqueId: 'e4f4720c-7828-4476-925d-4dd5f9deb456',
  phoneNumber: '+251975975883',
  roleId: undefined
}
16:30:04 [[32minfo[39m]: API Request
{
  "service": "ride-hailing-api",
  "environment": "development",
  "type": "API_REQUEST",
  "method": "GET",
  "url": "/api/finance/payments/c7f583c6-ab8a-44fe-89b4-bd4e63fb6c4c",
  "statusCode": 200,
  "responseTime": "NaNms",
  "ip": "127.0.0.1",
  "userAgent": "axios/1.18.1",
  "userId": 1805,
  "userUniqueId": "e4f4720c-7828-4476-925d-4dd5f9deb456"
}
[VerifyToken] Request: {
  method: 'PUT',
  url: '/c7f583c6-ab8a-44fe-89b4-bd4e63fb6c4c',
  hasAuth: true
}
[VerifyToken] Token decoded: {
  userUniqueId: 'e4f4720c-7828-4476-925d-4dd5f9deb456',
  phoneNumber: '+251975975883',
  roleId: 3,
  iat: 1786368599
}
[VerifyToken] User authenticated: {
  userUniqueId: 'e4f4720c-7828-4476-925d-4dd5f9deb456',
  phoneNumber: '+251975975883',
  roleId: undefined
}
16:30:04 [[32minfo[39m]: Transaction committed
{
  "service": "ride-hailing-api",
  "environment": "development",
  "transactionId": "txn_2026-08-10 13:30:04_80sgqyzvx",
  "duration": "NaNms"
}
16:30:04 [[32minfo[39m]: API Request
{
  "service": "ride-hailing-api",
  "environment": "development",
  "type": "API_REQUEST",
  "method": "PUT",
  "url": "/api/finance/payments/c7f583c6-ab8a-44fe-89b4-bd4e63fb6c4c",
  "statusCode": 200,
  "responseTime": "NaNms",
  "ip": "127.0.0.1",
  "userAgent": "axios/1.18.1",
  "userId": 1805,
  "userUniqueId": "e4f4720c-7828-4476-925d-4dd5f9deb456"
}
[VerifyToken] Request: {
  method: 'DELETE',
  url: '/c7f583c6-ab8a-44fe-89b4-bd4e63fb6c4c',
  hasAuth: true
}
[VerifyToken] Token decoded: {
  userUniqueId: 'e4f4720c-7828-4476-925d-4dd5f9deb456',
  phoneNumber: '+251975975883',
  roleId: 3,
  iat: 1786368599
}
[VerifyToken] User authenticated: {
  userUniqueId: 'e4f4720c-7828-4476-925d-4dd5f9deb456',
  phoneNumber: '+251975975883',
  roleId: undefined
}
16:30:04 [[32minfo[39m]: Transaction committed
{
  "service": "ride-hailing-api",
  "environment": "development",
  "transactionId": "txn_2026-08-10 13:30:04_b6li9koi3",
  "duration": "NaNms"
}
16:30:04 [[32minfo[39m]: API Request
{
  "service": "ride-hailing-api",
  "environment": "development",
  "type": "API_REQUEST",
  "method": "DELETE",
  "url": "/api/finance/payments/c7f583c6-ab8a-44fe-89b4-bd4e63fb6c4c",
  "statusCode": 200,
  "responseTime": "NaNms",
  "ip": "127.0.0.1",
  "userAgent": "axios/1.18.1",
  "userId": 1805,
  "userUniqueId": "e4f4720c-7828-4476-925d-4dd5f9deb456"
}
[VerifyToken] Request: { method: 'GET', url: '/', hasAuth: true }
[VerifyToken] Token decoded: {
  userUniqueId: 'e4f4720c-7828-4476-925d-4dd5f9deb456',
  phoneNumber: '+251975975883',
  roleId: 3,
  iat: 1786368599
}
[VerifyToken] User authenticated: {
  userUniqueId: 'e4f4720c-7828-4476-925d-4dd5f9deb456',
  phoneNumber: '+251975975883',
  roleId: undefined
}
16:30:04 [[32minfo[39m]: API Request
{
  "service": "ride-hailing-api",
  "environment": "development",
  "type": "API_REQUEST",
  "method": "GET",
  "url": "/api/finance/payments",
  "statusCode": 200,
  "responseTime": "NaNms",
  "ip": "127.0.0.1",
  "userAgent": "axios/1.18.1",
  "userId": 1805,
  "userUniqueId": "e4f4720c-7828-4476-925d-4dd5f9deb456"
}
[VerifyToken] Request: { method: 'GET', url: '/', hasAuth: true }
[VerifyToken] Token decoded: {
  userUniqueId: 'e4f4720c-7828-4476-925d-4dd5f9deb456',
  phoneNumber: '+251975975883',
  roleId: 3,
  iat: 1786368599
}
[VerifyToken] User authenticated: {
  userUniqueId: 'e4f4720c-7828-4476-925d-4dd5f9deb456',
  phoneNumber: '+251975975883',
  roleId: undefined
}
16:30:04 [[32minfo[39m]: API Request
{
  "service": "ride-hailing-api",
  "environment": "development",
  "type": "API_REQUEST",
  "method": "GET",
  "url": "/api/finance/journeyPayments",
  "statusCode": 200,
  "responseTime": "NaNms",
  "ip": "127.0.0.1",
  "userAgent": "axios/1.18.1",
  "userId": 1805,
  "userUniqueId": "e4f4720c-7828-4476-925d-4dd5f9deb456"
}
[VerifyToken] Request: {
  method: 'GET',
  url: '/api/user/getJourneyDecision4AllOrSingleUser?journeyStatusId=6&limit=10',
  hasAuth: true
}
[VerifyToken] Token decoded: {
  userUniqueId: 'e4f4720c-7828-4476-925d-4dd5f9deb456',
  phoneNumber: '+251975975883',
  roleId: 3,
  iat: 1786368599
}
[VerifyToken] User authenticated: {
  userUniqueId: 'e4f4720c-7828-4476-925d-4dd5f9deb456',
  phoneNumber: '+251975975883',
  roleId: undefined
}
16:30:04 [[32minfo[39m]: API Request
{
  "service": "ride-hailing-api",
  "environment": "development",
  "type": "API_REQUEST",
  "method": "GET",
  "url": "/api/user/getJourneyDecision4AllOrSingleUser?journeyStatusId=6&limit=10",
  "statusCode": 200,
  "responseTime": "NaNms",
  "ip": "127.0.0.1",
  "userAgent": "axios/1.18.1",
  "userId": 1805,
  "userUniqueId": "e4f4720c-7828-4476-925d-4dd5f9deb456"
}
[VerifyToken] Request: { method: 'GET', url: '/', hasAuth: true }
[VerifyToken] Token decoded: {
  userUniqueId: 'e4f4720c-7828-4476-925d-4dd5f9deb456',
  phoneNumber: '+251975975883',
  roleId: 3,
  iat: 1786368599
}
[VerifyToken] User authenticated: {
  userUniqueId: 'e4f4720c-7828-4476-925d-4dd5f9deb456',
  phoneNumber: '+251975975883',
  roleId: undefined
}
16:30:04 [[32minfo[39m]: API Request
{
  "service": "ride-hailing-api",
  "environment": "development",
  "type": "API_REQUEST",
  "method": "GET",
  "url": "/api/finance/paymentMethod",
  "statusCode": 200,
  "responseTime": "NaNms",
  "ip": "127.0.0.1",
  "userAgent": "axios/1.18.1",
  "userId": 1805,
  "userUniqueId": "e4f4720c-7828-4476-925d-4dd5f9deb456"
}
[VerifyToken] Request: { method: 'GET', url: '/', hasAuth: true }
[VerifyToken] Token decoded: {
  userUniqueId: 'e4f4720c-7828-4476-925d-4dd5f9deb456',
  phoneNumber: '+251975975883',
  roleId: 3,
  iat: 1786368599
}
[VerifyToken] User authenticated: {
  userUniqueId: 'e4f4720c-7828-4476-925d-4dd5f9deb456',
  phoneNumber: '+251975975883',
  roleId: undefined
}
16:30:04 [[32minfo[39m]: API Request
{
  "service": "ride-hailing-api",
  "environment": "development",
  "type": "API_REQUEST",
  "method": "GET",
  "url": "/api/finance/paymentStatus",
  "statusCode": 200,
  "responseTime": "NaNms",
  "ip": "127.0.0.1",
  "userAgent": "axios/1.18.1",
  "userId": 1805,
  "userUniqueId": "e4f4720c-7828-4476-925d-4dd5f9deb456"
}
[VerifyToken] Request: { method: 'POST', url: '/', hasAuth: true }
[VerifyToken] Token decoded: {
  userUniqueId: 'e4f4720c-7828-4476-925d-4dd5f9deb456',
  phoneNumber: '+251975975883',
  roleId: 3,
  iat: 1786368599
}
[VerifyToken] User authenticated: {
  userUniqueId: 'e4f4720c-7828-4476-925d-4dd5f9deb456',
  phoneNumber: '+251975975883',
  roleId: undefined
}
16:30:04 [[32minfo[39m]: Transaction committed
{
  "service": "ride-hailing-api",
  "environment": "development",
  "transactionId": "txn_2026-08-10 13:30:04_ow9en9txo",
  "duration": "NaNms"
}
16:30:04 [[32minfo[39m]: API Request
{
  "service": "ride-hailing-api",
  "environment": "development",
  "type": "API_REQUEST",
  "method": "POST",
  "url": "/api/finance/journeyPayments",
  "statusCode": 200,
  "responseTime": "NaNms",
  "ip": "127.0.0.1",
  "userAgent": "axios/1.18.1",
  "userId": 1805,
  "userUniqueId": "e4f4720c-7828-4476-925d-4dd5f9deb456"
}
[VerifyToken] Request: { method: 'GET', url: '/', hasAuth: true }
[VerifyToken] Token decoded: {
  userUniqueId: 'e4f4720c-7828-4476-925d-4dd5f9deb456',
  phoneNumber: '+251975975883',
  roleId: 3,
  iat: 1786368599
}
[VerifyToken] User authenticated: {
  userUniqueId: 'e4f4720c-7828-4476-925d-4dd5f9deb456',
  phoneNumber: '+251975975883',
  roleId: undefined
}
16:30:04 [[32minfo[39m]: API Request
{
  "service": "ride-hailing-api",
  "environment": "development",
  "type": "API_REQUEST",
  "method": "GET",
  "url": "/api/finance/journeyPayments",
  "statusCode": 200,
  "responseTime": "NaNms",
  "ip": "127.0.0.1",
  "userAgent": "axios/1.18.1",
  "userId": 1805,
  "userUniqueId": "e4f4720c-7828-4476-925d-4dd5f9deb456"
}
[VerifyToken] Request: {
  method: 'GET',
  url: '/7be2b23e-9dd3-4d22-926e-413990e18ec3',
  hasAuth: true
}
[VerifyToken] Token decoded: {
  userUniqueId: 'e4f4720c-7828-4476-925d-4dd5f9deb456',
  phoneNumber: '+251975975883',
  roleId: 3,
  iat: 1786368599
}
[VerifyToken] User authenticated: {
  userUniqueId: 'e4f4720c-7828-4476-925d-4dd5f9deb456',
  phoneNumber: '+251975975883',
  roleId: undefined
}
16:30:04 [[32minfo[39m]: API Request
{
  "service": "ride-hailing-api",
  "environment": "development",
  "type": "API_REQUEST",
  "method": "GET",
  "url": "/api/finance/journeyPayments/7be2b23e-9dd3-4d22-926e-413990e18ec3",
  "statusCode": 200,
  "responseTime": "NaNms",
  "ip": "127.0.0.1",
  "userAgent": "axios/1.18.1",
  "userId": 1805,
  "userUniqueId": "e4f4720c-7828-4476-925d-4dd5f9deb456"
}
[VerifyToken] Request: {
  method: 'PUT',
  url: '/7be2b23e-9dd3-4d22-926e-413990e18ec3',
  hasAuth: true
}
[VerifyToken] Token decoded: {
  userUniqueId: 'e4f4720c-7828-4476-925d-4dd5f9deb456',
  phoneNumber: '+251975975883',
  roleId: 3,
  iat: 1786368599
}
[VerifyToken] User authenticated: {
  userUniqueId: 'e4f4720c-7828-4476-925d-4dd5f9deb456',
  phoneNumber: '+251975975883',
  roleId: undefined
}
16:30:04 [[32minfo[39m]: Transaction committed
{
  "service": "ride-hailing-api",
  "environment": "development",
  "transactionId": "txn_2026-08-10 13:30:04_pwlxh5l9l",
  "duration": "NaNms"
}
16:30:04 [[32minfo[39m]: API Request
{
  "service": "ride-hailing-api",
  "environment": "development",
  "type": "API_REQUEST",
  "method": "PUT",
  "url": "/api/finance/journeyPayments/7be2b23e-9dd3-4d22-926e-413990e18ec3",
  "statusCode": 200,
  "responseTime": "NaNms",
  "ip": "127.0.0.1",
  "userAgent": "axios/1.18.1",
  "userId": 1805,
  "userUniqueId": "e4f4720c-7828-4476-925d-4dd5f9deb456"
}
[VerifyToken] Request: { method: 'GET', url: '/', hasAuth: true }
[VerifyToken] Token decoded: {
  userUniqueId: 'e4f4720c-7828-4476-925d-4dd5f9deb456',
  phoneNumber: '+251975975883',
  roleId: 3,
  iat: 1786368599
}
[VerifyToken] User authenticated: {
  userUniqueId: 'e4f4720c-7828-4476-925d-4dd5f9deb456',
  phoneNumber: '+251975975883',
  roleId: undefined
}
16:30:04 [[32minfo[39m]: API Request
{
  "service": "ride-hailing-api",
  "environment": "development",
  "type": "API_REQUEST",
  "method": "GET",
  "url": "/api/finance/journeyPayments",
  "statusCode": 200,
  "responseTime": "NaNms",
  "ip": "127.0.0.1",
  "userAgent": "axios/1.18.1",
  "userId": 1805,
  "userUniqueId": "e4f4720c-7828-4476-925d-4dd5f9deb456"
}
[VerifyToken] Request: {
  method: 'DELETE',
  url: '/7be2b23e-9dd3-4d22-926e-413990e18ec3',
  hasAuth: true
}
[VerifyToken] Token decoded: {
  userUniqueId: 'e4f4720c-7828-4476-925d-4dd5f9deb456',
  phoneNumber: '+251975975883',
  roleId: 3,
  iat: 1786368599
}
[VerifyToken] User authenticated: {
  userUniqueId: 'e4f4720c-7828-4476-925d-4dd5f9deb456',
  phoneNumber: '+251975975883',
  roleId: undefined
}
16:30:04 [[32minfo[39m]: Transaction committed
{
  "service": "ride-hailing-api",
  "environment": "development",
  "transactionId": "txn_2026-08-10 13:30:04_cq9h4dsgg",
  "duration": "NaNms"
}
16:30:04 [[32minfo[39m]: API Request
{
  "service": "ride-hailing-api",
  "environment": "development",
  "type": "API_REQUEST",
  "method": "DELETE",
  "url": "/api/finance/journeyPayments/7be2b23e-9dd3-4d22-926e-413990e18ec3",
  "statusCode": 200,
  "responseTime": "NaNms",
  "ip": "127.0.0.1",
  "userAgent": "axios/1.18.1",
  "userId": 1805,
  "userUniqueId": "e4f4720c-7828-4476-925d-4dd5f9deb456"
}
[VerifyToken] Request: { method: 'GET', url: '/', hasAuth: true }
[VerifyToken] Token decoded: {
  userUniqueId: 'e4f4720c-7828-4476-925d-4dd5f9deb456',
  phoneNumber: '+251975975883',
  roleId: 3,
  iat: 1786368599
}
[VerifyToken] User authenticated: {
  userUniqueId: 'e4f4720c-7828-4476-925d-4dd5f9deb456',
  phoneNumber: '+251975975883',
  roleId: undefined
}
16:30:04 [[32minfo[39m]: API Request
{
  "service": "ride-hailing-api",
  "environment": "development",
  "type": "API_REQUEST",
  "method": "GET",
  "url": "/api/finance/journeyPayments",
  "statusCode": 200,
  "responseTime": "NaNms",
  "ip": "127.0.0.1",
  "userAgent": "axios/1.18.1",
  "userId": 1805,
  "userUniqueId": "e4f4720c-7828-4476-925d-4dd5f9deb456"
}
[VerifyToken] Request: { method: 'GET', url: '/', hasAuth: true }
[VerifyToken] Token decoded: {
  userUniqueId: '7e350e22-f087-4f51-adb1-9931d8529cb0',
  phoneNumber: '+251965975884',
  roleId: 7,
  iat: 1786368599
}
[VerifyToken] User authenticated: {
  userUniqueId: '7e350e22-f087-4f51-adb1-9931d8529cb0',
  phoneNumber: '+251965975884',
  roleId: undefined
}
16:30:04 [[32minfo[39m]: API Request
{
  "service": "ride-hailing-api",
  "environment": "development",
  "type": "API_REQUEST",
  "method": "GET",
  "url": "/api/company/memberships",
  "statusCode": 200,
  "responseTime": "NaNms",
  "ip": "127.0.0.1",
  "userAgent": "axios/1.18.1",
  "userId": 1806,
  "userUniqueId": "7e350e22-f087-4f51-adb1-9931d8529cb0"
}
[VerifyToken] Request: { method: 'GET', url: '/', hasAuth: true }
[VerifyToken] Token decoded: {
  userUniqueId: '7e350e22-f087-4f51-adb1-9931d8529cb0',
  phoneNumber: '+251965975884',
  roleId: 7,
  iat: 1786368599
}
[VerifyToken] User authenticated: {
  userUniqueId: '7e350e22-f087-4f51-adb1-9931d8529cb0',
  phoneNumber: '+251965975884',
  roleId: undefined
}
16:30:04 [[32minfo[39m]: API Request
{
  "service": "ride-hailing-api",
  "environment": "development",
  "type": "API_REQUEST",
  "method": "GET",
  "url": "/api/company/roles",
  "statusCode": 200,
  "responseTime": "NaNms",
  "ip": "127.0.0.1",
  "userAgent": "axios/1.18.1",
  "userId": 1806,
  "userUniqueId": "7e350e22-f087-4f51-adb1-9931d8529cb0"
}
[VerifyToken] Request: {
  method: 'POST',
  url: '/e590af62-28fb-49cd-ab29-d5e2d2c8f991',
  hasAuth: true
}
[VerifyToken] Token decoded: {
  userUniqueId: '7e350e22-f087-4f51-adb1-9931d8529cb0',
  phoneNumber: '+251965975884',
  roleId: 7,
  iat: 1786368599
}
[VerifyToken] User authenticated: {
  userUniqueId: '7e350e22-f087-4f51-adb1-9931d8529cb0',
  phoneNumber: '+251965975884',
  roleId: undefined
}
16:30:04 [[32minfo[39m]: Transaction committed
{
  "service": "ride-hailing-api",
  "environment": "development",
  "transactionId": "txn_2026-08-10 13:30:04_rh5viio58",
  "duration": "NaNms"
}
16:30:04 [[32minfo[39m]: API Request
{
  "service": "ride-hailing-api",
  "environment": "development",
  "type": "API_REQUEST",
  "method": "POST",
  "url": "/api/company/memberships/e590af62-28fb-49cd-ab29-d5e2d2c8f991",
  "statusCode": 201,
  "responseTime": "NaNms",
  "ip": "127.0.0.1",
  "userAgent": "axios/1.18.1",
  "userId": 1806,
  "userUniqueId": "7e350e22-f087-4f51-adb1-9931d8529cb0"
}
[VerifyToken] Request: { method: 'GET', url: '/', hasAuth: true }
[VerifyToken] Token decoded: {
  userUniqueId: '7e350e22-f087-4f51-adb1-9931d8529cb0',
  phoneNumber: '+251965975884',
  roleId: 7,
  iat: 1786368599
}
[VerifyToken] User authenticated: {
  userUniqueId: '7e350e22-f087-4f51-adb1-9931d8529cb0',
  phoneNumber: '+251965975884',
  roleId: undefined
}
16:30:04 [[32minfo[39m]: API Request
{
  "service": "ride-hailing-api",
  "environment": "development",
  "type": "API_REQUEST",
  "method": "GET",
  "url": "/api/company/memberships",
  "statusCode": 200,
  "responseTime": "NaNms",
  "ip": "127.0.0.1",
  "userAgent": "axios/1.18.1",
  "userId": 1806,
  "userUniqueId": "7e350e22-f087-4f51-adb1-9931d8529cb0"
}
[VerifyToken] Request: {
  method: 'GET',
  url: '/?companyUniqueId=3bf53a94-2138-453c-9523-6dd7c12540e0',
  hasAuth: true
}
[VerifyToken] Token decoded: {
  userUniqueId: '7e350e22-f087-4f51-adb1-9931d8529cb0',
  phoneNumber: '+251965975884',
  roleId: 7,
  iat: 1786368599
}
[VerifyToken] User authenticated: {
  userUniqueId: '7e350e22-f087-4f51-adb1-9931d8529cb0',
  phoneNumber: '+251965975884',
  roleId: undefined
}
16:30:04 [[32minfo[39m]: API Request
{
  "service": "ride-hailing-api",
  "environment": "development",
  "type": "API_REQUEST",
  "method": "GET",
  "url": "/api/company/memberships?companyUniqueId=3bf53a94-2138-453c-9523-6dd7c12540e0",
  "statusCode": 200,
  "responseTime": "NaNms",
  "ip": "127.0.0.1",
  "userAgent": "axios/1.18.1",
  "userId": 1806,
  "userUniqueId": "7e350e22-f087-4f51-adb1-9931d8529cb0"
}
[VerifyToken] Request: {
  method: 'PATCH',
  url: '/2c62daba-831c-4996-8d8a-e834e7d8e1bd/deactivate',
  hasAuth: true
}
[VerifyToken] Token decoded: {
  userUniqueId: '7e350e22-f087-4f51-adb1-9931d8529cb0',
  phoneNumber: '+251965975884',
  roleId: 7,
  iat: 1786368599
}
[VerifyToken] User authenticated: {
  userUniqueId: '7e350e22-f087-4f51-adb1-9931d8529cb0',
  phoneNumber: '+251965975884',
  roleId: undefined
}
16:30:04 [[32minfo[39m]: Transaction committed
{
  "service": "ride-hailing-api",
  "environment": "development",
  "transactionId": "txn_2026-08-10 13:30:04_z641zo8qk",
  "duration": "NaNms"
}
16:30:04 [[32minfo[39m]: API Request
{
  "service": "ride-hailing-api",
  "environment": "development",
  "type": "API_REQUEST",
  "method": "PATCH",
  "url": "/api/company/memberships/2c62daba-831c-4996-8d8a-e834e7d8e1bd/deactivate",
  "statusCode": 200,
  "responseTime": "NaNms",
  "ip": "127.0.0.1",
  "userAgent": "axios/1.18.1",
  "userId": 1806,
  "userUniqueId": "7e350e22-f087-4f51-adb1-9931d8529cb0"
}
[VerifyToken] Request: { method: 'GET', url: '/', hasAuth: true }
[VerifyToken] Token decoded: {
  userUniqueId: '7e350e22-f087-4f51-adb1-9931d8529cb0',
  phoneNumber: '+251965975884',
  roleId: 7,
  iat: 1786368599
}
[VerifyToken] User authenticated: {
  userUniqueId: '7e350e22-f087-4f51-adb1-9931d8529cb0',
  phoneNumber: '+251965975884',
  roleId: undefined
}
16:30:04 [[32minfo[39m]: API Request
{
  "service": "ride-hailing-api",
  "environment": "development",
  "type": "API_REQUEST",
  "method": "GET",
  "url": "/api/company/memberships",
  "statusCode": 200,
  "responseTime": "NaNms",
  "ip": "127.0.0.1",
  "userAgent": "axios/1.18.1",
  "userId": 1806,
  "userUniqueId": "7e350e22-f087-4f51-adb1-9931d8529cb0"
}
[VerifyToken] Request: {
  method: 'PATCH',
  url: '/2c62daba-831c-4996-8d8a-e834e7d8e1bd/reactivate',
  hasAuth: true
}
[VerifyToken] Token decoded: {
  userUniqueId: '7e350e22-f087-4f51-adb1-9931d8529cb0',
  phoneNumber: '+251965975884',
  roleId: 7,
  iat: 1786368599
}
[VerifyToken] User authenticated: {
  userUniqueId: '7e350e22-f087-4f51-adb1-9931d8529cb0',
  phoneNumber: '+251965975884',
  roleId: undefined
}
16:30:04 [[32minfo[39m]: Transaction committed
{
  "service": "ride-hailing-api",
  "environment": "development",
  "transactionId": "txn_2026-08-10 13:30:04_qb2hgjloj",
  "duration": "NaNms"
}
16:30:04 [[32minfo[39m]: API Request
{
  "service": "ride-hailing-api",
  "environment": "development",
  "type": "API_REQUEST",
  "method": "PATCH",
  "url": "/api/company/memberships/2c62daba-831c-4996-8d8a-e834e7d8e1bd/reactivate",
  "statusCode": 200,
  "responseTime": "NaNms",
  "ip": "127.0.0.1",
  "userAgent": "axios/1.18.1",
  "userId": 1806,
  "userUniqueId": "7e350e22-f087-4f51-adb1-9931d8529cb0"
}
[VerifyToken] Request: { method: 'GET', url: '/', hasAuth: true }
[VerifyToken] Token decoded: {
  userUniqueId: '7e350e22-f087-4f51-adb1-9931d8529cb0',
  phoneNumber: '+251965975884',
  roleId: 7,
  iat: 1786368599
}
[VerifyToken] User authenticated: {
  userUniqueId: '7e350e22-f087-4f51-adb1-9931d8529cb0',
  phoneNumber: '+251965975884',
  roleId: undefined
}
16:30:04 [[32minfo[39m]: API Request
{
  "service": "ride-hailing-api",
  "environment": "development",
  "type": "API_REQUEST",
  "method": "GET",
  "url": "/api/company/memberships",
  "statusCode": 200,
  "responseTime": "NaNms",
  "ip": "127.0.0.1",
  "userAgent": "axios/1.18.1",
  "userId": 1806,
  "userUniqueId": "7e350e22-f087-4f51-adb1-9931d8529cb0"
}
[VerifyToken] Request: {
  method: 'DELETE',
  url: '/2c62daba-831c-4996-8d8a-e834e7d8e1bd',
  hasAuth: true
}
[VerifyToken] Token decoded: {
  userUniqueId: '7e350e22-f087-4f51-adb1-9931d8529cb0',
  phoneNumber: '+251965975884',
  roleId: 7,
  iat: 1786368599
}
[VerifyToken] User authenticated: {
  userUniqueId: '7e350e22-f087-4f51-adb1-9931d8529cb0',
  phoneNumber: '+251965975884',
  roleId: undefined
}
16:30:04 [[32minfo[39m]: Transaction committed
{
  "service": "ride-hailing-api",
  "environment": "development",
  "transactionId": "txn_2026-08-10 13:30:04_pkv01g4yv",
  "duration": "NaNms"
}
16:30:04 [[32minfo[39m]: API Request
{
  "service": "ride-hailing-api",
  "environment": "development",
  "type": "API_REQUEST",
  "method": "DELETE",
  "url": "/api/company/memberships/2c62daba-831c-4996-8d8a-e834e7d8e1bd",
  "statusCode": 200,
  "responseTime": "NaNms",
  "ip": "127.0.0.1",
  "userAgent": "axios/1.18.1",
  "userId": 1806,
  "userUniqueId": "7e350e22-f087-4f51-adb1-9931d8529cb0"
}
[VerifyToken] Request: { method: 'GET', url: '/', hasAuth: true }
[VerifyToken] Token decoded: {
  userUniqueId: '7e350e22-f087-4f51-adb1-9931d8529cb0',
  phoneNumber: '+251965975884',
  roleId: 7,
  iat: 1786368599
}
[VerifyToken] User authenticated: {
  userUniqueId: '7e350e22-f087-4f51-adb1-9931d8529cb0',
  phoneNumber: '+251965975884',
  roleId: undefined
}
16:30:04 [[32minfo[39m]: API Request
{
  "service": "ride-hailing-api",
  "environment": "development",
  "type": "API_REQUEST",
  "method": "GET",
  "url": "/api/company/memberships",
  "statusCode": 200,
  "responseTime": "NaNms",
  "ip": "127.0.0.1",
  "userAgent": "axios/1.18.1",
  "userId": 1806,
  "userUniqueId": "7e350e22-f087-4f51-adb1-9931d8529cb0"
}
[VerifyToken] Request: { method: 'GET', url: '/', hasAuth: true }
[VerifyToken] Token decoded: {
  userUniqueId: '5e76d160-608e-4d5b-8b95-132a6fa878b0',
  phoneNumber: '+251985975882',
  roleId: 1,
  iat: 1786368601
}
[VerifyToken] User authenticated: {
  userUniqueId: '5e76d160-608e-4d5b-8b95-132a6fa878b0',
  phoneNumber: '+251985975882',
  roleId: undefined
}
16:30:04 [[32minfo[39m]: API Request
{
  "service": "ride-hailing-api",
  "environment": "development",
  "type": "API_REQUEST",
  "method": "GET",
  "url": "/api/company/ratings",
  "statusCode": 200,
  "responseTime": "NaNms",
  "ip": "127.0.0.1",
  "userAgent": "axios/1.18.1",
  "userId": 1809,
  "userUniqueId": "5e76d160-608e-4d5b-8b95-132a6fa878b0"
}
[VerifyToken] Request: {
  method: 'GET',
  url: '/api/driver/getCancellationNotifications?seenStatus=not%20seen%20by%20driver%20yet',
  hasAuth: true
}
[VerifyToken] Token decoded: {
  userUniqueId: 'e590af62-28fb-49cd-ab29-d5e2d2c8f991',
  phoneNumber: '+251995975881',
  roleId: 2,
  iat: 1786368600
}
[VerifyToken] User authenticated: {
  userUniqueId: 'e590af62-28fb-49cd-ab29-d5e2d2c8f991',
  phoneNumber: '+251995975881',
  roleId: undefined
}
16:30:04 [[32minfo[39m]: API Request
{
  "service": "ride-hailing-api",
  "environment": "development",
  "type": "API_REQUEST",
  "method": "GET",
  "url": "/api/driver/getCancellationNotifications?seenStatus=not%20seen%20by%20driver%20yet",
  "statusCode": 200,
  "responseTime": "NaNms",
  "ip": "127.0.0.1",
  "userAgent": "axios/1.18.1",
  "userId": 1808,
  "userUniqueId": "e590af62-28fb-49cd-ab29-d5e2d2c8f991"
}
[VerifyToken] Request: {
  method: 'GET',
  url: '/api/shipperRequest/getCancellationNotifications',
  hasAuth: true
}
[VerifyToken] Token decoded: {
  userUniqueId: '5e76d160-608e-4d5b-8b95-132a6fa878b0',
  phoneNumber: '+251985975882',
  roleId: 1,
  iat: 1786368601
}
[VerifyToken] User authenticated: {
  userUniqueId: '5e76d160-608e-4d5b-8b95-132a6fa878b0',
  phoneNumber: '+251985975882',
  roleId: undefined
}
16:30:04 [[32minfo[39m]: API Request
{
  "service": "ride-hailing-api",
  "environment": "development",
  "type": "API_REQUEST",
  "method": "GET",
  "url": "/api/shipperRequest/getCancellationNotifications",
  "statusCode": 200,
  "responseTime": "NaNms",
  "ip": "127.0.0.1",
  "userAgent": "axios/1.18.1",
  "userId": 1809,
  "userUniqueId": "5e76d160-608e-4d5b-8b95-132a6fa878b0"
}
[VerifyToken] Request: {
  method: 'GET',
  url: '/api/shipperRequest/verifyShipperStatus',
  hasAuth: true
}
[VerifyToken] Token decoded: {
  userUniqueId: '5e76d160-608e-4d5b-8b95-132a6fa878b0',
  phoneNumber: '+251985975882',
  roleId: 1,
  iat: 1786368601
}
[VerifyToken] User authenticated: {
  userUniqueId: '5e76d160-608e-4d5b-8b95-132a6fa878b0',
  phoneNumber: '+251985975882',
  roleId: undefined
}
16:30:04 [[32minfo[39m]: API Request
{
  "service": "ride-hailing-api",
  "environment": "development",
  "type": "API_REQUEST",
  "method": "GET",
  "url": "/api/shipperRequest/verifyShipperStatus",
  "statusCode": 200,
  "responseTime": "NaNms",
  "ip": "127.0.0.1",
  "userAgent": "axios/1.18.1",
  "userId": 1809,
  "userUniqueId": "5e76d160-608e-4d5b-8b95-132a6fa878b0"
}
[VerifyToken] Request: {
  method: 'GET',
  url: '/api/shippingRequest/getAllActiveRequests',
  hasAuth: true
}
[VerifyToken] Token decoded: {
  userUniqueId: '5e76d160-608e-4d5b-8b95-132a6fa878b0',
  phoneNumber: '+251985975882',
  roleId: 1,
  iat: 1786368601
}
[VerifyToken] User authenticated: {
  userUniqueId: '5e76d160-608e-4d5b-8b95-132a6fa878b0',
  phoneNumber: '+251985975882',
  roleId: undefined
}
16:30:04 [[32minfo[39m]: API Request
{
  "service": "ride-hailing-api",
  "environment": "development",
  "type": "API_REQUEST",
  "method": "GET",
  "url": "/api/shippingRequest/getAllActiveRequests",
  "statusCode": 200,
  "responseTime": "NaNms",
  "ip": "127.0.0.1",
  "userAgent": "axios/1.18.1",
  "userId": 1809,
  "userUniqueId": "5e76d160-608e-4d5b-8b95-132a6fa878b0"
}
[VerifyToken] Request: {
  method: 'GET',
  url: '/api/user/getJourneyDecision4AllOrSingleUser?target=all&limit=1',
  hasAuth: true
}
[VerifyToken] Token decoded: {
  userUniqueId: '5e76d160-608e-4d5b-8b95-132a6fa878b0',
  phoneNumber: '+251985975882',
  roleId: 1,
  iat: 1786368601
}
[VerifyToken] User authenticated: {
  userUniqueId: '5e76d160-608e-4d5b-8b95-132a6fa878b0',
  phoneNumber: '+251985975882',
  roleId: undefined
}
16:30:04 [[32minfo[39m]: API Request
{
  "service": "ride-hailing-api",
  "environment": "development",
  "type": "API_REQUEST",
  "method": "GET",
  "url": "/api/user/getJourneyDecision4AllOrSingleUser?target=all&limit=1",
  "statusCode": 200,
  "responseTime": "NaNms",
  "ip": "127.0.0.1",
  "userAgent": "axios/1.18.1",
  "userId": 1809,
  "userUniqueId": "5e76d160-608e-4d5b-8b95-132a6fa878b0"
}
[VerifyToken] Request: {
  method: 'PUT',
  url: '/api/shipperRequest/markCancellationAsSeen',
  hasAuth: true
}
[VerifyToken] Token decoded: {
  userUniqueId: '5e76d160-608e-4d5b-8b95-132a6fa878b0',
  phoneNumber: '+251985975882',
  roleId: 1,
  iat: 1786368601
}
[VerifyToken] User authenticated: {
  userUniqueId: '5e76d160-608e-4d5b-8b95-132a6fa878b0',
  phoneNumber: '+251985975882',
  roleId: undefined
}
16:30:04 [[32minfo[39m]: Transaction committed
{
  "service": "ride-hailing-api",
  "environment": "development",
  "transactionId": "txn_2026-08-10 13:30:04_go3pvraja",
  "duration": "NaNms"
}
16:30:04 [[32minfo[39m]: API Request
{
  "service": "ride-hailing-api",
  "environment": "development",
  "type": "API_REQUEST",
  "method": "PUT",
  "url": "/api/shipperRequest/markCancellationAsSeen",
  "statusCode": 200,
  "responseTime": "NaNms",
  "ip": "127.0.0.1",
  "userAgent": "axios/1.18.1",
  "userId": 1809,
  "userUniqueId": "5e76d160-608e-4d5b-8b95-132a6fa878b0"
}
[VerifyToken] Request: {
  method: 'PUT',
  url: '/api/shipperRequest/markJourneyCompletionAsSeen',
  hasAuth: true
}
[VerifyToken] Token decoded: {
  userUniqueId: '5e76d160-608e-4d5b-8b95-132a6fa878b0',
  phoneNumber: '+251985975882',
  roleId: 1,
  iat: 1786368601
}
[VerifyToken] User authenticated: {
  userUniqueId: '5e76d160-608e-4d5b-8b95-132a6fa878b0',
  phoneNumber: '+251985975882',
  roleId: undefined
}
16:30:04 [[32minfo[39m]: Transaction committed
{
  "service": "ride-hailing-api",
  "environment": "development",
  "transactionId": "txn_2026-08-10 13:30:04_h2hay662f",
  "duration": "NaNms"
}
16:30:04 [[32minfo[39m]: API Request
{
  "service": "ride-hailing-api",
  "environment": "development",
  "type": "API_REQUEST",
  "method": "PUT",
  "url": "/api/shipperRequest/markJourneyCompletionAsSeen",
  "statusCode": 200,
  "responseTime": "NaNms",
  "ip": "127.0.0.1",
  "userAgent": "axios/1.18.1",
  "userId": 1809,
  "userUniqueId": "5e76d160-608e-4d5b-8b95-132a6fa878b0"
}
[VerifyToken] Request: {
  method: 'GET',
  url: '/?companyUniqueId=3bf53a94-2138-453c-9523-6dd7c12540e0',
  hasAuth: true
}
[VerifyToken] Token decoded: {
  userUniqueId: '7e350e22-f087-4f51-adb1-9931d8529cb0',
  phoneNumber: '+251965975884',
  roleId: 7,
  iat: 1786368599
}
[VerifyToken] User authenticated: {
  userUniqueId: '7e350e22-f087-4f51-adb1-9931d8529cb0',
  phoneNumber: '+251965975884',
  roleId: undefined
}
16:30:04 [[32minfo[39m]: API Request
{
  "service": "ride-hailing-api",
  "environment": "development",
  "type": "API_REQUEST",
  "method": "GET",
  "url": "/api/company/assignments?companyUniqueId=3bf53a94-2138-453c-9523-6dd7c12540e0",
  "statusCode": 200,
  "responseTime": "NaNms",
  "ip": "127.0.0.1",
  "userAgent": "axios/1.18.1",
  "userId": 1806,
  "userUniqueId": "7e350e22-f087-4f51-adb1-9931d8529cb0"
}
[VerifyToken] Request: {
  method: 'PATCH',
  url: '/80a3fc70-ffb1-46ad-aba1-d9d281b5ed6a/status',
  hasAuth: true
}
[VerifyToken] Token decoded: {
  userUniqueId: '7e350e22-f087-4f51-adb1-9931d8529cb0',
  phoneNumber: '+251965975884',
  roleId: 7,
  iat: 1786368599
}
[VerifyToken] User authenticated: {
  userUniqueId: '7e350e22-f087-4f51-adb1-9931d8529cb0',
  phoneNumber: '+251965975884',
  roleId: undefined
}
16:30:04 [[32minfo[39m]: Transaction committed
{
  "service": "ride-hailing-api",
  "environment": "development",
  "transactionId": "txn_2026-08-10 13:30:04_azge3lceh",
  "duration": "NaNms"
}
16:30:04 [[32minfo[39m]: API Request
{
  "service": "ride-hailing-api",
  "environment": "development",
  "type": "API_REQUEST",
  "method": "PATCH",
  "url": "/api/company/bids/80a3fc70-ffb1-46ad-aba1-d9d281b5ed6a/status",
  "statusCode": 200,
  "responseTime": "NaNms",
  "ip": "127.0.0.1",
  "userAgent": "axios/1.18.1",
  "userId": 1806,
  "userUniqueId": "7e350e22-f087-4f51-adb1-9931d8529cb0"
}
[VerifyToken] Request: {
  method: 'PATCH',
  url: '/80a3fc70-ffb1-46ad-aba1-d9d281b5ed6a/markAsSeen',
  hasAuth: true
}
[VerifyToken] Token decoded: {
  userUniqueId: '7e350e22-f087-4f51-adb1-9931d8529cb0',
  phoneNumber: '+251965975884',
  roleId: 7,
  iat: 1786368599
}
[VerifyToken] User authenticated: {
  userUniqueId: '7e350e22-f087-4f51-adb1-9931d8529cb0',
  phoneNumber: '+251965975884',
  roleId: undefined
}
16:30:04 [[32minfo[39m]: Company commission evasion recorded
{
  "service": "ride-hailing-api",
  "environment": "development",
  "companyUniqueId": "3bf53a94-2138-453c-9523-6dd7c12540e0"
}
16:30:04 [[32minfo[39m]: Commission evasion recorded for company
{
  "service": "ride-hailing-api",
  "environment": "development",
  "companyUniqueId": "3bf53a94-2138-453c-9523-6dd7c12540e0"
}
16:30:04 [[32minfo[39m]: API Request
{
  "service": "ride-hailing-api",
  "environment": "development",
  "type": "API_REQUEST",
  "method": "PATCH",
  "url": "/api/company/bids/80a3fc70-ffb1-46ad-aba1-d9d281b5ed6a/markAsSeen",
  "statusCode": 200,
  "responseTime": "NaNms",
  "ip": "127.0.0.1",
  "userAgent": "axios/1.18.1",
  "userId": 1806,
  "userUniqueId": "7e350e22-f087-4f51-adb1-9931d8529cb0"
}
[VerifyToken] Request: {
  method: 'GET',
  url: '/?companyUniqueId=3bf53a94-2138-453c-9523-6dd7c12540e0&bidStatus=cancelled_by_company',
  hasAuth: true
}
[VerifyToken] Token decoded: {
  userUniqueId: '7e350e22-f087-4f51-adb1-9931d8529cb0',
  phoneNumber: '+251965975884',
  roleId: 7,
  iat: 1786368599
}
[VerifyToken] User authenticated: {
  userUniqueId: '7e350e22-f087-4f51-adb1-9931d8529cb0',
  phoneNumber: '+251965975884',
  roleId: undefined
}
16:30:04 [[32minfo[39m]: API Request
{
  "service": "ride-hailing-api",
  "environment": "development",
  "type": "API_REQUEST",
  "method": "GET",
  "url": "/api/company/bids?companyUniqueId=3bf53a94-2138-453c-9523-6dd7c12540e0&bidStatus=cancelled_by_company",
  "statusCode": 200,
  "responseTime": "NaNms",
  "ip": "127.0.0.1",
  "userAgent": "axios/1.18.1",
  "userId": 1806,
  "userUniqueId": "7e350e22-f087-4f51-adb1-9931d8529cb0"
}
[VerifyToken] Request: {
  method: 'DELETE',
  url: '/80a3fc70-ffb1-46ad-aba1-d9d281b5ed6a',
  hasAuth: true
}
[VerifyToken] Token decoded: {
  userUniqueId: '7e350e22-f087-4f51-adb1-9931d8529cb0',
  phoneNumber: '+251965975884',
  roleId: 7,
  iat: 1786368599
}
[VerifyToken] User authenticated: {
  userUniqueId: '7e350e22-f087-4f51-adb1-9931d8529cb0',
  phoneNumber: '+251965975884',
  roleId: undefined
}
16:30:04 [[32minfo[39m]: Transaction committed
{
  "service": "ride-hailing-api",
  "environment": "development",
  "transactionId": "txn_2026-08-10 13:30:04_bmqld0v9a",
  "duration": "NaNms"
}
16:30:04 [[32minfo[39m]: API Request
{
  "service": "ride-hailing-api",
  "environment": "development",
  "type": "API_REQUEST",
  "method": "DELETE",
  "url": "/api/company/bids/80a3fc70-ffb1-46ad-aba1-d9d281b5ed6a",
  "statusCode": 200,
  "responseTime": "NaNms",
  "ip": "127.0.0.1",
  "userAgent": "axios/1.18.1",
  "userId": 1806,
  "userUniqueId": "7e350e22-f087-4f51-adb1-9931d8529cb0"
}
[VerifyToken] Request: { method: 'GET', url: '/api/user/attachedDocuments', hasAuth: true }
[VerifyToken] Token decoded: {
  userUniqueId: 'e590af62-28fb-49cd-ab29-d5e2d2c8f991',
  phoneNumber: '+251995975881',
  roleId: 2,
  iat: 1786368600
}
[VerifyToken] User authenticated: {
  userUniqueId: 'e590af62-28fb-49cd-ab29-d5e2d2c8f991',
  phoneNumber: '+251995975881',
  roleId: undefined
}
16:30:04 [[32minfo[39m]: API Request
{
  "service": "ride-hailing-api",
  "environment": "development",
  "type": "API_REQUEST",
  "method": "GET",
  "url": "/api/user/attachedDocuments",
  "statusCode": 200,
  "responseTime": "NaNms",
  "ip": "127.0.0.1",
  "userAgent": "axios/1.18.1",
  "userId": 1808,
  "userUniqueId": "e590af62-28fb-49cd-ab29-d5e2d2c8f991"
}
[VerifyToken] Request: { method: 'GET', url: '/api/user/attachedDocuments', hasAuth: true }
[VerifyToken] Token decoded: {
  userUniqueId: 'e590af62-28fb-49cd-ab29-d5e2d2c8f991',
  phoneNumber: '+251995975881',
  roleId: 2,
  iat: 1786368600
}
[VerifyToken] User authenticated: {
  userUniqueId: 'e590af62-28fb-49cd-ab29-d5e2d2c8f991',
  phoneNumber: '+251995975881',
  roleId: undefined
}
16:30:04 [[32minfo[39m]: API Request
{
  "service": "ride-hailing-api",
  "environment": "development",
  "type": "API_REQUEST",
  "method": "GET",
  "url": "/api/user/attachedDocuments",
  "statusCode": 200,
  "responseTime": "NaNms",
  "ip": "127.0.0.1",
  "userAgent": "axios/1.18.1",
  "userId": 1808,
  "userUniqueId": "e590af62-28fb-49cd-ab29-d5e2d2c8f991"
}
[VerifyToken] Request: {
  method: 'DELETE',
  url: '/api/user/attachedDocuments/5a3adca5-d705-445b-83f2-ce68c27f872c',
  hasAuth: true
}
[VerifyToken] Token decoded: {
  userUniqueId: 'e4f4720c-7828-4476-925d-4dd5f9deb456',
  phoneNumber: '+251975975883',
  roleId: 3,
  iat: 1786368599
}
[VerifyToken] User authenticated: {
  userUniqueId: 'e4f4720c-7828-4476-925d-4dd5f9deb456',
  phoneNumber: '+251975975883',
  roleId: undefined
}
16:30:04 [[32minfo[39m]: File deleted locally
{
  "service": "ride-hailing-api",
  "environment": "development",
  "filePath": "/Users/zewedu/Desktop/Projects/transportBackEndNative/uploads/1808_e2b00b98-1709-4ebd-894d-95680ea55d71.png"
}
16:30:04 [[32minfo[39m]: Transaction committed
{
  "service": "ride-hailing-api",
  "environment": "development",
  "transactionId": "txn_2026-08-10 13:30:04_szxvq0ybx",
  "duration": "NaNms"
}
16:30:04 [[32minfo[39m]: API Request
{
  "service": "ride-hailing-api",
  "environment": "development",
  "type": "API_REQUEST",
  "method": "DELETE",
  "url": "/api/user/attachedDocuments/5a3adca5-d705-445b-83f2-ce68c27f872c",
  "statusCode": 200,
  "responseTime": "NaNms",
  "ip": "127.0.0.1",
  "userAgent": "axios/1.18.1",
  "userId": 1805,
  "userUniqueId": "e4f4720c-7828-4476-925d-4dd5f9deb456"
}
[VerifyToken] Request: { method: 'GET', url: '/api/user/documentHistory', hasAuth: true }
[VerifyToken] Token decoded: {
  userUniqueId: 'e590af62-28fb-49cd-ab29-d5e2d2c8f991',
  phoneNumber: '+251995975881',
  roleId: 2,
  iat: 1786368600
}
[VerifyToken] User authenticated: {
  userUniqueId: 'e590af62-28fb-49cd-ab29-d5e2d2c8f991',
  phoneNumber: '+251995975881',
  roleId: undefined
}
16:30:04 [[32minfo[39m]: API Request
{
  "service": "ride-hailing-api",
  "environment": "development",
  "type": "API_REQUEST",
  "method": "GET",
  "url": "/api/user/documentHistory",
  "statusCode": 200,
  "responseTime": "NaNms",
  "ip": "127.0.0.1",
  "userAgent": "axios/1.18.1",
  "userId": 1808,
  "userUniqueId": "e590af62-28fb-49cd-ab29-d5e2d2c8f991"
}
[VerifyToken] Request: { method: 'GET', url: '/api/user/attachedDocuments', hasAuth: true }
[VerifyToken] Token decoded: {
  userUniqueId: 'e590af62-28fb-49cd-ab29-d5e2d2c8f991',
  phoneNumber: '+251995975881',
  roleId: 2,
  iat: 1786368600
}
[VerifyToken] User authenticated: {
  userUniqueId: 'e590af62-28fb-49cd-ab29-d5e2d2c8f991',
  phoneNumber: '+251995975881',
  roleId: undefined
}
16:30:04 [[32minfo[39m]: API Request
{
  "service": "ride-hailing-api",
  "environment": "development",
  "type": "API_REQUEST",
  "method": "GET",
  "url": "/api/user/attachedDocuments",
  "statusCode": 200,
  "responseTime": "NaNms",
  "ip": "127.0.0.1",
  "userAgent": "axios/1.18.1",
  "userId": 1808,
  "userUniqueId": "e590af62-28fb-49cd-ab29-d5e2d2c8f991"
}
[VerifyToken] Request: {
  method: 'PUT',
  url: '/api/user/attachedDocuments/45cdeba2-fdd8-4098-bb89-7418c10f3cbc',
  hasAuth: true
}
[VerifyToken] Token decoded: {
  userUniqueId: 'e590af62-28fb-49cd-ab29-d5e2d2c8f991',
  phoneNumber: '+251995975881',
  roleId: 2,
  iat: 1786368600
}
[VerifyToken] User authenticated: {
  userUniqueId: 'e590af62-28fb-49cd-ab29-d5e2d2c8f991',
  phoneNumber: '+251995975881',
  roleId: undefined
}
16:30:04 [[32minfo[39m]: File saved locally
{
  "service": "ride-hailing-api",
  "environment": "development",
  "filePath": "/Users/zewedu/Desktop/Projects/transportBackEndNative/uploads/1808_8d34c853-e5f6-4753-a3f8-dce88ae61110.png",
  "relativePath": "/uploads/1808_8d34c853-e5f6-4753-a3f8-dce88ae61110.png"
}
16:30:04 [[32minfo[39m]: File deleted locally
{
  "service": "ride-hailing-api",
  "environment": "development",
  "filePath": "/Users/zewedu/Desktop/Projects/transportBackEndNative/uploads/1808_e3de9d8f-e6d6-43af-87d7-031fbfdf0010.png"
}
16:30:04 [[32minfo[39m]: Transaction committed
{
  "service": "ride-hailing-api",
  "environment": "development",
  "transactionId": "txn_2026-08-10 13:30:04_ignpdhziv",
  "duration": "NaNms"
}
16:30:04 [[32minfo[39m]: API Request
{
  "service": "ride-hailing-api",
  "environment": "development",
  "type": "API_REQUEST",
  "method": "PUT",
  "url": "/api/user/attachedDocuments/45cdeba2-fdd8-4098-bb89-7418c10f3cbc",
  "statusCode": 200,
  "responseTime": "NaNms",
  "ip": "127.0.0.1",
  "userAgent": "axios/1.18.1",
  "userId": 1808,
  "userUniqueId": "e590af62-28fb-49cd-ab29-d5e2d2c8f991"
}
[VerifyToken] Request: {
  method: 'GET',
  url: '/api/company/attachedDocuments/3bf53a94-2138-453c-9523-6dd7c12540e0',
  hasAuth: true
}
[VerifyToken] Token decoded: {
  userUniqueId: '7e350e22-f087-4f51-adb1-9931d8529cb0',
  phoneNumber: '+251965975884',
  roleId: 7,
  iat: 1786368599
}
[VerifyToken] User authenticated: {
  userUniqueId: '7e350e22-f087-4f51-adb1-9931d8529cb0',
  phoneNumber: '+251965975884',
  roleId: undefined
}
16:30:04 [[32minfo[39m]: API Request
{
  "service": "ride-hailing-api",
  "environment": "development",
  "type": "API_REQUEST",
  "method": "GET",
  "url": "/api/company/attachedDocuments/3bf53a94-2138-453c-9523-6dd7c12540e0",
  "statusCode": 200,
  "responseTime": "NaNms",
  "ip": "127.0.0.1",
  "userAgent": "axios/1.18.1",
  "userId": 1806,
  "userUniqueId": "7e350e22-f087-4f51-adb1-9931d8529cb0"
}
[VerifyToken] Request: {
  method: 'GET',
  url: '/api/company/documentHistory/3bf53a94-2138-453c-9523-6dd7c12540e0',
  hasAuth: true
}
[VerifyToken] Token decoded: {
  userUniqueId: '7e350e22-f087-4f51-adb1-9931d8529cb0',
  phoneNumber: '+251965975884',
  roleId: 7,
  iat: 1786368599
}
[VerifyToken] User authenticated: {
  userUniqueId: '7e350e22-f087-4f51-adb1-9931d8529cb0',
  phoneNumber: '+251965975884',
  roleId: undefined
}
16:30:04 [[32minfo[39m]: API Request
{
  "service": "ride-hailing-api",
  "environment": "development",
  "type": "API_REQUEST",
  "method": "GET",
  "url": "/api/company/documentHistory/3bf53a94-2138-453c-9523-6dd7c12540e0",
  "statusCode": 200,
  "responseTime": "NaNms",
  "ip": "127.0.0.1",
  "userAgent": "axios/1.18.1",
  "userId": 1806,
  "userUniqueId": "7e350e22-f087-4f51-adb1-9931d8529cb0"
}
[VerifyToken] Request: {
  method: 'GET',
  url: '/api/vehicle/attachedDocuments/18362b7e-19df-44fb-a845-0adb73e7e633',
  hasAuth: true
}
[VerifyToken] Token decoded: {
  userUniqueId: 'e590af62-28fb-49cd-ab29-d5e2d2c8f991',
  phoneNumber: '+251995975881',
  roleId: 2,
  iat: 1786368600
}
[VerifyToken] User authenticated: {
  userUniqueId: 'e590af62-28fb-49cd-ab29-d5e2d2c8f991',
  phoneNumber: '+251995975881',
  roleId: undefined
}
16:30:04 [[32minfo[39m]: API Request
{
  "service": "ride-hailing-api",
  "environment": "development",
  "type": "API_REQUEST",
  "method": "GET",
  "url": "/api/vehicle/attachedDocuments/18362b7e-19df-44fb-a845-0adb73e7e633",
  "statusCode": 200,
  "responseTime": "NaNms",
  "ip": "127.0.0.1",
  "userAgent": "axios/1.18.1",
  "userId": 1808,
  "userUniqueId": "e590af62-28fb-49cd-ab29-d5e2d2c8f991"
}
[VerifyToken] Request: {
  method: 'GET',
  url: '/api/vehicle/documentHistory/18362b7e-19df-44fb-a845-0adb73e7e633',
  hasAuth: true
}
[VerifyToken] Token decoded: {
  userUniqueId: 'e590af62-28fb-49cd-ab29-d5e2d2c8f991',
  phoneNumber: '+251995975881',
  roleId: 2,
  iat: 1786368600
}
[VerifyToken] User authenticated: {
  userUniqueId: 'e590af62-28fb-49cd-ab29-d5e2d2c8f991',
  phoneNumber: '+251995975881',
  roleId: undefined
}
16:30:04 [[32minfo[39m]: API Request
{
  "service": "ride-hailing-api",
  "environment": "development",
  "type": "API_REQUEST",
  "method": "GET",
  "url": "/api/vehicle/documentHistory/18362b7e-19df-44fb-a845-0adb73e7e633",
  "statusCode": 200,
  "responseTime": "NaNms",
  "ip": "127.0.0.1",
  "userAgent": "axios/1.18.1",
  "userId": 1808,
  "userUniqueId": "e590af62-28fb-49cd-ab29-d5e2d2c8f991"
}
[VerifyToken] Request: {
  method: 'GET',
  url: '/api/user/users/e590af62-28fb-49cd-ab29-d5e2d2c8f991/profileHistory',
  hasAuth: true
}
[VerifyToken] Token decoded: {
  userUniqueId: 'e4f4720c-7828-4476-925d-4dd5f9deb456',
  phoneNumber: '+251975975883',
  roleId: 3,
  iat: 1786368599
}
[VerifyToken] User authenticated: {
  userUniqueId: 'e4f4720c-7828-4476-925d-4dd5f9deb456',
  phoneNumber: '+251975975883',
  roleId: undefined
}
16:30:04 [[32minfo[39m]: API Request
{
  "service": "ride-hailing-api",
  "environment": "development",
  "type": "API_REQUEST",
  "method": "GET",
  "url": "/api/user/users/e590af62-28fb-49cd-ab29-d5e2d2c8f991/profileHistory",
  "statusCode": 200,
  "responseTime": "NaNms",
  "ip": "127.0.0.1",
  "userAgent": "axios/1.18.1",
  "userId": 1805,
  "userUniqueId": "e4f4720c-7828-4476-925d-4dd5f9deb456"
}
[VerifyToken] Request: { method: 'GET', url: '/', hasAuth: true }
[VerifyToken] Token decoded: {
  userUniqueId: 'e4f4720c-7828-4476-925d-4dd5f9deb456',
  phoneNumber: '+251975975883',
  roleId: 3,
  iat: 1786368599
}
[VerifyToken] User authenticated: {
  userUniqueId: 'e4f4720c-7828-4476-925d-4dd5f9deb456',
  phoneNumber: '+251975975883',
  roleId: undefined
}
16:30:04 [[32minfo[39m]: API Request
{
  "service": "ride-hailing-api",
  "environment": "development",
  "type": "API_REQUEST",
  "method": "GET",
  "url": "/api/admin/userDelinquency/",
  "statusCode": 200,
  "responseTime": "NaNms",
  "ip": "127.0.0.1",
  "userAgent": "axios/1.18.1",
  "userId": 1805,
  "userUniqueId": "e4f4720c-7828-4476-925d-4dd5f9deb456"
}
[VerifyToken] Request: { method: 'GET', url: '/?isActive=true', hasAuth: true }
[VerifyToken] Token decoded: {
  userUniqueId: 'e4f4720c-7828-4476-925d-4dd5f9deb456',
  phoneNumber: '+251975975883',
  roleId: 3,
  iat: 1786368599
}
[VerifyToken] User authenticated: {
  userUniqueId: 'e4f4720c-7828-4476-925d-4dd5f9deb456',
  phoneNumber: '+251975975883',
  roleId: undefined
}
16:30:04 [[32minfo[39m]: API Request
{
  "service": "ride-hailing-api",
  "environment": "development",
  "type": "API_REQUEST",
  "method": "GET",
  "url": "/api/admin/delinquencyTypes?isActive=true",
  "statusCode": 200,
  "responseTime": "NaNms",
  "ip": "127.0.0.1",
  "userAgent": "axios/1.18.1",
  "userId": 1805,
  "userUniqueId": "e4f4720c-7828-4476-925d-4dd5f9deb456"
}
[VerifyToken] Request: { method: 'POST', url: '/', hasAuth: true }
[VerifyToken] Token decoded: {
  userUniqueId: 'e4f4720c-7828-4476-925d-4dd5f9deb456',
  phoneNumber: '+251975975883',
  roleId: 3,
  iat: 1786368599
}
[VerifyToken] User authenticated: {
  userUniqueId: 'e4f4720c-7828-4476-925d-4dd5f9deb456',
  phoneNumber: '+251975975883',
  roleId: undefined
}
16:30:04 [[32minfo[39m]: Transaction committed
{
  "service": "ride-hailing-api",
  "environment": "development",
  "transactionId": "txn_2026-08-10 13:30:04_4b0rnxd4b",
  "duration": "NaNms"
}
16:30:04 [[32minfo[39m]: API Request
{
  "service": "ride-hailing-api",
  "environment": "development",
  "type": "API_REQUEST",
  "method": "POST",
  "url": "/api/admin/userDelinquency/",
  "statusCode": 200,
  "responseTime": "NaNms",
  "ip": "127.0.0.1",
  "userAgent": "axios/1.18.1",
  "userId": 1805,
  "userUniqueId": "e4f4720c-7828-4476-925d-4dd5f9deb456"
}
[VerifyToken] Request: { method: 'GET', url: '/', hasAuth: true }
[VerifyToken] Token decoded: {
  userUniqueId: 'e4f4720c-7828-4476-925d-4dd5f9deb456',
  phoneNumber: '+251975975883',
  roleId: 3,
  iat: 1786368599
}
[VerifyToken] User authenticated: {
  userUniqueId: 'e4f4720c-7828-4476-925d-4dd5f9deb456',
  phoneNumber: '+251975975883',
  roleId: undefined
}
16:30:04 [[32minfo[39m]: API Request
{
  "service": "ride-hailing-api",
  "environment": "development",
  "type": "API_REQUEST",
  "method": "GET",
  "url": "/api/admin/userDelinquency/",
  "statusCode": 200,
  "responseTime": "NaNms",
  "ip": "127.0.0.1",
  "userAgent": "axios/1.18.1",
  "userId": 1805,
  "userUniqueId": "e4f4720c-7828-4476-925d-4dd5f9deb456"
}
[VerifyToken] Request: {
  method: 'PUT',
  url: '/3c0aee5e-500a-4e62-9814-ae3f4bf91a7e',
  hasAuth: true
}
[VerifyToken] Token decoded: {
  userUniqueId: 'e4f4720c-7828-4476-925d-4dd5f9deb456',
  phoneNumber: '+251975975883',
  roleId: 3,
  iat: 1786368599
}
[VerifyToken] User authenticated: {
  userUniqueId: 'e4f4720c-7828-4476-925d-4dd5f9deb456',
  phoneNumber: '+251975975883',
  roleId: undefined
}
16:30:04 [[32minfo[39m]: Transaction committed
{
  "service": "ride-hailing-api",
  "environment": "development",
  "transactionId": "txn_2026-08-10 13:30:04_vjszc477x",
  "duration": "NaNms"
}
16:30:04 [[32minfo[39m]: API Request
{
  "service": "ride-hailing-api",
  "environment": "development",
  "type": "API_REQUEST",
  "method": "PUT",
  "url": "/api/admin/userDelinquency/3c0aee5e-500a-4e62-9814-ae3f4bf91a7e",
  "statusCode": 200,
  "responseTime": "NaNms",
  "ip": "127.0.0.1",
  "userAgent": "axios/1.18.1",
  "userId": 1805,
  "userUniqueId": "e4f4720c-7828-4476-925d-4dd5f9deb456"
}
[VerifyToken] Request: { method: 'GET', url: '/', hasAuth: true }
[VerifyToken] Token decoded: {
  userUniqueId: 'e4f4720c-7828-4476-925d-4dd5f9deb456',
  phoneNumber: '+251975975883',
  roleId: 3,
  iat: 1786368599
}
[VerifyToken] User authenticated: {
  userUniqueId: 'e4f4720c-7828-4476-925d-4dd5f9deb456',
  phoneNumber: '+251975975883',
  roleId: undefined
}
16:30:04 [[32minfo[39m]: API Request
{
  "service": "ride-hailing-api",
  "environment": "development",
  "type": "API_REQUEST",
  "method": "GET",
  "url": "/api/admin/userDelinquency/",
  "statusCode": 200,
  "responseTime": "NaNms",
  "ip": "127.0.0.1",
  "userAgent": "axios/1.18.1",
  "userId": 1805,
  "userUniqueId": "e4f4720c-7828-4476-925d-4dd5f9deb456"
}
[VerifyToken] Request: {
  method: 'DELETE',
  url: '/3c0aee5e-500a-4e62-9814-ae3f4bf91a7e',
  hasAuth: true
}
[VerifyToken] Token decoded: {
  userUniqueId: 'e4f4720c-7828-4476-925d-4dd5f9deb456',
  phoneNumber: '+251975975883',
  roleId: 3,
  iat: 1786368599
}
[VerifyToken] User authenticated: {
  userUniqueId: 'e4f4720c-7828-4476-925d-4dd5f9deb456',
  phoneNumber: '+251975975883',
  roleId: undefined
}
16:30:04 [[32minfo[39m]: Transaction committed
{
  "service": "ride-hailing-api",
  "environment": "development",
  "transactionId": "txn_2026-08-10 13:30:04_dei10en30",
  "duration": "NaNms"
}
16:30:04 [[32minfo[39m]: API Request
{
  "service": "ride-hailing-api",
  "environment": "development",
  "type": "API_REQUEST",
  "method": "DELETE",
  "url": "/api/admin/userDelinquency/3c0aee5e-500a-4e62-9814-ae3f4bf91a7e",
  "statusCode": 200,
  "responseTime": "NaNms",
  "ip": "127.0.0.1",
  "userAgent": "axios/1.18.1",
  "userId": 1805,
  "userUniqueId": "e4f4720c-7828-4476-925d-4dd5f9deb456"
}
[VerifyToken] Request: { method: 'GET', url: '/', hasAuth: true }
[VerifyToken] Token decoded: {
  userUniqueId: 'e4f4720c-7828-4476-925d-4dd5f9deb456',
  phoneNumber: '+251975975883',
  roleId: 3,
  iat: 1786368599
}
[VerifyToken] User authenticated: {
  userUniqueId: 'e4f4720c-7828-4476-925d-4dd5f9deb456',
  phoneNumber: '+251975975883',
  roleId: undefined
}
16:30:04 [[32minfo[39m]: API Request
{
  "service": "ride-hailing-api",
  "environment": "development",
  "type": "API_REQUEST",
  "method": "GET",
  "url": "/api/admin/userDelinquency/",
  "statusCode": 200,
  "responseTime": "NaNms",
  "ip": "127.0.0.1",
  "userAgent": "axios/1.18.1",
  "userId": 1805,
  "userUniqueId": "e4f4720c-7828-4476-925d-4dd5f9deb456"
}
[VerifyToken] Request: { method: 'GET', url: '/?isActive=true', hasAuth: true }
[VerifyToken] Token decoded: {
  userUniqueId: 'e4f4720c-7828-4476-925d-4dd5f9deb456',
  phoneNumber: '+251975975883',
  roleId: 3,
  iat: 1786368599
}
[VerifyToken] User authenticated: {
  userUniqueId: 'e4f4720c-7828-4476-925d-4dd5f9deb456',
  phoneNumber: '+251975975883',
  roleId: undefined
}
16:30:04 [[32minfo[39m]: API Request
{
  "service": "ride-hailing-api",
  "environment": "development",
  "type": "API_REQUEST",
  "method": "GET",
  "url": "/api/admin/delinquencyTypes?isActive=true",
  "statusCode": 200,
  "responseTime": "NaNms",
  "ip": "127.0.0.1",
  "userAgent": "axios/1.18.1",
  "userId": 1805,
  "userUniqueId": "e4f4720c-7828-4476-925d-4dd5f9deb456"
}
[VerifyToken] Request: { method: 'POST', url: '/', hasAuth: true }
[VerifyToken] Token decoded: {
  userUniqueId: 'e4f4720c-7828-4476-925d-4dd5f9deb456',
  phoneNumber: '+251975975883',
  roleId: 3,
  iat: 1786368599
}
[VerifyToken] User authenticated: {
  userUniqueId: 'e4f4720c-7828-4476-925d-4dd5f9deb456',
  phoneNumber: '+251975975883',
  roleId: undefined
}
16:30:04 [[32minfo[39m]: Transaction committed
{
  "service": "ride-hailing-api",
  "environment": "development",
  "transactionId": "txn_2026-08-10 13:30:04_nevtvyb8a",
  "duration": "NaNms"
}
16:30:04 [[32minfo[39m]: API Request
{
  "service": "ride-hailing-api",
  "environment": "development",
  "type": "API_REQUEST",
  "method": "POST",
  "url": "/api/admin/userDelinquency/",
  "statusCode": 200,
  "responseTime": "NaNms",
  "ip": "127.0.0.1",
  "userAgent": "axios/1.18.1",
  "userId": 1805,
  "userUniqueId": "e4f4720c-7828-4476-925d-4dd5f9deb456"
}
[VerifyToken] Request: {
  method: 'GET',
  url: '/response?userDelinquencyUniqueId=9605a899-2962-4e7e-ba13-08f241603548',
  hasAuth: true
}
[VerifyToken] Token decoded: {
  userUniqueId: 'e590af62-28fb-49cd-ab29-d5e2d2c8f991',
  phoneNumber: '+251995975881',
  roleId: 2,
  iat: 1786368600
}
[VerifyToken] User authenticated: {
  userUniqueId: 'e590af62-28fb-49cd-ab29-d5e2d2c8f991',
  phoneNumber: '+251995975881',
  roleId: undefined
}
16:30:04 [[32minfo[39m]: API Request
{
  "service": "ride-hailing-api",
  "environment": "development",
  "type": "API_REQUEST",
  "method": "GET",
  "url": "/api/user/delinquencyResponse/response?userDelinquencyUniqueId=9605a899-2962-4e7e-ba13-08f241603548",
  "statusCode": 200,
  "responseTime": "NaNms",
  "ip": "127.0.0.1",
  "userAgent": "axios/1.18.1",
  "userId": 1808,
  "userUniqueId": "e590af62-28fb-49cd-ab29-d5e2d2c8f991"
}
[VerifyToken] Request: { method: 'POST', url: '/response', hasAuth: true }
[VerifyToken] Token decoded: {
  userUniqueId: 'e590af62-28fb-49cd-ab29-d5e2d2c8f991',
  phoneNumber: '+251995975881',
  roleId: 2,
  iat: 1786368600
}
[VerifyToken] User authenticated: {
  userUniqueId: 'e590af62-28fb-49cd-ab29-d5e2d2c8f991',
  phoneNumber: '+251995975881',
  roleId: undefined
}
16:30:04 [[32minfo[39m]: Transaction committed
{
  "service": "ride-hailing-api",
  "environment": "development",
  "transactionId": "txn_2026-08-10 13:30:04_jwogabmif",
  "duration": "NaNms"
}
16:30:04 [[32minfo[39m]: API Request
{
  "service": "ride-hailing-api",
  "environment": "development",
  "type": "API_REQUEST",
  "method": "POST",
  "url": "/api/user/delinquencyResponse/response",
  "statusCode": 200,
  "responseTime": "NaNms",
  "ip": "127.0.0.1",
  "userAgent": "axios/1.18.1",
  "userId": 1808,
  "userUniqueId": "e590af62-28fb-49cd-ab29-d5e2d2c8f991"
}
[VerifyToken] Request: {
  method: 'PUT',
  url: '/a0e03a5b-dc1b-460c-b5ed-628259cab1ef',
  hasAuth: true
}
[VerifyToken] Token decoded: {
  userUniqueId: 'e590af62-28fb-49cd-ab29-d5e2d2c8f991',
  phoneNumber: '+251995975881',
  roleId: 2,
  iat: 1786368600
}
[VerifyToken] User authenticated: {
  userUniqueId: 'e590af62-28fb-49cd-ab29-d5e2d2c8f991',
  phoneNumber: '+251995975881',
  roleId: undefined
}
16:30:04 [[32minfo[39m]: Transaction committed
{
  "service": "ride-hailing-api",
  "environment": "development",
  "transactionId": "txn_2026-08-10 13:30:04_jepx8g4kt",
  "duration": "NaNms"
}
16:30:04 [[32minfo[39m]: API Request
{
  "service": "ride-hailing-api",
  "environment": "development",
  "type": "API_REQUEST",
  "method": "PUT",
  "url": "/api/user/delinquencyResponse/a0e03a5b-dc1b-460c-b5ed-628259cab1ef",
  "statusCode": 200,
  "responseTime": "NaNms",
  "ip": "127.0.0.1",
  "userAgent": "axios/1.18.1",
  "userId": 1808,
  "userUniqueId": "e590af62-28fb-49cd-ab29-d5e2d2c8f991"
}
[VerifyToken] Request: {
  method: 'GET',
  url: '/response?userDelinquencyUniqueId=9605a899-2962-4e7e-ba13-08f241603548',
  hasAuth: true
}
[VerifyToken] Token decoded: {
  userUniqueId: 'e590af62-28fb-49cd-ab29-d5e2d2c8f991',
  phoneNumber: '+251995975881',
  roleId: 2,
  iat: 1786368600
}
[VerifyToken] User authenticated: {
  userUniqueId: 'e590af62-28fb-49cd-ab29-d5e2d2c8f991',
  phoneNumber: '+251995975881',
  roleId: undefined
}
16:30:04 [[32minfo[39m]: API Request
{
  "service": "ride-hailing-api",
  "environment": "development",
  "type": "API_REQUEST",
  "method": "GET",
  "url": "/api/user/delinquencyResponse/response?userDelinquencyUniqueId=9605a899-2962-4e7e-ba13-08f241603548",
  "statusCode": 200,
  "responseTime": "NaNms",
  "ip": "127.0.0.1",
  "userAgent": "axios/1.18.1",
  "userId": 1808,
  "userUniqueId": "e590af62-28fb-49cd-ab29-d5e2d2c8f991"
}
[VerifyToken] Request: {
  method: 'DELETE',
  url: '/a0e03a5b-dc1b-460c-b5ed-628259cab1ef',
  hasAuth: true
}
[VerifyToken] Token decoded: {
  userUniqueId: 'e590af62-28fb-49cd-ab29-d5e2d2c8f991',
  phoneNumber: '+251995975881',
  roleId: 2,
  iat: 1786368600
}
[VerifyToken] User authenticated: {
  userUniqueId: 'e590af62-28fb-49cd-ab29-d5e2d2c8f991',
  phoneNumber: '+251995975881',
  roleId: undefined
}
16:30:04 [[32minfo[39m]: Transaction committed
{
  "service": "ride-hailing-api",
  "environment": "development",
  "transactionId": "txn_2026-08-10 13:30:04_zv3tn2ihd",
  "duration": "NaNms"
}
16:30:04 [[32minfo[39m]: API Request
{
  "service": "ride-hailing-api",
  "environment": "development",
  "type": "API_REQUEST",
  "method": "DELETE",
  "url": "/api/user/delinquencyResponse/a0e03a5b-dc1b-460c-b5ed-628259cab1ef",
  "statusCode": 200,
  "responseTime": "NaNms",
  "ip": "127.0.0.1",
  "userAgent": "axios/1.18.1",
  "userId": 1808,
  "userUniqueId": "e590af62-28fb-49cd-ab29-d5e2d2c8f991"
}
[VerifyToken] Request: {
  method: 'GET',
  url: '/response?userDelinquencyUniqueId=9605a899-2962-4e7e-ba13-08f241603548',
  hasAuth: true
}
[VerifyToken] Token decoded: {
  userUniqueId: 'e590af62-28fb-49cd-ab29-d5e2d2c8f991',
  phoneNumber: '+251995975881',
  roleId: 2,
  iat: 1786368600
}
[VerifyToken] User authenticated: {
  userUniqueId: 'e590af62-28fb-49cd-ab29-d5e2d2c8f991',
  phoneNumber: '+251995975881',
  roleId: undefined
}
16:30:04 [[32minfo[39m]: API Request
{
  "service": "ride-hailing-api",
  "environment": "development",
  "type": "API_REQUEST",
  "method": "GET",
  "url": "/api/user/delinquencyResponse/response?userDelinquencyUniqueId=9605a899-2962-4e7e-ba13-08f241603548",
  "statusCode": 200,
  "responseTime": "NaNms",
  "ip": "127.0.0.1",
  "userAgent": "axios/1.18.1",
  "userId": 1808,
  "userUniqueId": "e590af62-28fb-49cd-ab29-d5e2d2c8f991"
}
[VerifyToken] Request: { method: 'GET', url: '/?isActive=true', hasAuth: true }
[VerifyToken] Token decoded: {
  userUniqueId: 'e4f4720c-7828-4476-925d-4dd5f9deb456',
  phoneNumber: '+251975975883',
  roleId: 3,
  iat: 1786368599
}
[VerifyToken] User authenticated: {
  userUniqueId: 'e4f4720c-7828-4476-925d-4dd5f9deb456',
  phoneNumber: '+251975975883',
  roleId: undefined
}
16:30:04 [[32minfo[39m]: API Request
{
  "service": "ride-hailing-api",
  "environment": "development",
  "type": "API_REQUEST",
  "method": "GET",
  "url": "/api/admin/delinquencyTypes?isActive=true",
  "statusCode": 200,
  "responseTime": "NaNms",
  "ip": "127.0.0.1",
  "userAgent": "axios/1.18.1",
  "userId": 1805,
  "userUniqueId": "e4f4720c-7828-4476-925d-4dd5f9deb456"
}
[VerifyToken] Request: { method: 'POST', url: '/', hasAuth: true }
[VerifyToken] Token decoded: {
  userUniqueId: 'e4f4720c-7828-4476-925d-4dd5f9deb456',
  phoneNumber: '+251975975883',
  roleId: 3,
  iat: 1786368599
}
[VerifyToken] User authenticated: {
  userUniqueId: 'e4f4720c-7828-4476-925d-4dd5f9deb456',
  phoneNumber: '+251975975883',
  roleId: undefined
}
16:30:04 [[32minfo[39m]: Transaction committed
{
  "service": "ride-hailing-api",
  "environment": "development",
  "transactionId": "txn_2026-08-10 13:30:04_16mded1ml",
  "duration": "NaNms"
}
16:30:04 [[32minfo[39m]: API Request
{
  "service": "ride-hailing-api",
  "environment": "development",
  "type": "API_REQUEST",
  "method": "POST",
  "url": "/api/admin/userDelinquency/",
  "statusCode": 200,
  "responseTime": "NaNms",
  "ip": "127.0.0.1",
  "userAgent": "axios/1.18.1",
  "userId": 1805,
  "userUniqueId": "e4f4720c-7828-4476-925d-4dd5f9deb456"
}
[VerifyToken] Request: {
  method: 'GET',
  url: '/?userDelinquencyUniqueId=932b66a1-ca0e-4337-b3cb-f41c106018d7',
  hasAuth: true
}
[VerifyToken] Token decoded: {
  userUniqueId: 'e4f4720c-7828-4476-925d-4dd5f9deb456',
  phoneNumber: '+251975975883',
  roleId: 3,
  iat: 1786368599
}
[VerifyToken] User authenticated: {
  userUniqueId: 'e4f4720c-7828-4476-925d-4dd5f9deb456',
  phoneNumber: '+251975975883',
  roleId: undefined
}
16:30:04 [[32minfo[39m]: API Request
{
  "service": "ride-hailing-api",
  "environment": "development",
  "type": "API_REQUEST",
  "method": "GET",
  "url": "/api/admin/userDelinquencyDecisions?userDelinquencyUniqueId=932b66a1-ca0e-4337-b3cb-f41c106018d7",
  "statusCode": 200,
  "responseTime": "NaNms",
  "ip": "127.0.0.1",
  "userAgent": "axios/1.18.1",
  "userId": 1805,
  "userUniqueId": "e4f4720c-7828-4476-925d-4dd5f9deb456"
}
[VerifyToken] Request: { method: 'POST', url: '/', hasAuth: true }
[VerifyToken] Token decoded: {
  userUniqueId: 'e4f4720c-7828-4476-925d-4dd5f9deb456',
  phoneNumber: '+251975975883',
  roleId: 3,
  iat: 1786368599
}
[VerifyToken] User authenticated: {
  userUniqueId: 'e4f4720c-7828-4476-925d-4dd5f9deb456',
  phoneNumber: '+251975975883',
  roleId: undefined
}
16:30:04 [[32minfo[39m]: User accusation UPHELD — auto-ban check executed
{
  "service": "ride-hailing-api",
  "environment": "development",
  "userUniqueId": "e590af62-28fb-49cd-ab29-d5e2d2c8f991",
  "roleId": 2,
  "banResult": {
    "action": "none",
    "reason": "No ban threshold met",
    "totalPoints": 2
  }
}
16:30:04 [[32minfo[39m]: Transaction committed
{
  "service": "ride-hailing-api",
  "environment": "development",
  "transactionId": "txn_2026-08-10 13:30:04_f861sl1ae",
  "duration": "NaNms"
}
16:30:04 [[32minfo[39m]: API Request
{
  "service": "ride-hailing-api",
  "environment": "development",
  "type": "API_REQUEST",
  "method": "POST",
  "url": "/api/admin/userDelinquencyDecisions",
  "statusCode": 200,
  "responseTime": "NaNms",
  "ip": "127.0.0.1",
  "userAgent": "axios/1.18.1",
  "userId": 1805,
  "userUniqueId": "e4f4720c-7828-4476-925d-4dd5f9deb456"
}
[VerifyToken] Request: {
  method: 'GET',
  url: '/?userDelinquencyUniqueId=932b66a1-ca0e-4337-b3cb-f41c106018d7',
  hasAuth: true
}
[VerifyToken] Token decoded: {
  userUniqueId: 'e4f4720c-7828-4476-925d-4dd5f9deb456',
  phoneNumber: '+251975975883',
  roleId: 3,
  iat: 1786368599
}
[VerifyToken] User authenticated: {
  userUniqueId: 'e4f4720c-7828-4476-925d-4dd5f9deb456',
  phoneNumber: '+251975975883',
  roleId: undefined
}
16:30:04 [[32minfo[39m]: API Request
{
  "service": "ride-hailing-api",
  "environment": "development",
  "type": "API_REQUEST",
  "method": "GET",
  "url": "/api/admin/userDelinquencyDecisions?userDelinquencyUniqueId=932b66a1-ca0e-4337-b3cb-f41c106018d7",
  "statusCode": 200,
  "responseTime": "NaNms",
  "ip": "127.0.0.1",
  "userAgent": "axios/1.18.1",
  "userId": 1805,
  "userUniqueId": "e4f4720c-7828-4476-925d-4dd5f9deb456"
}
[VerifyToken] Request: { method: 'GET', url: '/', hasAuth: true }
[VerifyToken] Token decoded: {
  userUniqueId: 'e4f4720c-7828-4476-925d-4dd5f9deb456',
  phoneNumber: '+251975975883',
  roleId: 3,
  iat: 1786368599
}
[VerifyToken] User authenticated: {
  userUniqueId: 'e4f4720c-7828-4476-925d-4dd5f9deb456',
  phoneNumber: '+251975975883',
  roleId: undefined
}
16:30:04 [[32minfo[39m]: API Request
{
  "service": "ride-hailing-api",
  "environment": "development",
  "type": "API_REQUEST",
  "method": "GET",
  "url": "/api/admin/bannedUsers",
  "statusCode": 200,
  "responseTime": "NaNms",
  "ip": "127.0.0.1",
  "userAgent": "axios/1.18.1",
  "userId": 1805,
  "userUniqueId": "e4f4720c-7828-4476-925d-4dd5f9deb456"
}
[VerifyToken] Request: { method: 'POST', url: '/', hasAuth: true }
[VerifyToken] Token decoded: {
  userUniqueId: 'e4f4720c-7828-4476-925d-4dd5f9deb456',
  phoneNumber: '+251975975883',
  roleId: 3,
  iat: 1786368599
}
[VerifyToken] User authenticated: {
  userUniqueId: 'e4f4720c-7828-4476-925d-4dd5f9deb456',
  phoneNumber: '+251975975883',
  roleId: undefined
}
16:30:04 [[32minfo[39m]: Transaction committed
{
  "service": "ride-hailing-api",
  "environment": "development",
  "transactionId": "txn_2026-08-10 13:30:04_ju6y4zeee",
  "duration": "NaNms"
}
16:30:04 [[32minfo[39m]: API Request
{
  "service": "ride-hailing-api",
  "environment": "development",
  "type": "API_REQUEST",
  "method": "POST",
  "url": "/api/admin/bannedUsers",
  "statusCode": 200,
  "responseTime": "NaNms",
  "ip": "127.0.0.1",
  "userAgent": "axios/1.18.1",
  "userId": 1805,
  "userUniqueId": "e4f4720c-7828-4476-925d-4dd5f9deb456"
}
[VerifyToken] Request: { method: 'GET', url: '/', hasAuth: true }
[VerifyToken] Token decoded: {
  userUniqueId: 'e4f4720c-7828-4476-925d-4dd5f9deb456',
  phoneNumber: '+251975975883',
  roleId: 3,
  iat: 1786368599
}
[VerifyToken] User authenticated: {
  userUniqueId: 'e4f4720c-7828-4476-925d-4dd5f9deb456',
  phoneNumber: '+251975975883',
  roleId: undefined
}
16:30:04 [[32minfo[39m]: API Request
{
  "service": "ride-hailing-api",
  "environment": "development",
  "type": "API_REQUEST",
  "method": "GET",
  "url": "/api/admin/bannedUsers",
  "statusCode": 200,
  "responseTime": "NaNms",
  "ip": "127.0.0.1",
  "userAgent": "axios/1.18.1",
  "userId": 1805,
  "userUniqueId": "e4f4720c-7828-4476-925d-4dd5f9deb456"
}
[VerifyToken] Request: {
  method: 'PUT',
  url: '/c66b6a03-b934-4e1d-a796-2c544ee8e3f0',
  hasAuth: true
}
[VerifyToken] Token decoded: {
  userUniqueId: 'e4f4720c-7828-4476-925d-4dd5f9deb456',
  phoneNumber: '+251975975883',
  roleId: 3,
  iat: 1786368599
}
[VerifyToken] User authenticated: {
  userUniqueId: 'e4f4720c-7828-4476-925d-4dd5f9deb456',
  phoneNumber: '+251975975883',
  roleId: undefined
}
16:30:04 [[32minfo[39m]: Transaction committed
{
  "service": "ride-hailing-api",
  "environment": "development",
  "transactionId": "txn_2026-08-10 13:30:04_ec1q84jrf",
  "duration": "NaNms"
}
16:30:04 [[32minfo[39m]: API Request
{
  "service": "ride-hailing-api",
  "environment": "development",
  "type": "API_REQUEST",
  "method": "PUT",
  "url": "/api/admin/bannedUsers/c66b6a03-b934-4e1d-a796-2c544ee8e3f0",
  "statusCode": 200,
  "responseTime": "NaNms",
  "ip": "127.0.0.1",
  "userAgent": "axios/1.18.1",
  "userId": 1805,
  "userUniqueId": "e4f4720c-7828-4476-925d-4dd5f9deb456"
}
[VerifyToken] Request: { method: 'GET', url: '/', hasAuth: true }
[VerifyToken] Token decoded: {
  userUniqueId: 'e4f4720c-7828-4476-925d-4dd5f9deb456',
  phoneNumber: '+251975975883',
  roleId: 3,
  iat: 1786368599
}
[VerifyToken] User authenticated: {
  userUniqueId: 'e4f4720c-7828-4476-925d-4dd5f9deb456',
  phoneNumber: '+251975975883',
  roleId: undefined
}
16:30:04 [[32minfo[39m]: API Request
{
  "service": "ride-hailing-api",
  "environment": "development",
  "type": "API_REQUEST",
  "method": "GET",
  "url": "/api/admin/bannedUsers",
  "statusCode": 200,
  "responseTime": "NaNms",
  "ip": "127.0.0.1",
  "userAgent": "axios/1.18.1",
  "userId": 1805,
  "userUniqueId": "e4f4720c-7828-4476-925d-4dd5f9deb456"
}
[VerifyToken] Request: {
  method: 'PATCH',
  url: '/c66b6a03-b934-4e1d-a796-2c544ee8e3f0/deactivate',
  hasAuth: true
}
[VerifyToken] Token decoded: {
  userUniqueId: 'e4f4720c-7828-4476-925d-4dd5f9deb456',
  phoneNumber: '+251975975883',
  roleId: 3,
  iat: 1786368599
}
[VerifyToken] User authenticated: {
  userUniqueId: 'e4f4720c-7828-4476-925d-4dd5f9deb456',
  phoneNumber: '+251975975883',
  roleId: undefined
}
16:30:04 [[32minfo[39m]: Transaction committed
{
  "service": "ride-hailing-api",
  "environment": "development",
  "transactionId": "txn_2026-08-10 13:30:04_xrtktj81i",
  "duration": "NaNms"
}
16:30:04 [[32minfo[39m]: API Request
{
  "service": "ride-hailing-api",
  "environment": "development",
  "type": "API_REQUEST",
  "method": "PATCH",
  "url": "/api/admin/bannedUsers/c66b6a03-b934-4e1d-a796-2c544ee8e3f0/deactivate",
  "statusCode": 200,
  "responseTime": "NaNms",
  "ip": "127.0.0.1",
  "userAgent": "axios/1.18.1",
  "userId": 1805,
  "userUniqueId": "e4f4720c-7828-4476-925d-4dd5f9deb456"
}
[VerifyToken] Request: { method: 'GET', url: '/', hasAuth: true }
[VerifyToken] Token decoded: {
  userUniqueId: 'e4f4720c-7828-4476-925d-4dd5f9deb456',
  phoneNumber: '+251975975883',
  roleId: 3,
  iat: 1786368599
}
[VerifyToken] User authenticated: {
  userUniqueId: 'e4f4720c-7828-4476-925d-4dd5f9deb456',
  phoneNumber: '+251975975883',
  roleId: undefined
}
16:30:04 [[32minfo[39m]: API Request
{
  "service": "ride-hailing-api",
  "environment": "development",
  "type": "API_REQUEST",
  "method": "GET",
  "url": "/api/company/admin/delinquency",
  "statusCode": 200,
  "responseTime": "NaNms",
  "ip": "127.0.0.1",
  "userAgent": "axios/1.18.1",
  "userId": 1805,
  "userUniqueId": "e4f4720c-7828-4476-925d-4dd5f9deb456"
}
[VerifyToken] Request: {
  method: 'GET',
  url: '/pending?companyUniqueId=3bf53a94-2138-453c-9523-6dd7c12540e0',
  hasAuth: true
}
[VerifyToken] Token decoded: {
  userUniqueId: '7e350e22-f087-4f51-adb1-9931d8529cb0',
  phoneNumber: '+251965975884',
  roleId: 7,
  iat: 1786368599
}
[VerifyToken] User authenticated: {
  userUniqueId: '7e350e22-f087-4f51-adb1-9931d8529cb0',
  phoneNumber: '+251965975884',
  roleId: undefined
}
16:30:04 [[32minfo[39m]: API Request
{
  "service": "ride-hailing-api",
  "environment": "development",
  "type": "API_REQUEST",
  "method": "GET",
  "url": "/api/company/delinquency-response/pending?companyUniqueId=3bf53a94-2138-453c-9523-6dd7c12540e0",
  "statusCode": 200,
  "responseTime": "NaNms",
  "ip": "127.0.0.1",
  "userAgent": "axios/1.18.1",
  "userId": 1806,
  "userUniqueId": "7e350e22-f087-4f51-adb1-9931d8529cb0"
}
[VerifyToken] Request: { method: 'GET', url: '/?isActive=true', hasAuth: true }
[VerifyToken] Token decoded: {
  userUniqueId: 'e4f4720c-7828-4476-925d-4dd5f9deb456',
  phoneNumber: '+251975975883',
  roleId: 3,
  iat: 1786368599
}
[VerifyToken] User authenticated: {
  userUniqueId: 'e4f4720c-7828-4476-925d-4dd5f9deb456',
  phoneNumber: '+251975975883',
  roleId: undefined
}
16:30:04 [[32minfo[39m]: API Request
{
  "service": "ride-hailing-api",
  "environment": "development",
  "type": "API_REQUEST",
  "method": "GET",
  "url": "/api/admin/delinquencyTypes?isActive=true",
  "statusCode": 200,
  "responseTime": "NaNms",
  "ip": "127.0.0.1",
  "userAgent": "axios/1.18.1",
  "userId": 1805,
  "userUniqueId": "e4f4720c-7828-4476-925d-4dd5f9deb456"
}
[VerifyToken] Request: { method: 'POST', url: '/', hasAuth: true }
[VerifyToken] Token decoded: {
  userUniqueId: 'e4f4720c-7828-4476-925d-4dd5f9deb456',
  phoneNumber: '+251975975883',
  roleId: 3,
  iat: 1786368599
}
[VerifyToken] User authenticated: {
  userUniqueId: 'e4f4720c-7828-4476-925d-4dd5f9deb456',
  phoneNumber: '+251975975883',
  roleId: undefined
}
16:30:04 [[32minfo[39m]: Transaction committed
{
  "service": "ride-hailing-api",
  "environment": "development",
  "transactionId": "txn_2026-08-10 13:30:04_mii5z9op2",
  "duration": "NaNms"
}
16:30:04 [[32minfo[39m]: API Request
{
  "service": "ride-hailing-api",
  "environment": "development",
  "type": "API_REQUEST",
  "method": "POST",
  "url": "/api/company/admin/delinquency",
  "statusCode": 200,
  "responseTime": "NaNms",
  "ip": "127.0.0.1",
  "userAgent": "axios/1.18.1",
  "userId": 1805,
  "userUniqueId": "e4f4720c-7828-4476-925d-4dd5f9deb456"
}
[VerifyToken] Request: { method: 'GET', url: '/', hasAuth: true }
[VerifyToken] Token decoded: {
  userUniqueId: 'e4f4720c-7828-4476-925d-4dd5f9deb456',
  phoneNumber: '+251975975883',
  roleId: 3,
  iat: 1786368599
}
[VerifyToken] User authenticated: {
  userUniqueId: 'e4f4720c-7828-4476-925d-4dd5f9deb456',
  phoneNumber: '+251975975883',
  roleId: undefined
}
16:30:04 [[32minfo[39m]: API Request
{
  "service": "ride-hailing-api",
  "environment": "development",
  "type": "API_REQUEST",
  "method": "GET",
  "url": "/api/company/admin/delinquency",
  "statusCode": 200,
  "responseTime": "NaNms",
  "ip": "127.0.0.1",
  "userAgent": "axios/1.18.1",
  "userId": 1805,
  "userUniqueId": "e4f4720c-7828-4476-925d-4dd5f9deb456"
}
[VerifyToken] Request: { method: 'POST', url: '/response', hasAuth: true }
[VerifyToken] Token decoded: {
  userUniqueId: '7e350e22-f087-4f51-adb1-9931d8529cb0',
  phoneNumber: '+251965975884',
  roleId: 7,
  iat: 1786368599
}
[VerifyToken] User authenticated: {
  userUniqueId: '7e350e22-f087-4f51-adb1-9931d8529cb0',
  phoneNumber: '+251965975884',
  roleId: undefined
}
16:30:04 [[32minfo[39m]: Transaction committed
{
  "service": "ride-hailing-api",
  "environment": "development",
  "transactionId": "txn_2026-08-10 13:30:04_vxptwxhn3",
  "duration": "NaNms"
}
16:30:04 [[32minfo[39m]: API Request
{
  "service": "ride-hailing-api",
  "environment": "development",
  "type": "API_REQUEST",
  "method": "POST",
  "url": "/api/company/delinquency-response/response",
  "statusCode": 200,
  "responseTime": "NaNms",
  "ip": "127.0.0.1",
  "userAgent": "axios/1.18.1",
  "userId": 1806,
  "userUniqueId": "7e350e22-f087-4f51-adb1-9931d8529cb0"
}
[VerifyToken] Request: { method: 'GET', url: '/response', hasAuth: true }
[VerifyToken] Token decoded: {
  userUniqueId: '7e350e22-f087-4f51-adb1-9931d8529cb0',
  phoneNumber: '+251965975884',
  roleId: 7,
  iat: 1786368599
}
[VerifyToken] User authenticated: {
  userUniqueId: '7e350e22-f087-4f51-adb1-9931d8529cb0',
  phoneNumber: '+251965975884',
  roleId: undefined
}
16:30:04 [[32minfo[39m]: API Request
{
  "service": "ride-hailing-api",
  "environment": "development",
  "type": "API_REQUEST",
  "method": "GET",
  "url": "/api/company/delinquency-response/response",
  "statusCode": 200,
  "responseTime": "NaNms",
  "ip": "127.0.0.1",
  "userAgent": "axios/1.18.1",
  "userId": 1806,
  "userUniqueId": "7e350e22-f087-4f51-adb1-9931d8529cb0"
}
[VerifyToken] Request: {
  method: 'DELETE',
  url: '/950c2bd0-639b-43fe-b7b4-a20e4d2faed3',
  hasAuth: true
}
[VerifyToken] Token decoded: {
  userUniqueId: 'e4f4720c-7828-4476-925d-4dd5f9deb456',
  phoneNumber: '+251975975883',
  roleId: 3,
  iat: 1786368599
}
[VerifyToken] User authenticated: {
  userUniqueId: 'e4f4720c-7828-4476-925d-4dd5f9deb456',
  phoneNumber: '+251975975883',
  roleId: undefined
}
16:30:04 [[32minfo[39m]: Transaction committed
{
  "service": "ride-hailing-api",
  "environment": "development",
  "transactionId": "txn_2026-08-10 13:30:04_3yqyqg4vg",
  "duration": "NaNms"
}
16:30:04 [[32minfo[39m]: API Request
{
  "service": "ride-hailing-api",
  "environment": "development",
  "type": "API_REQUEST",
  "method": "DELETE",
  "url": "/api/company/admin/delinquency/950c2bd0-639b-43fe-b7b4-a20e4d2faed3",
  "statusCode": 200,
  "responseTime": "NaNms",
  "ip": "127.0.0.1",
  "userAgent": "axios/1.18.1",
  "userId": 1805,
  "userUniqueId": "e4f4720c-7828-4476-925d-4dd5f9deb456"
}
[VerifyToken] Request: { method: 'GET', url: '/', hasAuth: true }
[VerifyToken] Token decoded: {
  userUniqueId: 'e4f4720c-7828-4476-925d-4dd5f9deb456',
  phoneNumber: '+251975975883',
  roleId: 3,
  iat: 1786368599
}
[VerifyToken] User authenticated: {
  userUniqueId: 'e4f4720c-7828-4476-925d-4dd5f9deb456',
  phoneNumber: '+251975975883',
  roleId: undefined
}
16:30:04 [[32minfo[39m]: API Request
{
  "service": "ride-hailing-api",
  "environment": "development",
  "type": "API_REQUEST",
  "method": "GET",
  "url": "/api/company/admin/delinquency",
  "statusCode": 200,
  "responseTime": "NaNms",
  "ip": "127.0.0.1",
  "userAgent": "axios/1.18.1",
  "userId": 1805,
  "userUniqueId": "e4f4720c-7828-4476-925d-4dd5f9deb456"
}
[VerifyToken] Request: {
  method: 'GET',
  url: '/api/user/getCanceledJourneyCountsByDate?fromDate=2020-01-01&toDate=2026-08-10',
  hasAuth: true
}
[VerifyToken] Token decoded: {
  userUniqueId: 'e4f4720c-7828-4476-925d-4dd5f9deb456',
  phoneNumber: '+251975975883',
  roleId: 3,
  iat: 1786368599
}
[VerifyToken] User authenticated: {
  userUniqueId: 'e4f4720c-7828-4476-925d-4dd5f9deb456',
  phoneNumber: '+251975975883',
  roleId: undefined
}
16:30:04 [[32minfo[39m]: API Request
{
  "service": "ride-hailing-api",
  "environment": "development",
  "type": "API_REQUEST",
  "method": "GET",
  "url": "/api/user/getCanceledJourneyCountsByDate?fromDate=2020-01-01&toDate=2026-08-10",
  "statusCode": 200,
  "responseTime": "NaNms",
  "ip": "127.0.0.1",
  "userAgent": "axios/1.18.1",
  "userId": 1805,
  "userUniqueId": "e4f4720c-7828-4476-925d-4dd5f9deb456"
}
[VerifyToken] Request: {
  method: 'GET',
  url: '/api/user/getCanceledJourneyCountsByReason',
  hasAuth: true
}
[VerifyToken] Token decoded: {
  userUniqueId: 'e4f4720c-7828-4476-925d-4dd5f9deb456',
  phoneNumber: '+251975975883',
  roleId: 3,
  iat: 1786368599
}
[VerifyToken] User authenticated: {
  userUniqueId: 'e4f4720c-7828-4476-925d-4dd5f9deb456',
  phoneNumber: '+251975975883',
  roleId: undefined
}
16:30:04 [[32minfo[39m]: API Request
{
  "service": "ride-hailing-api",
  "environment": "development",
  "type": "API_REQUEST",
  "method": "GET",
  "url": "/api/user/getCanceledJourneyCountsByReason",
  "statusCode": 200,
  "responseTime": "NaNms",
  "ip": "127.0.0.1",
  "userAgent": "axios/1.18.1",
  "userId": 1805,
  "userUniqueId": "e4f4720c-7828-4476-925d-4dd5f9deb456"
}
[VerifyToken] Request: {
  method: 'GET',
  url: '/api/admin/getCanceledJourneyByFilter',
  hasAuth: true
}
[VerifyToken] Token decoded: {
  userUniqueId: 'e4f4720c-7828-4476-925d-4dd5f9deb456',
  phoneNumber: '+251975975883',
  roleId: 3,
  iat: 1786368599
}
[VerifyToken] User authenticated: {
  userUniqueId: 'e4f4720c-7828-4476-925d-4dd5f9deb456',
  phoneNumber: '+251975975883',
  roleId: undefined
}
16:30:04 [[32minfo[39m]: API Request
{
  "service": "ride-hailing-api",
  "environment": "development",
  "type": "API_REQUEST",
  "method": "GET",
  "url": "/api/admin/getCanceledJourneyByFilter",
  "statusCode": 200,
  "responseTime": "NaNms",
  "ip": "127.0.0.1",
  "userAgent": "axios/1.18.1",
  "userId": 1805,
  "userUniqueId": "e4f4720c-7828-4476-925d-4dd5f9deb456"
}
[VerifyToken] Request: {
  method: 'GET',
  url: '/api/admin/getUserByFilterDetailed',
  hasAuth: true
}
[VerifyToken] Token decoded: {
  userUniqueId: 'e4f4720c-7828-4476-925d-4dd5f9deb456',
  phoneNumber: '+251975975883',
  roleId: 3,
  iat: 1786368599
}
[VerifyToken] User authenticated: {
  userUniqueId: 'e4f4720c-7828-4476-925d-4dd5f9deb456',
  phoneNumber: '+251975975883',
  roleId: undefined
}
16:30:04 [[32minfo[39m]: API Request
{
  "service": "ride-hailing-api",
  "environment": "development",
  "type": "API_REQUEST",
  "method": "GET",
  "url": "/api/admin/getUserByFilterDetailed",
  "statusCode": 200,
  "responseTime": "NaNms",
  "ip": "127.0.0.1",
  "userAgent": "axios/1.18.1",
  "userId": 1805,
  "userUniqueId": "e4f4720c-7828-4476-925d-4dd5f9deb456"
}
[VerifyToken] Request: { method: 'GET', url: '/api/admin/getOnlineDrivers', hasAuth: true }
[VerifyToken] Token decoded: {
  userUniqueId: 'e4f4720c-7828-4476-925d-4dd5f9deb456',
  phoneNumber: '+251975975883',
  roleId: 3,
  iat: 1786368599
}
[VerifyToken] User authenticated: {
  userUniqueId: 'e4f4720c-7828-4476-925d-4dd5f9deb456',
  phoneNumber: '+251975975883',
  roleId: undefined
}
16:30:04 [[32minfo[39m]: API Request
{
  "service": "ride-hailing-api",
  "environment": "development",
  "type": "API_REQUEST",
  "method": "GET",
  "url": "/api/admin/getOnlineDrivers",
  "statusCode": 200,
  "responseTime": "NaNms",
  "ip": "127.0.0.1",
  "userAgent": "axios/1.18.1",
  "userId": 1805,
  "userUniqueId": "e4f4720c-7828-4476-925d-4dd5f9deb456"
}
[VerifyToken] Request: { method: 'GET', url: '/api/admin/getOfflineDrivers', hasAuth: true }
[VerifyToken] Token decoded: {
  userUniqueId: 'e4f4720c-7828-4476-925d-4dd5f9deb456',
  phoneNumber: '+251975975883',
  roleId: 3,
  iat: 1786368599
}
[VerifyToken] User authenticated: {
  userUniqueId: 'e4f4720c-7828-4476-925d-4dd5f9deb456',
  phoneNumber: '+251975975883',
  roleId: undefined
}
16:30:04 [[32minfo[39m]: API Request
{
  "service": "ride-hailing-api",
  "environment": "development",
  "type": "API_REQUEST",
  "method": "GET",
  "url": "/api/admin/getOfflineDrivers",
  "statusCode": 200,
  "responseTime": "NaNms",
  "ip": "127.0.0.1",
  "userAgent": "axios/1.18.1",
  "userId": 1805,
  "userUniqueId": "e4f4720c-7828-4476-925d-4dd5f9deb456"
}
[VerifyToken] Request: { method: 'GET', url: '/api/admin/getAllActiveDrivers', hasAuth: true }
[VerifyToken] Token decoded: {
  userUniqueId: 'e4f4720c-7828-4476-925d-4dd5f9deb456',
  phoneNumber: '+251975975883',
  roleId: 3,
  iat: 1786368599
}
[VerifyToken] User authenticated: {
  userUniqueId: 'e4f4720c-7828-4476-925d-4dd5f9deb456',
  phoneNumber: '+251975975883',
  roleId: undefined
}
16:30:04 [[32minfo[39m]: API Request
{
  "service": "ride-hailing-api",
  "environment": "development",
  "type": "API_REQUEST",
  "method": "GET",
  "url": "/api/admin/getAllActiveDrivers",
  "statusCode": 200,
  "responseTime": "NaNms",
  "ip": "127.0.0.1",
  "userAgent": "axios/1.18.1",
  "userId": 1805,
  "userUniqueId": "e4f4720c-7828-4476-925d-4dd5f9deb456"
}
16:30:04 [[32minfo[39m]: API Request
{
  "service": "ride-hailing-api",
  "environment": "development",
  "type": "API_REQUEST",
  "method": "GET",
  "url": "/api/health",
  "statusCode": 200,
  "responseTime": "NaNms",
  "ip": "127.0.0.1",
  "userAgent": "axios/1.18.1"
}
16:30:04 [[32minfo[39m]: API Request
{
  "service": "ride-hailing-api",
  "environment": "development",
  "type": "API_REQUEST",
  "method": "GET",
  "url": "/api/health/database",
  "statusCode": 200,
  "responseTime": "NaNms",
  "ip": "127.0.0.1",
  "userAgent": "axios/1.18.1"
}
16:30:04 [[32minfo[39m]: API Request
{
  "service": "ride-hailing-api",
  "environment": "development",
  "type": "API_REQUEST",
  "method": "GET",
  "url": "/api/admin/database/stats",
  "statusCode": 200,
  "responseTime": "NaNms",
  "ip": "127.0.0.1",
  "userAgent": "axios/1.18.1"
}
[VerifyToken] Request: { method: 'GET', url: '/api/admin/dashboard', hasAuth: false }
[VerifyToken] No auth header
16:30:04 [[33mwarn[39m]: API Error Authorization header missing
Error: Authorization header missing
    at verifyTokenOfAxios (/Users/zewedu/Desktop/Projects/transportBackEndNative/Middleware/VerifyToken.js:14:17)
    at Layer.handleRequest (/Users/zewedu/Desktop/Projects/transportBackEndNative/node_modules/router/lib/layer.js:152:17)
    at next (/Users/zewedu/Desktop/Projects/transportBackEndNative/node_modules/router/lib/route.js:157:13)
    at Route.dispatch (/Users/zewedu/Desktop/Projects/transportBackEndNative/node_modules/router/lib/route.js:117:3)
    at handle (/Users/zewedu/Desktop/Projects/transportBackEndNative/node_modules/router/index.js:435:11)
    at Layer.handleRequest (/Users/zewedu/Desktop/Projects/transportBackEndNative/node_modules/router/lib/layer.js:152:17)
    at /Users/zewedu/Desktop/Projects/transportBackEndNative/node_modules/router/index.js:295:15
    at processParams (/Users/zewedu/Desktop/Projects/transportBackEndNative/node_modules/router/index.js:582:12)
    at next (/Users/zewedu/Desktop/Projects/transportBackEndNative/node_modules/router/index.js:291:5)
    at router.handle (/Users/zewedu/Desktop/Projects/transportBackEndNative/node_modules/router/index.js:186:3)
{
  "service": "ride-hailing-api",
  "environment": "development",
  "type": "API_ERROR",
  "statusCode": 401,
  "path": "/api/admin/dashboard",
  "method": "GET",
  "ip": "127.0.0.1",
  "requestId": "062079d0-b294-4698-8b07-bc534ab4720e",
  "params": {},
  "query": {}
}
16:30:04 [[32minfo[39m]: API Request
{
  "service": "ride-hailing-api",
  "environment": "development",
  "type": "API_REQUEST",
  "method": "GET",
  "url": "/api/admin/dashboard",
  "statusCode": 401,
  "responseTime": "NaNms",
  "ip": "127.0.0.1",
  "userAgent": "axios/1.18.1"
}
[VerifyToken] Request: { method: 'GET', url: '/api/admin/dashboard', hasAuth: true }
[VerifyToken] Token decoded: {
  userUniqueId: 'e4f4720c-7828-4476-925d-4dd5f9deb456',
  phoneNumber: '+251975975883',
  roleId: 3,
  iat: 1786368599
}
[VerifyToken] User authenticated: {
  userUniqueId: 'e4f4720c-7828-4476-925d-4dd5f9deb456',
  phoneNumber: '+251975975883',
  roleId: undefined
}
16:30:04 [[32minfo[39m]: API Request
{
  "service": "ride-hailing-api",
  "environment": "development",
  "type": "API_REQUEST",
  "method": "GET",
  "url": "/api/admin/dashboard",
  "statusCode": 200,
  "responseTime": "NaNms",
  "ip": "127.0.0.1",
  "userAgent": "axios/1.18.1",
  "userId": 1805,
  "userUniqueId": "e4f4720c-7828-4476-925d-4dd5f9deb456"
}
[VerifyToken] Request: { method: 'GET', url: '/api/admin/dashboard', hasAuth: true }
[VerifyToken] Token decoded: {
  userUniqueId: 'e4f4720c-7828-4476-925d-4dd5f9deb456',
  phoneNumber: '+251975975883',
  roleId: 3,
  iat: 1786368599
}
[VerifyToken] User authenticated: {
  userUniqueId: 'e4f4720c-7828-4476-925d-4dd5f9deb456',
  phoneNumber: '+251975975883',
  roleId: undefined
}
16:30:04 [[32minfo[39m]: API Request
{
  "service": "ride-hailing-api",
  "environment": "development",
  "type": "API_REQUEST",
  "method": "GET",
  "url": "/api/admin/dashboard",
  "statusCode": 200,
  "responseTime": "NaNms",
  "ip": "127.0.0.1",
  "userAgent": "axios/1.18.1",
  "userId": 1805,
  "userUniqueId": "e4f4720c-7828-4476-925d-4dd5f9deb456"
}
[VerifyToken] Request: { method: 'GET', url: '/api/admin/dashboard', hasAuth: true }
[VerifyToken] Token decoded: {
  userUniqueId: 'e4f4720c-7828-4476-925d-4dd5f9deb456',
  phoneNumber: '+251975975883',
  roleId: 3,
  iat: 1786368599
}
[VerifyToken] User authenticated: {
  userUniqueId: 'e4f4720c-7828-4476-925d-4dd5f9deb456',
  phoneNumber: '+251975975883',
  roleId: undefined
}
16:30:04 [[32minfo[39m]: API Request
{
  "service": "ride-hailing-api",
  "environment": "development",
  "type": "API_REQUEST",
  "method": "GET",
  "url": "/api/admin/dashboard",
  "statusCode": 200,
  "responseTime": "NaNms",
  "ip": "127.0.0.1",
  "userAgent": "axios/1.18.1",
  "userId": 1805,
  "userUniqueId": "e4f4720c-7828-4476-925d-4dd5f9deb456"
}
[VerifyToken] Request: { method: 'GET', url: '/', hasAuth: true }
[VerifyToken] Token decoded: {
  userUniqueId: '5e76d160-608e-4d5b-8b95-132a6fa878b0',
  phoneNumber: '+251985975882',
  roleId: 1,
  iat: 1786368601
}
[VerifyToken] User authenticated: {
  userUniqueId: '5e76d160-608e-4d5b-8b95-132a6fa878b0',
  phoneNumber: '+251985975882',
  roleId: undefined
}
16:30:04 [[32minfo[39m]: API Request
{
  "service": "ride-hailing-api",
  "environment": "development",
  "type": "API_REQUEST",
  "method": "GET",
  "url": "/api/admin/vehicleTypes",
  "statusCode": 200,
  "responseTime": "NaNms",
  "ip": "127.0.0.1",
  "userAgent": "axios/1.18.1",
  "userId": 1809,
  "userUniqueId": "5e76d160-608e-4d5b-8b95-132a6fa878b0"
}
[VerifyToken] Request: {
  method: 'POST',
  url: '/api/shipperRequest/createRequest',
  hasAuth: true
}
[VerifyToken] Token decoded: {
  userUniqueId: '5e76d160-608e-4d5b-8b95-132a6fa878b0',
  phoneNumber: '+251985975882',
  roleId: 1,
  iat: 1786368601
}
[VerifyToken] User authenticated: {
  userUniqueId: '5e76d160-608e-4d5b-8b95-132a6fa878b0',
  phoneNumber: '+251985975882',
  roleId: undefined
}
16:30:04 [[33mwarn[39m]: Duplicate JourneyDecision detected (race condition), skipping
{
  "service": "ride-hailing-api",
  "environment": "development",
  "driverRequestId": 23,
  "shipperRequestId": 1435,
  "error": "Duplicate entry '23' for key 'journeydecisions.driverRequestId'"
}
16:30:04 [[33mwarn[39m]: Duplicate JourneyDecision detected (race condition), skipping
{
  "service": "ride-hailing-api",
  "environment": "development",
  "driverRequestId": 28,
  "shipperRequestId": 1435,
  "error": "Duplicate entry '28' for key 'journeydecisions.driverRequestId'"
}
16:30:04 [[33mwarn[39m]: Duplicate JourneyDecision detected (race condition), skipping
{
  "service": "ride-hailing-api",
  "environment": "development",
  "driverRequestId": 33,
  "shipperRequestId": 1435,
  "error": "Duplicate entry '33' for key 'journeydecisions.driverRequestId'"
}
16:30:04 [[33mwarn[39m]: Duplicate JourneyDecision detected (race condition), skipping
{
  "service": "ride-hailing-api",
  "environment": "development",
  "driverRequestId": 48,
  "shipperRequestId": 1435,
  "error": "Duplicate entry '48' for key 'journeydecisions.driverRequestId'"
}
16:30:04 [[33mwarn[39m]: Duplicate JourneyDecision detected (race condition), skipping
{
  "service": "ride-hailing-api",
  "environment": "development",
  "driverRequestId": 56,
  "shipperRequestId": 1435,
  "error": "Duplicate entry '56' for key 'journeydecisions.driverRequestId'"
}
16:30:04 [[32minfo[39m]: Transaction committed
{
  "service": "ride-hailing-api",
  "environment": "development",
  "transactionId": "txn_2026-08-10 13:30:04_gmhij58pr",
  "duration": "NaNms"
}
16:30:04 [[32minfo[39m]: API Request
{
  "service": "ride-hailing-api",
  "environment": "development",
  "type": "API_REQUEST",
  "method": "POST",
  "url": "/api/shipperRequest/createRequest",
  "statusCode": 200,
  "responseTime": "NaNms",
  "ip": "127.0.0.1",
  "userAgent": "axios/1.18.1",
  "userId": 1809,
  "userUniqueId": "5e76d160-608e-4d5b-8b95-132a6fa878b0"
}
16:30:04 [[32minfo[39m]: Socket connection attempt
{
  "service": "ride-hailing-api",
  "environment": "development",
  "socketId": "AEdQREZjjV7xiTVkAAAB",
  "handshake": {
    "phoneNumber": "251985975882",
    "user": "shipper",
    "token": "Bearer eyJhbGciOiJIUzI1NiIsInR5cCI6IkpXVCJ9.eyJkYXRhIjp7InVzZXJVbmlxdWVJZCI6IjVlNzZkMTYwLTYwOGUtNGQ1Yi04Yjk1LTEzMmE2ZmE4NzhiMCIsInBob25lTnVtYmVyIjoiKzI1MTk4NTk3NTg4MiIsInJvbGVJZCI6MX0sImlhdCI6MTc4NjM2ODYwMX0.RdaZ4W4BkGeBmRUI5rAEygeamyC4LaItFgi0Kx1By-g"
  }
}
[VerifyToken] Request: { method: 'POST', url: '/api/driver/request', hasAuth: true }
[VerifyToken] Token decoded: {
  userUniqueId: 'e590af62-28fb-49cd-ab29-d5e2d2c8f991',
  phoneNumber: '+251995975881',
  roleId: 2,
  iat: 1786368600
}
[VerifyToken] User authenticated: {
  userUniqueId: 'e590af62-28fb-49cd-ab29-d5e2d2c8f991',
  phoneNumber: '+251995975881',
  roleId: undefined
}
16:30:05 [[32minfo[39m]: Transaction committed
{
  "service": "ride-hailing-api",
  "environment": "development",
  "transactionId": "txn_2026-08-10 13:30:05_ckj9iulhp",
  "duration": "NaNms"
}
16:30:05 [[32minfo[39m]: API Request
{
  "service": "ride-hailing-api",
  "environment": "development",
  "type": "API_REQUEST",
  "method": "POST",
  "url": "/api/driver/request",
  "statusCode": 201,
  "responseTime": "NaNms",
  "ip": "127.0.0.1",
  "userAgent": "axios/1.18.1",
  "userId": 1808,
  "userUniqueId": "e590af62-28fb-49cd-ab29-d5e2d2c8f991"
}
16:30:05 [[32minfo[39m]: Socket connection attempt
{
  "service": "ride-hailing-api",
  "environment": "development",
  "socketId": "uTDA-hY9QtTueWvDAAAD",
  "handshake": {
    "phoneNumber": "251995975881",
    "user": "driver",
    "token": "Bearer eyJhbGciOiJIUzI1NiIsInR5cCI6IkpXVCJ9.eyJkYXRhIjp7InVzZXJVbmlxdWVJZCI6ImU1OTBhZjYyLTI4ZmItNDljZC1hYjI5LWQ1ZTJkMmM4Zjk5MSIsInBob25lTnVtYmVyIjoiKzI1MTk5NTk3NTg4MSIsInJvbGVJZCI6Mn0sImlhdCI6MTc4NjM2ODYwMH0.SBi7j3kRmJ7DwttFbJ_yrSZm6NDPhXHuotamFmJIBCQ"
  }
}
[VerifyToken] Request: {
  method: 'PUT',
  url: '/api/driver/acceptShipperRequest',
  hasAuth: true
}
[VerifyToken] Token decoded: {
  userUniqueId: 'e590af62-28fb-49cd-ab29-d5e2d2c8f991',
  phoneNumber: '+251995975881',
  roleId: 2,
  iat: 1786368600
}
[VerifyToken] User authenticated: {
  userUniqueId: 'e590af62-28fb-49cd-ab29-d5e2d2c8f991',
  phoneNumber: '+251995975881',
  roleId: undefined
}
16:30:05 [[33mwarn[39m]: Journey table NOT updated - journeyUniqueId missing
{
  "service": "ride-hailing-api",
  "environment": "development",
  "providedParams": {
    "journeyDecisionUniqueId": "8e651c97-305b-4368-b1a6-49194764160e",
    "shipperRequestUniqueId": "4e75f22c-6a96-49a1-8ee5-ed78ad763306",
    "driverRequestUniqueId": "c91eba65-0dde-427a-bdaa-68457e714235",
    "journeyStatusId": 3
  }
}
16:30:05 [[32minfo[39m]: Journey status update completed
{
  "service": "ride-hailing-api",
  "environment": "development",
  "journeyStatusId": 3,
  "tablesUpdated": {
    "journey": false,
    "shipperRequest": true,
    "journeyDecision": true,
    "driverRequest": true
  },
  "totalUpdates": 4
}
16:30:05 [[32minfo[39m]: Transaction committed
{
  "service": "ride-hailing-api",
  "environment": "development",
  "transactionId": "txn_2026-08-10 13:30:05_djpcr3u7c",
  "duration": "NaNms"
}
16:30:05 [[32minfo[39m]: API Request
{
  "service": "ride-hailing-api",
  "environment": "development",
  "type": "API_REQUEST",
  "method": "PUT",
  "url": "/api/driver/acceptShipperRequest",
  "statusCode": 200,
  "responseTime": "NaNms",
  "ip": "127.0.0.1",
  "userAgent": "axios/1.18.1",
  "userId": 1808,
  "userUniqueId": "e590af62-28fb-49cd-ab29-d5e2d2c8f991"
}
[VerifyToken] Request: {
  method: 'GET',
  url: '/api/user/getShipperRequest4allOrSingleUser?journeyStatusId=3',
  hasAuth: true
}
[VerifyToken] Token decoded: {
  userUniqueId: '5e76d160-608e-4d5b-8b95-132a6fa878b0',
  phoneNumber: '+251985975882',
  roleId: 1,
  iat: 1786368601
}
[VerifyToken] User authenticated: {
  userUniqueId: '5e76d160-608e-4d5b-8b95-132a6fa878b0',
  phoneNumber: '+251985975882',
  roleId: undefined
}
16:30:05 [[32minfo[39m]: Transaction committed
{
  "service": "ride-hailing-api",
  "environment": "development",
  "transactionId": "txn_2026-08-10 13:30:05_wrhunzt97",
  "duration": "NaNms"
}
16:30:05 [[32minfo[39m]: API Request
{
  "service": "ride-hailing-api",
  "environment": "development",
  "type": "API_REQUEST",
  "method": "GET",
  "url": "/api/user/getShipperRequest4allOrSingleUser?journeyStatusId=3",
  "statusCode": 200,
  "responseTime": "NaNms",
  "ip": "127.0.0.1",
  "userAgent": "axios/1.18.1",
  "userId": 1809,
  "userUniqueId": "5e76d160-608e-4d5b-8b95-132a6fa878b0"
}
[VerifyToken] Request: {
  method: 'PUT',
  url: '/api/shipper/acceptDriverRequest',
  hasAuth: true
}
[VerifyToken] Token decoded: {
  userUniqueId: '5e76d160-608e-4d5b-8b95-132a6fa878b0',
  phoneNumber: '+251985975882',
  roleId: 1,
  iat: 1786368601
}
[VerifyToken] User authenticated: {
  userUniqueId: '5e76d160-608e-4d5b-8b95-132a6fa878b0',
  phoneNumber: '+251985975882',
  roleId: undefined
}
16:30:05 [[33mwarn[39m]: Journey table NOT updated - journeyUniqueId missing
{
  "service": "ride-hailing-api",
  "environment": "development",
  "providedParams": {
    "journeyDecisionUniqueId": "8e651c97-305b-4368-b1a6-49194764160e",
    "shipperRequestUniqueId": "4e75f22c-6a96-49a1-8ee5-ed78ad763306",
    "driverRequestUniqueId": "c91eba65-0dde-427a-bdaa-68457e714235",
    "journeyStatusId": 4
  }
}
16:30:05 [[32minfo[39m]: Journey status update completed
{
  "service": "ride-hailing-api",
  "environment": "development",
  "journeyStatusId": 4,
  "tablesUpdated": {
    "journey": false,
    "shipperRequest": true,
    "journeyDecision": true,
    "driverRequest": true
  },
  "totalUpdates": 4
}
16:30:05 [[32minfo[39m]: Transaction committed
{
  "service": "ride-hailing-api",
  "environment": "development",
  "transactionId": "txn_2026-08-10 13:30:05_nc6fqya7b",
  "duration": "NaNms"
}
16:30:05 [[32minfo[39m]: API Request
{
  "service": "ride-hailing-api",
  "environment": "development",
  "type": "API_REQUEST",
  "method": "PUT",
  "url": "/api/shipper/acceptDriverRequest",
  "statusCode": 200,
  "responseTime": "NaNms",
  "ip": "127.0.0.1",
  "userAgent": "axios/1.18.1",
  "userId": 1809,
  "userUniqueId": "5e76d160-608e-4d5b-8b95-132a6fa878b0"
}
16:30:05 [[32minfo[39m]: Socket disconnected
{
  "service": "ride-hailing-api",
  "environment": "development",
  "socketId": "uTDA-hY9QtTueWvDAAAD",
  "reason": "client namespace disconnect",
  "userType": "driver",
  "identifier": "251995975881"
}
16:30:05 [[32minfo[39m]: Socket disconnected
{
  "service": "ride-hailing-api",
  "environment": "development",
  "socketId": "AEdQREZjjV7xiTVkAAAB",
  "reason": "client namespace disconnect",
  "userType": "shipper",
  "identifier": "251985975882"
}
[VerifyToken] Request: { method: 'GET', url: '/', hasAuth: true }
[VerifyToken] Token decoded: {
  userUniqueId: '5e76d160-608e-4d5b-8b95-132a6fa878b0',
  phoneNumber: '+251985975882',
  roleId: 1,
  iat: 1786368601
}
[VerifyToken] User authenticated: {
  userUniqueId: '5e76d160-608e-4d5b-8b95-132a6fa878b0',
  phoneNumber: '+251985975882',
  roleId: undefined
}
16:30:05 [[32minfo[39m]: API Request
{
  "service": "ride-hailing-api",
  "environment": "development",
  "type": "API_REQUEST",
  "method": "GET",
  "url": "/api/admin/vehicleTypes",
  "statusCode": 200,
  "responseTime": "NaNms",
  "ip": "127.0.0.1",
  "userAgent": "axios/1.18.1",
  "userId": 1809,
  "userUniqueId": "5e76d160-608e-4d5b-8b95-132a6fa878b0"
}
16:30:05 [[32minfo[39m]: Socket connection attempt
{
  "service": "ride-hailing-api",
  "environment": "development",
  "socketId": "AhgDGKhxgg9gXRxkAAAF",
  "handshake": {
    "phoneNumber": "251965975884",
    "user": "company",
    "token": "Bearer eyJhbGciOiJIUzI1NiIsInR5cCI6IkpXVCJ9.eyJkYXRhIjp7InVzZXJVbmlxdWVJZCI6IjdlMzUwZTIyLWYwODctNGY1MS1hZGIxLTk5MzFkODUyOWNiMCIsInBob25lTnVtYmVyIjoiKzI1MTk2NTk3NTg4NCIsInJvbGVJZCI6N30sImlhdCI6MTc4NjM2ODU5OX0.A2TKvn0BrNJXlvgJoOjmeuGpiVq_BkGH0_mH_4SWpq0"
  }
}
[VerifyToken] Request: {
  method: 'POST',
  url: '/api/shipperRequest/createRequest',
  hasAuth: true
}
[VerifyToken] Token decoded: {
  userUniqueId: '5e76d160-608e-4d5b-8b95-132a6fa878b0',
  phoneNumber: '+251985975882',
  roleId: 1,
  iat: 1786368601
}
[VerifyToken] User authenticated: {
  userUniqueId: '5e76d160-608e-4d5b-8b95-132a6fa878b0',
  phoneNumber: '+251985975882',
  roleId: undefined
}
16:30:05 [[32minfo[39m]: company_target batch created (PR rows deferred to bid acceptance)
{
  "service": "ride-hailing-api",
  "environment": "development",
  "shipperRequestBatchUniqueId": "a17d0b7c-1bb0-436e-b137-e430c5c6a68a",
  "totalVehicles": 1,
  "userUniqueId": "5e76d160-608e-4d5b-8b95-132a6fa878b0"
}
16:30:05 [[32minfo[39m]: Transaction committed
{
  "service": "ride-hailing-api",
  "environment": "development",
  "transactionId": "txn_2026-08-10 13:30:05_esbuy6b4x",
  "duration": "NaNms"
}
16:30:05 [[32minfo[39m]: API Request
{
  "service": "ride-hailing-api",
  "environment": "development",
  "type": "API_REQUEST",
  "method": "POST",
  "url": "/api/shipperRequest/createRequest",
  "statusCode": 200,
  "responseTime": "NaNms",
  "ip": "127.0.0.1",
  "userAgent": "axios/1.18.1",
  "userId": 1809,
  "userUniqueId": "5e76d160-608e-4d5b-8b95-132a6fa878b0"
}
16:30:05 [[32minfo[39m]: Socket connection attempt
{
  "service": "ride-hailing-api",
  "environment": "development",
  "socketId": "Y8-aEB9-WfCpSNf7AAAH",
  "handshake": {
    "phoneNumber": "251985975882",
    "user": "shipper",
    "token": "Bearer eyJhbGciOiJIUzI1NiIsInR5cCI6IkpXVCJ9.eyJkYXRhIjp7InVzZXJVbmlxdWVJZCI6IjVlNzZkMTYwLTYwOGUtNGQ1Yi04Yjk1LTEzMmE2ZmE4NzhiMCIsInBob25lTnVtYmVyIjoiKzI1MTk4NTk3NTg4MiIsInJvbGVJZCI6MX0sImlhdCI6MTc4NjM2ODYwMX0.RdaZ4W4BkGeBmRUI5rAEygeamyC4LaItFgi0Kx1By-g"
  }
}
[VerifyToken] Request: { method: 'POST', url: '/', hasAuth: true }
[VerifyToken] Token decoded: {
  userUniqueId: '7e350e22-f087-4f51-adb1-9931d8529cb0',
  phoneNumber: '+251965975884',
  roleId: 7,
  iat: 1786368599
}
[VerifyToken] User authenticated: {
  userUniqueId: '7e350e22-f087-4f51-adb1-9931d8529cb0',
  phoneNumber: '+251965975884',
  roleId: undefined
}
16:30:05 [[32minfo[39m]: Transaction committed
{
  "service": "ride-hailing-api",
  "environment": "development",
  "transactionId": "txn_2026-08-10 13:30:05_f6x1rrkvf",
  "duration": "NaNms"
}
16:30:05 [[32minfo[39m]: API Request
{
  "service": "ride-hailing-api",
  "environment": "development",
  "type": "API_REQUEST",
  "method": "POST",
  "url": "/api/company/bids",
  "statusCode": 201,
  "responseTime": "NaNms",
  "ip": "127.0.0.1",
  "userAgent": "axios/1.18.1",
  "userId": 1806,
  "userUniqueId": "7e350e22-f087-4f51-adb1-9931d8529cb0"
}
[VerifyToken] Request: {
  method: 'PATCH',
  url: '/dc8b53bc-1595-4493-9e46-f484f1967269/status',
  hasAuth: true
}
[VerifyToken] Token decoded: {
  userUniqueId: '5e76d160-608e-4d5b-8b95-132a6fa878b0',
  phoneNumber: '+251985975882',
  roleId: 1,
  iat: 1786368601
}
[VerifyToken] User authenticated: {
  userUniqueId: '5e76d160-608e-4d5b-8b95-132a6fa878b0',
  phoneNumber: '+251985975882',
  roleId: undefined
}
16:30:05 [[32minfo[39m]: company_target bid accepted — 1 ShipperRequest rows created
{
  "service": "ride-hailing-api",
  "environment": "development",
  "batchUniqueId": "a17d0b7c-1bb0-436e-b137-e430c5c6a68a",
  "bidUniqueId": "dc8b53bc-1595-4493-9e46-f484f1967269",
  "totalVehicles": 1
}
16:30:05 [[32minfo[39m]: Transaction committed
{
  "service": "ride-hailing-api",
  "environment": "development",
  "transactionId": "txn_2026-08-10 13:30:05_lwt75gofm",
  "duration": "NaNms"
}
16:30:05 [[32minfo[39m]: API Request
{
  "service": "ride-hailing-api",
  "environment": "development",
  "type": "API_REQUEST",
  "method": "PATCH",
  "url": "/api/company/bids/dc8b53bc-1595-4493-9e46-f484f1967269/status",
  "statusCode": 200,
  "responseTime": "NaNms",
  "ip": "127.0.0.1",
  "userAgent": "axios/1.18.1",
  "userId": 1809,
  "userUniqueId": "5e76d160-608e-4d5b-8b95-132a6fa878b0"
}
16:30:05 [[32minfo[39m]: Socket connection attempt
{
  "service": "ride-hailing-api",
  "environment": "development",
  "socketId": "o45t1qEWRp-FNW_HAAAJ",
  "handshake": {
    "phoneNumber": "251995975881",
    "user": "driver",
    "token": "Bearer eyJhbGciOiJIUzI1NiIsInR5cCI6IkpXVCJ9.eyJkYXRhIjp7InVzZXJVbmlxdWVJZCI6ImU1OTBhZjYyLTI4ZmItNDljZC1hYjI5LWQ1ZTJkMmM4Zjk5MSIsInBob25lTnVtYmVyIjoiKzI1MTk5NTk3NTg4MSIsInJvbGVJZCI6Mn0sImlhdCI6MTc4NjM2ODYwMH0.SBi7j3kRmJ7DwttFbJ_yrSZm6NDPhXHuotamFmJIBCQ"
  }
}
[VerifyToken] Request: { method: 'POST', url: '/auto', hasAuth: true }
[VerifyToken] Token decoded: {
  userUniqueId: '7e350e22-f087-4f51-adb1-9931d8529cb0',
  phoneNumber: '+251965975884',
  roleId: 7,
  iat: 1786368599
}
[VerifyToken] User authenticated: {
  userUniqueId: '7e350e22-f087-4f51-adb1-9931d8529cb0',
  phoneNumber: '+251965975884',
  roleId: undefined
}
16:30:05 [[32minfo[39m]: Transaction committed
{
  "service": "ride-hailing-api",
  "environment": "development",
  "transactionId": "txn_2026-08-10 13:30:05_fb4cwrx43",
  "duration": "NaNms"
}
16:30:05 [[32minfo[39m]: API Request
{
  "service": "ride-hailing-api",
  "environment": "development",
  "type": "API_REQUEST",
  "method": "POST",
  "url": "/api/company/assignments/auto",
  "statusCode": 201,
  "responseTime": "NaNms",
  "ip": "127.0.0.1",
  "userAgent": "axios/1.18.1",
  "userId": 1806,
  "userUniqueId": "7e350e22-f087-4f51-adb1-9931d8529cb0"
}
[VerifyToken] Request: {
  method: 'GET',
  url: '/api/driver/verifyDriverJourneyStatus',
  hasAuth: true
}
[VerifyToken] Token decoded: {
  userUniqueId: 'e590af62-28fb-49cd-ab29-d5e2d2c8f991',
  phoneNumber: '+251995975881',
  roleId: 2,
  iat: 1786368600
}
[VerifyToken] User authenticated: {
  userUniqueId: 'e590af62-28fb-49cd-ab29-d5e2d2c8f991',
  phoneNumber: '+251995975881',
  roleId: undefined
}
16:30:05 [[32minfo[39m]: API Request
{
  "service": "ride-hailing-api",
  "environment": "development",
  "type": "API_REQUEST",
  "method": "GET",
  "url": "/api/driver/verifyDriverJourneyStatus",
  "statusCode": 200,
  "responseTime": "NaNms",
  "ip": "127.0.0.1",
  "userAgent": "axios/1.18.1",
  "userId": 1808,
  "userUniqueId": "e590af62-28fb-49cd-ab29-d5e2d2c8f991"
}
[VerifyToken] Request: {
  method: 'PATCH',
  url: '/7117625b-1eaa-4532-a3ac-99517c70b1b6/status',
  hasAuth: true
}
[VerifyToken] Token decoded: {
  userUniqueId: 'e590af62-28fb-49cd-ab29-d5e2d2c8f991',
  phoneNumber: '+251995975881',
  roleId: 2,
  iat: 1786368600
}
[VerifyToken] User authenticated: {
  userUniqueId: 'e590af62-28fb-49cd-ab29-d5e2d2c8f991',
  phoneNumber: '+251995975881',
  roleId: undefined
}
16:30:05 [[32minfo[39m]: Transaction committed
{
  "service": "ride-hailing-api",
  "environment": "development",
  "transactionId": "txn_2026-08-10 13:30:05_gcu5tndy3",
  "duration": "NaNms"
}
16:30:05 [[32minfo[39m]: API Request
{
  "service": "ride-hailing-api",
  "environment": "development",
  "type": "API_REQUEST",
  "method": "PATCH",
  "url": "/api/company/assignments/7117625b-1eaa-4532-a3ac-99517c70b1b6/status",
  "statusCode": 200,
  "responseTime": "NaNms",
  "ip": "127.0.0.1",
  "userAgent": "axios/1.18.1",
  "userId": 1808,
  "userUniqueId": "e590af62-28fb-49cd-ab29-d5e2d2c8f991"
}
[VerifyToken] Request: {
  method: 'GET',
  url: '/api/driver/verifyDriverJourneyStatus',
  hasAuth: true
}
[VerifyToken] Token decoded: {
  userUniqueId: 'e590af62-28fb-49cd-ab29-d5e2d2c8f991',
  phoneNumber: '+251995975881',
  roleId: 2,
  iat: 1786368600
}
[VerifyToken] User authenticated: {
  userUniqueId: 'e590af62-28fb-49cd-ab29-d5e2d2c8f991',
  phoneNumber: '+251995975881',
  roleId: undefined
}
16:30:05 [[32minfo[39m]: API Request
{
  "service": "ride-hailing-api",
  "environment": "development",
  "type": "API_REQUEST",
  "method": "GET",
  "url": "/api/driver/verifyDriverJourneyStatus",
  "statusCode": 200,
  "responseTime": "NaNms",
  "ip": "127.0.0.1",
  "userAgent": "axios/1.18.1",
  "userId": 1808,
  "userUniqueId": "e590af62-28fb-49cd-ab29-d5e2d2c8f991"
}
[VerifyToken] Request: { method: 'PUT', url: '/api/driver/startJourney', hasAuth: true }
[VerifyToken] Token decoded: {
  userUniqueId: 'e590af62-28fb-49cd-ab29-d5e2d2c8f991',
  phoneNumber: '+251995975881',
  roleId: 2,
  iat: 1786368600
}
[VerifyToken] User authenticated: {
  userUniqueId: 'e590af62-28fb-49cd-ab29-d5e2d2c8f991',
  phoneNumber: '+251995975881',
  roleId: undefined
}
16:30:05 [[32minfo[39m]: Updating Journey table
{
  "service": "ride-hailing-api",
  "environment": "development",
  "journeyUniqueId": "ba8c133d-8201-478b-b034-875881d6211e",
  "journeyStatusId": 5,
  "updateValues": {
    "journeyStatusId": 5
  },
  "hasConnection": true
}
16:30:05 [[32minfo[39m]: Journey table update result
{
  "service": "ride-hailing-api",
  "environment": "development",
  "journeyUniqueId": "ba8c133d-8201-478b-b034-875881d6211e",
  "affectedRows": 1,
  "changedRows": 0
}
16:30:05 [[32minfo[39m]: Journey status update completed
{
  "service": "ride-hailing-api",
  "environment": "development",
  "journeyUniqueId": "ba8c133d-8201-478b-b034-875881d6211e",
  "journeyStatusId": 5,
  "tablesUpdated": {
    "journey": true,
    "shipperRequest": true,
    "journeyDecision": true,
    "driverRequest": true
  },
  "totalUpdates": 5
}
16:30:05 [[32minfo[39m]: Transaction committed
{
  "service": "ride-hailing-api",
  "environment": "development",
  "transactionId": "txn_2026-08-10 13:30:05_yhf202k6a",
  "duration": "NaNms"
}
16:30:05 [[32minfo[39m]: API Request
{
  "service": "ride-hailing-api",
  "environment": "development",
  "type": "API_REQUEST",
  "method": "PUT",
  "url": "/api/driver/startJourney",
  "statusCode": 200,
  "responseTime": "NaNms",
  "ip": "127.0.0.1",
  "userAgent": "axios/1.18.1",
  "userId": 1808,
  "userUniqueId": "e590af62-28fb-49cd-ab29-d5e2d2c8f991"
}
[VerifyToken] Request: {
  method: 'GET',
  url: '/api/driver/verifyDriverJourneyStatus',
  hasAuth: true
}
[VerifyToken] Token decoded: {
  userUniqueId: 'e590af62-28fb-49cd-ab29-d5e2d2c8f991',
  phoneNumber: '+251995975881',
  roleId: 2,
  iat: 1786368600
}
[VerifyToken] User authenticated: {
  userUniqueId: 'e590af62-28fb-49cd-ab29-d5e2d2c8f991',
  phoneNumber: '+251995975881',
  roleId: undefined
}
16:30:05 [[32minfo[39m]: API Request
{
  "service": "ride-hailing-api",
  "environment": "development",
  "type": "API_REQUEST",
  "method": "GET",
  "url": "/api/driver/verifyDriverJourneyStatus",
  "statusCode": 200,
  "responseTime": "NaNms",
  "ip": "127.0.0.1",
  "userAgent": "axios/1.18.1",
  "userId": 1808,
  "userUniqueId": "e590af62-28fb-49cd-ab29-d5e2d2c8f991"
}
[VerifyToken] Request: { method: 'PUT', url: '/api/driver/completeJourney', hasAuth: true }
[VerifyToken] Token decoded: {
  userUniqueId: 'e590af62-28fb-49cd-ab29-d5e2d2c8f991',
  phoneNumber: '+251995975881',
  roleId: 2,
  iat: 1786368600
}
[VerifyToken] User authenticated: {
  userUniqueId: 'e590af62-28fb-49cd-ab29-d5e2d2c8f991',
  phoneNumber: '+251995975881',
  roleId: undefined
}
16:30:05 [[32minfo[39m]: Updating Journey table
{
  "service": "ride-hailing-api",
  "environment": "development",
  "journeyUniqueId": "ba8c133d-8201-478b-b034-875881d6211e",
  "journeyStatusId": 6,
  "updateValues": {
    "journeyStatusId": 6,
    "endTime": "2026-08-10 13:30:05"
  },
  "hasConnection": true
}
16:30:05 [[32minfo[39m]: Journey table update result
{
  "service": "ride-hailing-api",
  "environment": "development",
  "journeyUniqueId": "ba8c133d-8201-478b-b034-875881d6211e",
  "affectedRows": 1,
  "changedRows": 1
}
16:30:05 [[32minfo[39m]: Journey status update completed
{
  "service": "ride-hailing-api",
  "environment": "development",
  "journeyUniqueId": "ba8c133d-8201-478b-b034-875881d6211e",
  "journeyStatusId": 6,
  "tablesUpdated": {
    "journey": true,
    "shipperRequest": true,
    "journeyDecision": true,
    "driverRequest": true
  },
  "totalUpdates": 6
}
16:30:05 [[32minfo[39m]: Transaction committed
{
  "service": "ride-hailing-api",
  "environment": "development",
  "transactionId": "txn_2026-08-10 13:30:05_sl8bppzpr",
  "duration": "NaNms"
}
16:30:05 [[32minfo[39m]: API Request
{
  "service": "ride-hailing-api",
  "environment": "development",
  "type": "API_REQUEST",
  "method": "PUT",
  "url": "/api/driver/completeJourney",
  "statusCode": 200,
  "responseTime": "NaNms",
  "ip": "127.0.0.1",
  "userAgent": "axios/1.18.1",
  "userId": 1808,
  "userUniqueId": "e590af62-28fb-49cd-ab29-d5e2d2c8f991"
}
[VerifyToken] Request: {
  method: 'PATCH',
  url: '/7117625b-1eaa-4532-a3ac-99517c70b1b6/status',
  hasAuth: true
}
[VerifyToken] Token decoded: {
  userUniqueId: 'e590af62-28fb-49cd-ab29-d5e2d2c8f991',
  phoneNumber: '+251995975881',
  roleId: 2,
  iat: 1786368600
}
[VerifyToken] User authenticated: {
  userUniqueId: 'e590af62-28fb-49cd-ab29-d5e2d2c8f991',
  phoneNumber: '+251995975881',
  roleId: undefined
}
16:30:05 [[32minfo[39m]: Batch auto-completed: all slots delivered
{
  "service": "ride-hailing-api",
  "environment": "development",
  "companyBidRequestUniqueId": "dc8b53bc-1595-4493-9e46-f484f1967269",
  "completedSlots": 1,
  "totalSlots": 1
}
16:30:05 [[32minfo[39m]: Transaction committed
{
  "service": "ride-hailing-api",
  "environment": "development",
  "transactionId": "txn_2026-08-10 13:30:05_jsz344u50",
  "duration": "NaNms"
}
16:30:05 [[32minfo[39m]: API Request
{
  "service": "ride-hailing-api",
  "environment": "development",
  "type": "API_REQUEST",
  "method": "PATCH",
  "url": "/api/company/assignments/7117625b-1eaa-4532-a3ac-99517c70b1b6/status",
  "statusCode": 200,
  "responseTime": "NaNms",
  "ip": "127.0.0.1",
  "userAgent": "axios/1.18.1",
  "userId": 1808,
  "userUniqueId": "e590af62-28fb-49cd-ab29-d5e2d2c8f991"
}
16:30:05 [[32minfo[39m]: Socket disconnected
{
  "service": "ride-hailing-api",
  "environment": "development",
  "socketId": "Y8-aEB9-WfCpSNf7AAAH",
  "reason": "client namespace disconnect",
  "userType": "shipper",
  "identifier": "251985975882"
}
16:30:05 [[32minfo[39m]: Socket disconnected
{
  "service": "ride-hailing-api",
  "environment": "development",
  "socketId": "AhgDGKhxgg9gXRxkAAAF",
  "reason": "client namespace disconnect",
  "userType": "company",
  "identifier": "251965975884"
}
16:30:05 [[32minfo[39m]: Socket disconnected
{
  "service": "ride-hailing-api",
  "environment": "development",
  "socketId": "o45t1qEWRp-FNW_HAAAJ",
  "reason": "client namespace disconnect",
  "userType": "driver",
  "identifier": "251995975881"
}
[VerifyToken] Request: { method: 'GET', url: '/', hasAuth: true }
[VerifyToken] Token decoded: {
  userUniqueId: '5e76d160-608e-4d5b-8b95-132a6fa878b0',
  phoneNumber: '+251985975882',
  roleId: 1,
  iat: 1786368601
}
[VerifyToken] User authenticated: {
  userUniqueId: '5e76d160-608e-4d5b-8b95-132a6fa878b0',
  phoneNumber: '+251985975882',
  roleId: undefined
}
16:30:05 [[32minfo[39m]: API Request
{
  "service": "ride-hailing-api",
  "environment": "development",
  "type": "API_REQUEST",
  "method": "GET",
  "url": "/api/admin/vehicleTypes",
  "statusCode": 200,
  "responseTime": "NaNms",
  "ip": "127.0.0.1",
  "userAgent": "axios/1.18.1",
  "userId": 1809,
  "userUniqueId": "5e76d160-608e-4d5b-8b95-132a6fa878b0"
}
[VerifyToken] Request: {
  method: 'POST',
  url: '/api/shipperRequest/createRequest',
  hasAuth: true
}
[VerifyToken] Token decoded: {
  userUniqueId: '5e76d160-608e-4d5b-8b95-132a6fa878b0',
  phoneNumber: '+251985975882',
  roleId: 1,
  iat: 1786368601
}
[VerifyToken] User authenticated: {
  userUniqueId: '5e76d160-608e-4d5b-8b95-132a6fa878b0',
  phoneNumber: '+251985975882',
  roleId: undefined
}
16:30:05 [[33mwarn[39m]: Duplicate JourneyDecision detected (race condition), skipping
{
  "service": "ride-hailing-api",
  "environment": "development",
  "driverRequestId": 23,
  "shipperRequestId": 1437,
  "error": "Duplicate entry '23' for key 'journeydecisions.driverRequestId'"
}
16:30:05 [[33mwarn[39m]: Duplicate JourneyDecision detected (race condition), skipping
{
  "service": "ride-hailing-api",
  "environment": "development",
  "driverRequestId": 28,
  "shipperRequestId": 1437,
  "error": "Duplicate entry '28' for key 'journeydecisions.driverRequestId'"
}
16:30:05 [[33mwarn[39m]: Duplicate JourneyDecision detected (race condition), skipping
{
  "service": "ride-hailing-api",
  "environment": "development",
  "driverRequestId": 33,
  "shipperRequestId": 1437,
  "error": "Duplicate entry '33' for key 'journeydecisions.driverRequestId'"
}
16:30:05 [[33mwarn[39m]: Duplicate JourneyDecision detected (race condition), skipping
{
  "service": "ride-hailing-api",
  "environment": "development",
  "driverRequestId": 48,
  "shipperRequestId": 1437,
  "error": "Duplicate entry '48' for key 'journeydecisions.driverRequestId'"
}
16:30:05 [[33mwarn[39m]: Duplicate JourneyDecision detected (race condition), skipping
{
  "service": "ride-hailing-api",
  "environment": "development",
  "driverRequestId": 56,
  "shipperRequestId": 1437,
  "error": "Duplicate entry '56' for key 'journeydecisions.driverRequestId'"
}
16:30:05 [[32minfo[39m]: Transaction committed
{
  "service": "ride-hailing-api",
  "environment": "development",
  "transactionId": "txn_2026-08-10 13:30:05_bg70j95ut",
  "duration": "NaNms"
}
16:30:05 [[32minfo[39m]: API Request
{
  "service": "ride-hailing-api",
  "environment": "development",
  "type": "API_REQUEST",
  "method": "POST",
  "url": "/api/shipperRequest/createRequest",
  "statusCode": 200,
  "responseTime": "NaNms",
  "ip": "127.0.0.1",
  "userAgent": "axios/1.18.1",
  "userId": 1809,
  "userUniqueId": "5e76d160-608e-4d5b-8b95-132a6fa878b0"
}
16:30:05 [[32minfo[39m]: Socket connection attempt
{
  "service": "ride-hailing-api",
  "environment": "development",
  "socketId": "FBWat3USi1AzcWKJAAAL",
  "handshake": {
    "phoneNumber": "251985975882",
    "user": "shipper",
    "token": "Bearer eyJhbGciOiJIUzI1NiIsInR5cCI6IkpXVCJ9.eyJkYXRhIjp7InVzZXJVbmlxdWVJZCI6IjVlNzZkMTYwLTYwOGUtNGQ1Yi04Yjk1LTEzMmE2ZmE4NzhiMCIsInBob25lTnVtYmVyIjoiKzI1MTk4NTk3NTg4MiIsInJvbGVJZCI6MX0sImlhdCI6MTc4NjM2ODYwMX0.RdaZ4W4BkGeBmRUI5rAEygeamyC4LaItFgi0Kx1By-g"
  }
}
[VerifyToken] Request: { method: 'POST', url: '/api/driver/request', hasAuth: true }
[VerifyToken] Token decoded: {
  userUniqueId: 'e590af62-28fb-49cd-ab29-d5e2d2c8f991',
  phoneNumber: '+251995975881',
  roleId: 2,
  iat: 1786368600
}
[VerifyToken] User authenticated: {
  userUniqueId: 'e590af62-28fb-49cd-ab29-d5e2d2c8f991',
  phoneNumber: '+251995975881',
  roleId: undefined
}
16:30:05 [[32minfo[39m]: Transaction committed
{
  "service": "ride-hailing-api",
  "environment": "development",
  "transactionId": "txn_2026-08-10 13:30:05_no71rr50t",
  "duration": "NaNms"
}
16:30:05 [[32minfo[39m]: API Request
{
  "service": "ride-hailing-api",
  "environment": "development",
  "type": "API_REQUEST",
  "method": "POST",
  "url": "/api/driver/request",
  "statusCode": 201,
  "responseTime": "NaNms",
  "ip": "127.0.0.1",
  "userAgent": "axios/1.18.1",
  "userId": 1808,
  "userUniqueId": "e590af62-28fb-49cd-ab29-d5e2d2c8f991"
}
16:30:05 [[32minfo[39m]: Socket connection attempt
{
  "service": "ride-hailing-api",
  "environment": "development",
  "socketId": "AAxtH40p2brng1o_AAAN",
  "handshake": {
    "phoneNumber": "251995975881",
    "user": "driver",
    "token": "Bearer eyJhbGciOiJIUzI1NiIsInR5cCI6IkpXVCJ9.eyJkYXRhIjp7InVzZXJVbmlxdWVJZCI6ImU1OTBhZjYyLTI4ZmItNDljZC1hYjI5LWQ1ZTJkMmM4Zjk5MSIsInBob25lTnVtYmVyIjoiKzI1MTk5NTk3NTg4MSIsInJvbGVJZCI6Mn0sImlhdCI6MTc4NjM2ODYwMH0.SBi7j3kRmJ7DwttFbJ_yrSZm6NDPhXHuotamFmJIBCQ"
  }
}
[VerifyToken] Request: {
  method: 'GET',
  url: '/api/driver/verifyDriverJourneyStatus',
  hasAuth: true
}
[VerifyToken] Token decoded: {
  userUniqueId: 'e590af62-28fb-49cd-ab29-d5e2d2c8f991',
  phoneNumber: '+251995975881',
  roleId: 2,
  iat: 1786368600
}
[VerifyToken] User authenticated: {
  userUniqueId: 'e590af62-28fb-49cd-ab29-d5e2d2c8f991',
  phoneNumber: '+251995975881',
  roleId: undefined
}
16:30:05 [[32minfo[39m]: API Request
{
  "service": "ride-hailing-api",
  "environment": "development",
  "type": "API_REQUEST",
  "method": "GET",
  "url": "/api/driver/verifyDriverJourneyStatus",
  "statusCode": 200,
  "responseTime": "NaNms",
  "ip": "127.0.0.1",
  "userAgent": "axios/1.18.1",
  "userId": 1808,
  "userUniqueId": "e590af62-28fb-49cd-ab29-d5e2d2c8f991"
}
[VerifyToken] Request: {
  method: 'PUT',
  url: '/api/driver/cancelDriverRequest?ownerUserUniqueId=self&roleId=2&cancellationReasonsTypeId=2',
  hasAuth: true
}
[VerifyToken] Token decoded: {
  userUniqueId: 'e590af62-28fb-49cd-ab29-d5e2d2c8f991',
  phoneNumber: '+251995975881',
  roleId: 2,
  iat: 1786368600
}
[VerifyToken] User authenticated: {
  userUniqueId: 'e590af62-28fb-49cd-ab29-d5e2d2c8f991',
  phoneNumber: '+251995975881',
  roleId: undefined
}
16:30:05 [[31merror[39m]: Redis connection error
Error: Stream isn't writeable and enableOfflineQueue options is false
    at EventEmitter.sendCommand (/Users/zewedu/Desktop/Projects/transportBackEndNative/node_modules/ioredis/built/Redis.js:376:32)
    at EventEmitter.keys (/Users/zewedu/Desktop/Projects/transportBackEndNative/node_modules/ioredis/built/utils/Commander.js:90:25)
    at sendSocketIONotificationToAdmin (/Users/zewedu/Desktop/Projects/transportBackEndNative/Utils/Notifications.js:151:26)
    at Object.cancelDriverRequest (/Users/zewedu/Desktop/Projects/transportBackEndNative/Services/DriverRequest/actionCancelDriverRequest.service.js:442:11)
    at process.processTicksAndRejections (node:internal/process/task_queues:105:5)
    at async /Users/zewedu/Desktop/Projects/transportBackEndNative/Controllers/Driver.controller.js:248:14
    at async /Users/zewedu/Desktop/Projects/transportBackEndNative/Utils/DatabaseTransaction.js:101:14
    at async executeInTransaction (/Users/zewedu/Desktop/Projects/transportBackEndNative/Utils/DatabaseTransaction.js:99:20)
    at async cancelDriverRequest (/Users/zewedu/Desktop/Projects/transportBackEndNative/Controllers/Driver.controller.js:247:20)
{
  "service": "ride-hailing-api",
  "environment": "development",
  "error": "Stream isn't writeable and enableOfflineQueue options is false"
}
16:30:05 [[32minfo[39m]: Transaction committed
{
  "service": "ride-hailing-api",
  "environment": "development",
  "transactionId": "txn_2026-08-10 13:30:05_097mgjmt1",
  "duration": "NaNms"
}
16:30:05 [[32minfo[39m]: API Request
{
  "service": "ride-hailing-api",
  "environment": "development",
  "type": "API_REQUEST",
  "method": "PUT",
  "url": "/api/driver/cancelDriverRequest?ownerUserUniqueId=self&roleId=2&cancellationReasonsTypeId=2",
  "statusCode": 200,
  "responseTime": "NaNms",
  "ip": "127.0.0.1",
  "userAgent": "axios/1.18.1",
  "userId": 1808,
  "userUniqueId": "e590af62-28fb-49cd-ab29-d5e2d2c8f991"
}
[VerifyToken] Request: {
  method: 'GET',
  url: '/api/driver/verifyDriverJourneyStatus',
  hasAuth: true
}
[VerifyToken] Token decoded: {
  userUniqueId: 'e590af62-28fb-49cd-ab29-d5e2d2c8f991',
  phoneNumber: '+251995975881',
  roleId: 2,
  iat: 1786368600
}
[VerifyToken] User authenticated: {
  userUniqueId: 'e590af62-28fb-49cd-ab29-d5e2d2c8f991',
  phoneNumber: '+251995975881',
  roleId: undefined
}
16:30:05 [[32minfo[39m]: API Request
{
  "service": "ride-hailing-api",
  "environment": "development",
  "type": "API_REQUEST",
  "method": "GET",
  "url": "/api/driver/verifyDriverJourneyStatus",
  "statusCode": 200,
  "responseTime": "NaNms",
  "ip": "127.0.0.1",
  "userAgent": "axios/1.18.1",
  "userId": 1808,
  "userUniqueId": "e590af62-28fb-49cd-ab29-d5e2d2c8f991"
}
[VerifyToken] Request: { method: 'POST', url: '/api/driver/request', hasAuth: true }
[VerifyToken] Token decoded: {
  userUniqueId: 'e590af62-28fb-49cd-ab29-d5e2d2c8f991',
  phoneNumber: '+251995975881',
  roleId: 2,
  iat: 1786368600
}
[VerifyToken] User authenticated: {
  userUniqueId: 'e590af62-28fb-49cd-ab29-d5e2d2c8f991',
  phoneNumber: '+251995975881',
  roleId: undefined
}
16:30:05 [[32minfo[39m]: Transaction committed
{
  "service": "ride-hailing-api",
  "environment": "development",
  "transactionId": "txn_2026-08-10 13:30:05_52d7oje50",
  "duration": "NaNms"
}
16:30:05 [[32minfo[39m]: API Request
{
  "service": "ride-hailing-api",
  "environment": "development",
  "type": "API_REQUEST",
  "method": "POST",
  "url": "/api/driver/request",
  "statusCode": 201,
  "responseTime": "NaNms",
  "ip": "127.0.0.1",
  "userAgent": "axios/1.18.1",
  "userId": 1808,
  "userUniqueId": "e590af62-28fb-49cd-ab29-d5e2d2c8f991"
}
16:30:05 [[32minfo[39m]: Socket disconnected
{
  "service": "ride-hailing-api",
  "environment": "development",
  "socketId": "AAxtH40p2brng1o_AAAN",
  "reason": "client namespace disconnect",
  "userType": "driver",
  "identifier": "251995975881"
}
16:30:05 [[32minfo[39m]: Socket disconnected
{
  "service": "ride-hailing-api",
  "environment": "development",
  "socketId": "FBWat3USi1AzcWKJAAAL",
  "reason": "client namespace disconnect",
  "userType": "shipper",
  "identifier": "251985975882"
}
[VerifyToken] Request: { method: 'GET', url: '/', hasAuth: true }
[VerifyToken] Token decoded: {
  userUniqueId: '5e76d160-608e-4d5b-8b95-132a6fa878b0',
  phoneNumber: '+251985975882',
  roleId: 1,
  iat: 1786368601
}
[VerifyToken] User authenticated: {
  userUniqueId: '5e76d160-608e-4d5b-8b95-132a6fa878b0',
  phoneNumber: '+251985975882',
  roleId: undefined
}
16:30:05 [[32minfo[39m]: API Request
{
  "service": "ride-hailing-api",
  "environment": "development",
  "type": "API_REQUEST",
  "method": "GET",
  "url": "/api/admin/vehicleTypes",
  "statusCode": 200,
  "responseTime": "NaNms",
  "ip": "127.0.0.1",
  "userAgent": "axios/1.18.1",
  "userId": 1809,
  "userUniqueId": "5e76d160-608e-4d5b-8b95-132a6fa878b0"
}
[VerifyToken] Request: {
  method: 'POST',
  url: '/api/shipperRequest/createRequest',
  hasAuth: true
}
[VerifyToken] Token decoded: {
  userUniqueId: '5e76d160-608e-4d5b-8b95-132a6fa878b0',
  phoneNumber: '+251985975882',
  roleId: 1,
  iat: 1786368601
}
[VerifyToken] User authenticated: {
  userUniqueId: '5e76d160-608e-4d5b-8b95-132a6fa878b0',
  phoneNumber: '+251985975882',
  roleId: undefined
}
16:30:05 [[32minfo[39m]: company_target batch created (PR rows deferred to bid acceptance)
{
  "service": "ride-hailing-api",
  "environment": "development",
  "shipperRequestBatchUniqueId": "a590ee28-b9de-46de-9808-7be63cf795dd",
  "totalVehicles": 1,
  "userUniqueId": "5e76d160-608e-4d5b-8b95-132a6fa878b0"
}
16:30:05 [[32minfo[39m]: Transaction committed
{
  "service": "ride-hailing-api",
  "environment": "development",
  "transactionId": "txn_2026-08-10 13:30:05_1bgy82uhj",
  "duration": "NaNms"
}
16:30:05 [[32minfo[39m]: API Request
{
  "service": "ride-hailing-api",
  "environment": "development",
  "type": "API_REQUEST",
  "method": "POST",
  "url": "/api/shipperRequest/createRequest",
  "statusCode": 200,
  "responseTime": "NaNms",
  "ip": "127.0.0.1",
  "userAgent": "axios/1.18.1",
  "userId": 1809,
  "userUniqueId": "5e76d160-608e-4d5b-8b95-132a6fa878b0"
}
[VerifyToken] Request: {
  method: 'GET',
  url: '/?target=available&companyUniqueId=3bf53a94-2138-453c-9523-6dd7c12540e0',
  hasAuth: true
}
[VerifyToken] Token decoded: {
  userUniqueId: '7e350e22-f087-4f51-adb1-9931d8529cb0',
  phoneNumber: '+251965975884',
  roleId: 7,
  iat: 1786368599
}
[VerifyToken] User authenticated: {
  userUniqueId: '7e350e22-f087-4f51-adb1-9931d8529cb0',
  phoneNumber: '+251965975884',
  roleId: undefined
}
16:30:05 [[32minfo[39m]: API Request
{
  "service": "ride-hailing-api",
  "environment": "development",
  "type": "API_REQUEST",
  "method": "GET",
  "url": "/api/company/bids?target=available&companyUniqueId=3bf53a94-2138-453c-9523-6dd7c12540e0",
  "statusCode": 200,
  "responseTime": "NaNms",
  "ip": "127.0.0.1",
  "userAgent": "axios/1.18.1",
  "userId": 1806,
  "userUniqueId": "7e350e22-f087-4f51-adb1-9931d8529cb0"
}
[VerifyToken] Request: { method: 'POST', url: '/', hasAuth: true }
[VerifyToken] Token decoded: {
  userUniqueId: '7e350e22-f087-4f51-adb1-9931d8529cb0',
  phoneNumber: '+251965975884',
  roleId: 7,
  iat: 1786368599
}
[VerifyToken] User authenticated: {
  userUniqueId: '7e350e22-f087-4f51-adb1-9931d8529cb0',
  phoneNumber: '+251965975884',
  roleId: undefined
}
16:30:05 [[33mwarn[39m]: No active shipper socket found for notification
{
  "service": "ride-hailing-api",
  "environment": "development",
  "phoneNumber": "251985975882"
}
16:30:05 [[32minfo[39m]: Transaction committed
{
  "service": "ride-hailing-api",
  "environment": "development",
  "transactionId": "txn_2026-08-10 13:30:05_sdpgmxu8v",
  "duration": "NaNms"
}
16:30:05 [[32minfo[39m]: API Request
{
  "service": "ride-hailing-api",
  "environment": "development",
  "type": "API_REQUEST",
  "method": "POST",
  "url": "/api/company/bids",
  "statusCode": 201,
  "responseTime": "NaNms",
  "ip": "127.0.0.1",
  "userAgent": "axios/1.18.1",
  "userId": 1806,
  "userUniqueId": "7e350e22-f087-4f51-adb1-9931d8529cb0"
}
[VerifyToken] Request: {
  method: 'GET',
  url: '/?companyUniqueId=3bf53a94-2138-453c-9523-6dd7c12540e0&bidStatus=submitted',
  hasAuth: true
}
[VerifyToken] Token decoded: {
  userUniqueId: '7e350e22-f087-4f51-adb1-9931d8529cb0',
  phoneNumber: '+251965975884',
  roleId: 7,
  iat: 1786368599
}
[VerifyToken] User authenticated: {
  userUniqueId: '7e350e22-f087-4f51-adb1-9931d8529cb0',
  phoneNumber: '+251965975884',
  roleId: undefined
}
16:30:05 [[32minfo[39m]: API Request
{
  "service": "ride-hailing-api",
  "environment": "development",
  "type": "API_REQUEST",
  "method": "GET",
  "url": "/api/company/bids?companyUniqueId=3bf53a94-2138-453c-9523-6dd7c12540e0&bidStatus=submitted",
  "statusCode": 200,
  "responseTime": "NaNms",
  "ip": "127.0.0.1",
  "userAgent": "axios/1.18.1",
  "userId": 1806,
  "userUniqueId": "7e350e22-f087-4f51-adb1-9931d8529cb0"
}
[VerifyToken] Request: {
  method: 'PATCH',
  url: '/bfeca571-b5aa-415a-a260-0f825e195891/status',
  hasAuth: true
}
[VerifyToken] Token decoded: {
  userUniqueId: '5e76d160-608e-4d5b-8b95-132a6fa878b0',
  phoneNumber: '+251985975882',
  roleId: 1,
  iat: 1786368601
}
[VerifyToken] User authenticated: {
  userUniqueId: '5e76d160-608e-4d5b-8b95-132a6fa878b0',
  phoneNumber: '+251985975882',
  roleId: undefined
}
16:30:05 [[32minfo[39m]: company_target bid accepted — 1 ShipperRequest rows created
{
  "service": "ride-hailing-api",
  "environment": "development",
  "batchUniqueId": "a590ee28-b9de-46de-9808-7be63cf795dd",
  "bidUniqueId": "bfeca571-b5aa-415a-a260-0f825e195891",
  "totalVehicles": 1
}
16:30:05 [[32minfo[39m]: Transaction committed
{
  "service": "ride-hailing-api",
  "environment": "development",
  "transactionId": "txn_2026-08-10 13:30:05_6buattjxg",
  "duration": "NaNms"
}
16:30:05 [[32minfo[39m]: API Request
{
  "service": "ride-hailing-api",
  "environment": "development",
  "type": "API_REQUEST",
  "method": "PATCH",
  "url": "/api/company/bids/bfeca571-b5aa-415a-a260-0f825e195891/status",
  "statusCode": 200,
  "responseTime": "NaNms",
  "ip": "127.0.0.1",
  "userAgent": "axios/1.18.1",
  "userId": 1809,
  "userUniqueId": "5e76d160-608e-4d5b-8b95-132a6fa878b0"
}
[VerifyToken] Request: {
  method: 'GET',
  url: '/?companyUniqueId=3bf53a94-2138-453c-9523-6dd7c12540e0&assignmentStatus=active',
  hasAuth: true
}
[VerifyToken] Token decoded: {
  userUniqueId: '7e350e22-f087-4f51-adb1-9931d8529cb0',
  phoneNumber: '+251965975884',
  roleId: 7,
  iat: 1786368599
}
[VerifyToken] User authenticated: {
  userUniqueId: '7e350e22-f087-4f51-adb1-9931d8529cb0',
  phoneNumber: '+251965975884',
  roleId: undefined
}
16:30:05 [[32minfo[39m]: API Request
{
  "service": "ride-hailing-api",
  "environment": "development",
  "type": "API_REQUEST",
  "method": "GET",
  "url": "/api/company/fleet?companyUniqueId=3bf53a94-2138-453c-9523-6dd7c12540e0&assignmentStatus=active",
  "statusCode": 200,
  "responseTime": "NaNms",
  "ip": "127.0.0.1",
  "userAgent": "axios/1.18.1",
  "userId": 1806,
  "userUniqueId": "7e350e22-f087-4f51-adb1-9931d8529cb0"
}
[VerifyToken] Request: { method: 'POST', url: '/auto', hasAuth: true }
[VerifyToken] Token decoded: {
  userUniqueId: '7e350e22-f087-4f51-adb1-9931d8529cb0',
  phoneNumber: '+251965975884',
  roleId: 7,
  iat: 1786368599
}
[VerifyToken] User authenticated: {
  userUniqueId: '7e350e22-f087-4f51-adb1-9931d8529cb0',
  phoneNumber: '+251965975884',
  roleId: undefined
}
16:30:05 [[32minfo[39m]: JourneyDecision created at assignment time
{
  "service": "ride-hailing-api",
  "environment": "development",
  "journeyDecisionUniqueId": "03e39012-ae3b-4929-97f1-c504bcfaf855",
  "shipperRequestUniqueId": "f9111e34-3f42-4156-8825-5cc6c9c1759f",
  "driverRequestUniqueId": "af01be76-c3d0-4ba1-9e36-5c7698209e66",
  "journeyStatusId": 2
}
16:30:05 [[33mwarn[39m]: No active shipper socket found for notification
{
  "service": "ride-hailing-api",
  "environment": "development",
  "phoneNumber": "251985975882"
}
16:30:05 [[32minfo[39m]: Transaction committed
{
  "service": "ride-hailing-api",
  "environment": "development",
  "transactionId": "txn_2026-08-10 13:30:05_f7t4962ic",
  "duration": "NaNms"
}
16:30:05 [[32minfo[39m]: API Request
{
  "service": "ride-hailing-api",
  "environment": "development",
  "type": "API_REQUEST",
  "method": "POST",
  "url": "/api/company/assignments/auto",
  "statusCode": 201,
  "responseTime": "NaNms",
  "ip": "127.0.0.1",
  "userAgent": "axios/1.18.1",
  "userId": 1806,
  "userUniqueId": "7e350e22-f087-4f51-adb1-9931d8529cb0"
}
[VerifyToken] Request: {
  method: 'GET',
  url: '/api/driver/verifyDriverJourneyStatus',
  hasAuth: true
}
[VerifyToken] Token decoded: {
  userUniqueId: 'e590af62-28fb-49cd-ab29-d5e2d2c8f991',
  phoneNumber: '+251995975881',
  roleId: 2,
  iat: 1786368600
}
[VerifyToken] User authenticated: {
  userUniqueId: 'e590af62-28fb-49cd-ab29-d5e2d2c8f991',
  phoneNumber: '+251995975881',
  roleId: undefined
}
16:30:05 [[33mwarn[39m]: No active shipper socket found for notification
{
  "service": "ride-hailing-api",
  "environment": "development",
  "phoneNumber": "251985975882"
}
16:30:05 [[33mwarn[39m]: No active driver socket found for notification
{
  "service": "ride-hailing-api",
  "environment": "development",
  "phoneNumber": "251995975881"
}
16:30:05 [[33mwarn[39m]: No active shipper socket found for notification
{
  "service": "ride-hailing-api",
  "environment": "development",
  "phoneNumber": "251985975882"
}
16:30:05 [[32minfo[39m]: API Request
{
  "service": "ride-hailing-api",
  "environment": "development",
  "type": "API_REQUEST",
  "method": "GET",
  "url": "/api/driver/verifyDriverJourneyStatus",
  "statusCode": 200,
  "responseTime": "NaNms",
  "ip": "127.0.0.1",
  "userAgent": "axios/1.18.1",
  "userId": 1808,
  "userUniqueId": "e590af62-28fb-49cd-ab29-d5e2d2c8f991"
}
16:30:05 [[32minfo[39m]: Socket connection attempt
{
  "service": "ride-hailing-api",
  "environment": "development",
  "socketId": "LU2NjqSc79eOYCISAAAP",
  "handshake": {
    "phoneNumber": "251965975884",
    "user": "company",
    "token": "Bearer eyJhbGciOiJIUzI1NiIsInR5cCI6IkpXVCJ9.eyJkYXRhIjp7InVzZXJVbmlxdWVJZCI6IjdlMzUwZTIyLWYwODctNGY1MS1hZGIxLTk5MzFkODUyOWNiMCIsInBob25lTnVtYmVyIjoiKzI1MTk2NTk3NTg4NCIsInJvbGVJZCI6N30sImlhdCI6MTc4NjM2ODU5OX0.A2TKvn0BrNJXlvgJoOjmeuGpiVq_BkGH0_mH_4SWpq0"
  }
}
16:30:05 [[32minfo[39m]: Socket connection attempt
{
  "service": "ride-hailing-api",
  "environment": "development",
  "socketId": "xCLDulDRdO3rRBK3AAAR",
  "handshake": {
    "phoneNumber": "251995975881",
    "user": "driver",
    "token": "Bearer eyJhbGciOiJIUzI1NiIsInR5cCI6IkpXVCJ9.eyJkYXRhIjp7InVzZXJVbmlxdWVJZCI6ImU1OTBhZjYyLTI4ZmItNDljZC1hYjI5LWQ1ZTJkMmM4Zjk5MSIsInBob25lTnVtYmVyIjoiKzI1MTk5NTk3NTg4MSIsInJvbGVJZCI6Mn0sImlhdCI6MTc4NjM2ODYwMH0.SBi7j3kRmJ7DwttFbJ_yrSZm6NDPhXHuotamFmJIBCQ"
  }
}
[VerifyToken] Request: {
  method: 'PATCH',
  url: '/2130e44b-ce51-4833-be74-6abf84f2010d/status',
  hasAuth: true
}
[VerifyToken] Token decoded: {
  userUniqueId: 'e590af62-28fb-49cd-ab29-d5e2d2c8f991',
  phoneNumber: '+251995975881',
  roleId: 2,
  iat: 1786368600
}
[VerifyToken] User authenticated: {
  userUniqueId: 'e590af62-28fb-49cd-ab29-d5e2d2c8f991',
  phoneNumber: '+251995975881',
  roleId: undefined
}
16:30:05 [[33mwarn[39m]: No active shipper socket found for notification
{
  "service": "ride-hailing-api",
  "environment": "development",
  "phoneNumber": "251985975882"
}
16:30:05 [[32minfo[39m]: Assignment rejected — slot open for reassignment
{
  "service": "ride-hailing-api",
  "environment": "development",
  "assignmentUniqueId": "2130e44b-ce51-4833-be74-6abf84f2010d",
  "companyBidRequestUniqueId": "bfeca571-b5aa-415a-a260-0f825e195891"
}
16:30:05 [[32minfo[39m]: Transaction committed
{
  "service": "ride-hailing-api",
  "environment": "development",
  "transactionId": "txn_2026-08-10 13:30:05_1s8rkeyjz",
  "duration": "NaNms"
}
16:30:05 [[32minfo[39m]: API Request
{
  "service": "ride-hailing-api",
  "environment": "development",
  "type": "API_REQUEST",
  "method": "PATCH",
  "url": "/api/company/assignments/2130e44b-ce51-4833-be74-6abf84f2010d/status",
  "statusCode": 200,
  "responseTime": "NaNms",
  "ip": "127.0.0.1",
  "userAgent": "axios/1.18.1",
  "userId": 1808,
  "userUniqueId": "e590af62-28fb-49cd-ab29-d5e2d2c8f991"
}
[VerifyToken] Request: {
  method: 'GET',
  url: '/?assignmentUniqueId=2130e44b-ce51-4833-be74-6abf84f2010d',
  hasAuth: true
}
[VerifyToken] Token decoded: {
  userUniqueId: '7e350e22-f087-4f51-adb1-9931d8529cb0',
  phoneNumber: '+251965975884',
  roleId: 7,
  iat: 1786368599
}
[VerifyToken] User authenticated: {
  userUniqueId: '7e350e22-f087-4f51-adb1-9931d8529cb0',
  phoneNumber: '+251965975884',
  roleId: undefined
}
16:30:05 [[32minfo[39m]: API Request
{
  "service": "ride-hailing-api",
  "environment": "development",
  "type": "API_REQUEST",
  "method": "GET",
  "url": "/api/company/assignments?assignmentUniqueId=2130e44b-ce51-4833-be74-6abf84f2010d",
  "statusCode": 200,
  "responseTime": "NaNms",
  "ip": "127.0.0.1",
  "userAgent": "axios/1.18.1",
  "userId": 1806,
  "userUniqueId": "7e350e22-f087-4f51-adb1-9931d8529cb0"
}
[VerifyToken] Request: {
  method: 'GET',
  url: '/api/driver/verifyDriverJourneyStatus',
  hasAuth: true
}
[VerifyToken] Token decoded: {
  userUniqueId: 'e590af62-28fb-49cd-ab29-d5e2d2c8f991',
  phoneNumber: '+251995975881',
  roleId: 2,
  iat: 1786368600
}
[VerifyToken] User authenticated: {
  userUniqueId: 'e590af62-28fb-49cd-ab29-d5e2d2c8f991',
  phoneNumber: '+251995975881',
  roleId: undefined
}
16:30:05 [[32minfo[39m]: API Request
{
  "service": "ride-hailing-api",
  "environment": "development",
  "type": "API_REQUEST",
  "method": "GET",
  "url": "/api/driver/verifyDriverJourneyStatus",
  "statusCode": 200,
  "responseTime": "NaNms",
  "ip": "127.0.0.1",
  "userAgent": "axios/1.18.1",
  "userId": 1808,
  "userUniqueId": "e590af62-28fb-49cd-ab29-d5e2d2c8f991"
}
16:30:05 [[32minfo[39m]: Socket disconnected
{
  "service": "ride-hailing-api",
  "environment": "development",
  "socketId": "LU2NjqSc79eOYCISAAAP",
  "reason": "client namespace disconnect",
  "userType": "company",
  "identifier": "251965975884"
}
16:30:05 [[32minfo[39m]: Socket disconnected
{
  "service": "ride-hailing-api",
  "environment": "development",
  "socketId": "xCLDulDRdO3rRBK3AAAR",
  "reason": "client namespace disconnect",
  "userType": "driver",
  "identifier": "251995975881"
}
[VerifyToken] Request: { method: 'GET', url: '/', hasAuth: true }
[VerifyToken] Token decoded: {
  userUniqueId: '5e76d160-608e-4d5b-8b95-132a6fa878b0',
  phoneNumber: '+251985975882',
  roleId: 1,
  iat: 1786368601
}
[VerifyToken] User authenticated: {
  userUniqueId: '5e76d160-608e-4d5b-8b95-132a6fa878b0',
  phoneNumber: '+251985975882',
  roleId: undefined
}
16:30:05 [[32minfo[39m]: API Request
{
  "service": "ride-hailing-api",
  "environment": "development",
  "type": "API_REQUEST",
  "method": "GET",
  "url": "/api/admin/vehicleTypes",
  "statusCode": 200,
  "responseTime": "NaNms",
  "ip": "127.0.0.1",
  "userAgent": "axios/1.18.1",
  "userId": 1809,
  "userUniqueId": "5e76d160-608e-4d5b-8b95-132a6fa878b0"
}
[VerifyToken] Request: {
  method: 'POST',
  url: '/api/shipperRequest/createRequest',
  hasAuth: true
}
[VerifyToken] Token decoded: {
  userUniqueId: '5e76d160-608e-4d5b-8b95-132a6fa878b0',
  phoneNumber: '+251985975882',
  roleId: 1,
  iat: 1786368601
}
[VerifyToken] User authenticated: {
  userUniqueId: '5e76d160-608e-4d5b-8b95-132a6fa878b0',
  phoneNumber: '+251985975882',
  roleId: undefined
}
16:30:05 [[32minfo[39m]: Transaction committed
{
  "service": "ride-hailing-api",
  "environment": "development",
  "transactionId": "txn_2026-08-10 13:30:05_pxf4kqtoj",
  "duration": "NaNms"
}
16:30:05 [[32minfo[39m]: API Request
{
  "service": "ride-hailing-api",
  "environment": "development",
  "type": "API_REQUEST",
  "method": "POST",
  "url": "/api/shipperRequest/createRequest",
  "statusCode": 200,
  "responseTime": "NaNms",
  "ip": "127.0.0.1",
  "userAgent": "axios/1.18.1",
  "userId": 1809,
  "userUniqueId": "5e76d160-608e-4d5b-8b95-132a6fa878b0"
}
[VerifyToken] Request: { method: 'POST', url: '/api/driver/request', hasAuth: true }
[VerifyToken] Token decoded: {
  userUniqueId: 'e590af62-28fb-49cd-ab29-d5e2d2c8f991',
  phoneNumber: '+251995975881',
  roleId: 2,
  iat: 1786368600
}
[VerifyToken] User authenticated: {
  userUniqueId: 'e590af62-28fb-49cd-ab29-d5e2d2c8f991',
  phoneNumber: '+251995975881',
  roleId: undefined
}
16:30:05 [[33mwarn[39m]: No active shipper socket found for notification
{
  "service": "ride-hailing-api",
  "environment": "development",
  "phoneNumber": "251985975882"
}
16:30:05 [[32minfo[39m]: Transaction committed
{
  "service": "ride-hailing-api",
  "environment": "development",
  "transactionId": "txn_2026-08-10 13:30:05_ab36109dn",
  "duration": "NaNms"
}
16:30:05 [[32minfo[39m]: API Request
{
  "service": "ride-hailing-api",
  "environment": "development",
  "type": "API_REQUEST",
  "method": "POST",
  "url": "/api/driver/request",
  "statusCode": 201,
  "responseTime": "NaNms",
  "ip": "127.0.0.1",
  "userAgent": "axios/1.18.1",
  "userId": 1808,
  "userUniqueId": "e590af62-28fb-49cd-ab29-d5e2d2c8f991"
}
[VerifyToken] Request: {
  method: 'GET',
  url: '/api/driver/verifyDriverJourneyStatus',
  hasAuth: true
}
[VerifyToken] Token decoded: {
  userUniqueId: 'e590af62-28fb-49cd-ab29-d5e2d2c8f991',
  phoneNumber: '+251995975881',
  roleId: 2,
  iat: 1786368600
}
[VerifyToken] User authenticated: {
  userUniqueId: 'e590af62-28fb-49cd-ab29-d5e2d2c8f991',
  phoneNumber: '+251995975881',
  roleId: undefined
}
16:30:05 [[33mwarn[39m]: No active shipper socket found for notification
{
  "service": "ride-hailing-api",
  "environment": "development",
  "phoneNumber": "251985975882"
}
16:30:05 [[32minfo[39m]: API Request
{
  "service": "ride-hailing-api",
  "environment": "development",
  "type": "API_REQUEST",
  "method": "GET",
  "url": "/api/driver/verifyDriverJourneyStatus",
  "statusCode": 200,
  "responseTime": "NaNms",
  "ip": "127.0.0.1",
  "userAgent": "axios/1.18.1",
  "userId": 1808,
  "userUniqueId": "e590af62-28fb-49cd-ab29-d5e2d2c8f991"
}
[VerifyToken] Request: {
  method: 'PUT',
  url: '/api/driver/cancelDriverRequest?ownerUserUniqueId=self&roleId=2&cancellationReasonsTypeId=2',
  hasAuth: true
}
[VerifyToken] Token decoded: {
  userUniqueId: 'e590af62-28fb-49cd-ab29-d5e2d2c8f991',
  phoneNumber: '+251995975881',
  roleId: 2,
  iat: 1786368600
}
[VerifyToken] User authenticated: {
  userUniqueId: 'e590af62-28fb-49cd-ab29-d5e2d2c8f991',
  phoneNumber: '+251995975881',
  roleId: undefined
}
16:30:05 [[31merror[39m]: Redis connection error
Error: Stream isn't writeable and enableOfflineQueue options is false
    at EventEmitter.sendCommand (/Users/zewedu/Desktop/Projects/transportBackEndNative/node_modules/ioredis/built/Redis.js:376:32)
    at EventEmitter.keys (/Users/zewedu/Desktop/Projects/transportBackEndNative/node_modules/ioredis/built/utils/Commander.js:90:25)
    at sendSocketIONotificationToAdmin (/Users/zewedu/Desktop/Projects/transportBackEndNative/Utils/Notifications.js:151:26)
    at Object.cancelDriverRequest (/Users/zewedu/Desktop/Projects/transportBackEndNative/Services/DriverRequest/actionCancelDriverRequest.service.js:442:11)
    at process.processTicksAndRejections (node:internal/process/task_queues:105:5)
    at async /Users/zewedu/Desktop/Projects/transportBackEndNative/Controllers/Driver.controller.js:248:14
    at async /Users/zewedu/Desktop/Projects/transportBackEndNative/Utils/DatabaseTransaction.js:101:14
    at async executeInTransaction (/Users/zewedu/Desktop/Projects/transportBackEndNative/Utils/DatabaseTransaction.js:99:20)
    at async cancelDriverRequest (/Users/zewedu/Desktop/Projects/transportBackEndNative/Controllers/Driver.controller.js:247:20)
{
  "service": "ride-hailing-api",
  "environment": "development",
  "error": "Stream isn't writeable and enableOfflineQueue options is false"
}
16:30:05 [[32minfo[39m]: Transaction committed
{
  "service": "ride-hailing-api",
  "environment": "development",
  "transactionId": "txn_2026-08-10 13:30:05_26a6fd5fc",
  "duration": "NaNms"
}
16:30:05 [[32minfo[39m]: API Request
{
  "service": "ride-hailing-api",
  "environment": "development",
  "type": "API_REQUEST",
  "method": "PUT",
  "url": "/api/driver/cancelDriverRequest?ownerUserUniqueId=self&roleId=2&cancellationReasonsTypeId=2",
  "statusCode": 200,
  "responseTime": "NaNms",
  "ip": "127.0.0.1",
  "userAgent": "axios/1.18.1",
  "userId": 1808,
  "userUniqueId": "e590af62-28fb-49cd-ab29-d5e2d2c8f991"
}
[VerifyToken] Request: { method: 'POST', url: '/api/driver/request', hasAuth: true }
[VerifyToken] Token decoded: {
  userUniqueId: 'e590af62-28fb-49cd-ab29-d5e2d2c8f991',
  phoneNumber: '+251995975881',
  roleId: 2,
  iat: 1786368600
}
[VerifyToken] User authenticated: {
  userUniqueId: 'e590af62-28fb-49cd-ab29-d5e2d2c8f991',
  phoneNumber: '+251995975881',
  roleId: undefined
}
16:30:05 [[33mwarn[39m]: No active shipper socket found for notification
{
  "service": "ride-hailing-api",
  "environment": "development",
  "phoneNumber": "251985975882"
}
16:30:05 [[32minfo[39m]: Transaction committed
{
  "service": "ride-hailing-api",
  "environment": "development",
  "transactionId": "txn_2026-08-10 13:30:05_bxz1x3nh4",
  "duration": "NaNms"
}
16:30:05 [[32minfo[39m]: API Request
{
  "service": "ride-hailing-api",
  "environment": "development",
  "type": "API_REQUEST",
  "method": "POST",
  "url": "/api/driver/request",
  "statusCode": 201,
  "responseTime": "NaNms",
  "ip": "127.0.0.1",
  "userAgent": "axios/1.18.1",
  "userId": 1808,
  "userUniqueId": "e590af62-28fb-49cd-ab29-d5e2d2c8f991"
}
[VerifyToken] Request: {
  method: 'GET',
  url: '/api/driver/verifyDriverJourneyStatus',
  hasAuth: true
}
[VerifyToken] Token decoded: {
  userUniqueId: 'e590af62-28fb-49cd-ab29-d5e2d2c8f991',
  phoneNumber: '+251995975881',
  roleId: 2,
  iat: 1786368600
}
[VerifyToken] User authenticated: {
  userUniqueId: 'e590af62-28fb-49cd-ab29-d5e2d2c8f991',
  phoneNumber: '+251995975881',
  roleId: undefined
}
16:30:05 [[33mwarn[39m]: No active shipper socket found for notification
{
  "service": "ride-hailing-api",
  "environment": "development",
  "phoneNumber": "251985975882"
}
16:30:05 [[32minfo[39m]: API Request
{
  "service": "ride-hailing-api",
  "environment": "development",
  "type": "API_REQUEST",
  "method": "GET",
  "url": "/api/driver/verifyDriverJourneyStatus",
  "statusCode": 200,
  "responseTime": "NaNms",
  "ip": "127.0.0.1",
  "userAgent": "axios/1.18.1",
  "userId": 1808,
  "userUniqueId": "e590af62-28fb-49cd-ab29-d5e2d2c8f991"
}
[VerifyToken] Request: {
  method: 'PUT',
  url: '/api/driver/cancelDriverRequest?ownerUserUniqueId=self&roleId=2&cancellationReasonsTypeId=2',
  hasAuth: true
}
[VerifyToken] Token decoded: {
  userUniqueId: 'e590af62-28fb-49cd-ab29-d5e2d2c8f991',
  phoneNumber: '+251995975881',
  roleId: 2,
  iat: 1786368600
}
[VerifyToken] User authenticated: {
  userUniqueId: 'e590af62-28fb-49cd-ab29-d5e2d2c8f991',
  phoneNumber: '+251995975881',
  roleId: undefined
}
16:30:05 [[31merror[39m]: Redis connection error
Error: Stream isn't writeable and enableOfflineQueue options is false
    at EventEmitter.sendCommand (/Users/zewedu/Desktop/Projects/transportBackEndNative/node_modules/ioredis/built/Redis.js:376:32)
    at EventEmitter.keys (/Users/zewedu/Desktop/Projects/transportBackEndNative/node_modules/ioredis/built/utils/Commander.js:90:25)
    at sendSocketIONotificationToAdmin (/Users/zewedu/Desktop/Projects/transportBackEndNative/Utils/Notifications.js:151:26)
    at Object.cancelDriverRequest (/Users/zewedu/Desktop/Projects/transportBackEndNative/Services/DriverRequest/actionCancelDriverRequest.service.js:442:11)
    at process.processTicksAndRejections (node:internal/process/task_queues:105:5)
    at async /Users/zewedu/Desktop/Projects/transportBackEndNative/Controllers/Driver.controller.js:248:14
    at async /Users/zewedu/Desktop/Projects/transportBackEndNative/Utils/DatabaseTransaction.js:101:14
    at async executeInTransaction (/Users/zewedu/Desktop/Projects/transportBackEndNative/Utils/DatabaseTransaction.js:99:20)
    at async cancelDriverRequest (/Users/zewedu/Desktop/Projects/transportBackEndNative/Controllers/Driver.controller.js:247:20)
{
  "service": "ride-hailing-api",
  "environment": "development",
  "error": "Stream isn't writeable and enableOfflineQueue options is false"
}
16:30:05 [[32minfo[39m]: Transaction committed
{
  "service": "ride-hailing-api",
  "environment": "development",
  "transactionId": "txn_2026-08-10 13:30:05_qgabkcqfr",
  "duration": "NaNms"
}
16:30:05 [[32minfo[39m]: API Request
{
  "service": "ride-hailing-api",
  "environment": "development",
  "type": "API_REQUEST",
  "method": "PUT",
  "url": "/api/driver/cancelDriverRequest?ownerUserUniqueId=self&roleId=2&cancellationReasonsTypeId=2",
  "statusCode": 200,
  "responseTime": "NaNms",
  "ip": "127.0.0.1",
  "userAgent": "axios/1.18.1",
  "userId": 1808,
  "userUniqueId": "e590af62-28fb-49cd-ab29-d5e2d2c8f991"
}
[VerifyToken] Request: { method: 'POST', url: '/api/driver/request', hasAuth: true }
[VerifyToken] Token decoded: {
  userUniqueId: 'e590af62-28fb-49cd-ab29-d5e2d2c8f991',
  phoneNumber: '+251995975881',
  roleId: 2,
  iat: 1786368600
}
[VerifyToken] User authenticated: {
  userUniqueId: 'e590af62-28fb-49cd-ab29-d5e2d2c8f991',
  phoneNumber: '+251995975881',
  roleId: undefined
}
16:30:05 [[32minfo[39m]: Transaction committed
{
  "service": "ride-hailing-api",
  "environment": "development",
  "transactionId": "txn_2026-08-10 13:30:05_mhfxa05h7",
  "duration": "NaNms"
}
16:30:05 [[32minfo[39m]: API Request
{
  "service": "ride-hailing-api",
  "environment": "development",
  "type": "API_REQUEST",
  "method": "POST",
  "url": "/api/driver/request",
  "statusCode": 201,
  "responseTime": "NaNms",
  "ip": "127.0.0.1",
  "userAgent": "axios/1.18.1",
  "userId": 1808,
  "userUniqueId": "e590af62-28fb-49cd-ab29-d5e2d2c8f991"
}
[VerifyToken] Request: {
  method: 'GET',
  url: '/api/driver/verifyDriverJourneyStatus',
  hasAuth: true
}
[VerifyToken] Token decoded: {
  userUniqueId: 'e590af62-28fb-49cd-ab29-d5e2d2c8f991',
  phoneNumber: '+251995975881',
  roleId: 2,
  iat: 1786368600
}
[VerifyToken] User authenticated: {
  userUniqueId: 'e590af62-28fb-49cd-ab29-d5e2d2c8f991',
  phoneNumber: '+251995975881',
  roleId: undefined
}
16:30:05 [[32minfo[39m]: API Request
{
  "service": "ride-hailing-api",
  "environment": "development",
  "type": "API_REQUEST",
  "method": "GET",
  "url": "/api/driver/verifyDriverJourneyStatus",
  "statusCode": 200,
  "responseTime": "NaNms",
  "ip": "127.0.0.1",
  "userAgent": "axios/1.18.1",
  "userId": 1808,
  "userUniqueId": "e590af62-28fb-49cd-ab29-d5e2d2c8f991"
}
[VerifyToken] Request: {
  method: 'POST',
  url: '/api/driver/createAndAcceptNewRequest',
  hasAuth: true
}
[VerifyToken] Token decoded: {
  userUniqueId: 'e590af62-28fb-49cd-ab29-d5e2d2c8f991',
  phoneNumber: '+251995975881',
  roleId: 2,
  iat: 1786368600
}
[VerifyToken] User authenticated: {
  userUniqueId: 'e590af62-28fb-49cd-ab29-d5e2d2c8f991',
  phoneNumber: '+251995975881',
  roleId: undefined
}
16:30:05 [[33mwarn[39m]: No active shipper socket found for notification
{
  "service": "ride-hailing-api",
  "environment": "development",
  "phoneNumber": "251985975882"
}
16:30:05 [[32minfo[39m]: Transaction committed
{
  "service": "ride-hailing-api",
  "environment": "development",
  "transactionId": "txn_2026-08-10 13:30:05_jiu4hlbbk",
  "duration": "NaNms"
}
16:30:05 [[32minfo[39m]: API Request
{
  "service": "ride-hailing-api",
  "environment": "development",
  "type": "API_REQUEST",
  "method": "POST",
  "url": "/api/driver/createAndAcceptNewRequest",
  "statusCode": 201,
  "responseTime": "NaNms",
  "ip": "127.0.0.1",
  "userAgent": "axios/1.18.1",
  "userId": 1808,
  "userUniqueId": "e590af62-28fb-49cd-ab29-d5e2d2c8f991"
}
[VerifyToken] Request: {
  method: 'GET',
  url: '/api/driver/verifyDriverJourneyStatus',
  hasAuth: true
}
[VerifyToken] Token decoded: {
  userUniqueId: 'e590af62-28fb-49cd-ab29-d5e2d2c8f991',
  phoneNumber: '+251995975881',
  roleId: 2,
  iat: 1786368600
}
[VerifyToken] User authenticated: {
  userUniqueId: 'e590af62-28fb-49cd-ab29-d5e2d2c8f991',
  phoneNumber: '+251995975881',
  roleId: undefined
}
16:30:05 [[33mwarn[39m]: No active shipper socket found for notification
{
  "service": "ride-hailing-api",
  "environment": "development",
  "phoneNumber": "251985975882"
}
16:30:05 [[32minfo[39m]: API Request
{
  "service": "ride-hailing-api",
  "environment": "development",
  "type": "API_REQUEST",
  "method": "GET",
  "url": "/api/driver/verifyDriverJourneyStatus",
  "statusCode": 200,
  "responseTime": "NaNms",
  "ip": "127.0.0.1",
  "userAgent": "axios/1.18.1",
  "userId": 1808,
  "userUniqueId": "e590af62-28fb-49cd-ab29-d5e2d2c8f991"
}
[VerifyToken] Request: {
  method: 'PUT',
  url: '/api/shipper/acceptDriverRequest',
  hasAuth: true
}
[VerifyToken] Token decoded: {
  userUniqueId: '5e76d160-608e-4d5b-8b95-132a6fa878b0',
  phoneNumber: '+251985975882',
  roleId: 1,
  iat: 1786368601
}
[VerifyToken] User authenticated: {
  userUniqueId: '5e76d160-608e-4d5b-8b95-132a6fa878b0',
  phoneNumber: '+251985975882',
  roleId: undefined
}
16:30:05 [[33mwarn[39m]: Journey table NOT updated - journeyUniqueId missing
{
  "service": "ride-hailing-api",
  "environment": "development",
  "providedParams": {
    "journeyDecisionUniqueId": "4232339e-46f4-40b3-96e5-abee69a95952",
    "shipperRequestUniqueId": "5f0823fd-b1f6-447b-ab56-d854b6263de8",
    "driverRequestUniqueId": "12e76873-9200-4050-8d41-144e1cbd12b2",
    "journeyStatusId": 4
  }
}
16:30:05 [[32minfo[39m]: Journey status update completed
{
  "service": "ride-hailing-api",
  "environment": "development",
  "journeyStatusId": 4,
  "tablesUpdated": {
    "journey": false,
    "shipperRequest": true,
    "journeyDecision": true,
    "driverRequest": true
  },
  "totalUpdates": 4
}
16:30:05 [[33mwarn[39m]: No active driver socket found for notification
{
  "service": "ride-hailing-api",
  "environment": "development",
  "phoneNumber": "251995975881"
}
16:30:05 [[32minfo[39m]: Transaction committed
{
  "service": "ride-hailing-api",
  "environment": "development",
  "transactionId": "txn_2026-08-10 13:30:05_yiv6pi7qw",
  "duration": "NaNms"
}
16:30:05 [[32minfo[39m]: API Request
{
  "service": "ride-hailing-api",
  "environment": "development",
  "type": "API_REQUEST",
  "method": "PUT",
  "url": "/api/shipper/acceptDriverRequest",
  "statusCode": 200,
  "responseTime": "NaNms",
  "ip": "127.0.0.1",
  "userAgent": "axios/1.18.1",
  "userId": 1809,
  "userUniqueId": "5e76d160-608e-4d5b-8b95-132a6fa878b0"
}
[VerifyToken] Request: {
  method: 'GET',
  url: '/api/driver/verifyDriverJourneyStatus',
  hasAuth: true
}
[VerifyToken] Token decoded: {
  userUniqueId: 'e590af62-28fb-49cd-ab29-d5e2d2c8f991',
  phoneNumber: '+251995975881',
  roleId: 2,
  iat: 1786368600
}
[VerifyToken] User authenticated: {
  userUniqueId: 'e590af62-28fb-49cd-ab29-d5e2d2c8f991',
  phoneNumber: '+251995975881',
  roleId: undefined
}
16:30:05 [[32minfo[39m]: API Request
{
  "service": "ride-hailing-api",
  "environment": "development",
  "type": "API_REQUEST",
  "method": "GET",
  "url": "/api/driver/verifyDriverJourneyStatus",
  "statusCode": 200,
  "responseTime": "NaNms",
  "ip": "127.0.0.1",
  "userAgent": "axios/1.18.1",
  "userId": 1808,
  "userUniqueId": "e590af62-28fb-49cd-ab29-d5e2d2c8f991"
}
[VerifyToken] Request: { method: 'PUT', url: '/api/driver/startJourney', hasAuth: true }
[VerifyToken] Token decoded: {
  userUniqueId: 'e590af62-28fb-49cd-ab29-d5e2d2c8f991',
  phoneNumber: '+251995975881',
  roleId: 2,
  iat: 1786368600
}
[VerifyToken] User authenticated: {
  userUniqueId: 'e590af62-28fb-49cd-ab29-d5e2d2c8f991',
  phoneNumber: '+251995975881',
  roleId: undefined
}
16:30:05 [[32minfo[39m]: Updating Journey table
{
  "service": "ride-hailing-api",
  "environment": "development",
  "journeyUniqueId": "aedaebfd-2f65-412b-a514-aeeca29c437b",
  "journeyStatusId": 5,
  "updateValues": {
    "journeyStatusId": 5
  },
  "hasConnection": true
}
16:30:05 [[32minfo[39m]: Journey table update result
{
  "service": "ride-hailing-api",
  "environment": "development",
  "journeyUniqueId": "aedaebfd-2f65-412b-a514-aeeca29c437b",
  "affectedRows": 1,
  "changedRows": 0
}
16:30:05 [[32minfo[39m]: Journey status update completed
{
  "service": "ride-hailing-api",
  "environment": "development",
  "journeyUniqueId": "aedaebfd-2f65-412b-a514-aeeca29c437b",
  "journeyStatusId": 5,
  "tablesUpdated": {
    "journey": true,
    "shipperRequest": true,
    "journeyDecision": true,
    "driverRequest": true
  },
  "totalUpdates": 5
}
16:30:05 [[32minfo[39m]: Transaction committed
{
  "service": "ride-hailing-api",
  "environment": "development",
  "transactionId": "txn_2026-08-10 13:30:05_vzyhklnj2",
  "duration": "NaNms"
}
16:30:05 [[33mwarn[39m]: No active shipper socket found for notification
{
  "service": "ride-hailing-api",
  "environment": "development",
  "phoneNumber": "251985975882"
}
16:30:05 [[32minfo[39m]: API Request
{
  "service": "ride-hailing-api",
  "environment": "development",
  "type": "API_REQUEST",
  "method": "PUT",
  "url": "/api/driver/startJourney",
  "statusCode": 200,
  "responseTime": "NaNms",
  "ip": "127.0.0.1",
  "userAgent": "axios/1.18.1",
  "userId": 1808,
  "userUniqueId": "e590af62-28fb-49cd-ab29-d5e2d2c8f991"
}
[VerifyToken] Request: {
  method: 'GET',
  url: '/api/driver/verifyDriverJourneyStatus',
  hasAuth: true
}
[VerifyToken] Token decoded: {
  userUniqueId: 'e590af62-28fb-49cd-ab29-d5e2d2c8f991',
  phoneNumber: '+251995975881',
  roleId: 2,
  iat: 1786368600
}
[VerifyToken] User authenticated: {
  userUniqueId: 'e590af62-28fb-49cd-ab29-d5e2d2c8f991',
  phoneNumber: '+251995975881',
  roleId: undefined
}
16:30:05 [[33mwarn[39m]: No active shipper socket found for notification
{
  "service": "ride-hailing-api",
  "environment": "development",
  "phoneNumber": "251985975882"
}
16:30:05 [[32minfo[39m]: API Request
{
  "service": "ride-hailing-api",
  "environment": "development",
  "type": "API_REQUEST",
  "method": "GET",
  "url": "/api/driver/verifyDriverJourneyStatus",
  "statusCode": 200,
  "responseTime": "NaNms",
  "ip": "127.0.0.1",
  "userAgent": "axios/1.18.1",
  "userId": 1808,
  "userUniqueId": "e590af62-28fb-49cd-ab29-d5e2d2c8f991"
}
[VerifyToken] Request: { method: 'PUT', url: '/api/driver/completeJourney', hasAuth: true }
[VerifyToken] Token decoded: {
  userUniqueId: 'e590af62-28fb-49cd-ab29-d5e2d2c8f991',
  phoneNumber: '+251995975881',
  roleId: 2,
  iat: 1786368600
}
[VerifyToken] User authenticated: {
  userUniqueId: 'e590af62-28fb-49cd-ab29-d5e2d2c8f991',
  phoneNumber: '+251995975881',
  roleId: undefined
}
16:30:05 [[32minfo[39m]: Updating Journey table
{
  "service": "ride-hailing-api",
  "environment": "development",
  "journeyUniqueId": "aedaebfd-2f65-412b-a514-aeeca29c437b",
  "journeyStatusId": 6,
  "updateValues": {
    "journeyStatusId": 6,
    "endTime": "2026-08-10 13:30:05"
  },
  "hasConnection": true
}
16:30:05 [[32minfo[39m]: Journey table update result
{
  "service": "ride-hailing-api",
  "environment": "development",
  "journeyUniqueId": "aedaebfd-2f65-412b-a514-aeeca29c437b",
  "affectedRows": 1,
  "changedRows": 1
}
16:30:05 [[32minfo[39m]: Journey status update completed
{
  "service": "ride-hailing-api",
  "environment": "development",
  "journeyUniqueId": "aedaebfd-2f65-412b-a514-aeeca29c437b",
  "journeyStatusId": 6,
  "tablesUpdated": {
    "journey": true,
    "shipperRequest": true,
    "journeyDecision": true,
    "driverRequest": true
  },
  "totalUpdates": 6
}
16:30:05 [[32minfo[39m]: Transaction committed
{
  "service": "ride-hailing-api",
  "environment": "development",
  "transactionId": "txn_2026-08-10 13:30:05_t31t9te0g",
  "duration": "NaNms"
}
16:30:05 [[33mwarn[39m]: No active shipper socket found for notification
{
  "service": "ride-hailing-api",
  "environment": "development",
  "phoneNumber": "251985975882"
}
16:30:05 [[32minfo[39m]: API Request
{
  "service": "ride-hailing-api",
  "environment": "development",
  "type": "API_REQUEST",
  "method": "PUT",
  "url": "/api/driver/completeJourney",
  "statusCode": 200,
  "responseTime": "NaNms",
  "ip": "127.0.0.1",
  "userAgent": "axios/1.18.1",
  "userId": 1808,
  "userUniqueId": "e590af62-28fb-49cd-ab29-d5e2d2c8f991"
}
[VerifyToken] Request: {
  method: 'GET',
  url: '/api/driver/verifyDriverJourneyStatus',
  hasAuth: true
}
[VerifyToken] Token decoded: {
  userUniqueId: 'e590af62-28fb-49cd-ab29-d5e2d2c8f991',
  phoneNumber: '+251995975881',
  roleId: 2,
  iat: 1786368600
}
[VerifyToken] User authenticated: {
  userUniqueId: 'e590af62-28fb-49cd-ab29-d5e2d2c8f991',
  phoneNumber: '+251995975881',
  roleId: undefined
}
16:30:05 [[32minfo[39m]: API Request
{
  "service": "ride-hailing-api",
  "environment": "development",
  "type": "API_REQUEST",
  "method": "GET",
  "url": "/api/driver/verifyDriverJourneyStatus",
  "statusCode": 200,
  "responseTime": "NaNms",
  "ip": "127.0.0.1",
  "userAgent": "axios/1.18.1",
  "userId": 1808,
  "userUniqueId": "e590af62-28fb-49cd-ab29-d5e2d2c8f991"
}
[VerifyToken] Request: {
  method: 'GET',
  url: '/api/user/getCompletedJourneyCountsByDate?fromDate=2026-01-01&toDate=2026-12-31',
  hasAuth: true
}
[VerifyToken] Token decoded: {
  userUniqueId: 'e4f4720c-7828-4476-925d-4dd5f9deb456',
  phoneNumber: '+251975975883',
  roleId: 3,
  iat: 1786368599
}
[VerifyToken] User authenticated: {
  userUniqueId: 'e4f4720c-7828-4476-925d-4dd5f9deb456',
  phoneNumber: '+251975975883',
  roleId: undefined
}
16:30:05 [[32minfo[39m]: API Request
{
  "service": "ride-hailing-api",
  "environment": "development",
  "type": "API_REQUEST",
  "method": "GET",
  "url": "/api/user/getCompletedJourneyCountsByDate?fromDate=2026-01-01&toDate=2026-12-31",
  "statusCode": 200,
  "responseTime": "NaNms",
  "ip": "127.0.0.1",
  "userAgent": "axios/1.18.1",
  "userId": 1805,
  "userUniqueId": "e4f4720c-7828-4476-925d-4dd5f9deb456"
}
[VerifyToken] Request: {
  method: 'GET',
  url: '/api/user/getCanceledJourneyCountsByDate?fromDate=2026-01-01&toDate=2026-12-31',
  hasAuth: true
}
[VerifyToken] Token decoded: {
  userUniqueId: 'e4f4720c-7828-4476-925d-4dd5f9deb456',
  phoneNumber: '+251975975883',
  roleId: 3,
  iat: 1786368599
}
[VerifyToken] User authenticated: {
  userUniqueId: 'e4f4720c-7828-4476-925d-4dd5f9deb456',
  phoneNumber: '+251975975883',
  roleId: undefined
}
16:30:05 [[32minfo[39m]: API Request
{
  "service": "ride-hailing-api",
  "environment": "development",
  "type": "API_REQUEST",
  "method": "GET",
  "url": "/api/user/getCanceledJourneyCountsByDate?fromDate=2026-01-01&toDate=2026-12-31",
  "statusCode": 200,
  "responseTime": "NaNms",
  "ip": "127.0.0.1",
  "userAgent": "axios/1.18.1",
  "userId": 1805,
  "userUniqueId": "e4f4720c-7828-4476-925d-4dd5f9deb456"
}
[VerifyToken] Request: {
  method: 'GET',
  url: '/api/user/getCanceledJourneyCountsByReason',
  hasAuth: true
}
[VerifyToken] Token decoded: {
  userUniqueId: 'e4f4720c-7828-4476-925d-4dd5f9deb456',
  phoneNumber: '+251975975883',
  roleId: 3,
  iat: 1786368599
}
[VerifyToken] User authenticated: {
  userUniqueId: 'e4f4720c-7828-4476-925d-4dd5f9deb456',
  phoneNumber: '+251975975883',
  roleId: undefined
}
16:30:05 [[32minfo[39m]: API Request
{
  "service": "ride-hailing-api",
  "environment": "development",
  "type": "API_REQUEST",
  "method": "GET",
  "url": "/api/user/getCanceledJourneyCountsByReason",
  "statusCode": 200,
  "responseTime": "NaNms",
  "ip": "127.0.0.1",
  "userAgent": "axios/1.18.1",
  "userId": 1805,
  "userUniqueId": "e4f4720c-7828-4476-925d-4dd5f9deb456"
}
[VerifyToken] Request: {
  method: 'GET',
  url: '/api/admin/getCanceledJourneyByFilter',
  hasAuth: true
}
[VerifyToken] Token decoded: {
  userUniqueId: 'e4f4720c-7828-4476-925d-4dd5f9deb456',
  phoneNumber: '+251975975883',
  roleId: 3,
  iat: 1786368599
}
[VerifyToken] User authenticated: {
  userUniqueId: 'e4f4720c-7828-4476-925d-4dd5f9deb456',
  phoneNumber: '+251975975883',
  roleId: undefined
}
16:30:05 [[32minfo[39m]: API Request
{
  "service": "ride-hailing-api",
  "environment": "development",
  "type": "API_REQUEST",
  "method": "GET",
  "url": "/api/admin/getCanceledJourneyByFilter",
  "statusCode": 200,
  "responseTime": "NaNms",
  "ip": "127.0.0.1",
  "userAgent": "axios/1.18.1",
  "userId": 1805,
  "userUniqueId": "e4f4720c-7828-4476-925d-4dd5f9deb456"
}
[VerifyToken] Request: {
  method: 'GET',
  url: '/api/user/searchCompletedJourneyByUserData?phoneOrEmail=%2B251995975881&roleId=2',
  hasAuth: true
}
[VerifyToken] Token decoded: {
  userUniqueId: 'e4f4720c-7828-4476-925d-4dd5f9deb456',
  phoneNumber: '+251975975883',
  roleId: 3,
  iat: 1786368599
}
[VerifyToken] User authenticated: {
  userUniqueId: 'e4f4720c-7828-4476-925d-4dd5f9deb456',
  phoneNumber: '+251975975883',
  roleId: undefined
}
16:30:05 [[32minfo[39m]: API Request
{
  "service": "ride-hailing-api",
  "environment": "development",
  "type": "API_REQUEST",
  "method": "GET",
  "url": "/api/user/searchCompletedJourneyByUserData?phoneOrEmail=%2B251995975881&roleId=2",
  "statusCode": 200,
  "responseTime": "NaNms",
  "ip": "127.0.0.1",
  "userAgent": "axios/1.18.1",
  "userId": 1805,
  "userUniqueId": "e4f4720c-7828-4476-925d-4dd5f9deb456"
}
16:30:05 [[32minfo[39m]: API Request
{
  "service": "ride-hailing-api",
  "environment": "development",
  "type": "API_REQUEST",
  "method": "GET",
  "url": "/api/admin/database/stats",
  "statusCode": 200,
  "responseTime": "NaNms",
  "ip": "127.0.0.1",
  "userAgent": "axios/1.18.1"
}
[VerifyToken] Request: { method: 'GET', url: '/api/admin/system/logs', hasAuth: true }
[VerifyToken] Token decoded: {
  userUniqueId: 'e4f4720c-7828-4476-925d-4dd5f9deb456',
  phoneNumber: '+251975975883',
  roleId: 3,
  iat: 1786368599
}
[VerifyToken] User authenticated: {
  userUniqueId: 'e4f4720c-7828-4476-925d-4dd5f9deb456',
  phoneNumber: '+251975975883',
  roleId: undefined
}
16:30:05 [[32minfo[39m]: API Request
{
  "service": "ride-hailing-api",
  "environment": "development",
  "type": "API_REQUEST",
  "method": "GET",
  "url": "/api/admin/system/logs",
  "statusCode": 200,
  "responseTime": "NaNms",
  "ip": "127.0.0.1",
  "userAgent": "axios/1.18.1",
  "userId": 1805,
  "userUniqueId": "e4f4720c-7828-4476-925d-4dd5f9deb456"
}
[VerifyToken] Request: { method: 'GET', url: '/api/admin/system/uploads', hasAuth: true }
[VerifyToken] Token decoded: {
  userUniqueId: 'e4f4720c-7828-4476-925d-4dd5f9deb456',
  phoneNumber: '+251975975883',
  roleId: 3,
  iat: 1786368599
}
[VerifyToken] User authenticated: {
  userUniqueId: 'e4f4720c-7828-4476-925d-4dd5f9deb456',
  phoneNumber: '+251975975883',
  roleId: undefined
}
16:30:05 [[32minfo[39m]: API Request
{
  "service": "ride-hailing-api",
  "environment": "development",
  "type": "API_REQUEST",
  "method": "GET",
  "url": "/api/admin/system/uploads",
  "statusCode": 200,
  "responseTime": "NaNms",
  "ip": "127.0.0.1",
  "userAgent": "axios/1.18.1",
  "userId": 1805,
  "userUniqueId": "e4f4720c-7828-4476-925d-4dd5f9deb456"
}
[VerifyToken] Request: { method: 'GET', url: '/api/admin/getOnlineDrivers', hasAuth: true }
[VerifyToken] Token decoded: {
  userUniqueId: 'e4f4720c-7828-4476-925d-4dd5f9deb456',
  phoneNumber: '+251975975883',
  roleId: 3,
  iat: 1786368599
}
[VerifyToken] User authenticated: {
  userUniqueId: 'e4f4720c-7828-4476-925d-4dd5f9deb456',
  phoneNumber: '+251975975883',
  roleId: undefined
}
16:30:05 [[32minfo[39m]: API Request
{
  "service": "ride-hailing-api",
  "environment": "development",
  "type": "API_REQUEST",
  "method": "GET",
  "url": "/api/admin/getOnlineDrivers",
  "statusCode": 200,
  "responseTime": "NaNms",
  "ip": "127.0.0.1",
  "userAgent": "axios/1.18.1",
  "userId": 1805,
  "userUniqueId": "e4f4720c-7828-4476-925d-4dd5f9deb456"
}
[VerifyToken] Request: { method: 'GET', url: '/api/admin/getOfflineDrivers', hasAuth: true }
[VerifyToken] Token decoded: {
  userUniqueId: 'e4f4720c-7828-4476-925d-4dd5f9deb456',
  phoneNumber: '+251975975883',
  roleId: 3,
  iat: 1786368599
}
[VerifyToken] User authenticated: {
  userUniqueId: 'e4f4720c-7828-4476-925d-4dd5f9deb456',
  phoneNumber: '+251975975883',
  roleId: undefined
}
16:30:05 [[32minfo[39m]: API Request
{
  "service": "ride-hailing-api",
  "environment": "development",
  "type": "API_REQUEST",
  "method": "GET",
  "url": "/api/admin/getOfflineDrivers",
  "statusCode": 200,
  "responseTime": "NaNms",
  "ip": "127.0.0.1",
  "userAgent": "axios/1.18.1",
  "userId": 1805,
  "userUniqueId": "e4f4720c-7828-4476-925d-4dd5f9deb456"
}
[VerifyToken] Request: { method: 'GET', url: '/api/admin/getAllActiveDrivers', hasAuth: true }
[VerifyToken] Token decoded: {
  userUniqueId: 'e4f4720c-7828-4476-925d-4dd5f9deb456',
  phoneNumber: '+251975975883',
  roleId: 3,
  iat: 1786368599
}
[VerifyToken] User authenticated: {
  userUniqueId: 'e4f4720c-7828-4476-925d-4dd5f9deb456',
  phoneNumber: '+251975975883',
  roleId: undefined
}
16:30:05 [[32minfo[39m]: API Request
{
  "service": "ride-hailing-api",
  "environment": "development",
  "type": "API_REQUEST",
  "method": "GET",
  "url": "/api/admin/getAllActiveDrivers",
  "statusCode": 200,
  "responseTime": "NaNms",
  "ip": "127.0.0.1",
  "userAgent": "axios/1.18.1",
  "userId": 1805,
  "userUniqueId": "e4f4720c-7828-4476-925d-4dd5f9deb456"
}
[VerifyToken] Request: {
  method: 'GET',
  url: '/api/admin/getUnAuthorizedDriver',
  hasAuth: true
}
[VerifyToken] Token decoded: {
  userUniqueId: 'e4f4720c-7828-4476-925d-4dd5f9deb456',
  phoneNumber: '+251975975883',
  roleId: 3,
  iat: 1786368599
}
[VerifyToken] User authenticated: {
  userUniqueId: 'e4f4720c-7828-4476-925d-4dd5f9deb456',
  phoneNumber: '+251975975883',
  roleId: undefined
}
16:30:05 [[32minfo[39m]: @dataRows
{
  "0": {
    "userBalanceId": 1131,
    "userBalanceUniqueId": "1b35ff91-eee9-4c01-93ae-bc5cfd7f3c92",
    "userUniqueId": "87a25931-b567-4189-9b80-951291d52d96",
    "transactionType": "Subscription",
    "transactionUniqueId": "8abef66d-098f-4bf8-af7b-527b1264819f",
    "transactionTime": "2026-08-09T10:34:21.000Z",
    "userBalanceAdjustmentType": "creation",
    "netBalance": "700.00",
    "userBalanceCreatedBy": "87a25931-b567-4189-9b80-951291d52d96",
    "userBalanceUpdatedBy": null,
    "userBalanceDeletedBy": null,
    "userBalanceCreatedAt": "2026-08-09T10:34:21.000Z",
    "userBalanceUpdatedAt": null,
    "userBalanceDeletedAt": null
  },
  "service": "ride-hailing-api",
  "environment": "development"
}
16:30:05 [[32minfo[39m]: @dataRows
{
  "0": {
    "userBalanceId": 1039,
    "userBalanceUniqueId": "ca8a9672-3e74-4715-a665-177c1dc2c1e8",
    "userUniqueId": "4569805e-364e-42d1-af02-849b8bc083cf",
    "transactionType": "Subscription",
    "transactionUniqueId": "933f45a9-fcc6-494e-afa4-9f2c2e69f7af",
    "transactionTime": "2026-08-09T03:03:57.000Z",
    "userBalanceAdjustmentType": "creation",
    "netBalance": "700.00",
    "userBalanceCreatedBy": "4569805e-364e-42d1-af02-849b8bc083cf",
    "userBalanceUpdatedBy": null,
    "userBalanceDeletedBy": null,
    "userBalanceCreatedAt": "2026-08-09T03:03:57.000Z",
    "userBalanceUpdatedAt": null,
    "userBalanceDeletedAt": null
  },
  "service": "ride-hailing-api",
  "environment": "development"
}
16:30:05 [[32minfo[39m]: @dataRows
{
  "0": {
    "userBalanceId": 891,
    "userBalanceUniqueId": "66dc75c4-e87c-4910-a44a-84b3f3a9ce3b",
    "userUniqueId": "e55f47c8-31c9-436b-863b-45eccf34fb83",
    "transactionType": "Subscription",
    "transactionUniqueId": "27907754-e7fd-4092-aa3e-a7ae4b6ff726",
    "transactionTime": "2026-08-09T01:29:21.000Z",
    "userBalanceAdjustmentType": "creation",
    "netBalance": "700.00",
    "userBalanceCreatedBy": "e55f47c8-31c9-436b-863b-45eccf34fb83",
    "userBalanceUpdatedBy": null,
    "userBalanceDeletedBy": null,
    "userBalanceCreatedAt": "2026-08-09T01:29:21.000Z",
    "userBalanceUpdatedAt": null,
    "userBalanceDeletedAt": null
  },
  "service": "ride-hailing-api",
  "environment": "development"
}
16:30:05 [[32minfo[39m]: @dataRows
{
  "0": {
    "userBalanceId": 892,
    "userBalanceUniqueId": "cd3d6f4e-6346-4d88-b3e7-2902a3834891",
    "userUniqueId": "dd2957ff-ecc4-4f7f-a648-6c717eaabc0d",
    "transactionType": "Subscription",
    "transactionUniqueId": "a35c798c-80e5-4288-ba8b-d87f74873c63",
    "transactionTime": "2026-08-09T01:29:57.000Z",
    "userBalanceAdjustmentType": "creation",
    "netBalance": "700.00",
    "userBalanceCreatedBy": "dd2957ff-ecc4-4f7f-a648-6c717eaabc0d",
    "userBalanceUpdatedBy": null,
    "userBalanceDeletedBy": null,
    "userBalanceCreatedAt": "2026-08-09T01:29:57.000Z",
    "userBalanceUpdatedAt": null,
    "userBalanceDeletedAt": null
  },
  "service": "ride-hailing-api",
  "environment": "development"
}
16:30:05 [[32minfo[39m]: @dataRows
{
  "0": {
    "userBalanceId": 893,
    "userBalanceUniqueId": "38865378-69a6-4198-af30-91617cfd184e",
    "userUniqueId": "50731765-d3ea-44ef-b222-05f1f2f3048f",
    "transactionType": "Subscription",
    "transactionUniqueId": "2c1d5b43-1728-47c1-8220-353d01d758e2",
    "transactionTime": "2026-08-09T01:30:32.000Z",
    "userBalanceAdjustmentType": "creation",
    "netBalance": "700.00",
    "userBalanceCreatedBy": "50731765-d3ea-44ef-b222-05f1f2f3048f",
    "userBalanceUpdatedBy": null,
    "userBalanceDeletedBy": null,
    "userBalanceCreatedAt": "2026-08-09T01:30:32.000Z",
    "userBalanceUpdatedAt": null,
    "userBalanceDeletedAt": null
  },
  "service": "ride-hailing-api",
  "environment": "development"
}
16:30:05 [[32minfo[39m]: @dataRows
{
  "0": {
    "userBalanceId": 882,
    "userBalanceUniqueId": "5b7cc445-d242-43df-88d0-76e9a2798d0f",
    "userUniqueId": "13ebccde-390f-494b-8b5a-66f445dbcd07",
    "transactionType": "Subscription",
    "transactionUniqueId": "ff32a011-67f0-4893-9ac8-75ff7315cb0f",
    "transactionTime": "2026-08-09T01:28:33.000Z",
    "userBalanceAdjustmentType": "creation",
    "netBalance": "700.00",
    "userBalanceCreatedBy": "13ebccde-390f-494b-8b5a-66f445dbcd07",
    "userBalanceUpdatedBy": null,
    "userBalanceDeletedBy": null,
    "userBalanceCreatedAt": "2026-08-09T01:28:33.000Z",
    "userBalanceUpdatedAt": null,
    "userBalanceDeletedAt": null
  },
  "service": "ride-hailing-api",
  "environment": "development"
}
16:30:05 [[32minfo[39m]: @dataRows
{
  "0": {
    "userBalanceId": 881,
    "userBalanceUniqueId": "a607b07f-0723-4d0d-a1f8-7639b49d1e4f",
    "userUniqueId": "686b9816-8240-498e-9a69-eca405f5521b",
    "transactionType": "Subscription",
    "transactionUniqueId": "58f11fc6-070b-49c0-9ddc-76d8a31d9bee",
    "transactionTime": "2026-08-09T01:28:24.000Z",
    "userBalanceAdjustmentType": "creation",
    "netBalance": "700.00",
    "userBalanceCreatedBy": "686b9816-8240-498e-9a69-eca405f5521b",
    "userBalanceUpdatedBy": null,
    "userBalanceDeletedBy": null,
    "userBalanceCreatedAt": "2026-08-09T01:28:24.000Z",
    "userBalanceUpdatedAt": null,
    "userBalanceDeletedAt": null
  },
  "service": "ride-hailing-api",
  "environment": "development"
}
16:30:05 [[32minfo[39m]: @dataRows
{
  "0": {
    "userBalanceId": 889,
    "userBalanceUniqueId": "54747b93-cad4-450a-9544-b5e83bf8bbca",
    "userUniqueId": "adf5b61d-8a0f-412d-9372-e0f117c0dde7",
    "transactionType": "Subscription",
    "transactionUniqueId": "53a88122-cd11-4fa8-af07-ca0a5ffc39ac",
    "transactionTime": "2026-08-09T01:28:52.000Z",
    "userBalanceAdjustmentType": "creation",
    "netBalance": "700.00",
    "userBalanceCreatedBy": "adf5b61d-8a0f-412d-9372-e0f117c0dde7",
    "userBalanceUpdatedBy": null,
    "userBalanceDeletedBy": null,
    "userBalanceCreatedAt": "2026-08-09T01:28:52.000Z",
    "userBalanceUpdatedAt": null,
    "userBalanceDeletedAt": null
  },
  "service": "ride-hailing-api",
  "environment": "development"
}
16:30:05 [[32minfo[39m]: @dataRows
{
  "0": {
    "userBalanceId": 880,
    "userBalanceUniqueId": "66bc1901-d70b-46b6-85ed-a131e1beae37",
    "userUniqueId": "4f19f479-4c7a-4699-bc9f-bf67793f7002",
    "transactionType": "Subscription",
    "transactionUniqueId": "475d4ee9-37b9-47d0-b95f-981fe20aa63a",
    "transactionTime": "2026-08-09T01:28:17.000Z",
    "userBalanceAdjustmentType": "creation",
    "netBalance": "700.00",
    "userBalanceCreatedBy": "4f19f479-4c7a-4699-bc9f-bf67793f7002",
    "userBalanceUpdatedBy": null,
    "userBalanceDeletedBy": null,
    "userBalanceCreatedAt": "2026-08-09T01:28:17.000Z",
    "userBalanceUpdatedAt": null,
    "userBalanceDeletedAt": null
  },
  "service": "ride-hailing-api",
  "environment": "development"
}
16:30:05 [[32minfo[39m]: @dataRows
{
  "0": {
    "userBalanceId": 879,
    "userBalanceUniqueId": "eb83cb5d-d1c0-4d82-bb03-78a956d64423",
    "userUniqueId": "14f70976-582b-4dd2-8133-6fa85d677eba",
    "transactionType": "Subscription",
    "transactionUniqueId": "da744355-b22e-4941-a392-c0cc2174d96e",
    "transactionTime": "2026-08-09T01:28:12.000Z",
    "userBalanceAdjustmentType": "creation",
    "netBalance": "700.00",
    "userBalanceCreatedBy": "14f70976-582b-4dd2-8133-6fa85d677eba",
    "userBalanceUpdatedBy": null,
    "userBalanceDeletedBy": null,
    "userBalanceCreatedAt": "2026-08-09T01:28:12.000Z",
    "userBalanceUpdatedAt": null,
    "userBalanceDeletedAt": null
  },
  "service": "ride-hailing-api",
  "environment": "development"
}
16:30:05 [[32minfo[39m]: API Request
{
  "service": "ride-hailing-api",
  "environment": "development",
  "type": "API_REQUEST",
  "method": "GET",
  "url": "/api/admin/getUnAuthorizedDriver",
  "statusCode": 200,
  "responseTime": "NaNms",
  "ip": "127.0.0.1",
  "userAgent": "axios/1.18.1",
  "userId": 1805,
  "userUniqueId": "e4f4720c-7828-4476-925d-4dd5f9deb456"
}
[VerifyToken] Request: {
  method: 'GET',
  url: '/api/admin/getUserByFilterDetailed',
  hasAuth: true
}
[VerifyToken] Token decoded: {
  userUniqueId: 'e4f4720c-7828-4476-925d-4dd5f9deb456',
  phoneNumber: '+251975975883',
  roleId: 3,
  iat: 1786368599
}
[VerifyToken] User authenticated: {
  userUniqueId: 'e4f4720c-7828-4476-925d-4dd5f9deb456',
  phoneNumber: '+251975975883',
  roleId: undefined
}
16:30:05 [[32minfo[39m]: API Request
{
  "service": "ride-hailing-api",
  "environment": "development",
  "type": "API_REQUEST",
  "method": "GET",
  "url": "/api/admin/getUserByFilterDetailed",
  "statusCode": 200,
  "responseTime": "NaNms",
  "ip": "127.0.0.1",
  "userAgent": "axios/1.18.1",
  "userId": 1805,
  "userUniqueId": "e4f4720c-7828-4476-925d-4dd5f9deb456"
}
16:30:05 [[32minfo[39m]: API Request
{
  "service": "ride-hailing-api",
  "environment": "development",
  "type": "API_REQUEST",
  "method": "GET",
  "url": "/api/utils/clear-cache",
  "statusCode": 200,
  "responseTime": "NaNms",
  "ip": "127.0.0.1",
  "userAgent": "axios/1.18.1"
}
[VerifyToken] Request: {
  method: 'POST',
  url: '/api/admin/createUserByAdminOrSuperAdmin',
  hasAuth: true
}
[VerifyToken] Token decoded: {
  userUniqueId: 'e4f4720c-7828-4476-925d-4dd5f9deb456',
  phoneNumber: '+251975975883',
  roleId: 3,
  iat: 1786368599
}
[VerifyToken] User authenticated: {
  userUniqueId: 'e4f4720c-7828-4476-925d-4dd5f9deb456',
  phoneNumber: '+251975975883',
  roleId: undefined
}
16:30:05 [[32minfo[39m]: Transaction committed
{
  "service": "ride-hailing-api",
  "environment": "development",
  "transactionId": "txn_2026-08-10 13:30:05_qkmxnnypc",
  "duration": "NaNms"
}
16:30:05 [[32minfo[39m]: API Request
{
  "service": "ride-hailing-api",
  "environment": "development",
  "type": "API_REQUEST",
  "method": "POST",
  "url": "/api/admin/createUserByAdminOrSuperAdmin",
  "statusCode": 200,
  "responseTime": "NaNms",
  "ip": "127.0.0.1",
  "userAgent": "axios/1.18.1",
  "userId": 1805,
  "userUniqueId": "e4f4720c-7828-4476-925d-4dd5f9deb456"
}
[VerifyToken] Request: {
  method: 'GET',
  url: '/api/user/getFCMTokens?userUniqueId=e590af62-28fb-49cd-ab29-d5e2d2c8f991&roleId=2&active=true',
  hasAuth: true
}
[VerifyToken] Token decoded: {
  userUniqueId: 'e4f4720c-7828-4476-925d-4dd5f9deb456',
  phoneNumber: '+251975975883',
  roleId: 3,
  iat: 1786368599
}
[VerifyToken] User authenticated: {
  userUniqueId: 'e4f4720c-7828-4476-925d-4dd5f9deb456',
  phoneNumber: '+251975975883',
  roleId: undefined
}
16:30:05 [[32minfo[39m]: API Request
{
  "service": "ride-hailing-api",
  "environment": "development",
  "type": "API_REQUEST",
  "method": "GET",
  "url": "/api/user/getFCMTokens?userUniqueId=e590af62-28fb-49cd-ab29-d5e2d2c8f991&roleId=2&active=true",
  "statusCode": 200,
  "responseTime": "NaNms",
  "ip": "127.0.0.1",
  "userAgent": "axios/1.18.1",
  "userId": 1805,
  "userUniqueId": "e4f4720c-7828-4476-925d-4dd5f9deb456"
}
[VerifyToken] Request: {
  method: 'POST',
  url: '/api/notifications/send-to-tokens',
  hasAuth: true
}
[VerifyToken] Token decoded: {
  userUniqueId: 'e4f4720c-7828-4476-925d-4dd5f9deb456',
  phoneNumber: '+251975975883',
  roleId: 3,
  iat: 1786368599
}
[VerifyToken] User authenticated: {
  userUniqueId: 'e4f4720c-7828-4476-925d-4dd5f9deb456',
  phoneNumber: '+251975975883',
  roleId: undefined
}
16:30:07 [[32minfo[39m]: Transaction committed
{
  "service": "ride-hailing-api",
  "environment": "development",
  "transactionId": "txn_2026-08-10 13:30:05_xi690qgxo",
  "duration": "NaNms"
}
16:30:07 [[32minfo[39m]: API Request
{
  "service": "ride-hailing-api",
  "environment": "development",
  "type": "API_REQUEST",
  "method": "POST",
  "url": "/api/notifications/send-to-tokens",
  "statusCode": 200,
  "responseTime": "NaNms",
  "ip": "127.0.0.1",
  "userAgent": "axios/1.18.1",
  "userId": 1805,
  "userUniqueId": "e4f4720c-7828-4476-925d-4dd5f9deb456"
}
[VerifyToken] Request: {
  method: 'GET',
  url: '/byPhone?phoneNumber=%2B251995975881',
  hasAuth: true
}
[VerifyToken] Token decoded: {
  userUniqueId: 'e4f4720c-7828-4476-925d-4dd5f9deb456',
  phoneNumber: '+251975975883',
  roleId: 3,
  iat: 1786368599
}
[VerifyToken] User authenticated: {
  userUniqueId: 'e4f4720c-7828-4476-925d-4dd5f9deb456',
  phoneNumber: '+251975975883',
  roleId: undefined
}
16:30:07 [[32minfo[39m]: API Request
{
  "service": "ride-hailing-api",
  "environment": "development",
  "type": "API_REQUEST",
  "method": "GET",
  "url": "/api/admin/userRoleStatus/byPhone?phoneNumber=%2B251995975881",
  "statusCode": 200,
  "responseTime": "NaNms",
  "ip": "127.0.0.1",
  "userAgent": "axios/1.18.1",
  "userId": 1805,
  "userUniqueId": "e4f4720c-7828-4476-925d-4dd5f9deb456"
}
[VerifyToken] Request: {
  method: 'GET',
  url: '/api/admin/userRoleStatusCurrent',
  hasAuth: true
}
[VerifyToken] Token decoded: {
  userUniqueId: 'e4f4720c-7828-4476-925d-4dd5f9deb456',
  phoneNumber: '+251975975883',
  roleId: 3,
  iat: 1786368599
}
[VerifyToken] User authenticated: {
  userUniqueId: 'e4f4720c-7828-4476-925d-4dd5f9deb456',
  phoneNumber: '+251975975883',
  roleId: undefined
}
16:30:07 [[32minfo[39m]: API Request
{
  "service": "ride-hailing-api",
  "environment": "development",
  "type": "API_REQUEST",
  "method": "GET",
  "url": "/api/admin/userRoleStatusCurrent",
  "statusCode": 200,
  "responseTime": "NaNms",
  "ip": "127.0.0.1",
  "userAgent": "axios/1.18.1",
  "userId": 1805,
  "userUniqueId": "e4f4720c-7828-4476-925d-4dd5f9deb456"
}
[VerifyToken] Request: { method: 'GET', url: '/tableColumns/Users', hasAuth: true }
[VerifyToken] Token decoded: {
  userUniqueId: 'e4f4720c-7828-4476-925d-4dd5f9deb456',
  phoneNumber: '+251975975883',
  roleId: 3,
  iat: 1786368599
}
[VerifyToken] User authenticated: {
  userUniqueId: 'e4f4720c-7828-4476-925d-4dd5f9deb456',
  phoneNumber: '+251975975883',
  roleId: undefined
}
16:30:07 [[32minfo[39m]: API Request
{
  "service": "ride-hailing-api",
  "environment": "development",
  "type": "API_REQUEST",
  "method": "GET",
  "url": "/tableColumns/Users",
  "statusCode": 200,
  "responseTime": "NaNms",
  "ip": "127.0.0.1",
  "userAgent": "axios/1.18.1",
  "userId": 1805,
  "userUniqueId": "e4f4720c-7828-4476-925d-4dd5f9deb456"
}
[VerifyToken] Request: {
  method: 'GET',
  url: '/api/user/attachedDocuments?userUniqueId=e590af62-28fb-49cd-ab29-d5e2d2c8f991&limit=50',
  hasAuth: true
}
[VerifyToken] Token decoded: {
  userUniqueId: 'e4f4720c-7828-4476-925d-4dd5f9deb456',
  phoneNumber: '+251975975883',
  roleId: 3,
  iat: 1786368599
}
[VerifyToken] User authenticated: {
  userUniqueId: 'e4f4720c-7828-4476-925d-4dd5f9deb456',
  phoneNumber: '+251975975883',
  roleId: undefined
}
16:30:07 [[32minfo[39m]: API Request
{
  "service": "ride-hailing-api",
  "environment": "development",
  "type": "API_REQUEST",
  "method": "GET",
  "url": "/api/user/attachedDocuments?userUniqueId=e590af62-28fb-49cd-ab29-d5e2d2c8f991&limit=50",
  "statusCode": 200,
  "responseTime": "NaNms",
  "ip": "127.0.0.1",
  "userAgent": "axios/1.18.1",
  "userId": 1805,
  "userUniqueId": "e4f4720c-7828-4476-925d-4dd5f9deb456"
}
[VerifyToken] Request: {
  method: 'PUT',
  url: '/api/admin/acceptRejectAttachedDocuments',
  hasAuth: true
}
[VerifyToken] Token decoded: {
  userUniqueId: 'e4f4720c-7828-4476-925d-4dd5f9deb456',
  phoneNumber: '+251975975883',
  roleId: 3,
  iat: 1786368599
}
[VerifyToken] User authenticated: {
  userUniqueId: 'e4f4720c-7828-4476-925d-4dd5f9deb456',
  phoneNumber: '+251975975883',
  roleId: undefined
}
16:30:07 [[32minfo[39m]: Transaction committed
{
  "service": "ride-hailing-api",
  "environment": "development",
  "transactionId": "txn_2026-08-10 13:30:07_byt97bqnh",
  "duration": "NaNms"
}
16:30:07 [[32minfo[39m]: API Request
{
  "service": "ride-hailing-api",
  "environment": "development",
  "type": "API_REQUEST",
  "method": "PUT",
  "url": "/api/admin/acceptRejectAttachedDocuments",
  "statusCode": 200,
  "responseTime": "NaNms",
  "ip": "127.0.0.1",
  "userAgent": "axios/1.18.1",
  "userId": 1805,
  "userUniqueId": "e4f4720c-7828-4476-925d-4dd5f9deb456"
}
[VerifyToken] Request: {
  method: 'GET',
  url: '/api/journey?ownerUserUniqueId=all&limit=100',
  hasAuth: true
}
[VerifyToken] Token decoded: {
  userUniqueId: 'e4f4720c-7828-4476-925d-4dd5f9deb456',
  phoneNumber: '+251975975883',
  roleId: 3,
  iat: 1786368599
}
[VerifyToken] User authenticated: {
  userUniqueId: 'e4f4720c-7828-4476-925d-4dd5f9deb456',
  phoneNumber: '+251975975883',
  roleId: undefined
}
16:30:07 [[32minfo[39m]: @dataRows
{
  "0": {
    "userBalanceId": 1200,
    "userBalanceUniqueId": "33929fce-1626-4d37-91fe-d7ac252f56e7",
    "userUniqueId": "e590af62-28fb-49cd-ab29-d5e2d2c8f991",
    "transactionType": "Commission",
    "transactionUniqueId": "77bc39fb-edb0-4d4e-ad0c-c193851d47f2",
    "transactionTime": "2026-08-10T10:30:04.000Z",
    "userBalanceAdjustmentType": "creation",
    "netBalance": "48625.00",
    "userBalanceCreatedBy": "e4f4720c-7828-4476-925d-4dd5f9deb456",
    "userBalanceUpdatedBy": null,
    "userBalanceDeletedBy": null,
    "userBalanceCreatedAt": "2026-08-10T10:30:04.000Z",
    "userBalanceUpdatedAt": null,
    "userBalanceDeletedAt": null
  },
  "service": "ride-hailing-api",
  "environment": "development"
}
16:30:07 [[32minfo[39m]: @transactionUniqueId in getCommissionByTransactionUniqueId 77bc39fb-edb0-4d4e-ad0c-c193851d47f2
{
  "service": "ride-hailing-api",
  "environment": "development"
}
16:30:07 [[32minfo[39m]: @result in getCommissionByTransactionUniqueId
{
  "service": "ride-hailing-api",
  "environment": "development"
}
16:30:07 [[32minfo[39m]: @transactionUniqueId in Commission in getUserBalanceByFilterServices77bc39fb-edb0-4d4e-ad0c-c193851d47f2
{
  "service": "ride-hailing-api",
  "environment": "development"
}
16:30:07 [[32minfo[39m]: @transactionDetails in Commission null
{
  "service": "ride-hailing-api",
  "environment": "development"
}
16:30:07 [[32minfo[39m]: API Request
{
  "service": "ride-hailing-api",
  "environment": "development",
  "type": "API_REQUEST",
  "method": "GET",
  "url": "/api/journey?ownerUserUniqueId=all&limit=100",
  "statusCode": 200,
  "responseTime": "NaNms",
  "ip": "127.0.0.1",
  "userAgent": "axios/1.18.1",
  "userId": 1805,
  "userUniqueId": "e4f4720c-7828-4476-925d-4dd5f9deb456"
}
[VerifyToken] Request: {
  method: 'POST',
  url: '/api/admin/canceledJourneyBySystem',
  hasAuth: true
}
[VerifyToken] Token decoded: {
  userUniqueId: 'e4f4720c-7828-4476-925d-4dd5f9deb456',
  phoneNumber: '+251975975883',
  roleId: 3,
  iat: 1786368599
}
[VerifyToken] User authenticated: {
  userUniqueId: 'e4f4720c-7828-4476-925d-4dd5f9deb456',
  phoneNumber: '+251975975883',
  roleId: undefined
}
16:30:07 [[32minfo[39m]: Transaction committed
{
  "service": "ride-hailing-api",
  "environment": "development",
  "transactionId": "txn_2026-08-10 13:30:07_g4m61wic3",
  "duration": "NaNms"
}
16:30:07 [[32minfo[39m]: API Request
{
  "service": "ride-hailing-api",
  "environment": "development",
  "type": "API_REQUEST",
  "method": "POST",
  "url": "/api/admin/canceledJourneyBySystem",
  "statusCode": 200,
  "responseTime": "NaNms",
  "ip": "127.0.0.1",
  "userAgent": "axios/1.18.1",
  "userId": 1805,
  "userUniqueId": "e4f4720c-7828-4476-925d-4dd5f9deb456"
}
16:30:07 [[31merror[39m]: Redis connection error
Error: Stream isn't writeable and enableOfflineQueue options is false
    at EventEmitter.sendCommand (/Users/zewedu/Desktop/Projects/transportBackEndNative/node_modules/ioredis/built/Redis.js:376:32)
    at EventEmitter.keys (/Users/zewedu/Desktop/Projects/transportBackEndNative/node_modules/ioredis/built/utils/Commander.js:90:25)
    at sendSocketIONotificationToAdmin (/Users/zewedu/Desktop/Projects/transportBackEndNative/Utils/Notifications.js:151:26)
    at handleUpdateResponses (/Users/zewedu/Desktop/Projects/transportBackEndNative/Services/UserRoleStatus.service.js:110:11)
    at process.processTicksAndRejections (node:internal/process/task_queues:105:5)
    at async updateUserRoleStatus (/Users/zewedu/Desktop/Projects/transportBackEndNative/Services/UserRoleStatus.service.js:93:10)
    at async accountStatus (/Users/zewedu/Desktop/Projects/transportBackEndNative/Services/Account/accountStatus.service.js:435:7)
    at async /Users/zewedu/Desktop/Projects/transportBackEndNative/Services/AttachedDocuments/update.service.js:378:15
{
  "service": "ride-hailing-api",
  "environment": "development",
  "error": "Stream isn't writeable and enableOfflineQueue options is false"
}
[VerifyToken] Request: {
  method: 'GET',
  url: '/check-automatic-ban/e590af62-28fb-49cd-ab29-d5e2d2c8f991/2',
  hasAuth: true
}
[VerifyToken] Token decoded: {
  userUniqueId: 'e4f4720c-7828-4476-925d-4dd5f9deb456',
  phoneNumber: '+251975975883',
  roleId: 3,
  iat: 1786368599
}
[VerifyToken] User authenticated: {
  userUniqueId: 'e4f4720c-7828-4476-925d-4dd5f9deb456',
  phoneNumber: '+251975975883',
  roleId: undefined
}
16:30:07 [[32minfo[39m]: API Request
{
  "service": "ride-hailing-api",
  "environment": "development",
  "type": "API_REQUEST",
  "method": "GET",
  "url": "/api/admin/userDelinquency/check-automatic-ban/e590af62-28fb-49cd-ab29-d5e2d2c8f991/2",
  "statusCode": 200,
  "responseTime": "NaNms",
  "ip": "127.0.0.1",
  "userAgent": "axios/1.18.1",
  "userId": 1805,
  "userUniqueId": "e4f4720c-7828-4476-925d-4dd5f9deb456"
}
[VerifyToken] Request: { method: 'GET', url: '/api/admin/tables', hasAuth: true }
[VerifyToken] Token decoded: {
  userUniqueId: 'e4f4720c-7828-4476-925d-4dd5f9deb456',
  phoneNumber: '+251975975883',
  roleId: 3,
  iat: 1786368599
}
[VerifyToken] User authenticated: {
  userUniqueId: 'e4f4720c-7828-4476-925d-4dd5f9deb456',
  phoneNumber: '+251975975883',
  roleId: undefined
}
16:30:07 [[32minfo[39m]: API Request
{
  "service": "ride-hailing-api",
  "environment": "development",
  "type": "API_REQUEST",
  "method": "GET",
  "url": "/api/admin/tables",
  "statusCode": 200,
  "responseTime": "NaNms",
  "ip": "127.0.0.1",
  "userAgent": "axios/1.18.1",
  "userId": 1805,
  "userUniqueId": "e4f4720c-7828-4476-925d-4dd5f9deb456"
}
[VerifyToken] Request: {
  method: 'GET',
  url: '/api/user/getShipperRequest4allOrSingleUser?journeyStatusId=1,2&hasUnansweredDriverRequest=true&limit=10',
  hasAuth: true
}
[VerifyToken] Token decoded: {
  userUniqueId: '5e76d160-608e-4d5b-8b95-132a6fa878b0',
  phoneNumber: '+251985975882',
  roleId: 1,
  iat: 1786368601
}
[VerifyToken] User authenticated: {
  userUniqueId: '5e76d160-608e-4d5b-8b95-132a6fa878b0',
  phoneNumber: '+251985975882',
  roleId: undefined
}
16:30:07 [[32minfo[39m]: Transaction committed
{
  "service": "ride-hailing-api",
  "environment": "development",
  "transactionId": "txn_2026-08-10 13:30:07_omtfsk5o4",
  "duration": "NaNms"
}
16:30:07 [[32minfo[39m]: API Request
{
  "service": "ride-hailing-api",
  "environment": "development",
  "type": "API_REQUEST",
  "method": "GET",
  "url": "/api/user/getShipperRequest4allOrSingleUser?journeyStatusId=1,2&hasUnansweredDriverRequest=true&limit=10",
  "statusCode": 200,
  "responseTime": "NaNms",
  "ip": "127.0.0.1",
  "userAgent": "axios/1.18.1",
  "userId": 1809,
  "userUniqueId": "5e76d160-608e-4d5b-8b95-132a6fa878b0"
}
[VerifyToken] Request: {
  method: 'GET',
  url: '/api/shipperRequest/getCancellationNotifications',
  hasAuth: true
}
[VerifyToken] Token decoded: {
  userUniqueId: '5e76d160-608e-4d5b-8b95-132a6fa878b0',
  phoneNumber: '+251985975882',
  roleId: 1,
  iat: 1786368601
}
[VerifyToken] User authenticated: {
  userUniqueId: '5e76d160-608e-4d5b-8b95-132a6fa878b0',
  phoneNumber: '+251985975882',
  roleId: undefined
}
16:30:07 [[32minfo[39m]: API Request
{
  "service": "ride-hailing-api",
  "environment": "development",
  "type": "API_REQUEST",
  "method": "GET",
  "url": "/api/shipperRequest/getCancellationNotifications",
  "statusCode": 200,
  "responseTime": "NaNms",
  "ip": "127.0.0.1",
  "userAgent": "axios/1.18.1",
  "userId": 1809,
  "userUniqueId": "5e76d160-608e-4d5b-8b95-132a6fa878b0"
}
[VerifyToken] Request: {
  method: 'GET',
  url: '/3bf53a94-2138-453c-9523-6dd7c12540e0/profileHistory',
  hasAuth: true
}
[VerifyToken] Token decoded: {
  userUniqueId: '7e350e22-f087-4f51-adb1-9931d8529cb0',
  phoneNumber: '+251965975884',
  roleId: 7,
  iat: 1786368599
}
[VerifyToken] User authenticated: {
  userUniqueId: '7e350e22-f087-4f51-adb1-9931d8529cb0',
  phoneNumber: '+251965975884',
  roleId: undefined
}
16:30:07 [[32minfo[39m]: API Request
{
  "service": "ride-hailing-api",
  "environment": "development",
  "type": "API_REQUEST",
  "method": "GET",
  "url": "/api/company/companies/3bf53a94-2138-453c-9523-6dd7c12540e0/profileHistory",
  "statusCode": 200,
  "responseTime": "NaNms",
  "ip": "127.0.0.1",
  "userAgent": "axios/1.18.1",
  "userId": 1806,
  "userUniqueId": "7e350e22-f087-4f51-adb1-9931d8529cb0"
}
[VerifyToken] Request: { method: 'POST', url: '/', hasAuth: true }
[VerifyToken] Token decoded: {
  userUniqueId: 'e4f4720c-7828-4476-925d-4dd5f9deb456',
  phoneNumber: '+251975975883',
  roleId: 3,
  iat: 1786368599
}
[VerifyToken] User authenticated: {
  userUniqueId: 'e4f4720c-7828-4476-925d-4dd5f9deb456',
  phoneNumber: '+251975975883',
  roleId: undefined
}
16:30:07 [[32minfo[39m]: Transaction committed
{
  "service": "ride-hailing-api",
  "environment": "development",
  "transactionId": "txn_2026-08-10 13:30:07_7svtyk4gt",
  "duration": "NaNms"
}
16:30:07 [[32minfo[39m]: API Request
{
  "service": "ride-hailing-api",
  "environment": "development",
  "type": "API_REQUEST",
  "method": "POST",
  "url": "/api/finance/userBalance",
  "statusCode": 200,
  "responseTime": "NaNms",
  "ip": "127.0.0.1",
  "userAgent": "axios/1.18.1",
  "userId": 1805,
  "userUniqueId": "e4f4720c-7828-4476-925d-4dd5f9deb456"
}
[VerifyToken] Request: { method: 'GET', url: '/', hasAuth: true }
[VerifyToken] Token decoded: {
  userUniqueId: 'e590af62-28fb-49cd-ab29-d5e2d2c8f991',
  phoneNumber: '+251995975881',
  roleId: 2,
  iat: 1786368600
}
[VerifyToken] User authenticated: {
  userUniqueId: 'e590af62-28fb-49cd-ab29-d5e2d2c8f991',
  phoneNumber: '+251995975881',
  roleId: undefined
}
16:30:07 [[32minfo[39m]: @dataRows
{
  "0": {
    "userBalanceId": 1201,
    "userBalanceUniqueId": "377aa6bb-792b-4952-a92b-e267cd669fc1",
    "userUniqueId": "e4f4720c-7828-4476-925d-4dd5f9deb456",
    "transactionType": "Deposit",
    "transactionUniqueId": "05046e83-f4b6-4669-9cca-10bde47396cd",
    "transactionTime": "2026-08-10T10:30:07.000Z",
    "userBalanceAdjustmentType": "creation",
    "netBalance": "1000.00",
    "userBalanceCreatedBy": "e4f4720c-7828-4476-925d-4dd5f9deb456",
    "userBalanceUpdatedBy": null,
    "userBalanceDeletedBy": null,
    "userBalanceCreatedAt": "2026-08-10T10:30:07.000Z",
    "userBalanceUpdatedAt": null,
    "userBalanceDeletedAt": null
  },
  "1": {
    "userBalanceId": 1200,
    "userBalanceUniqueId": "33929fce-1626-4d37-91fe-d7ac252f56e7",
    "userUniqueId": "e590af62-28fb-49cd-ab29-d5e2d2c8f991",
    "transactionType": "Commission",
    "transactionUniqueId": "77bc39fb-edb0-4d4e-ad0c-c193851d47f2",
    "transactionTime": "2026-08-10T10:30:04.000Z",
    "userBalanceAdjustmentType": "creation",
    "netBalance": "48625.00",
    "userBalanceCreatedBy": "e4f4720c-7828-4476-925d-4dd5f9deb456",
    "userBalanceUpdatedBy": null,
    "userBalanceDeletedBy": null,
    "userBalanceCreatedAt": "2026-08-10T10:30:04.000Z",
    "userBalanceUpdatedAt": null,
    "userBalanceDeletedAt": null
  },
  "2": {
    "userBalanceId": 1199,
    "userBalanceUniqueId": "185cc3e5-5325-497c-b2e1-32d947814da6",
    "userUniqueId": "e590af62-28fb-49cd-ab29-d5e2d2c8f991",
    "transactionType": "Deposit",
    "transactionUniqueId": "d9bf8e82-1e06-46a5-a730-a87d15f24f39",
    "transactionTime": "2026-08-10T10:30:04.000Z",
    "userBalanceAdjustmentType": "creation",
    "netBalance": "50000.00",
    "userBalanceCreatedBy": "e590af62-28fb-49cd-ab29-d5e2d2c8f991",
    "userBalanceUpdatedBy": null,
    "userBalanceDeletedBy": null,
    "userBalanceCreatedAt": "2026-08-10T10:30:04.000Z",
    "userBalanceUpdatedAt": null,
    "userBalanceDeletedAt": null
  },
  "3": {
    "userBalanceId": 1198,
    "userBalanceUniqueId": "5a78bae3-4bde-4348-9663-45413a23cbb7",
    "userUniqueId": "e590af62-28fb-49cd-ab29-d5e2d2c8f991",
    "transactionType": "Refund",
    "transactionUniqueId": "5806986d-c58d-49e3-bd1e-54933be1d8ca",
    "transactionTime": "2026-08-10T10:30:02.000Z",
    "userBalanceAdjustmentType": "creation",
    "netBalance": "950.00",
    "userBalanceCreatedBy": "e590af62-28fb-49cd-ab29-d5e2d2c8f991",
    "userBalanceUpdatedBy": null,
    "userBalanceDeletedBy": null,
    "userBalanceCreatedAt": "2026-08-10T10:30:02.000Z",
    "userBalanceUpdatedAt": null,
    "userBalanceDeletedAt": null
  },
  "4": {
    "userBalanceId": 1197,
    "userBalanceUniqueId": "38aae26e-35c3-4016-a6fc-659f076e12a4",
    "userUniqueId": "e590af62-28fb-49cd-ab29-d5e2d2c8f991",
    "transactionType": "Subscription",
    "transactionUniqueId": "87c447a1-1cae-4306-b2a1-7258da0f6c1d",
    "transactionTime": "2026-08-10T10:30:01.000Z",
    "userBalanceAdjustmentType": "creation",
    "netBalance": "1000.00",
    "userBalanceCreatedBy": "e590af62-28fb-49cd-ab29-d5e2d2c8f991",
    "userBalanceUpdatedBy": null,
    "userBalanceDeletedBy": null,
    "userBalanceCreatedAt": "2026-08-10T10:30:01.000Z",
    "userBalanceUpdatedAt": null,
    "userBalanceDeletedAt": null
  },
  "5": {
    "userBalanceId": 1196,
    "userBalanceUniqueId": "ac4fdd0a-c906-4ea2-ab36-39b50dbcda09",
    "userUniqueId": "e590af62-28fb-49cd-ab29-d5e2d2c8f991",
    "transactionType": "Deposit",
    "transactionUniqueId": "6af30c15-6eb3-40da-a368-31181bc922ac",
    "transactionTime": "2026-08-10T10:30:01.000Z",
    "userBalanceAdjustmentType": "creation",
    "netBalance": "1700.00",
    "userBalanceCreatedBy": "e590af62-28fb-49cd-ab29-d5e2d2c8f991",
    "userBalanceUpdatedBy": null,
    "userBalanceDeletedBy": null,
    "userBalanceCreatedAt": "2026-08-10T10:30:01.000Z",
    "userBalanceUpdatedAt": null,
    "userBalanceDeletedAt": null
  },
  "6": {
    "userBalanceId": 1195,
    "userBalanceUniqueId": "149e568d-4cdd-4a82-bc3e-8af80e421d9b",
    "userUniqueId": "e590af62-28fb-49cd-ab29-d5e2d2c8f991",
    "transactionType": "Transfer",
    "transactionUniqueId": "61917ff2-f0c3-4596-b09f-cb748c6e5d4e",
    "transactionTime": "2026-08-10T10:30:01.000Z",
    "userBalanceAdjustmentType": "creation",
    "netBalance": "700.00",
    "userBalanceCreatedBy": "e590af62-28fb-49cd-ab29-d5e2d2c8f991",
    "userBalanceUpdatedBy": null,
    "userBalanceDeletedBy": null,
    "userBalanceCreatedAt": "2026-08-10T10:30:01.000Z",
    "userBalanceUpdatedAt": null,
    "userBalanceDeletedAt": null
  },
  "7": {
    "userBalanceId": 1194,
    "userBalanceUniqueId": "05185dbe-06b3-4e86-86a9-395ac5b9f1d8",
    "userUniqueId": "e590af62-28fb-49cd-ab29-d5e2d2c8f991",
    "transactionType": "Transfer",
    "transactionUniqueId": "61917ff2-f0c3-4596-b09f-cb748c6e5d4e",
    "transactionTime": "2026-08-10T10:30:01.000Z",
    "userBalanceAdjustmentType": "creation",
    "netBalance": "600.00",
    "userBalanceCreatedBy": "e590af62-28fb-49cd-ab29-d5e2d2c8f991",
    "userBalanceUpdatedBy": null,
    "userBalanceDeletedBy": null,
    "userBalanceCreatedAt": "2026-08-10T10:30:01.000Z",
    "userBalanceUpdatedAt": null,
    "userBalanceDeletedAt": null
  },
  "8": {
    "userBalanceId": 1193,
    "userBalanceUniqueId": "8356ddeb-7ba8-4db4-b0d2-f72a8c498986",
    "userUniqueId": "e590af62-28fb-49cd-ab29-d5e2d2c8f991",
    "transactionType": "Subscription",
    "transactionUniqueId": "69c3c0ba-d4ea-4491-a2f3-38704e344e3a",
    "transactionTime": "2026-08-10T10:30:01.000Z",
    "userBalanceAdjustmentType": "creation",
    "netBalance": "700.00",
    "userBalanceCreatedBy": "e590af62-28fb-49cd-ab29-d5e2d2c8f991",
    "userBalanceUpdatedBy": null,
    "userBalanceDeletedBy": null,
    "userBalanceCreatedAt": "2026-08-10T10:30:01.000Z",
    "userBalanceUpdatedAt": null,
    "userBalanceDeletedAt": null
  },
  "9": {
    "userBalanceId": 1192,
    "userBalanceUniqueId": "0e273825-6ae5-4948-9b0a-129c9757e24c",
    "userUniqueId": "57141509-c6c4-4ef7-8e8f-c7d26bb96ceb",
    "transactionType": "Deposit",
    "transactionUniqueId": "b6fd8f91-a804-492b-87df-dfa70f50f36c",
    "transactionTime": "2026-08-10T09:38:48.000Z",
    "userBalanceAdjustmentType": "creation",
    "netBalance": "1000.00",
    "userBalanceCreatedBy": "57141509-c6c4-4ef7-8e8f-c7d26bb96ceb",
    "userBalanceUpdatedBy": null,
    "userBalanceDeletedBy": null,
    "userBalanceCreatedAt": "2026-08-10T09:38:48.000Z",
    "userBalanceUpdatedAt": null,
    "userBalanceDeletedAt": null
  },
  "service": "ride-hailing-api",
  "environment": "development"
}
16:30:07 [[32minfo[39m]: @transactionUniqueId in getCommissionByTransactionUniqueId 77bc39fb-edb0-4d4e-ad0c-c193851d47f2
{
  "service": "ride-hailing-api",
  "environment": "development"
}
16:30:07 [[32minfo[39m]: @result in getCommissionByTransactionUniqueId
{
  "service": "ride-hailing-api",
  "environment": "development"
}
16:30:07 [[32minfo[39m]: @transactionUniqueId in Commission in getUserBalanceByFilterServices77bc39fb-edb0-4d4e-ad0c-c193851d47f2
{
  "service": "ride-hailing-api",
  "environment": "development"
}
16:30:07 [[32minfo[39m]: @transactionDetails in Commission null
{
  "service": "ride-hailing-api",
  "environment": "development"
}
16:30:07 [[32minfo[39m]: API Request
{
  "service": "ride-hailing-api",
  "environment": "development",
  "type": "API_REQUEST",
  "method": "GET",
  "url": "/api/finance/userBalance",
  "statusCode": 200,
  "responseTime": "NaNms",
  "ip": "127.0.0.1",
  "userAgent": "axios/1.18.1",
  "userId": 1808,
  "userUniqueId": "e590af62-28fb-49cd-ab29-d5e2d2c8f991"
}
[VerifyToken] Request: { method: 'GET', url: '/', hasAuth: true }
[VerifyToken] Token decoded: {
  userUniqueId: 'e4f4720c-7828-4476-925d-4dd5f9deb456',
  phoneNumber: '+251975975883',
  roleId: 3,
  iat: 1786368599
}
[VerifyToken] User authenticated: {
  userUniqueId: 'e4f4720c-7828-4476-925d-4dd5f9deb456',
  phoneNumber: '+251975975883',
  roleId: undefined
}
16:30:07 [[32minfo[39m]: API Request
{
  "service": "ride-hailing-api",
  "environment": "development",
  "type": "API_REQUEST",
  "method": "GET",
  "url": "/api/admin/delinquencyTypes",
  "statusCode": 200,
  "responseTime": "NaNms",
  "ip": "127.0.0.1",
  "userAgent": "axios/1.18.1",
  "userId": 1805,
  "userUniqueId": "e4f4720c-7828-4476-925d-4dd5f9deb456"
}
[VerifyToken] Request: {
  method: 'PATCH',
  url: '/09550bac-0a43-4691-90cf-5cd9f8ec3a34/toggle-active',
  hasAuth: true
}
[VerifyToken] Token decoded: {
  userUniqueId: 'e4f4720c-7828-4476-925d-4dd5f9deb456',
  phoneNumber: '+251975975883',
  roleId: 3,
  iat: 1786368599
}
[VerifyToken] User authenticated: {
  userUniqueId: 'e4f4720c-7828-4476-925d-4dd5f9deb456',
  phoneNumber: '+251975975883',
  roleId: undefined
}
16:30:07 [[32minfo[39m]: Transaction committed
{
  "service": "ride-hailing-api",
  "environment": "development",
  "transactionId": "txn_2026-08-10 13:30:07_04e0qh17u",
  "duration": "NaNms"
}
16:30:07 [[32minfo[39m]: API Request
{
  "service": "ride-hailing-api",
  "environment": "development",
  "type": "API_REQUEST",
  "method": "PATCH",
  "url": "/api/admin/delinquencyTypes/09550bac-0a43-4691-90cf-5cd9f8ec3a34/toggle-active",
  "statusCode": 200,
  "responseTime": "NaNms",
  "ip": "127.0.0.1",
  "userAgent": "axios/1.18.1",
  "userId": 1805,
  "userUniqueId": "e4f4720c-7828-4476-925d-4dd5f9deb456"
}
[VerifyToken] Request: { method: 'GET', url: '/role/2', hasAuth: true }
[VerifyToken] Token decoded: {
  userUniqueId: 'e4f4720c-7828-4476-925d-4dd5f9deb456',
  phoneNumber: '+251975975883',
  roleId: 3,
  iat: 1786368599
}
[VerifyToken] User authenticated: {
  userUniqueId: 'e4f4720c-7828-4476-925d-4dd5f9deb456',
  phoneNumber: '+251975975883',
  roleId: undefined
}
16:30:07 [[32minfo[39m]: API Request
{
  "service": "ride-hailing-api",
  "environment": "development",
  "type": "API_REQUEST",
  "method": "GET",
  "url": "/api/admin/delinquencyTypes/role/2",
  "statusCode": 200,
  "responseTime": "NaNms",
  "ip": "127.0.0.1",
  "userAgent": "axios/1.18.1",
  "userId": 1805,
  "userUniqueId": "e4f4720c-7828-4476-925d-4dd5f9deb456"
}
[VerifyToken] Request: {
  method: 'GET',
  url: '/pending?userUniqueId=e590af62-28fb-49cd-ab29-d5e2d2c8f991&roleId=2',
  hasAuth: true
}
[VerifyToken] Token decoded: {
  userUniqueId: 'e590af62-28fb-49cd-ab29-d5e2d2c8f991',
  phoneNumber: '+251995975881',
  roleId: 2,
  iat: 1786368600
}
[VerifyToken] User authenticated: {
  userUniqueId: 'e590af62-28fb-49cd-ab29-d5e2d2c8f991',
  phoneNumber: '+251995975881',
  roleId: undefined
}
16:30:07 [[32minfo[39m]: API Request
{
  "service": "ride-hailing-api",
  "environment": "development",
  "type": "API_REQUEST",
  "method": "GET",
  "url": "/api/user/delinquencyResponse/pending?userUniqueId=e590af62-28fb-49cd-ab29-d5e2d2c8f991&roleId=2",
  "statusCode": 200,
  "responseTime": "NaNms",
  "ip": "127.0.0.1",
  "userAgent": "axios/1.18.1",
  "userId": 1808,
  "userUniqueId": "e590af62-28fb-49cd-ab29-d5e2d2c8f991"
}
[VerifyToken] Request: { method: 'GET', url: '/api/user/verification-link', hasAuth: true }
[VerifyToken] Token decoded: {
  userUniqueId: '5e76d160-608e-4d5b-8b95-132a6fa878b0',
  phoneNumber: '+251985975882',
  roleId: 1,
  iat: 1786368601
}
[VerifyToken] User authenticated: {
  userUniqueId: '5e76d160-608e-4d5b-8b95-132a6fa878b0',
  phoneNumber: '+251985975882',
  roleId: undefined
}
16:30:07 [[32minfo[39m]: API Request
{
  "service": "ride-hailing-api",
  "environment": "development",
  "type": "API_REQUEST",
  "method": "GET",
  "url": "/api/user/verification-link",
  "statusCode": 200,
  "responseTime": "NaNms",
  "ip": "127.0.0.1",
  "userAgent": "axios/1.18.1",
  "userId": 1809,
  "userUniqueId": "5e76d160-608e-4d5b-8b95-132a6fa878b0"
}
16:30:07 [[32minfo[39m]: API Request
{
  "service": "ride-hailing-api",
  "environment": "development",
  "type": "API_REQUEST",
  "method": "GET",
  "url": "/api/user/report-wrong-email?token=1d8eab7c-8816-4083-9393-fe5297c02ffc",
  "statusCode": 200,
  "responseTime": "NaNms",
  "ip": "127.0.0.1",
  "userAgent": "axios/1.18.1"
}
[VerifyToken] Request: { method: 'GET', url: '/api/user/verification-link', hasAuth: true }
[VerifyToken] Token decoded: {
  userUniqueId: '5e76d160-608e-4d5b-8b95-132a6fa878b0',
  phoneNumber: '+251985975882',
  roleId: 1,
  iat: 1786368601
}
[VerifyToken] User authenticated: {
  userUniqueId: '5e76d160-608e-4d5b-8b95-132a6fa878b0',
  phoneNumber: '+251985975882',
  roleId: undefined
}
16:30:07 [[32minfo[39m]: API Request
{
  "service": "ride-hailing-api",
  "environment": "development",
  "type": "API_REQUEST",
  "method": "GET",
  "url": "/api/user/verification-link",
  "statusCode": 200,
  "responseTime": "NaNms",
  "ip": "127.0.0.1",
  "userAgent": "axios/1.18.1",
  "userId": 1809,
  "userUniqueId": "5e76d160-608e-4d5b-8b95-132a6fa878b0"
}
16:30:07 [[32minfo[39m]: API Request
{
  "service": "ride-hailing-api",
  "environment": "development",
  "type": "API_REQUEST",
  "method": "GET",
  "url": "/api/user/verify-email?token=b765141c-100c-41fe-a811-d6a621f2af12",
  "statusCode": 200,
  "responseTime": "NaNms",
  "ip": "127.0.0.1",
  "userAgent": "axios/1.18.1"
}
[VerifyToken] Request: { method: 'GET', url: '/api/user/verification-link', hasAuth: true }
[VerifyToken] Token decoded: {
  userUniqueId: '5e76d160-608e-4d5b-8b95-132a6fa878b0',
  phoneNumber: '+251985975882',
  roleId: 1,
  iat: 1786368601
}
[VerifyToken] User authenticated: {
  userUniqueId: '5e76d160-608e-4d5b-8b95-132a6fa878b0',
  phoneNumber: '+251985975882',
  roleId: undefined
}
16:30:07 [[32minfo[39m]: API Request
{
  "service": "ride-hailing-api",
  "environment": "development",
  "type": "API_REQUEST",
  "method": "GET",
  "url": "/api/user/verification-link",
  "statusCode": 200,
  "responseTime": "NaNms",
  "ip": "127.0.0.1",
  "userAgent": "axios/1.18.1",
  "userId": 1809,
  "userUniqueId": "5e76d160-608e-4d5b-8b95-132a6fa878b0"
}
16:30:07 [[32minfo[39m]: API Request
{
  "service": "ride-hailing-api",
  "environment": "development",
  "type": "API_REQUEST",
  "method": "GET",
  "url": "/api/user/verify-phone?token=eyJhbGciOiJIUzI1NiIsInR5cCI6IkpXVCJ9.eyJ1c2VyVW5pcXVlSWQiOiI1ZTc2ZDE2MC02MDhlLTRkNWItOGI5NS0xMzJhNmZhODc4YjAiLCJwaG9uZU51bWJlciI6IisyNTE5ODU5NzU4ODIiLCJwdXJwb3NlIjoicGhvbmVfdmVyaWZpY2F0aW9uIiwiaWF0IjoxNzg2MzY4NjA3LCJleHAiOjE3ODYzNjk1MDd9.KGxuXbFYWdJUOmh5AteUYAlE_o4rrQ_uG-26ZUug_3Q",
  "statusCode": 200,
  "responseTime": "NaNms",
  "ip": "127.0.0.1",
  "userAgent": "axios/1.18.1"
}
[VerifyToken] Request: { method: 'GET', url: '/api/user/verification-link', hasAuth: true }
[VerifyToken] Token decoded: {
  userUniqueId: '5e76d160-608e-4d5b-8b95-132a6fa878b0',
  phoneNumber: '+251985975882',
  roleId: 1,
  iat: 1786368601
}
[VerifyToken] User authenticated: {
  userUniqueId: '5e76d160-608e-4d5b-8b95-132a6fa878b0',
  phoneNumber: '+251985975882',
  roleId: undefined
}
16:30:07 [[32minfo[39m]: API Request
{
  "service": "ride-hailing-api",
  "environment": "development",
  "type": "API_REQUEST",
  "method": "GET",
  "url": "/api/user/verification-link",
  "statusCode": 200,
  "responseTime": "NaNms",
  "ip": "127.0.0.1",
  "userAgent": "axios/1.18.1",
  "userId": 1809,
  "userUniqueId": "5e76d160-608e-4d5b-8b95-132a6fa878b0"
}
16:30:07 [[32minfo[39m]: API Request
{
  "service": "ride-hailing-api",
  "environment": "development",
  "type": "API_REQUEST",
  "method": "POST",
  "url": "/api/user/verify-phone",
  "statusCode": 200,
  "responseTime": "NaNms",
  "ip": "127.0.0.1",
  "userAgent": "axios/1.18.1"
}
[VerifyToken] Request: {
  method: 'PATCH',
  url: '/3bf53a94-2138-453c-9523-6dd7c12540e0',
  hasAuth: true
}
[VerifyToken] Token decoded: {
  userUniqueId: '7e350e22-f087-4f51-adb1-9931d8529cb0',
  phoneNumber: '+251965975884',
  roleId: 7,
  iat: 1786368599
}
[VerifyToken] User authenticated: {
  userUniqueId: '7e350e22-f087-4f51-adb1-9931d8529cb0',
  phoneNumber: '+251965975884',
  roleId: undefined
}
16:30:07 [[32minfo[39m]: Transaction committed
{
  "service": "ride-hailing-api",
  "environment": "development",
  "transactionId": "txn_2026-08-10 13:30:07_4b5nfghh2",
  "duration": "NaNms"
}
16:30:07 [[32minfo[39m]: API Request
{
  "service": "ride-hailing-api",
  "environment": "development",
  "type": "API_REQUEST",
  "method": "PATCH",
  "url": "/api/company/companies/3bf53a94-2138-453c-9523-6dd7c12540e0",
  "statusCode": 200,
  "responseTime": "NaNms",
  "ip": "127.0.0.1",
  "userAgent": "axios/1.18.1",
  "userId": 1806,
  "userUniqueId": "7e350e22-f087-4f51-adb1-9931d8529cb0"
}
[VerifyToken] Request: { method: 'POST', url: '/', hasAuth: true }
[VerifyToken] Token decoded: {
  userUniqueId: '7e350e22-f087-4f51-adb1-9931d8529cb0',
  phoneNumber: '+251965975884',
  roleId: 7,
  iat: 1786368599
}
[VerifyToken] User authenticated: {
  userUniqueId: '7e350e22-f087-4f51-adb1-9931d8529cb0',
  phoneNumber: '+251965975884',
  roleId: undefined
}
16:30:07 [[32minfo[39m]: Transaction committed
{
  "service": "ride-hailing-api",
  "environment": "development",
  "transactionId": "txn_2026-08-10 13:30:07_3wg0wapno",
  "duration": "NaNms"
}
16:30:07 [[32minfo[39m]: API Request
{
  "service": "ride-hailing-api",
  "environment": "development",
  "type": "API_REQUEST",
  "method": "POST",
  "url": "/api/company/companies",
  "statusCode": 201,
  "responseTime": "NaNms",
  "ip": "127.0.0.1",
  "userAgent": "axios/1.18.1",
  "userId": 1806,
  "userUniqueId": "7e350e22-f087-4f51-adb1-9931d8529cb0"
}
[VerifyToken] Request: {
  method: 'DELETE',
  url: '/e80cf7a8-021a-4220-941f-a4e55592f00c',
  hasAuth: true
}
[VerifyToken] Token decoded: {
  userUniqueId: 'e4f4720c-7828-4476-925d-4dd5f9deb456',
  phoneNumber: '+251975975883',
  roleId: 3,
  iat: 1786368599
}
[VerifyToken] User authenticated: {
  userUniqueId: 'e4f4720c-7828-4476-925d-4dd5f9deb456',
  phoneNumber: '+251975975883',
  roleId: undefined
}
16:30:07 [[32minfo[39m]: Transaction committed
{
  "service": "ride-hailing-api",
  "environment": "development",
  "transactionId": "txn_2026-08-10 13:30:07_w2aju74w9",
  "duration": "NaNms"
}
16:30:07 [[32minfo[39m]: API Request
{
  "service": "ride-hailing-api",
  "environment": "development",
  "type": "API_REQUEST",
  "method": "DELETE",
  "url": "/api/company/companies/e80cf7a8-021a-4220-941f-a4e55592f00c",
  "statusCode": 200,
  "responseTime": "NaNms",
  "ip": "127.0.0.1",
  "userAgent": "axios/1.18.1",
  "userId": 1805,
  "userUniqueId": "e4f4720c-7828-4476-925d-4dd5f9deb456"
}
[VerifyToken] Request: {
  method: 'GET',
  url: '/?requestMode=company_target&limit=1',
  hasAuth: true
}
[VerifyToken] Token decoded: {
  userUniqueId: '5e76d160-608e-4d5b-8b95-132a6fa878b0',
  phoneNumber: '+251985975882',
  roleId: 1,
  iat: 1786368601
}
[VerifyToken] User authenticated: {
  userUniqueId: '5e76d160-608e-4d5b-8b95-132a6fa878b0',
  phoneNumber: '+251985975882',
  roleId: undefined
}
16:30:07 [[32minfo[39m]: API Request
{
  "service": "ride-hailing-api",
  "environment": "development",
  "type": "API_REQUEST",
  "method": "GET",
  "url": "/api/shipperRequestBatch?requestMode=company_target&limit=1",
  "statusCode": 200,
  "responseTime": "NaNms",
  "ip": "127.0.0.1",
  "userAgent": "axios/1.18.1",
  "userId": 1809,
  "userUniqueId": "5e76d160-608e-4d5b-8b95-132a6fa878b0"
}
[VerifyToken] Request: {
  method: 'PATCH',
  url: '/a17d0b7c-1bb0-436e-b137-e430c5c6a68a',
  hasAuth: true
}
[VerifyToken] Token decoded: {
  userUniqueId: '5e76d160-608e-4d5b-8b95-132a6fa878b0',
  phoneNumber: '+251985975882',
  roleId: 1,
  iat: 1786368601
}
[VerifyToken] User authenticated: {
  userUniqueId: '5e76d160-608e-4d5b-8b95-132a6fa878b0',
  phoneNumber: '+251985975882',
  roleId: undefined
}
16:30:07 [[32minfo[39m]: Transaction committed
{
  "service": "ride-hailing-api",
  "environment": "development",
  "transactionId": "txn_2026-08-10 13:30:07_a2j7gwdc1",
  "duration": "NaNms"
}
16:30:07 [[32minfo[39m]: API Request
{
  "service": "ride-hailing-api",
  "environment": "development",
  "type": "API_REQUEST",
  "method": "PATCH",
  "url": "/api/shipperRequestBatch/a17d0b7c-1bb0-436e-b137-e430c5c6a68a",
  "statusCode": 200,
  "responseTime": "NaNms",
  "ip": "127.0.0.1",
  "userAgent": "axios/1.18.1",
  "userId": 1809,
  "userUniqueId": "5e76d160-608e-4d5b-8b95-132a6fa878b0"
}
[VerifyToken] Request: {
  method: 'GET',
  url: '/?requestMode=company_target&limit=1',
  hasAuth: true
}
[VerifyToken] Token decoded: {
  userUniqueId: '5e76d160-608e-4d5b-8b95-132a6fa878b0',
  phoneNumber: '+251985975882',
  roleId: 1,
  iat: 1786368601
}
[VerifyToken] User authenticated: {
  userUniqueId: '5e76d160-608e-4d5b-8b95-132a6fa878b0',
  phoneNumber: '+251985975882',
  roleId: undefined
}
16:30:07 [[32minfo[39m]: API Request
{
  "service": "ride-hailing-api",
  "environment": "development",
  "type": "API_REQUEST",
  "method": "GET",
  "url": "/api/shipperRequestBatch?requestMode=company_target&limit=1",
  "statusCode": 200,
  "responseTime": "NaNms",
  "ip": "127.0.0.1",
  "userAgent": "axios/1.18.1",
  "userId": 1809,
  "userUniqueId": "5e76d160-608e-4d5b-8b95-132a6fa878b0"
}
[VerifyToken] Request: {
  method: 'DELETE',
  url: '/a17d0b7c-1bb0-436e-b137-e430c5c6a68a',
  hasAuth: true
}
[VerifyToken] Token decoded: {
  userUniqueId: '5e76d160-608e-4d5b-8b95-132a6fa878b0',
  phoneNumber: '+251985975882',
  roleId: 1,
  iat: 1786368601
}
[VerifyToken] User authenticated: {
  userUniqueId: '5e76d160-608e-4d5b-8b95-132a6fa878b0',
  phoneNumber: '+251985975882',
  roleId: undefined
}
16:30:07 [[32minfo[39m]: Transaction committed
{
  "service": "ride-hailing-api",
  "environment": "development",
  "transactionId": "txn_2026-08-10 13:30:07_cetc49yvd",
  "duration": "NaNms"
}
16:30:07 [[32minfo[39m]: API Request
{
  "service": "ride-hailing-api",
  "environment": "development",
  "type": "API_REQUEST",
  "method": "DELETE",
  "url": "/api/shipperRequestBatch/a17d0b7c-1bb0-436e-b137-e430c5c6a68a",
  "statusCode": 200,
  "responseTime": "NaNms",
  "ip": "127.0.0.1",
  "userAgent": "axios/1.18.1",
  "userId": 1809,
  "userUniqueId": "5e76d160-608e-4d5b-8b95-132a6fa878b0"
}
[VerifyToken] Request: {
  method: 'POST',
  url: '/api/vehicle/attachDocuments/18362b7e-19df-44fb-a845-0adb73e7e633',
  hasAuth: true
}
[VerifyToken] Token decoded: {
  userUniqueId: 'e590af62-28fb-49cd-ab29-d5e2d2c8f991',
  phoneNumber: '+251995975881',
  roleId: 2,
  iat: 1786368600
}
[VerifyToken] User authenticated: {
  userUniqueId: 'e590af62-28fb-49cd-ab29-d5e2d2c8f991',
  phoneNumber: '+251995975881',
  roleId: undefined
}
16:30:07 [[32minfo[39m]: File saved locally
{
  "service": "ride-hailing-api",
  "environment": "development",
  "filePath": "/Users/zewedu/Desktop/Projects/transportBackEndNative/uploads/1808_b23b1102-beac-4dbe-b8dc-6ecd7f7da585.png",
  "relativePath": "/uploads/1808_b23b1102-beac-4dbe-b8dc-6ecd7f7da585.png"
}
16:30:07 [[32minfo[39m]: Transaction committed
{
  "service": "ride-hailing-api",
  "environment": "development",
  "transactionId": "txn_2026-08-10 13:30:07_b8zzgmqsi",
  "duration": "NaNms"
}
16:30:07 [[31merror[39m]: Redis connection error
Error: Stream isn't writeable and enableOfflineQueue options is false
    at EventEmitter.sendCommand (/Users/zewedu/Desktop/Projects/transportBackEndNative/node_modules/ioredis/built/Redis.js:376:32)
    at EventEmitter.keys (/Users/zewedu/Desktop/Projects/transportBackEndNative/node_modules/ioredis/built/utils/Commander.js:90:25)
    at sendSocketIONotificationToAdmin (/Users/zewedu/Desktop/Projects/transportBackEndNative/Utils/Notifications.js:151:26)
    at createAttachedDocuments (/Users/zewedu/Desktop/Projects/transportBackEndNative/Controllers/AttachedDocuments.controller.js:356:11)
    at process.processTicksAndRejections (node:internal/process/task_queues:105:5)
{
  "service": "ride-hailing-api",
  "environment": "development",
  "error": "Stream isn't writeable and enableOfflineQueue options is false"
}
16:30:07 [[32minfo[39m]: API Request
{
  "service": "ride-hailing-api",
  "environment": "development",
  "type": "API_REQUEST",
  "method": "POST",
  "url": "/api/vehicle/attachDocuments/18362b7e-19df-44fb-a845-0adb73e7e633",
  "statusCode": 200,
  "responseTime": "NaNms",
  "ip": "127.0.0.1",
  "userAgent": "axios/1.18.1",
  "userId": 1808,
  "userUniqueId": "e590af62-28fb-49cd-ab29-d5e2d2c8f991"
}
[VerifyToken] Request: {
  method: 'DELETE',
  url: '/api/user/users/e590af62-28fb-49cd-ab29-d5e2d2c8f991',
  hasAuth: true
}
[VerifyToken] Token decoded: {
  userUniqueId: 'e4f4720c-7828-4476-925d-4dd5f9deb456',
  phoneNumber: '+251975975883',
  roleId: 3,
  iat: 1786368599
}
[VerifyToken] User authenticated: {
  userUniqueId: 'e4f4720c-7828-4476-925d-4dd5f9deb456',
  phoneNumber: '+251975975883',
  roleId: undefined
}
16:30:07 [[32minfo[39m]: Transaction committed
{
  "service": "ride-hailing-api",
  "environment": "development",
  "transactionId": "txn_2026-08-10 13:30:07_1g4v13rl0",
  "duration": "NaNms"
}
16:30:07 [[32minfo[39m]: API Request
{
  "service": "ride-hailing-api",
  "environment": "development",
  "type": "API_REQUEST",
  "method": "DELETE",
  "url": "/api/user/users/e590af62-28fb-49cd-ab29-d5e2d2c8f991",
  "statusCode": 200,
  "responseTime": "NaNms",
  "ip": "127.0.0.1",
  "userAgent": "axios/1.18.1",
  "userId": 1805,
  "userUniqueId": "e4f4720c-7828-4476-925d-4dd5f9deb456"
}
