◇ injected env (39) from .env // tip: ⌘ suppress logs { quiet: true }
15:16:24 [[32minfo[39m]: MySQL pool created
{
  "service": "ride-hailing-api",
  "environment": "development",
  "host": "localhost",
  "database": "transportCompanyTest",
  "port": 8889,
  "socketPath": "/Applications/MAMP/tmp/mysql/mysql.sock"
}
15:16:25 [[32minfo[39m]: Server running at:
{
  "service": "ride-hailing-api",
  "environment": "development"
}
15:16:25 [[32minfo[39m]:    Local:   http://localhost:3000
{
  "service": "ride-hailing-api",
  "environment": "development"
}
15:16:25 [[32minfo[39m]:    Network: http://172.17.115.134:3000
{
  "service": "ride-hailing-api",
  "environment": "development"
}
15:16:25 [[32minfo[39m]:    Env:     development
{
  "service": "ride-hailing-api",
  "environment": "development"
}
15:16:25 [[32minfo[39m]: Server is running on http://172.17.115.134:3000
{
  "service": "ride-hailing-api",
  "environment": "development",
  "port": 3000,
  "nodeEnv": "development",
  "pid": 98791
}
15:16:25 [[32minfo[39m]: Query performance monitoring initialized
{
  "service": "ride-hailing-api",
  "environment": "development",
  "slowQueryThreshold": "100ms",
  "queryLoggingEnabled": true
}
15:16:25 [[32minfo[39m]: Starting Automatic Timeout Detection Service
{
  "service": "ride-hailing-api",
  "environment": "development",
  "intervalSeconds": 120,
  "timeoutMinutes": 5,
  "runImmediately": true
}
15:16:25 [[32minfo[39m]: Starting automatic timeout check
{
  "service": "ride-hailing-api",
  "environment": "development",
  "timeoutMinutes": 5
}
15:16:25 [[32minfo[39m]: Automatic Timeout Detection Service started
{
  "service": "ride-hailing-api",
  "environment": "development",
  "intervalSeconds": 120,
  "timeoutMinutes": 5
}
15:16:25 [[32minfo[39m]: MySQL connectivity check succeeded
{
  "service": "ride-hailing-api",
  "environment": "development"
}
15:16:25 [[32minfo[39m]: No timed-out driver requests found
{
  "service": "ride-hailing-api",
  "environment": "development"
}
15:16:27 [[32minfo[39m]: Redis Client Connected
{
  "service": "ride-hailing-api",
  "environment": "development"
}
15:16:29 [[32minfo[39m]: Redis Client Ready
{
  "service": "ride-hailing-api",
  "environment": "development"
}
15:16:30 [[33mwarn[39m]: Redis adapter initialization skipped - Redis unavailable (continuing in single-server mode)
{
  "service": "ride-hailing-api",
  "environment": "development",
  "error": "Pub client connection timeout",
  "name": "Error"
}
15:16:32 [[32minfo[39m]: API Request
{
  "service": "ride-hailing-api",
  "environment": "development",
  "type": "API_REQUEST",
  "method": "GET",
  "url": "/api/health",
  "statusCode": 200,
  "responseTime": "NaNms",
  "ip": "127.0.0.1",
  "userAgent": "curl/8.7.1"
}
15:16:40 [[32minfo[39m]: Database 'transportCompanyTest' ensured (created if not existed)
{
  "service": "ride-hailing-api",
  "environment": "development"
}
15:16:40 [[31merror[39m]: Database query error
{
  "service": "ride-hailing-api",
  "environment": "development",
  "executionTime": "NaNms",
  "error": "Duplicate entry '1' for key 'roles.PRIMARY'",
  "code": "ER_DUP_ENTRY",
  "sql": "INSERT INTO Roles (roleUniqueId, roleName, roleDescription, roleCreatedBy, roleCreatedAt, roleId) VALUES (?, ?, ?, ?, ?, ?)"
}
15:16:40 [[31merror[39m]: Error seeding role Shipper: Duplicate entry '1' for key 'roles.PRIMARY'
Error: Duplicate entry '1' for key 'roles.PRIMARY'
    at createRole (/Users/zewedu/Desktop/Projects/transportBackEndNative/Services/Role.service.js:45:11)
    at process.processTicksAndRejections (node:internal/process/task_queues:105:5)
    at async Object.createTable (/Users/zewedu/Desktop/Projects/transportBackEndNative/Services/Database/tableManage.service.js:160:7)
    at async createTableController (/Users/zewedu/Desktop/Projects/transportBackEndNative/Controllers/Database.controller.js:12:20)
{
  "service": "ride-hailing-api",
  "environment": "development",
  "statusCode": 500,
  "status": "error",
  "isOperational": true
}
15:16:41 [[32minfo[39m]: API Request
{
  "service": "ride-hailing-api",
  "environment": "development",
  "type": "API_REQUEST",
  "method": "POST",
  "url": "/api/admin/createTable",
  "statusCode": 200,
  "responseTime": "NaNms",
  "ip": "127.0.0.1",
  "userAgent": "axios/1.18.1"
}
15:16:41 [[32minfo[39m]: Transaction committed
{
  "service": "ride-hailing-api",
  "environment": "development",
  "transactionId": "txn_2026-08-08 12:16:41_8erd9puvx",
  "duration": "NaNms"
}
15:16:41 [[32minfo[39m]: API Request
{
  "service": "ride-hailing-api",
  "environment": "development",
  "type": "API_REQUEST",
  "method": "POST",
  "url": "/api/user/verifyUserByOTP",
  "statusCode": 200,
  "responseTime": "NaNms",
  "ip": "127.0.0.1",
  "userAgent": "axios/1.18.1"
}
15:16:41 [[32minfo[39m]: API Request
{
  "service": "ride-hailing-api",
  "environment": "development",
  "type": "API_REQUEST",
  "method": "POST",
  "url": "/api/user/loginUser",
  "statusCode": 200,
  "responseTime": "NaNms",
  "ip": "127.0.0.1",
  "userAgent": "axios/1.18.1"
}
[VerifyToken] Request: {
  method: 'GET',
  url: '/api/admin/installPreDefinedData',
  hasAuth: true
}
[VerifyToken] Token decoded: {
  userUniqueId: 'b4ab823f-c537-4655-ab27-cab33fbd0996',
  phoneNumber: '+251983222221',
  roleId: 6,
  iat: 1786191401
}
[VerifyToken] User authenticated: {
  userUniqueId: 'b4ab823f-c537-4655-ab27-cab33fbd0996',
  phoneNumber: '+251983222221',
  roleId: undefined
}
15:16:41 [[32minfo[39m]: Starting installPreDefinedData
{
  "service": "ride-hailing-api",
  "environment": "development",
  "hasUser": true,
  "userUniqueId": "b4ab823f-c537-4655-ab27-cab33fbd0996",
  "counts": {
    "listOfVehicleStatusTypes": 6,
    "journeyStatus": 17,
    "statusList": 8,
    "roleList": 11,
    "companyRoleList": 4,
    "vehicleTypes": 8
  }
}
15:16:41 [[32minfo[39m]: Seeded VehicleStatusType:
{
  "service": "ride-hailing-api",
  "environment": "development",
  "item": "active"
}
15:16:41 [[32minfo[39m]: Seeded VehicleStatusType:
{
  "service": "ride-hailing-api",
  "environment": "development",
  "item": "inactive"
}
15:16:41 [[32minfo[39m]: Seeded VehicleStatusType:
{
  "service": "ride-hailing-api",
  "environment": "development",
  "item": "deleted"
}
15:16:41 [[32minfo[39m]: Seeded VehicleStatusType:
{
  "service": "ride-hailing-api",
  "environment": "development",
  "item": "suspended"
}
15:16:41 [[32minfo[39m]: Seeded VehicleStatusType:
{
  "service": "ride-hailing-api",
  "environment": "development",
  "item": "rejected"
}
15:16:41 [[32minfo[39m]: Seeded VehicleStatusType:
{
  "service": "ride-hailing-api",
  "environment": "development",
  "item": "reserved by other driver"
}
15:16:41 [[31merror[39m]: Error creating item in predefined data
{
  "service": "ride-hailing-api",
  "environment": "development",
  "label": "JourneyStatus",
  "item": {
    "journeyStatusId": 1,
    "journeyStatusName": "waiting",
    "journeyStatusDescription": "Initial state when a shipper creates a transport request, waiting for drivers to respond and accept."
  },
  "error": "Journey status already exists"
}
15:16:41 [[31merror[39m]: Error creating item in predefined data
{
  "service": "ride-hailing-api",
  "environment": "development",
  "label": "JourneyStatus",
  "item": {
    "journeyStatusId": 2,
    "journeyStatusName": "requested",
    "journeyStatusDescription": "A shipper request has been sent or forwarded to a driver. The driver has received the request but has not yet responded."
  },
  "error": "Journey status already exists"
}
15:16:41 [[31merror[39m]: Error creating item in predefined data
{
  "service": "ride-hailing-api",
  "environment": "development",
  "label": "JourneyStatus",
  "item": {
    "journeyStatusId": 3,
    "journeyStatusName": "acceptedByDriver",
    "journeyStatusDescription": "Driver has accepted the shipper request and provided their bidding price. At this point, a JourneyDecision record is created, linking the driver and shipper request."
  },
  "error": "Journey status already exists"
}
15:16:41 [[31merror[39m]: Error creating item in predefined data
{
  "service": "ride-hailing-api",
  "environment": "development",
  "label": "JourneyStatus",
  "item": {
    "journeyStatusId": 4,
    "journeyStatusName": "acceptedByShipper",
    "journeyStatusDescription": "Shipper has selected one driver from multiple drivers who accepted the request. This occurs when multiple drivers accepted (status 3), and the shipper chooses one driver's offer."
  },
  "error": "Journey status already exists"
}
15:16:41 [[31merror[39m]: Error creating item in predefined data
{
  "service": "ride-hailing-api",
  "environment": "development",
  "label": "JourneyStatus",
  "item": {
    "journeyStatusId": 5,
    "journeyStatusName": "journeyStarted",
    "journeyStatusDescription": "The actual journey has been initiated by the driver. This occurs after the shipper has accepted the driver (status 4), and the driver begins the transportation."
  },
  "error": "Journey status already exists"
}
15:16:41 [[31merror[39m]: Error creating item in predefined data
{
  "service": "ride-hailing-api",
  "environment": "development",
  "label": "JourneyStatus",
  "item": {
    "journeyStatusId": 6,
    "journeyStatusName": "journeyCompleted",
    "journeyStatusDescription": "The journey has been successfully completed by the driver. The transportation service has been fully delivered."
  },
  "error": "Journey status already exists"
}
15:16:41 [[31merror[39m]: Error creating item in predefined data
{
  "service": "ride-hailing-api",
  "environment": "development",
  "label": "JourneyStatus",
  "item": {
    "journeyStatusId": 7,
    "journeyStatusName": "cancelledByShipper",
    "journeyStatusDescription": "Shipper has cancelled the entire transport request. This cancellation affects all drivers who were involved, and the entire shipment is cancelled."
  },
  "error": "Journey status already exists"
}
15:16:41 [[31merror[39m]: Error creating item in predefined data
{
  "service": "ride-hailing-api",
  "environment": "development",
  "label": "JourneyStatus",
  "item": {
    "journeyStatusId": 8,
    "journeyStatusName": "rejectedByShipper",
    "journeyStatusDescription": "Shipper has rejected a specific driver's offer after the driver accepted the request (status 3). This rejection only affects the specific driver that was rejected, and the shipper can still select other drivers who accepted the request."
  },
  "error": "Journey status already exists"
}
15:16:41 [[31merror[39m]: Error creating item in predefined data
{
  "service": "ride-hailing-api",
  "environment": "development",
  "label": "JourneyStatus",
  "item": {
    "journeyStatusId": 9,
    "journeyStatusName": "cancelledByDriver",
    "journeyStatusDescription": "Driver canceled the request after accepting it and providing their bidding price. This occurs after the driver has committed to participate in the bid (status 3 - acceptedByDriver), meaning a JourneyDecision record exists. The driver withdraws their commitment, which can happen at any point after acceptance, including before or after the shipper selects a driver, or even after the journey has started."
  },
  "error": "Journey status already exists"
}
15:16:41 [[31merror[39m]: Error creating item in predefined data
{
  "service": "ride-hailing-api",
  "environment": "development",
  "label": "JourneyStatus",
  "item": {
    "journeyStatusId": 10,
    "journeyStatusName": "cancelledByAdmin",
    "journeyStatusDescription": "Admin has cancelled the request. This administrative cancellation can occur at various stages of the journey lifecycle."
  },
  "error": "Journey status already exists"
}
15:16:41 [[31merror[39m]: Error creating item in predefined data
{
  "service": "ride-hailing-api",
  "environment": "development",
  "label": "JourneyStatus",
  "item": {
    "journeyStatusId": 11,
    "journeyStatusName": "completedByAdmin",
    "journeyStatusDescription": "Admin has manually marked the journey as completed. This administrative action is used when a journey needs to be marked as completed through administrative intervention."
  },
  "error": "Journey status already exists"
}
15:16:41 [[31merror[39m]: Error creating item in predefined data
{
  "service": "ride-hailing-api",
  "environment": "development",
  "label": "JourneyStatus",
  "item": {
    "journeyStatusId": 12,
    "journeyStatusName": "cancelledBySystem",
    "journeyStatusDescription": "System has automatically cancelled the request. This can occur due to system-level rules, timeout conditions, or other automated cancellation scenarios."
  },
  "error": "Journey status already exists"
}
15:16:41 [[31merror[39m]: Error creating item in predefined data
{
  "service": "ride-hailing-api",
  "environment": "development",
  "label": "JourneyStatus",
  "item": {
    "journeyStatusId": 13,
    "journeyStatusName": "noAnswerFromDriver",
    "journeyStatusDescription": "Driver did not respond to the incoming request within the expected time. The request is then automatically forwarded to another available driver."
  },
  "error": "Journey status already exists"
}
15:16:41 [[31merror[39m]: Error creating item in predefined data
{
  "service": "ride-hailing-api",
  "environment": "development",
  "label": "JourneyStatus",
  "item": {
    "journeyStatusId": 14,
    "journeyStatusName": "notSelectedInBid",
    "journeyStatusDescription": "Driver had accepted the shipper request (status 3) and participated in the bid process, but the shipper selected a different driver. The driver's offer was not chosen during the bid selection."
  },
  "error": "Journey status already exists"
}
15:16:41 [[31merror[39m]: Error creating item in predefined data
{
  "service": "ride-hailing-api",
  "environment": "development",
  "label": "JourneyStatus",
  "item": {
    "journeyStatusId": 15,
    "journeyStatusName": "rejectedByDriver",
    "journeyStatusDescription": "Driver rejected the incoming shipper request before accepting it. This occurs at the initial request stage (status 2 - requested), meaning the driver never accepted the request, did not provide a bidding price, and no JourneyDecision record was created. The driver declined participation in the bid process from the start."
  },
  "error": "Journey status already exists"
}
15:16:41 [[31merror[39m]: Error creating item in predefined data
{
  "service": "ride-hailing-api",
  "environment": "development",
  "label": "JourneyStatus",
  "item": {
    "journeyStatusId": 16,
    "journeyStatusName": "replacedByCompanyAssignment",
    "journeyStatusDescription": "The individual driver-shipper connection was automatically replaced because a transport company assigned this driver to a company-managed freight job. The individual ShipperRequest is returned to the waiting pool and the driver's new JourneyDecision is linked to the company assignment. This is a system-level status with clear intent — company assignments take priority over individual matches."
  },
  "error": "Journey status already exists"
}
15:16:41 [[31merror[39m]: Error creating item in predefined data
{
  "service": "ride-hailing-api",
  "environment": "development",
  "label": "JourneyStatus",
  "item": {
    "journeyStatusId": 17,
    "journeyStatusName": "partiallyCancelled",
    "journeyStatusDescription": "A company freight batch was partially cancelled by the shipper. One or more vehicle slots were cancelled while others had already completed their journey or are still in transit. The batch remains open for the active/completed slots. This status applies only to ShipperRequestBatch records — individual ShipperRequest rows within the batch keep their own terminal status (journeyCompleted or cancelledByShipper)."
  },
  "error": "Journey status already exists"
}
15:16:41 [[32minfo[39m]: Seeded Status:
{
  "service": "ride-hailing-api",
  "environment": "development",
  "item": "active"
}
15:16:41 [[32minfo[39m]: Seeded Status:
{
  "service": "ride-hailing-api",
  "environment": "development",
  "item": "inactive - vehicle not registered"
}
15:16:41 [[32minfo[39m]: Seeded Status:
{
  "service": "ride-hailing-api",
  "environment": "development",
  "item": "inactive - required documents missing"
}
15:16:41 [[32minfo[39m]: Seeded Status:
{
  "service": "ride-hailing-api",
  "environment": "development",
  "item": "inactive - documents rejected"
}
15:16:41 [[32minfo[39m]: Seeded Status:
{
  "service": "ride-hailing-api",
  "environment": "development",
  "item": "inactive - documents pending"
}
15:16:41 [[32minfo[39m]: Seeded Status:
{
  "service": "ride-hailing-api",
  "environment": "development",
  "item": "inactive - User is banned by admin"
}
15:16:41 [[32minfo[39m]: Seeded Status:
{
  "service": "ride-hailing-api",
  "environment": "development",
  "item": "inactive - Driver doesn't have a subscription"
}
15:16:41 [[32minfo[39m]: Seeded Status:
{
  "service": "ride-hailing-api",
  "environment": "development",
  "item": "inactive - account deleted"
}
15:16:41 [[31merror[39m]: Error creating item in predefined data
{
  "service": "ride-hailing-api",
  "environment": "development",
  "label": "Role",
  "item": {
    "roleId": 1,
    "roleUniqueId": "7ea762e4-ca26-49df-986d-dec289c511d5",
    "roleName": "Shipper",
    "roleDescription": "a person who can make order to driver to load goods",
    "roleCreatedAt": "2026-08-08 12:16:24"
  },
  "error": "Duplicate entry '1' for key 'roles.PRIMARY'"
}
15:16:41 [[32minfo[39m]: Seeded Role:
{
  "service": "ride-hailing-api",
  "environment": "development",
  "item": "Driver"
}
15:16:41 [[32minfo[39m]: Seeded Role:
{
  "service": "ride-hailing-api",
  "environment": "development",
  "item": "Admin"
}
15:16:41 [[32minfo[39m]: Seeded Role:
{
  "service": "ride-hailing-api",
  "environment": "development",
  "item": "vehicle owner"
}
15:16:41 [[32minfo[39m]: Seeded Role:
{
  "service": "ride-hailing-api",
  "environment": "development",
  "item": "System"
}
15:16:41 [[32minfo[39m]: Seeded Role:
{
  "service": "ride-hailing-api",
  "environment": "development",
  "item": "Supper Admin"
}
15:16:41 [[32minfo[39m]: Seeded Role:
{
  "service": "ride-hailing-api",
  "environment": "development",
  "item": "CompanyAdmin"
}
15:16:41 [[32minfo[39m]: Seeded Role:
{
  "service": "ride-hailing-api",
  "environment": "development",
  "item": "company"
}
15:16:41 [[32minfo[39m]: Seeded Role:
{
  "service": "ride-hailing-api",
  "environment": "development",
  "item": "vehicle"
}
15:16:41 [[32minfo[39m]: Seeded Role:
{
  "service": "ride-hailing-api",
  "environment": "development",
  "item": "Dispatcher"
}
15:16:41 [[32minfo[39m]: Seeded Role:
{
  "service": "ride-hailing-api",
  "environment": "development",
  "item": "Queue Organization Admin"
}
15:16:41 [[32minfo[39m]: Seeded CompanyRoles:
{
  "service": "ride-hailing-api",
  "environment": "development"
}
15:16:41 [[32minfo[39m]: Seeded CompanyRoles:
{
  "service": "ride-hailing-api",
  "environment": "development"
}
15:16:41 [[32minfo[39m]: Seeded CompanyRoles:
{
  "service": "ride-hailing-api",
  "environment": "development"
}
15:16:41 [[32minfo[39m]: Seeded CompanyRoles:
{
  "service": "ride-hailing-api",
  "environment": "development"
}
15:16:41 [[31merror[39m]: Error creating item in predefined data
{
  "service": "ride-hailing-api",
  "environment": "development",
  "label": "VehicleTypes",
  "item": {
    "vehicleTypeName": "Light Truck (up to 35 Quintal)",
    "carryingCapacity": 35,
    "cargoType": "bulk_only",
    "vehicleTypeDescription": "Small/light freight truck for bulk cargo up to 35 quintal. Cannot carry ISO containers.",
    "createdAt": null,
    "updatedAt": null
  },
  "error": "Vehicle type already exists"
}
15:16:41 [[31merror[39m]: Error creating item in predefined data
{
  "service": "ride-hailing-api",
  "environment": "development",
  "label": "VehicleTypes",
  "item": {
    "vehicleTypeName": "Medium Truck (up to 50 Quintal)",
    "carryingCapacity": 50,
    "cargoType": "bulk_only",
    "vehicleTypeDescription": "Medium freight truck for bulk cargo up to 50 quintal. Cannot carry ISO containers.",
    "createdAt": null,
    "updatedAt": null
  },
  "error": "Vehicle type already exists"
}
15:16:41 [[31merror[39m]: Error creating item in predefined data
{
  "service": "ride-hailing-api",
  "environment": "development",
  "label": "VehicleTypes",
  "item": {
    "vehicleTypeName": "Medium Truck (up to 100 Quintal)",
    "carryingCapacity": 100,
    "cargoType": "bulk_only",
    "vehicleTypeDescription": "Medium freight truck for bulk cargo up to 100 quintal. Cannot carry ISO containers.",
    "createdAt": null,
    "updatedAt": null
  },
  "error": "Vehicle type already exists"
}
15:16:41 [[31merror[39m]: Error creating item in predefined data
{
  "service": "ride-hailing-api",
  "environment": "development",
  "label": "VehicleTypes",
  "item": {
    "vehicleTypeName": "Heavy Truck (125–175 Quintal)",
    "carryingCapacity": 175,
    "cargoType": "both",
    "vehicleTypeDescription": "Heavy truck for loads 125–175 quintal. Accepts bulk cargo or a single 20ft ISO container.",
    "createdAt": null,
    "updatedAt": null
  },
  "error": "Vehicle type already exists"
}
15:16:41 [[31merror[39m]: Error creating item in predefined data
{
  "service": "ride-hailing-api",
  "environment": "development",
  "label": "VehicleTypes",
  "item": {
    "vehicleTypeName": "Extra Heavy Truck (176–250 Quintal)",
    "carryingCapacity": 250,
    "cargoType": "both",
    "vehicleTypeDescription": "Extra-heavy truck for loads 176–250 quintal. Accepts bulk cargo or ISO containers.",
    "createdAt": null,
    "updatedAt": null
  },
  "error": "Vehicle type already exists"
}
15:16:41 [[31merror[39m]: Error creating item in predefined data
{
  "service": "ride-hailing-api",
  "environment": "development",
  "label": "VehicleTypes",
  "item": {
    "vehicleTypeName": "20ft Container Truck (251–300 Quintal)",
    "carryingCapacity": 300,
    "cargoType": "both",
    "vehicleTypeDescription": "Container truck with 20ft cassoni fitting for loads 251–300 quintal. Accepts bulk cargo or a 20ft ISO container.",
    "createdAt": null,
    "updatedAt": null
  },
  "error": "Vehicle type already exists"
}
15:16:41 [[31merror[39m]: Error creating item in predefined data
{
  "service": "ride-hailing-api",
  "environment": "development",
  "label": "VehicleTypes",
  "item": {
    "vehicleTypeName": "2×20ft or 40ft Low-Bed Truck (301–350 Quintal)",
    "carryingCapacity": 350,
    "cargoType": "container_only",
    "vehicleTypeDescription": "Specialised low-bed container rig for 301–350 quintal. Carries either 2 × 20ft OR 1 × 40ft ISO containers ",
    "createdAt": null,
    "updatedAt": null
  },
  "error": "Vehicle type already exists"
}
15:16:41 [[31merror[39m]: Error creating item in predefined data
{
  "service": "ride-hailing-api",
  "environment": "development",
  "label": "VehicleTypes",
  "item": {
    "vehicleTypeName": "2×20ft or 40ft Container Truck (351–400 Quintal)",
    "carryingCapacity": 400,
    "cargoType": "container_only",
    "vehicleTypeDescription": "Specialised multi-container truck for 351–400 quintal. Carries either 2 × 20ft OR 1 × 40ft ISO containers  ",
    "createdAt": null,
    "updatedAt": null
  },
  "error": "Vehicle type already exists"
}
15:16:41 [[32minfo[39m]: Seeded DocumentType:
{
  "service": "ride-hailing-api",
  "environment": "development"
}
15:16:41 [[32minfo[39m]: Seeded DocumentType:
{
  "service": "ride-hailing-api",
  "environment": "development"
}
15:16:41 [[32minfo[39m]: Seeded DocumentType:
{
  "service": "ride-hailing-api",
  "environment": "development"
}
15:16:41 [[32minfo[39m]: Seeded DocumentType:
{
  "service": "ride-hailing-api",
  "environment": "development"
}
15:16:41 [[32minfo[39m]: Seeded DocumentType:
{
  "service": "ride-hailing-api",
  "environment": "development"
}
15:16:41 [[32minfo[39m]: Seeded DocumentType:
{
  "service": "ride-hailing-api",
  "environment": "development"
}
15:16:41 [[32minfo[39m]: Seeded DocumentType:
{
  "service": "ride-hailing-api",
  "environment": "development"
}
15:16:41 [[32minfo[39m]: Seeded DocumentType:
{
  "service": "ride-hailing-api",
  "environment": "development"
}
15:16:41 [[32minfo[39m]: Seeded DocumentType:
{
  "service": "ride-hailing-api",
  "environment": "development"
}
15:16:41 [[32minfo[39m]: Seeded DocumentType:
{
  "service": "ride-hailing-api",
  "environment": "development"
}
15:16:41 [[32minfo[39m]: Seeded DocumentType:
{
  "service": "ride-hailing-api",
  "environment": "development"
}
15:16:41 [[32minfo[39m]: Seeded DocumentRequirement:
{
  "service": "ride-hailing-api",
  "environment": "development"
}
15:16:41 [[32minfo[39m]: Seeded DocumentRequirement:
{
  "service": "ride-hailing-api",
  "environment": "development"
}
15:16:41 [[32minfo[39m]: Seeded ShipperDocumentRequirement:
{
  "service": "ride-hailing-api",
  "environment": "development"
}
15:16:41 [[32minfo[39m]: Seeded ShipperDocumentRequirement:
{
  "service": "ride-hailing-api",
  "environment": "development"
}
15:16:41 [[32minfo[39m]: Seeded CompanyDocumentRequirement:
{
  "service": "ride-hailing-api",
  "environment": "development"
}
15:16:41 [[32minfo[39m]: Seeded CompanyDocumentRequirement:
{
  "service": "ride-hailing-api",
  "environment": "development"
}
15:16:41 [[32minfo[39m]: Seeded CompanyDocumentRequirement:
{
  "service": "ride-hailing-api",
  "environment": "development"
}
15:16:41 [[32minfo[39m]: Seeded CompanyDocumentRequirement:
{
  "service": "ride-hailing-api",
  "environment": "development"
}
15:16:41 [[32minfo[39m]: Seeded VehicleDocumentRequirement:
{
  "service": "ride-hailing-api",
  "environment": "development"
}
15:16:41 [[32minfo[39m]: Seeded VehicleDocumentRequirement:
{
  "service": "ride-hailing-api",
  "environment": "development"
}
15:16:41 [[32minfo[39m]: Seeded CompanyAdminDocumentRequirement:
{
  "service": "ride-hailing-api",
  "environment": "development"
}
15:16:41 [[32minfo[39m]: Seeded CompanyAdminDocumentRequirement:
{
  "service": "ride-hailing-api",
  "environment": "development"
}
15:16:41 [[32minfo[39m]: Seeded DispatcherDocumentRequirement:
{
  "service": "ride-hailing-api",
  "environment": "development"
}
15:16:41 [[32minfo[39m]: Seeded DispatcherDocumentRequirement:
{
  "service": "ride-hailing-api",
  "environment": "development"
}
15:16:41 [[31merror[39m]: Error adding cancellation reason
Error: Cancellation reason already exists
    at addCancellationReason (/Users/zewedu/Desktop/Projects/transportBackEndNative/Services/Cancellation.service.js:25:13)
    at process.processTicksAndRejections (node:internal/process/task_queues:105:5)
    at async processDataSequentially (/Users/zewedu/Desktop/Projects/transportBackEndNative/Services/Database/seedData.service.js:122:24)
    at async Object.installPreDefinedData (/Users/zewedu/Desktop/Projects/transportBackEndNative/Services/Database/seedData.service.js:296:3)
    at async executeInTransaction.timeout (/Users/zewedu/Desktop/Projects/transportBackEndNative/Controllers/Database.controller.js:103:16)
    at async /Users/zewedu/Desktop/Projects/transportBackEndNative/Utils/DatabaseTransaction.js:101:14
    at async executeInTransaction (/Users/zewedu/Desktop/Projects/transportBackEndNative/Utils/DatabaseTransaction.js:99:20)
    at async installPreDefinedDataController (/Users/zewedu/Desktop/Projects/transportBackEndNative/Controllers/Database.controller.js:101:20)
{
  "service": "ride-hailing-api",
  "environment": "development",
  "error": "Cancellation reason already exists"
}
15:16:41 [[31merror[39m]: Error creating item in predefined data
{
  "service": "ride-hailing-api",
  "environment": "development",
  "label": "CancellationReasonsType",
  "item": {
    "cancellationReason": "Driver arrived too late to the pickup location",
    "roleId": 1,
    "requestMode": "individual"
  },
  "error": "Cancellation reason registration failed: Cancellation reason already exists"
}
15:16:41 [[31merror[39m]: Error adding cancellation reason
Error: Cancellation reason already exists
    at addCancellationReason (/Users/zewedu/Desktop/Projects/transportBackEndNative/Services/Cancellation.service.js:25:13)
    at process.processTicksAndRejections (node:internal/process/task_queues:105:5)
    at async processDataSequentially (/Users/zewedu/Desktop/Projects/transportBackEndNative/Services/Database/seedData.service.js:122:24)
    at async Object.installPreDefinedData (/Users/zewedu/Desktop/Projects/transportBackEndNative/Services/Database/seedData.service.js:296:3)
    at async executeInTransaction.timeout (/Users/zewedu/Desktop/Projects/transportBackEndNative/Controllers/Database.controller.js:103:16)
    at async /Users/zewedu/Desktop/Projects/transportBackEndNative/Utils/DatabaseTransaction.js:101:14
    at async executeInTransaction (/Users/zewedu/Desktop/Projects/transportBackEndNative/Utils/DatabaseTransaction.js:99:20)
    at async installPreDefinedDataController (/Users/zewedu/Desktop/Projects/transportBackEndNative/Controllers/Database.controller.js:101:20)
{
  "service": "ride-hailing-api",
  "environment": "development",
  "error": "Cancellation reason already exists"
}
15:16:41 [[31merror[39m]: Error creating item in predefined data
{
  "service": "ride-hailing-api",
  "environment": "development",
  "label": "CancellationReasonsType",
  "item": {
    "cancellationReason": "Driver did not come to my location at all",
    "roleId": 1,
    "requestMode": "individual"
  },
  "error": "Cancellation reason registration failed: Cancellation reason already exists"
}
15:16:41 [[31merror[39m]: Error adding cancellation reason
Error: Cancellation reason already exists
    at addCancellationReason (/Users/zewedu/Desktop/Projects/transportBackEndNative/Services/Cancellation.service.js:25:13)
    at process.processTicksAndRejections (node:internal/process/task_queues:105:5)
    at async processDataSequentially (/Users/zewedu/Desktop/Projects/transportBackEndNative/Services/Database/seedData.service.js:122:24)
    at async Object.installPreDefinedData (/Users/zewedu/Desktop/Projects/transportBackEndNative/Services/Database/seedData.service.js:296:3)
    at async executeInTransaction.timeout (/Users/zewedu/Desktop/Projects/transportBackEndNative/Controllers/Database.controller.js:103:16)
    at async /Users/zewedu/Desktop/Projects/transportBackEndNative/Utils/DatabaseTransaction.js:101:14
    at async executeInTransaction (/Users/zewedu/Desktop/Projects/transportBackEndNative/Utils/DatabaseTransaction.js:99:20)
    at async installPreDefinedDataController (/Users/zewedu/Desktop/Projects/transportBackEndNative/Controllers/Database.controller.js:101:20)
{
  "service": "ride-hailing-api",
  "environment": "development",
  "error": "Cancellation reason already exists"
}
15:16:41 [[31merror[39m]: Error creating item in predefined data
{
  "service": "ride-hailing-api",
  "environment": "development",
  "label": "CancellationReasonsType",
  "item": {
    "cancellationReason": "Found an available driver directly on the road",
    "roleId": 1,
    "requestMode": "individual"
  },
  "error": "Cancellation reason registration failed: Cancellation reason already exists"
}
15:16:41 [[31merror[39m]: Error adding cancellation reason
Error: Cancellation reason already exists
    at addCancellationReason (/Users/zewedu/Desktop/Projects/transportBackEndNative/Services/Cancellation.service.js:25:13)
    at process.processTicksAndRejections (node:internal/process/task_queues:105:5)
    at async processDataSequentially (/Users/zewedu/Desktop/Projects/transportBackEndNative/Services/Database/seedData.service.js:122:24)
    at async Object.installPreDefinedData (/Users/zewedu/Desktop/Projects/transportBackEndNative/Services/Database/seedData.service.js:296:3)
    at async executeInTransaction.timeout (/Users/zewedu/Desktop/Projects/transportBackEndNative/Controllers/Database.controller.js:103:16)
    at async /Users/zewedu/Desktop/Projects/transportBackEndNative/Utils/DatabaseTransaction.js:101:14
    at async executeInTransaction (/Users/zewedu/Desktop/Projects/transportBackEndNative/Utils/DatabaseTransaction.js:99:20)
    at async installPreDefinedDataController (/Users/zewedu/Desktop/Projects/transportBackEndNative/Controllers/Database.controller.js:101:20)
{
  "service": "ride-hailing-api",
  "environment": "development",
  "error": "Cancellation reason already exists"
}
15:16:41 [[31merror[39m]: Error creating item in predefined data
{
  "service": "ride-hailing-api",
  "environment": "development",
  "label": "CancellationReasonsType",
  "item": {
    "cancellationReason": "Driver's vehicle did not match the listed type",
    "roleId": 1,
    "requestMode": "individual"
  },
  "error": "Cancellation reason registration failed: Cancellation reason already exists"
}
15:16:41 [[31merror[39m]: Error adding cancellation reason
Error: Cancellation reason already exists
    at addCancellationReason (/Users/zewedu/Desktop/Projects/transportBackEndNative/Services/Cancellation.service.js:25:13)
    at process.processTicksAndRejections (node:internal/process/task_queues:105:5)
    at async processDataSequentially (/Users/zewedu/Desktop/Projects/transportBackEndNative/Services/Database/seedData.service.js:122:24)
    at async Object.installPreDefinedData (/Users/zewedu/Desktop/Projects/transportBackEndNative/Services/Database/seedData.service.js:296:3)
    at async executeInTransaction.timeout (/Users/zewedu/Desktop/Projects/transportBackEndNative/Controllers/Database.controller.js:103:16)
    at async /Users/zewedu/Desktop/Projects/transportBackEndNative/Utils/DatabaseTransaction.js:101:14
    at async executeInTransaction (/Users/zewedu/Desktop/Projects/transportBackEndNative/Utils/DatabaseTransaction.js:99:20)
    at async installPreDefinedDataController (/Users/zewedu/Desktop/Projects/transportBackEndNative/Controllers/Database.controller.js:101:20)
{
  "service": "ride-hailing-api",
  "environment": "development",
  "error": "Cancellation reason already exists"
}
15:16:41 [[31merror[39m]: Error creating item in predefined data
{
  "service": "ride-hailing-api",
  "environment": "development",
  "label": "CancellationReasonsType",
  "item": {
    "cancellationReason": "Driver was rude or behaved unprofessionally",
    "roleId": 1,
    "requestMode": "individual"
  },
  "error": "Cancellation reason registration failed: Cancellation reason already exists"
}
15:16:41 [[31merror[39m]: Error adding cancellation reason
Error: Cancellation reason already exists
    at addCancellationReason (/Users/zewedu/Desktop/Projects/transportBackEndNative/Services/Cancellation.service.js:25:13)
    at process.processTicksAndRejections (node:internal/process/task_queues:105:5)
    at async processDataSequentially (/Users/zewedu/Desktop/Projects/transportBackEndNative/Services/Database/seedData.service.js:122:24)
    at async Object.installPreDefinedData (/Users/zewedu/Desktop/Projects/transportBackEndNative/Services/Database/seedData.service.js:296:3)
    at async executeInTransaction.timeout (/Users/zewedu/Desktop/Projects/transportBackEndNative/Controllers/Database.controller.js:103:16)
    at async /Users/zewedu/Desktop/Projects/transportBackEndNative/Utils/DatabaseTransaction.js:101:14
    at async executeInTransaction (/Users/zewedu/Desktop/Projects/transportBackEndNative/Utils/DatabaseTransaction.js:99:20)
    at async installPreDefinedDataController (/Users/zewedu/Desktop/Projects/transportBackEndNative/Controllers/Database.controller.js:101:20)
{
  "service": "ride-hailing-api",
  "environment": "development",
  "error": "Cancellation reason already exists"
}
15:16:41 [[31merror[39m]: Error creating item in predefined data
{
  "service": "ride-hailing-api",
  "environment": "development",
  "label": "CancellationReasonsType",
  "item": {
    "cancellationReason": "Driver's vehicle appeared unsafe or in poor condition",
    "roleId": 1,
    "requestMode": "individual"
  },
  "error": "Cancellation reason registration failed: Cancellation reason already exists"
}
15:16:41 [[31merror[39m]: Error adding cancellation reason
Error: Cancellation reason already exists
    at addCancellationReason (/Users/zewedu/Desktop/Projects/transportBackEndNative/Services/Cancellation.service.js:25:13)
    at process.processTicksAndRejections (node:internal/process/task_queues:105:5)
    at async processDataSequentially (/Users/zewedu/Desktop/Projects/transportBackEndNative/Services/Database/seedData.service.js:122:24)
    at async Object.installPreDefinedData (/Users/zewedu/Desktop/Projects/transportBackEndNative/Services/Database/seedData.service.js:296:3)
    at async executeInTransaction.timeout (/Users/zewedu/Desktop/Projects/transportBackEndNative/Controllers/Database.controller.js:103:16)
    at async /Users/zewedu/Desktop/Projects/transportBackEndNative/Utils/DatabaseTransaction.js:101:14
    at async executeInTransaction (/Users/zewedu/Desktop/Projects/transportBackEndNative/Utils/DatabaseTransaction.js:99:20)
    at async installPreDefinedDataController (/Users/zewedu/Desktop/Projects/transportBackEndNative/Controllers/Database.controller.js:101:20)
{
  "service": "ride-hailing-api",
  "environment": "development",
  "error": "Cancellation reason already exists"
}
15:16:41 [[31merror[39m]: Error creating item in predefined data
{
  "service": "ride-hailing-api",
  "environment": "development",
  "label": "CancellationReasonsType",
  "item": {
    "cancellationReason": "Driver demanded more money than the agreed price",
    "roleId": 1,
    "requestMode": "individual"
  },
  "error": "Cancellation reason registration failed: Cancellation reason already exists"
}
15:16:41 [[31merror[39m]: Error adding cancellation reason
Error: Cancellation reason already exists
    at addCancellationReason (/Users/zewedu/Desktop/Projects/transportBackEndNative/Services/Cancellation.service.js:25:13)
    at process.processTicksAndRejections (node:internal/process/task_queues:105:5)
    at async processDataSequentially (/Users/zewedu/Desktop/Projects/transportBackEndNative/Services/Database/seedData.service.js:122:24)
    at async Object.installPreDefinedData (/Users/zewedu/Desktop/Projects/transportBackEndNative/Services/Database/seedData.service.js:296:3)
    at async executeInTransaction.timeout (/Users/zewedu/Desktop/Projects/transportBackEndNative/Controllers/Database.controller.js:103:16)
    at async /Users/zewedu/Desktop/Projects/transportBackEndNative/Utils/DatabaseTransaction.js:101:14
    at async executeInTransaction (/Users/zewedu/Desktop/Projects/transportBackEndNative/Utils/DatabaseTransaction.js:99:20)
    at async installPreDefinedDataController (/Users/zewedu/Desktop/Projects/transportBackEndNative/Controllers/Database.controller.js:101:20)
{
  "service": "ride-hailing-api",
  "environment": "development",
  "error": "Cancellation reason already exists"
}
15:16:41 [[31merror[39m]: Error creating item in predefined data
{
  "service": "ride-hailing-api",
  "environment": "development",
  "label": "CancellationReasonsType",
  "item": {
    "cancellationReason": "Driver was not answering calls or messages",
    "roleId": 1,
    "requestMode": "individual"
  },
  "error": "Cancellation reason registration failed: Cancellation reason already exists"
}
15:16:41 [[31merror[39m]: Error adding cancellation reason
Error: Cancellation reason already exists
    at addCancellationReason (/Users/zewedu/Desktop/Projects/transportBackEndNative/Services/Cancellation.service.js:25:13)
    at process.processTicksAndRejections (node:internal/process/task_queues:105:5)
    at async processDataSequentially (/Users/zewedu/Desktop/Projects/transportBackEndNative/Services/Database/seedData.service.js:122:24)
    at async Object.installPreDefinedData (/Users/zewedu/Desktop/Projects/transportBackEndNative/Services/Database/seedData.service.js:296:3)
    at async executeInTransaction.timeout (/Users/zewedu/Desktop/Projects/transportBackEndNative/Controllers/Database.controller.js:103:16)
    at async /Users/zewedu/Desktop/Projects/transportBackEndNative/Utils/DatabaseTransaction.js:101:14
    at async executeInTransaction (/Users/zewedu/Desktop/Projects/transportBackEndNative/Utils/DatabaseTransaction.js:99:20)
    at async installPreDefinedDataController (/Users/zewedu/Desktop/Projects/transportBackEndNative/Controllers/Database.controller.js:101:20)
{
  "service": "ride-hailing-api",
  "environment": "development",
  "error": "Cancellation reason already exists"
}
15:16:41 [[31merror[39m]: Error creating item in predefined data
{
  "service": "ride-hailing-api",
  "environment": "development",
  "label": "CancellationReasonsType",
  "item": {
    "cancellationReason": "Driver refused to go to the agreed destination",
    "roleId": 1,
    "requestMode": "individual"
  },
  "error": "Cancellation reason registration failed: Cancellation reason already exists"
}
15:16:41 [[31merror[39m]: Error adding cancellation reason
Error: Cancellation reason already exists
    at addCancellationReason (/Users/zewedu/Desktop/Projects/transportBackEndNative/Services/Cancellation.service.js:25:13)
    at process.processTicksAndRejections (node:internal/process/task_queues:105:5)
    at async processDataSequentially (/Users/zewedu/Desktop/Projects/transportBackEndNative/Services/Database/seedData.service.js:122:24)
    at async Object.installPreDefinedData (/Users/zewedu/Desktop/Projects/transportBackEndNative/Services/Database/seedData.service.js:296:3)
    at async executeInTransaction.timeout (/Users/zewedu/Desktop/Projects/transportBackEndNative/Controllers/Database.controller.js:103:16)
    at async /Users/zewedu/Desktop/Projects/transportBackEndNative/Utils/DatabaseTransaction.js:101:14
    at async executeInTransaction (/Users/zewedu/Desktop/Projects/transportBackEndNative/Utils/DatabaseTransaction.js:99:20)
    at async installPreDefinedDataController (/Users/zewedu/Desktop/Projects/transportBackEndNative/Controllers/Database.controller.js:101:20)
{
  "service": "ride-hailing-api",
  "environment": "development",
  "error": "Cancellation reason already exists"
}
15:16:41 [[31merror[39m]: Error creating item in predefined data
{
  "service": "ride-hailing-api",
  "environment": "development",
  "label": "CancellationReasonsType",
  "item": {
    "cancellationReason": "Driver did not have the proper loading equipment",
    "roleId": 1,
    "requestMode": "individual"
  },
  "error": "Cancellation reason registration failed: Cancellation reason already exists"
}
15:16:41 [[31merror[39m]: Error adding cancellation reason
Error: Cancellation reason already exists
    at addCancellationReason (/Users/zewedu/Desktop/Projects/transportBackEndNative/Services/Cancellation.service.js:25:13)
    at process.processTicksAndRejections (node:internal/process/task_queues:105:5)
    at async processDataSequentially (/Users/zewedu/Desktop/Projects/transportBackEndNative/Services/Database/seedData.service.js:122:24)
    at async Object.installPreDefinedData (/Users/zewedu/Desktop/Projects/transportBackEndNative/Services/Database/seedData.service.js:296:3)
    at async executeInTransaction.timeout (/Users/zewedu/Desktop/Projects/transportBackEndNative/Controllers/Database.controller.js:103:16)
    at async /Users/zewedu/Desktop/Projects/transportBackEndNative/Utils/DatabaseTransaction.js:101:14
    at async executeInTransaction (/Users/zewedu/Desktop/Projects/transportBackEndNative/Utils/DatabaseTransaction.js:99:20)
    at async installPreDefinedDataController (/Users/zewedu/Desktop/Projects/transportBackEndNative/Controllers/Database.controller.js:101:20)
{
  "service": "ride-hailing-api",
  "environment": "development",
  "error": "Cancellation reason already exists"
}
15:16:41 [[31merror[39m]: Error creating item in predefined data
{
  "service": "ride-hailing-api",
  "environment": "development",
  "label": "CancellationReasonsType",
  "item": {
    "cancellationReason": "Driver's bid price was too high compared to other drivers",
    "roleId": 1,
    "requestMode": "individual"
  },
  "error": "Cancellation reason registration failed: Cancellation reason already exists"
}
15:16:41 [[31merror[39m]: Error adding cancellation reason
Error: Cancellation reason already exists
    at addCancellationReason (/Users/zewedu/Desktop/Projects/transportBackEndNative/Services/Cancellation.service.js:25:13)
    at process.processTicksAndRejections (node:internal/process/task_queues:105:5)
    at async processDataSequentially (/Users/zewedu/Desktop/Projects/transportBackEndNative/Services/Database/seedData.service.js:122:24)
    at async Object.installPreDefinedData (/Users/zewedu/Desktop/Projects/transportBackEndNative/Services/Database/seedData.service.js:296:3)
    at async executeInTransaction.timeout (/Users/zewedu/Desktop/Projects/transportBackEndNative/Controllers/Database.controller.js:103:16)
    at async /Users/zewedu/Desktop/Projects/transportBackEndNative/Utils/DatabaseTransaction.js:101:14
    at async executeInTransaction (/Users/zewedu/Desktop/Projects/transportBackEndNative/Utils/DatabaseTransaction.js:99:20)
    at async installPreDefinedDataController (/Users/zewedu/Desktop/Projects/transportBackEndNative/Controllers/Database.controller.js:101:20)
{
  "service": "ride-hailing-api",
  "environment": "development",
  "error": "Cancellation reason already exists"
}
15:16:41 [[31merror[39m]: Error creating item in predefined data
{
  "service": "ride-hailing-api",
  "environment": "development",
  "label": "CancellationReasonsType",
  "item": {
    "cancellationReason": "Company did not assign vehicles within the agreed time",
    "roleId": 1,
    "requestMode": "company"
  },
  "error": "Cancellation reason registration failed: Cancellation reason already exists"
}
15:16:41 [[31merror[39m]: Error adding cancellation reason
Error: Cancellation reason already exists
    at addCancellationReason (/Users/zewedu/Desktop/Projects/transportBackEndNative/Services/Cancellation.service.js:25:13)
    at process.processTicksAndRejections (node:internal/process/task_queues:105:5)
    at async processDataSequentially (/Users/zewedu/Desktop/Projects/transportBackEndNative/Services/Database/seedData.service.js:122:24)
    at async Object.installPreDefinedData (/Users/zewedu/Desktop/Projects/transportBackEndNative/Services/Database/seedData.service.js:296:3)
    at async executeInTransaction.timeout (/Users/zewedu/Desktop/Projects/transportBackEndNative/Controllers/Database.controller.js:103:16)
    at async /Users/zewedu/Desktop/Projects/transportBackEndNative/Utils/DatabaseTransaction.js:101:14
    at async executeInTransaction (/Users/zewedu/Desktop/Projects/transportBackEndNative/Utils/DatabaseTransaction.js:99:20)
    at async installPreDefinedDataController (/Users/zewedu/Desktop/Projects/transportBackEndNative/Controllers/Database.controller.js:101:20)
{
  "service": "ride-hailing-api",
  "environment": "development",
  "error": "Cancellation reason already exists"
}
15:16:41 [[31merror[39m]: Error creating item in predefined data
{
  "service": "ride-hailing-api",
  "environment": "development",
  "label": "CancellationReasonsType",
  "item": {
    "cancellationReason": "Company provided fewer vehicles than agreed in the batch",
    "roleId": 1,
    "requestMode": "company"
  },
  "error": "Cancellation reason registration failed: Cancellation reason already exists"
}
15:16:41 [[31merror[39m]: Error adding cancellation reason
Error: Cancellation reason already exists
    at addCancellationReason (/Users/zewedu/Desktop/Projects/transportBackEndNative/Services/Cancellation.service.js:25:13)
    at process.processTicksAndRejections (node:internal/process/task_queues:105:5)
    at async processDataSequentially (/Users/zewedu/Desktop/Projects/transportBackEndNative/Services/Database/seedData.service.js:122:24)
    at async Object.installPreDefinedData (/Users/zewedu/Desktop/Projects/transportBackEndNative/Services/Database/seedData.service.js:296:3)
    at async executeInTransaction.timeout (/Users/zewedu/Desktop/Projects/transportBackEndNative/Controllers/Database.controller.js:103:16)
    at async /Users/zewedu/Desktop/Projects/transportBackEndNative/Utils/DatabaseTransaction.js:101:14
    at async executeInTransaction (/Users/zewedu/Desktop/Projects/transportBackEndNative/Utils/DatabaseTransaction.js:99:20)
    at async installPreDefinedDataController (/Users/zewedu/Desktop/Projects/transportBackEndNative/Controllers/Database.controller.js:101:20)
{
  "service": "ride-hailing-api",
  "environment": "development",
  "error": "Cancellation reason already exists"
}
15:16:41 [[31merror[39m]: Error creating item in predefined data
{
  "service": "ride-hailing-api",
  "environment": "development",
  "label": "CancellationReasonsType",
  "item": {
    "cancellationReason": "Assigned vehicles did not meet the cargo weight or type requirements",
    "roleId": 1,
    "requestMode": "company"
  },
  "error": "Cancellation reason registration failed: Cancellation reason already exists"
}
15:16:41 [[31merror[39m]: Error adding cancellation reason
Error: Cancellation reason already exists
    at addCancellationReason (/Users/zewedu/Desktop/Projects/transportBackEndNative/Services/Cancellation.service.js:25:13)
    at process.processTicksAndRejections (node:internal/process/task_queues:105:5)
    at async processDataSequentially (/Users/zewedu/Desktop/Projects/transportBackEndNative/Services/Database/seedData.service.js:122:24)
    at async Object.installPreDefinedData (/Users/zewedu/Desktop/Projects/transportBackEndNative/Services/Database/seedData.service.js:296:3)
    at async executeInTransaction.timeout (/Users/zewedu/Desktop/Projects/transportBackEndNative/Controllers/Database.controller.js:103:16)
    at async /Users/zewedu/Desktop/Projects/transportBackEndNative/Utils/DatabaseTransaction.js:101:14
    at async executeInTransaction (/Users/zewedu/Desktop/Projects/transportBackEndNative/Utils/DatabaseTransaction.js:99:20)
    at async installPreDefinedDataController (/Users/zewedu/Desktop/Projects/transportBackEndNative/Controllers/Database.controller.js:101:20)
{
  "service": "ride-hailing-api",
  "environment": "development",
  "error": "Cancellation reason already exists"
}
15:16:41 [[31merror[39m]: Error creating item in predefined data
{
  "service": "ride-hailing-api",
  "environment": "development",
  "label": "CancellationReasonsType",
  "item": {
    "cancellationReason": "Drivers assigned by the company were unqualified or unlicensed",
    "roleId": 1,
    "requestMode": "company"
  },
  "error": "Cancellation reason registration failed: Cancellation reason already exists"
}
15:16:41 [[31merror[39m]: Error adding cancellation reason
Error: Cancellation reason already exists
    at addCancellationReason (/Users/zewedu/Desktop/Projects/transportBackEndNative/Services/Cancellation.service.js:25:13)
    at process.processTicksAndRejections (node:internal/process/task_queues:105:5)
    at async processDataSequentially (/Users/zewedu/Desktop/Projects/transportBackEndNative/Services/Database/seedData.service.js:122:24)
    at async Object.installPreDefinedData (/Users/zewedu/Desktop/Projects/transportBackEndNative/Services/Database/seedData.service.js:296:3)
    at async executeInTransaction.timeout (/Users/zewedu/Desktop/Projects/transportBackEndNative/Controllers/Database.controller.js:103:16)
    at async /Users/zewedu/Desktop/Projects/transportBackEndNative/Utils/DatabaseTransaction.js:101:14
    at async executeInTransaction (/Users/zewedu/Desktop/Projects/transportBackEndNative/Utils/DatabaseTransaction.js:99:20)
    at async installPreDefinedDataController (/Users/zewedu/Desktop/Projects/transportBackEndNative/Controllers/Database.controller.js:101:20)
{
  "service": "ride-hailing-api",
  "environment": "development",
  "error": "Cancellation reason already exists"
}
15:16:41 [[31merror[39m]: Error creating item in predefined data
{
  "service": "ride-hailing-api",
  "environment": "development",
  "label": "CancellationReasonsType",
  "item": {
    "cancellationReason": "Company did not respond after the bid was accepted",
    "roleId": 1,
    "requestMode": "company"
  },
  "error": "Cancellation reason registration failed: Cancellation reason already exists"
}
15:16:41 [[31merror[39m]: Error adding cancellation reason
Error: Cancellation reason already exists
    at addCancellationReason (/Users/zewedu/Desktop/Projects/transportBackEndNative/Services/Cancellation.service.js:25:13)
    at process.processTicksAndRejections (node:internal/process/task_queues:105:5)
    at async processDataSequentially (/Users/zewedu/Desktop/Projects/transportBackEndNative/Services/Database/seedData.service.js:122:24)
    at async Object.installPreDefinedData (/Users/zewedu/Desktop/Projects/transportBackEndNative/Services/Database/seedData.service.js:296:3)
    at async executeInTransaction.timeout (/Users/zewedu/Desktop/Projects/transportBackEndNative/Controllers/Database.controller.js:103:16)
    at async /Users/zewedu/Desktop/Projects/transportBackEndNative/Utils/DatabaseTransaction.js:101:14
    at async executeInTransaction (/Users/zewedu/Desktop/Projects/transportBackEndNative/Utils/DatabaseTransaction.js:99:20)
    at async installPreDefinedDataController (/Users/zewedu/Desktop/Projects/transportBackEndNative/Controllers/Database.controller.js:101:20)
{
  "service": "ride-hailing-api",
  "environment": "development",
  "error": "Cancellation reason already exists"
}
15:16:41 [[31merror[39m]: Error creating item in predefined data
{
  "service": "ride-hailing-api",
  "environment": "development",
  "label": "CancellationReasonsType",
  "item": {
    "cancellationReason": "Company demanded changes to price or terms after acceptance",
    "roleId": 1,
    "requestMode": "company"
  },
  "error": "Cancellation reason registration failed: Cancellation reason already exists"
}
15:16:41 [[31merror[39m]: Error adding cancellation reason
Error: Cancellation reason already exists
    at addCancellationReason (/Users/zewedu/Desktop/Projects/transportBackEndNative/Services/Cancellation.service.js:25:13)
    at process.processTicksAndRejections (node:internal/process/task_queues:105:5)
    at async processDataSequentially (/Users/zewedu/Desktop/Projects/transportBackEndNative/Services/Database/seedData.service.js:122:24)
    at async Object.installPreDefinedData (/Users/zewedu/Desktop/Projects/transportBackEndNative/Services/Database/seedData.service.js:296:3)
    at async executeInTransaction.timeout (/Users/zewedu/Desktop/Projects/transportBackEndNative/Controllers/Database.controller.js:103:16)
    at async /Users/zewedu/Desktop/Projects/transportBackEndNative/Utils/DatabaseTransaction.js:101:14
    at async executeInTransaction (/Users/zewedu/Desktop/Projects/transportBackEndNative/Utils/DatabaseTransaction.js:99:20)
    at async installPreDefinedDataController (/Users/zewedu/Desktop/Projects/transportBackEndNative/Controllers/Database.controller.js:101:20)
{
  "service": "ride-hailing-api",
  "environment": "development",
  "error": "Cancellation reason already exists"
}
15:16:41 [[31merror[39m]: Error creating item in predefined data
{
  "service": "ride-hailing-api",
  "environment": "development",
  "label": "CancellationReasonsType",
  "item": {
    "cancellationReason": "Company's fleet was unavailable on the agreed shipping date",
    "roleId": 1,
    "requestMode": "company"
  },
  "error": "Cancellation reason registration failed: Cancellation reason already exists"
}
15:16:41 [[31merror[39m]: Error adding cancellation reason
Error: Cancellation reason already exists
    at addCancellationReason (/Users/zewedu/Desktop/Projects/transportBackEndNative/Services/Cancellation.service.js:25:13)
    at process.processTicksAndRejections (node:internal/process/task_queues:105:5)
    at async processDataSequentially (/Users/zewedu/Desktop/Projects/transportBackEndNative/Services/Database/seedData.service.js:122:24)
    at async Object.installPreDefinedData (/Users/zewedu/Desktop/Projects/transportBackEndNative/Services/Database/seedData.service.js:296:3)
    at async executeInTransaction.timeout (/Users/zewedu/Desktop/Projects/transportBackEndNative/Controllers/Database.controller.js:103:16)
    at async /Users/zewedu/Desktop/Projects/transportBackEndNative/Utils/DatabaseTransaction.js:101:14
    at async executeInTransaction (/Users/zewedu/Desktop/Projects/transportBackEndNative/Utils/DatabaseTransaction.js:99:20)
    at async installPreDefinedDataController (/Users/zewedu/Desktop/Projects/transportBackEndNative/Controllers/Database.controller.js:101:20)
{
  "service": "ride-hailing-api",
  "environment": "development",
  "error": "Cancellation reason already exists"
}
15:16:41 [[31merror[39m]: Error creating item in predefined data
{
  "service": "ride-hailing-api",
  "environment": "development",
  "label": "CancellationReasonsType",
  "item": {
    "cancellationReason": "Company representative was unreachable after bid acceptance",
    "roleId": 1,
    "requestMode": "company"
  },
  "error": "Cancellation reason registration failed: Cancellation reason already exists"
}
15:16:41 [[31merror[39m]: Error adding cancellation reason
Error: Cancellation reason already exists
    at addCancellationReason (/Users/zewedu/Desktop/Projects/transportBackEndNative/Services/Cancellation.service.js:25:13)
    at process.processTicksAndRejections (node:internal/process/task_queues:105:5)
    at async processDataSequentially (/Users/zewedu/Desktop/Projects/transportBackEndNative/Services/Database/seedData.service.js:122:24)
    at async Object.installPreDefinedData (/Users/zewedu/Desktop/Projects/transportBackEndNative/Services/Database/seedData.service.js:296:3)
    at async executeInTransaction.timeout (/Users/zewedu/Desktop/Projects/transportBackEndNative/Controllers/Database.controller.js:103:16)
    at async /Users/zewedu/Desktop/Projects/transportBackEndNative/Utils/DatabaseTransaction.js:101:14
    at async executeInTransaction (/Users/zewedu/Desktop/Projects/transportBackEndNative/Utils/DatabaseTransaction.js:99:20)
    at async installPreDefinedDataController (/Users/zewedu/Desktop/Projects/transportBackEndNative/Controllers/Database.controller.js:101:20)
{
  "service": "ride-hailing-api",
  "environment": "development",
  "error": "Cancellation reason already exists"
}
15:16:41 [[31merror[39m]: Error creating item in predefined data
{
  "service": "ride-hailing-api",
  "environment": "development",
  "label": "CancellationReasonsType",
  "item": {
    "cancellationReason": "Company dispatched vehicles to the wrong pickup location",
    "roleId": 1,
    "requestMode": "company"
  },
  "error": "Cancellation reason registration failed: Cancellation reason already exists"
}
15:16:41 [[31merror[39m]: Error adding cancellation reason
Error: Cancellation reason already exists
    at addCancellationReason (/Users/zewedu/Desktop/Projects/transportBackEndNative/Services/Cancellation.service.js:25:13)
    at process.processTicksAndRejections (node:internal/process/task_queues:105:5)
    at async processDataSequentially (/Users/zewedu/Desktop/Projects/transportBackEndNative/Services/Database/seedData.service.js:122:24)
    at async Object.installPreDefinedData (/Users/zewedu/Desktop/Projects/transportBackEndNative/Services/Database/seedData.service.js:296:3)
    at async executeInTransaction.timeout (/Users/zewedu/Desktop/Projects/transportBackEndNative/Controllers/Database.controller.js:103:16)
    at async /Users/zewedu/Desktop/Projects/transportBackEndNative/Utils/DatabaseTransaction.js:101:14
    at async executeInTransaction (/Users/zewedu/Desktop/Projects/transportBackEndNative/Utils/DatabaseTransaction.js:99:20)
    at async installPreDefinedDataController (/Users/zewedu/Desktop/Projects/transportBackEndNative/Controllers/Database.controller.js:101:20)
{
  "service": "ride-hailing-api",
  "environment": "development",
  "error": "Cancellation reason already exists"
}
15:16:41 [[31merror[39m]: Error creating item in predefined data
{
  "service": "ride-hailing-api",
  "environment": "development",
  "label": "CancellationReasonsType",
  "item": {
    "cancellationReason": "Company's vehicles were not clean or prepared for cargo",
    "roleId": 1,
    "requestMode": "company"
  },
  "error": "Cancellation reason registration failed: Cancellation reason already exists"
}
15:16:41 [[31merror[39m]: Error adding cancellation reason
Error: Cancellation reason already exists
    at addCancellationReason (/Users/zewedu/Desktop/Projects/transportBackEndNative/Services/Cancellation.service.js:25:13)
    at process.processTicksAndRejections (node:internal/process/task_queues:105:5)
    at async processDataSequentially (/Users/zewedu/Desktop/Projects/transportBackEndNative/Services/Database/seedData.service.js:122:24)
    at async Object.installPreDefinedData (/Users/zewedu/Desktop/Projects/transportBackEndNative/Services/Database/seedData.service.js:296:3)
    at async executeInTransaction.timeout (/Users/zewedu/Desktop/Projects/transportBackEndNative/Controllers/Database.controller.js:103:16)
    at async /Users/zewedu/Desktop/Projects/transportBackEndNative/Utils/DatabaseTransaction.js:101:14
    at async executeInTransaction (/Users/zewedu/Desktop/Projects/transportBackEndNative/Utils/DatabaseTransaction.js:99:20)
    at async installPreDefinedDataController (/Users/zewedu/Desktop/Projects/transportBackEndNative/Controllers/Database.controller.js:101:20)
{
  "service": "ride-hailing-api",
  "environment": "development",
  "error": "Cancellation reason already exists"
}
15:16:41 [[31merror[39m]: Error creating item in predefined data
{
  "service": "ride-hailing-api",
  "environment": "development",
  "label": "CancellationReasonsType",
  "item": {
    "cancellationReason": "Company's insurance or documentation was found to be invalid",
    "roleId": 1,
    "requestMode": "company"
  },
  "error": "Cancellation reason registration failed: Cancellation reason already exists"
}
15:16:41 [[31merror[39m]: Error adding cancellation reason
Error: Cancellation reason already exists
    at addCancellationReason (/Users/zewedu/Desktop/Projects/transportBackEndNative/Services/Cancellation.service.js:25:13)
    at process.processTicksAndRejections (node:internal/process/task_queues:105:5)
    at async processDataSequentially (/Users/zewedu/Desktop/Projects/transportBackEndNative/Services/Database/seedData.service.js:122:24)
    at async Object.installPreDefinedData (/Users/zewedu/Desktop/Projects/transportBackEndNative/Services/Database/seedData.service.js:296:3)
    at async executeInTransaction.timeout (/Users/zewedu/Desktop/Projects/transportBackEndNative/Controllers/Database.controller.js:103:16)
    at async /Users/zewedu/Desktop/Projects/transportBackEndNative/Utils/DatabaseTransaction.js:101:14
    at async executeInTransaction (/Users/zewedu/Desktop/Projects/transportBackEndNative/Utils/DatabaseTransaction.js:99:20)
    at async installPreDefinedDataController (/Users/zewedu/Desktop/Projects/transportBackEndNative/Controllers/Database.controller.js:101:20)
{
  "service": "ride-hailing-api",
  "environment": "development",
  "error": "Cancellation reason already exists"
}
15:16:41 [[31merror[39m]: Error creating item in predefined data
{
  "service": "ride-hailing-api",
  "environment": "development",
  "label": "CancellationReasonsType",
  "item": {
    "cancellationReason": "Decided to split the cargo and use individual drivers instead",
    "roleId": 1,
    "requestMode": "company"
  },
  "error": "Cancellation reason registration failed: Cancellation reason already exists"
}
15:16:41 [[31merror[39m]: Error adding cancellation reason
Error: Cancellation reason already exists
    at addCancellationReason (/Users/zewedu/Desktop/Projects/transportBackEndNative/Services/Cancellation.service.js:25:13)
    at process.processTicksAndRejections (node:internal/process/task_queues:105:5)
    at async processDataSequentially (/Users/zewedu/Desktop/Projects/transportBackEndNative/Services/Database/seedData.service.js:122:24)
    at async Object.installPreDefinedData (/Users/zewedu/Desktop/Projects/transportBackEndNative/Services/Database/seedData.service.js:296:3)
    at async executeInTransaction.timeout (/Users/zewedu/Desktop/Projects/transportBackEndNative/Controllers/Database.controller.js:103:16)
    at async /Users/zewedu/Desktop/Projects/transportBackEndNative/Utils/DatabaseTransaction.js:101:14
    at async executeInTransaction (/Users/zewedu/Desktop/Projects/transportBackEndNative/Utils/DatabaseTransaction.js:99:20)
    at async installPreDefinedDataController (/Users/zewedu/Desktop/Projects/transportBackEndNative/Controllers/Database.controller.js:101:20)
{
  "service": "ride-hailing-api",
  "environment": "development",
  "error": "Cancellation reason already exists"
}
15:16:41 [[31merror[39m]: Error creating item in predefined data
{
  "service": "ride-hailing-api",
  "environment": "development",
  "label": "CancellationReasonsType",
  "item": {
    "cancellationReason": "Company's bid price was too high for the full batch",
    "roleId": 1,
    "requestMode": "company"
  },
  "error": "Cancellation reason registration failed: Cancellation reason already exists"
}
15:16:41 [[31merror[39m]: Error adding cancellation reason
Error: Cancellation reason already exists
    at addCancellationReason (/Users/zewedu/Desktop/Projects/transportBackEndNative/Services/Cancellation.service.js:25:13)
    at process.processTicksAndRejections (node:internal/process/task_queues:105:5)
    at async processDataSequentially (/Users/zewedu/Desktop/Projects/transportBackEndNative/Services/Database/seedData.service.js:122:24)
    at async Object.installPreDefinedData (/Users/zewedu/Desktop/Projects/transportBackEndNative/Services/Database/seedData.service.js:296:3)
    at async executeInTransaction.timeout (/Users/zewedu/Desktop/Projects/transportBackEndNative/Controllers/Database.controller.js:103:16)
    at async /Users/zewedu/Desktop/Projects/transportBackEndNative/Utils/DatabaseTransaction.js:101:14
    at async executeInTransaction (/Users/zewedu/Desktop/Projects/transportBackEndNative/Utils/DatabaseTransaction.js:99:20)
    at async installPreDefinedDataController (/Users/zewedu/Desktop/Projects/transportBackEndNative/Controllers/Database.controller.js:101:20)
{
  "service": "ride-hailing-api",
  "environment": "development",
  "error": "Cancellation reason already exists"
}
15:16:41 [[31merror[39m]: Error creating item in predefined data
{
  "service": "ride-hailing-api",
  "environment": "development",
  "label": "CancellationReasonsType",
  "item": {
    "cancellationReason": "Company did not have enough vehicles for the entire batch",
    "roleId": 1,
    "requestMode": "company"
  },
  "error": "Cancellation reason registration failed: Cancellation reason already exists"
}
15:16:41 [[31merror[39m]: Error adding cancellation reason
Error: Cancellation reason already exists
    at addCancellationReason (/Users/zewedu/Desktop/Projects/transportBackEndNative/Services/Cancellation.service.js:25:13)
    at process.processTicksAndRejections (node:internal/process/task_queues:105:5)
    at async processDataSequentially (/Users/zewedu/Desktop/Projects/transportBackEndNative/Services/Database/seedData.service.js:122:24)
    at async Object.installPreDefinedData (/Users/zewedu/Desktop/Projects/transportBackEndNative/Services/Database/seedData.service.js:296:3)
    at async executeInTransaction.timeout (/Users/zewedu/Desktop/Projects/transportBackEndNative/Controllers/Database.controller.js:103:16)
    at async /Users/zewedu/Desktop/Projects/transportBackEndNative/Utils/DatabaseTransaction.js:101:14
    at async executeInTransaction (/Users/zewedu/Desktop/Projects/transportBackEndNative/Utils/DatabaseTransaction.js:99:20)
    at async installPreDefinedDataController (/Users/zewedu/Desktop/Projects/transportBackEndNative/Controllers/Database.controller.js:101:20)
{
  "service": "ride-hailing-api",
  "environment": "development",
  "error": "Cancellation reason already exists"
}
15:16:41 [[31merror[39m]: Error creating item in predefined data
{
  "service": "ride-hailing-api",
  "environment": "development",
  "label": "CancellationReasonsType",
  "item": {
    "cancellationReason": "Cargo no longer needs to be transported — plans changed",
    "roleId": 1,
    "requestMode": "both"
  },
  "error": "Cancellation reason registration failed: Cancellation reason already exists"
}
15:16:41 [[31merror[39m]: Error adding cancellation reason
Error: Cancellation reason already exists
    at addCancellationReason (/Users/zewedu/Desktop/Projects/transportBackEndNative/Services/Cancellation.service.js:25:13)
    at process.processTicksAndRejections (node:internal/process/task_queues:105:5)
    at async processDataSequentially (/Users/zewedu/Desktop/Projects/transportBackEndNative/Services/Database/seedData.service.js:122:24)
    at async Object.installPreDefinedData (/Users/zewedu/Desktop/Projects/transportBackEndNative/Services/Database/seedData.service.js:296:3)
    at async executeInTransaction.timeout (/Users/zewedu/Desktop/Projects/transportBackEndNative/Controllers/Database.controller.js:103:16)
    at async /Users/zewedu/Desktop/Projects/transportBackEndNative/Utils/DatabaseTransaction.js:101:14
    at async executeInTransaction (/Users/zewedu/Desktop/Projects/transportBackEndNative/Utils/DatabaseTransaction.js:99:20)
    at async installPreDefinedDataController (/Users/zewedu/Desktop/Projects/transportBackEndNative/Controllers/Database.controller.js:101:20)
{
  "service": "ride-hailing-api",
  "environment": "development",
  "error": "Cancellation reason already exists"
}
15:16:41 [[31merror[39m]: Error creating item in predefined data
{
  "service": "ride-hailing-api",
  "environment": "development",
  "label": "CancellationReasonsType",
  "item": {
    "cancellationReason": "Found a significantly better price elsewhere",
    "roleId": 1,
    "requestMode": "both"
  },
  "error": "Cancellation reason registration failed: Cancellation reason already exists"
}
15:16:41 [[31merror[39m]: Error adding cancellation reason
Error: Cancellation reason already exists
    at addCancellationReason (/Users/zewedu/Desktop/Projects/transportBackEndNative/Services/Cancellation.service.js:25:13)
    at process.processTicksAndRejections (node:internal/process/task_queues:105:5)
    at async processDataSequentially (/Users/zewedu/Desktop/Projects/transportBackEndNative/Services/Database/seedData.service.js:122:24)
    at async Object.installPreDefinedData (/Users/zewedu/Desktop/Projects/transportBackEndNative/Services/Database/seedData.service.js:296:3)
    at async executeInTransaction.timeout (/Users/zewedu/Desktop/Projects/transportBackEndNative/Controllers/Database.controller.js:103:16)
    at async /Users/zewedu/Desktop/Projects/transportBackEndNative/Utils/DatabaseTransaction.js:101:14
    at async executeInTransaction (/Users/zewedu/Desktop/Projects/transportBackEndNative/Utils/DatabaseTransaction.js:99:20)
    at async installPreDefinedDataController (/Users/zewedu/Desktop/Projects/transportBackEndNative/Controllers/Database.controller.js:101:20)
{
  "service": "ride-hailing-api",
  "environment": "development",
  "error": "Cancellation reason already exists"
}
15:16:41 [[31merror[39m]: Error creating item in predefined data
{
  "service": "ride-hailing-api",
  "environment": "development",
  "label": "CancellationReasonsType",
  "item": {
    "cancellationReason": "Entered incorrect pickup or destination location",
    "roleId": 1,
    "requestMode": "both"
  },
  "error": "Cancellation reason registration failed: Cancellation reason already exists"
}
15:16:41 [[31merror[39m]: Error adding cancellation reason
Error: Cancellation reason already exists
    at addCancellationReason (/Users/zewedu/Desktop/Projects/transportBackEndNative/Services/Cancellation.service.js:25:13)
    at process.processTicksAndRejections (node:internal/process/task_queues:105:5)
    at async processDataSequentially (/Users/zewedu/Desktop/Projects/transportBackEndNative/Services/Database/seedData.service.js:122:24)
    at async Object.installPreDefinedData (/Users/zewedu/Desktop/Projects/transportBackEndNative/Services/Database/seedData.service.js:296:3)
    at async executeInTransaction.timeout (/Users/zewedu/Desktop/Projects/transportBackEndNative/Controllers/Database.controller.js:103:16)
    at async /Users/zewedu/Desktop/Projects/transportBackEndNative/Utils/DatabaseTransaction.js:101:14
    at async executeInTransaction (/Users/zewedu/Desktop/Projects/transportBackEndNative/Utils/DatabaseTransaction.js:99:20)
    at async installPreDefinedDataController (/Users/zewedu/Desktop/Projects/transportBackEndNative/Controllers/Database.controller.js:101:20)
{
  "service": "ride-hailing-api",
  "environment": "development",
  "error": "Cancellation reason already exists"
}
15:16:41 [[31merror[39m]: Error creating item in predefined data
{
  "service": "ride-hailing-api",
  "environment": "development",
  "label": "CancellationReasonsType",
  "item": {
    "cancellationReason": "Shipping date or schedule changed",
    "roleId": 1,
    "requestMode": "both"
  },
  "error": "Cancellation reason registration failed: Cancellation reason already exists"
}
15:16:41 [[31merror[39m]: Error adding cancellation reason
Error: Cancellation reason already exists
    at addCancellationReason (/Users/zewedu/Desktop/Projects/transportBackEndNative/Services/Cancellation.service.js:25:13)
    at process.processTicksAndRejections (node:internal/process/task_queues:105:5)
    at async processDataSequentially (/Users/zewedu/Desktop/Projects/transportBackEndNative/Services/Database/seedData.service.js:122:24)
    at async Object.installPreDefinedData (/Users/zewedu/Desktop/Projects/transportBackEndNative/Services/Database/seedData.service.js:296:3)
    at async executeInTransaction.timeout (/Users/zewedu/Desktop/Projects/transportBackEndNative/Controllers/Database.controller.js:103:16)
    at async /Users/zewedu/Desktop/Projects/transportBackEndNative/Utils/DatabaseTransaction.js:101:14
    at async executeInTransaction (/Users/zewedu/Desktop/Projects/transportBackEndNative/Utils/DatabaseTransaction.js:99:20)
    at async installPreDefinedDataController (/Users/zewedu/Desktop/Projects/transportBackEndNative/Controllers/Database.controller.js:101:20)
{
  "service": "ride-hailing-api",
  "environment": "development",
  "error": "Cancellation reason already exists"
}
15:16:41 [[31merror[39m]: Error creating item in predefined data
{
  "service": "ride-hailing-api",
  "environment": "development",
  "label": "CancellationReasonsType",
  "item": {
    "cancellationReason": "Cargo details were entered incorrectly (wrong type, weight, or quantity)",
    "roleId": 1,
    "requestMode": "both"
  },
  "error": "Cancellation reason registration failed: Cancellation reason already exists"
}
15:16:41 [[31merror[39m]: Error adding cancellation reason
Error: Cancellation reason already exists
    at addCancellationReason (/Users/zewedu/Desktop/Projects/transportBackEndNative/Services/Cancellation.service.js:25:13)
    at process.processTicksAndRejections (node:internal/process/task_queues:105:5)
    at async processDataSequentially (/Users/zewedu/Desktop/Projects/transportBackEndNative/Services/Database/seedData.service.js:122:24)
    at async Object.installPreDefinedData (/Users/zewedu/Desktop/Projects/transportBackEndNative/Services/Database/seedData.service.js:296:3)
    at async executeInTransaction.timeout (/Users/zewedu/Desktop/Projects/transportBackEndNative/Controllers/Database.controller.js:103:16)
    at async /Users/zewedu/Desktop/Projects/transportBackEndNative/Utils/DatabaseTransaction.js:101:14
    at async executeInTransaction (/Users/zewedu/Desktop/Projects/transportBackEndNative/Utils/DatabaseTransaction.js:99:20)
    at async installPreDefinedDataController (/Users/zewedu/Desktop/Projects/transportBackEndNative/Controllers/Database.controller.js:101:20)
{
  "service": "ride-hailing-api",
  "environment": "development",
  "error": "Cancellation reason already exists"
}
15:16:41 [[31merror[39m]: Error creating item in predefined data
{
  "service": "ride-hailing-api",
  "environment": "development",
  "label": "CancellationReasonsType",
  "item": {
    "cancellationReason": "Cargo was sold or transferred to someone else before shipment",
    "roleId": 1,
    "requestMode": "both"
  },
  "error": "Cancellation reason registration failed: Cancellation reason already exists"
}
15:16:41 [[31merror[39m]: Error adding cancellation reason
Error: Cancellation reason already exists
    at addCancellationReason (/Users/zewedu/Desktop/Projects/transportBackEndNative/Services/Cancellation.service.js:25:13)
    at process.processTicksAndRejections (node:internal/process/task_queues:105:5)
    at async processDataSequentially (/Users/zewedu/Desktop/Projects/transportBackEndNative/Services/Database/seedData.service.js:122:24)
    at async Object.installPreDefinedData (/Users/zewedu/Desktop/Projects/transportBackEndNative/Services/Database/seedData.service.js:296:3)
    at async executeInTransaction.timeout (/Users/zewedu/Desktop/Projects/transportBackEndNative/Controllers/Database.controller.js:103:16)
    at async /Users/zewedu/Desktop/Projects/transportBackEndNative/Utils/DatabaseTransaction.js:101:14
    at async executeInTransaction (/Users/zewedu/Desktop/Projects/transportBackEndNative/Utils/DatabaseTransaction.js:99:20)
    at async installPreDefinedDataController (/Users/zewedu/Desktop/Projects/transportBackEndNative/Controllers/Database.controller.js:101:20)
{
  "service": "ride-hailing-api",
  "environment": "development",
  "error": "Cancellation reason already exists"
}
15:16:41 [[31merror[39m]: Error creating item in predefined data
{
  "service": "ride-hailing-api",
  "environment": "development",
  "label": "CancellationReasonsType",
  "item": {
    "cancellationReason": "Recipient at the destination is unavailable to receive the goods",
    "roleId": 1,
    "requestMode": "both"
  },
  "error": "Cancellation reason registration failed: Cancellation reason already exists"
}
15:16:41 [[31merror[39m]: Error adding cancellation reason
Error: Cancellation reason already exists
    at addCancellationReason (/Users/zewedu/Desktop/Projects/transportBackEndNative/Services/Cancellation.service.js:25:13)
    at process.processTicksAndRejections (node:internal/process/task_queues:105:5)
    at async processDataSequentially (/Users/zewedu/Desktop/Projects/transportBackEndNative/Services/Database/seedData.service.js:122:24)
    at async Object.installPreDefinedData (/Users/zewedu/Desktop/Projects/transportBackEndNative/Services/Database/seedData.service.js:296:3)
    at async executeInTransaction.timeout (/Users/zewedu/Desktop/Projects/transportBackEndNative/Controllers/Database.controller.js:103:16)
    at async /Users/zewedu/Desktop/Projects/transportBackEndNative/Utils/DatabaseTransaction.js:101:14
    at async executeInTransaction (/Users/zewedu/Desktop/Projects/transportBackEndNative/Utils/DatabaseTransaction.js:99:20)
    at async installPreDefinedDataController (/Users/zewedu/Desktop/Projects/transportBackEndNative/Controllers/Database.controller.js:101:20)
{
  "service": "ride-hailing-api",
  "environment": "development",
  "error": "Cancellation reason already exists"
}
15:16:41 [[31merror[39m]: Error creating item in predefined data
{
  "service": "ride-hailing-api",
  "environment": "development",
  "label": "CancellationReasonsType",
  "item": {
    "cancellationReason": "Government or customs clearance issue delayed the shipment",
    "roleId": 1,
    "requestMode": "both"
  },
  "error": "Cancellation reason registration failed: Cancellation reason already exists"
}
15:16:41 [[31merror[39m]: Error adding cancellation reason
Error: Cancellation reason already exists
    at addCancellationReason (/Users/zewedu/Desktop/Projects/transportBackEndNative/Services/Cancellation.service.js:25:13)
    at process.processTicksAndRejections (node:internal/process/task_queues:105:5)
    at async processDataSequentially (/Users/zewedu/Desktop/Projects/transportBackEndNative/Services/Database/seedData.service.js:122:24)
    at async Object.installPreDefinedData (/Users/zewedu/Desktop/Projects/transportBackEndNative/Services/Database/seedData.service.js:296:3)
    at async executeInTransaction.timeout (/Users/zewedu/Desktop/Projects/transportBackEndNative/Controllers/Database.controller.js:103:16)
    at async /Users/zewedu/Desktop/Projects/transportBackEndNative/Utils/DatabaseTransaction.js:101:14
    at async executeInTransaction (/Users/zewedu/Desktop/Projects/transportBackEndNative/Utils/DatabaseTransaction.js:99:20)
    at async installPreDefinedDataController (/Users/zewedu/Desktop/Projects/transportBackEndNative/Controllers/Database.controller.js:101:20)
{
  "service": "ride-hailing-api",
  "environment": "development",
  "error": "Cancellation reason already exists"
}
15:16:41 [[31merror[39m]: Error creating item in predefined data
{
  "service": "ride-hailing-api",
  "environment": "development",
  "label": "CancellationReasonsType",
  "item": {
    "cancellationReason": "I posted this request by mistake",
    "roleId": 1,
    "requestMode": "both"
  },
  "error": "Cancellation reason registration failed: Cancellation reason already exists"
}
15:16:41 [[31merror[39m]: Error adding cancellation reason
Error: Cancellation reason already exists
    at addCancellationReason (/Users/zewedu/Desktop/Projects/transportBackEndNative/Services/Cancellation.service.js:25:13)
    at process.processTicksAndRejections (node:internal/process/task_queues:105:5)
    at async processDataSequentially (/Users/zewedu/Desktop/Projects/transportBackEndNative/Services/Database/seedData.service.js:122:24)
    at async Object.installPreDefinedData (/Users/zewedu/Desktop/Projects/transportBackEndNative/Services/Database/seedData.service.js:296:3)
    at async executeInTransaction.timeout (/Users/zewedu/Desktop/Projects/transportBackEndNative/Controllers/Database.controller.js:103:16)
    at async /Users/zewedu/Desktop/Projects/transportBackEndNative/Utils/DatabaseTransaction.js:101:14
    at async executeInTransaction (/Users/zewedu/Desktop/Projects/transportBackEndNative/Utils/DatabaseTransaction.js:99:20)
    at async installPreDefinedDataController (/Users/zewedu/Desktop/Projects/transportBackEndNative/Controllers/Database.controller.js:101:20)
{
  "service": "ride-hailing-api",
  "environment": "development",
  "error": "Cancellation reason already exists"
}
15:16:41 [[31merror[39m]: Error creating item in predefined data
{
  "service": "ride-hailing-api",
  "environment": "development",
  "label": "CancellationReasonsType",
  "item": {
    "cancellationReason": "Weather conditions are not suitable for transport",
    "roleId": 1,
    "requestMode": "both"
  },
  "error": "Cancellation reason registration failed: Cancellation reason already exists"
}
15:16:41 [[31merror[39m]: Error adding cancellation reason
Error: Cancellation reason already exists
    at addCancellationReason (/Users/zewedu/Desktop/Projects/transportBackEndNative/Services/Cancellation.service.js:25:13)
    at process.processTicksAndRejections (node:internal/process/task_queues:105:5)
    at async processDataSequentially (/Users/zewedu/Desktop/Projects/transportBackEndNative/Services/Database/seedData.service.js:122:24)
    at async Object.installPreDefinedData (/Users/zewedu/Desktop/Projects/transportBackEndNative/Services/Database/seedData.service.js:296:3)
    at async executeInTransaction.timeout (/Users/zewedu/Desktop/Projects/transportBackEndNative/Controllers/Database.controller.js:103:16)
    at async /Users/zewedu/Desktop/Projects/transportBackEndNative/Utils/DatabaseTransaction.js:101:14
    at async executeInTransaction (/Users/zewedu/Desktop/Projects/transportBackEndNative/Utils/DatabaseTransaction.js:99:20)
    at async installPreDefinedDataController (/Users/zewedu/Desktop/Projects/transportBackEndNative/Controllers/Database.controller.js:101:20)
{
  "service": "ride-hailing-api",
  "environment": "development",
  "error": "Cancellation reason already exists"
}
15:16:41 [[31merror[39m]: Error creating item in predefined data
{
  "service": "ride-hailing-api",
  "environment": "development",
  "label": "CancellationReasonsType",
  "item": {
    "cancellationReason": "Road or route to the destination is closed or blocked",
    "roleId": 1,
    "requestMode": "both"
  },
  "error": "Cancellation reason registration failed: Cancellation reason already exists"
}
15:16:41 [[31merror[39m]: Error adding cancellation reason
Error: Cancellation reason already exists
    at addCancellationReason (/Users/zewedu/Desktop/Projects/transportBackEndNative/Services/Cancellation.service.js:25:13)
    at process.processTicksAndRejections (node:internal/process/task_queues:105:5)
    at async processDataSequentially (/Users/zewedu/Desktop/Projects/transportBackEndNative/Services/Database/seedData.service.js:122:24)
    at async Object.installPreDefinedData (/Users/zewedu/Desktop/Projects/transportBackEndNative/Services/Database/seedData.service.js:296:3)
    at async executeInTransaction.timeout (/Users/zewedu/Desktop/Projects/transportBackEndNative/Controllers/Database.controller.js:103:16)
    at async /Users/zewedu/Desktop/Projects/transportBackEndNative/Utils/DatabaseTransaction.js:101:14
    at async executeInTransaction (/Users/zewedu/Desktop/Projects/transportBackEndNative/Utils/DatabaseTransaction.js:99:20)
    at async installPreDefinedDataController (/Users/zewedu/Desktop/Projects/transportBackEndNative/Controllers/Database.controller.js:101:20)
{
  "service": "ride-hailing-api",
  "environment": "development",
  "error": "Cancellation reason already exists"
}
15:16:41 [[31merror[39m]: Error creating item in predefined data
{
  "service": "ride-hailing-api",
  "environment": "development",
  "label": "CancellationReasonsType",
  "item": {
    "cancellationReason": "Safety concerns about the vehicle or route",
    "roleId": 1,
    "requestMode": "both"
  },
  "error": "Cancellation reason registration failed: Cancellation reason already exists"
}
15:16:41 [[31merror[39m]: Error adding cancellation reason
Error: Cancellation reason already exists
    at addCancellationReason (/Users/zewedu/Desktop/Projects/transportBackEndNative/Services/Cancellation.service.js:25:13)
    at process.processTicksAndRejections (node:internal/process/task_queues:105:5)
    at async processDataSequentially (/Users/zewedu/Desktop/Projects/transportBackEndNative/Services/Database/seedData.service.js:122:24)
    at async Object.installPreDefinedData (/Users/zewedu/Desktop/Projects/transportBackEndNative/Services/Database/seedData.service.js:296:3)
    at async executeInTransaction.timeout (/Users/zewedu/Desktop/Projects/transportBackEndNative/Controllers/Database.controller.js:103:16)
    at async /Users/zewedu/Desktop/Projects/transportBackEndNative/Utils/DatabaseTransaction.js:101:14
    at async executeInTransaction (/Users/zewedu/Desktop/Projects/transportBackEndNative/Utils/DatabaseTransaction.js:99:20)
    at async installPreDefinedDataController (/Users/zewedu/Desktop/Projects/transportBackEndNative/Controllers/Database.controller.js:101:20)
{
  "service": "ride-hailing-api",
  "environment": "development",
  "error": "Cancellation reason already exists"
}
15:16:41 [[31merror[39m]: Error creating item in predefined data
{
  "service": "ride-hailing-api",
  "environment": "development",
  "label": "CancellationReasonsType",
  "item": {
    "cancellationReason": "Cargo packaging was not ready in time",
    "roleId": 1,
    "requestMode": "both"
  },
  "error": "Cancellation reason registration failed: Cancellation reason already exists"
}
15:16:41 [[31merror[39m]: Error adding cancellation reason
Error: Cancellation reason already exists
    at addCancellationReason (/Users/zewedu/Desktop/Projects/transportBackEndNative/Services/Cancellation.service.js:25:13)
    at process.processTicksAndRejections (node:internal/process/task_queues:105:5)
    at async processDataSequentially (/Users/zewedu/Desktop/Projects/transportBackEndNative/Services/Database/seedData.service.js:122:24)
    at async Object.installPreDefinedData (/Users/zewedu/Desktop/Projects/transportBackEndNative/Services/Database/seedData.service.js:296:3)
    at async executeInTransaction.timeout (/Users/zewedu/Desktop/Projects/transportBackEndNative/Controllers/Database.controller.js:103:16)
    at async /Users/zewedu/Desktop/Projects/transportBackEndNative/Utils/DatabaseTransaction.js:101:14
    at async executeInTransaction (/Users/zewedu/Desktop/Projects/transportBackEndNative/Utils/DatabaseTransaction.js:99:20)
    at async installPreDefinedDataController (/Users/zewedu/Desktop/Projects/transportBackEndNative/Controllers/Database.controller.js:101:20)
{
  "service": "ride-hailing-api",
  "environment": "development",
  "error": "Cancellation reason already exists"
}
15:16:41 [[31merror[39m]: Error creating item in predefined data
{
  "service": "ride-hailing-api",
  "environment": "development",
  "label": "CancellationReasonsType",
  "item": {
    "cancellationReason": "Financial or payment arrangement fell through",
    "roleId": 1,
    "requestMode": "both"
  },
  "error": "Cancellation reason registration failed: Cancellation reason already exists"
}
15:16:41 [[31merror[39m]: Error adding cancellation reason
Error: Cancellation reason already exists
    at addCancellationReason (/Users/zewedu/Desktop/Projects/transportBackEndNative/Services/Cancellation.service.js:25:13)
    at process.processTicksAndRejections (node:internal/process/task_queues:105:5)
    at async processDataSequentially (/Users/zewedu/Desktop/Projects/transportBackEndNative/Services/Database/seedData.service.js:122:24)
    at async Object.installPreDefinedData (/Users/zewedu/Desktop/Projects/transportBackEndNative/Services/Database/seedData.service.js:296:3)
    at async executeInTransaction.timeout (/Users/zewedu/Desktop/Projects/transportBackEndNative/Controllers/Database.controller.js:103:16)
    at async /Users/zewedu/Desktop/Projects/transportBackEndNative/Utils/DatabaseTransaction.js:101:14
    at async executeInTransaction (/Users/zewedu/Desktop/Projects/transportBackEndNative/Utils/DatabaseTransaction.js:99:20)
    at async installPreDefinedDataController (/Users/zewedu/Desktop/Projects/transportBackEndNative/Controllers/Database.controller.js:101:20)
{
  "service": "ride-hailing-api",
  "environment": "development",
  "error": "Cancellation reason already exists"
}
15:16:41 [[31merror[39m]: Error creating item in predefined data
{
  "service": "ride-hailing-api",
  "environment": "development",
  "label": "CancellationReasonsType",
  "item": {
    "cancellationReason": "Shipper was not at the agreed pickup location",
    "roleId": 2,
    "requestMode": "individual"
  },
  "error": "Cancellation reason registration failed: Cancellation reason already exists"
}
15:16:41 [[31merror[39m]: Error adding cancellation reason
Error: Cancellation reason already exists
    at addCancellationReason (/Users/zewedu/Desktop/Projects/transportBackEndNative/Services/Cancellation.service.js:25:13)
    at process.processTicksAndRejections (node:internal/process/task_queues:105:5)
    at async processDataSequentially (/Users/zewedu/Desktop/Projects/transportBackEndNative/Services/Database/seedData.service.js:122:24)
    at async Object.installPreDefinedData (/Users/zewedu/Desktop/Projects/transportBackEndNative/Services/Database/seedData.service.js:296:3)
    at async executeInTransaction.timeout (/Users/zewedu/Desktop/Projects/transportBackEndNative/Controllers/Database.controller.js:103:16)
    at async /Users/zewedu/Desktop/Projects/transportBackEndNative/Utils/DatabaseTransaction.js:101:14
    at async executeInTransaction (/Users/zewedu/Desktop/Projects/transportBackEndNative/Utils/DatabaseTransaction.js:99:20)
    at async installPreDefinedDataController (/Users/zewedu/Desktop/Projects/transportBackEndNative/Controllers/Database.controller.js:101:20)
{
  "service": "ride-hailing-api",
  "environment": "development",
  "error": "Cancellation reason already exists"
}
15:16:41 [[31merror[39m]: Error creating item in predefined data
{
  "service": "ride-hailing-api",
  "environment": "development",
  "label": "CancellationReasonsType",
  "item": {
    "cancellationReason": "Shipper was unresponsive to calls and messages",
    "roleId": 2,
    "requestMode": "individual"
  },
  "error": "Cancellation reason registration failed: Cancellation reason already exists"
}
15:16:41 [[31merror[39m]: Error adding cancellation reason
Error: Cancellation reason already exists
    at addCancellationReason (/Users/zewedu/Desktop/Projects/transportBackEndNative/Services/Cancellation.service.js:25:13)
    at process.processTicksAndRejections (node:internal/process/task_queues:105:5)
    at async processDataSequentially (/Users/zewedu/Desktop/Projects/transportBackEndNative/Services/Database/seedData.service.js:122:24)
    at async Object.installPreDefinedData (/Users/zewedu/Desktop/Projects/transportBackEndNative/Services/Database/seedData.service.js:296:3)
    at async executeInTransaction.timeout (/Users/zewedu/Desktop/Projects/transportBackEndNative/Controllers/Database.controller.js:103:16)
    at async /Users/zewedu/Desktop/Projects/transportBackEndNative/Utils/DatabaseTransaction.js:101:14
    at async executeInTransaction (/Users/zewedu/Desktop/Projects/transportBackEndNative/Utils/DatabaseTransaction.js:99:20)
    at async installPreDefinedDataController (/Users/zewedu/Desktop/Projects/transportBackEndNative/Controllers/Database.controller.js:101:20)
{
  "service": "ride-hailing-api",
  "environment": "development",
  "error": "Cancellation reason already exists"
}
15:16:41 [[31merror[39m]: Error creating item in predefined data
{
  "service": "ride-hailing-api",
  "environment": "development",
  "label": "CancellationReasonsType",
  "item": {
    "cancellationReason": "Shipper requested a route or road I cannot take",
    "roleId": 2,
    "requestMode": "individual"
  },
  "error": "Cancellation reason registration failed: Cancellation reason already exists"
}
15:16:41 [[31merror[39m]: Error adding cancellation reason
Error: Cancellation reason already exists
    at addCancellationReason (/Users/zewedu/Desktop/Projects/transportBackEndNative/Services/Cancellation.service.js:25:13)
    at process.processTicksAndRejections (node:internal/process/task_queues:105:5)
    at async processDataSequentially (/Users/zewedu/Desktop/Projects/transportBackEndNative/Services/Database/seedData.service.js:122:24)
    at async Object.installPreDefinedData (/Users/zewedu/Desktop/Projects/transportBackEndNative/Services/Database/seedData.service.js:296:3)
    at async executeInTransaction.timeout (/Users/zewedu/Desktop/Projects/transportBackEndNative/Controllers/Database.controller.js:103:16)
    at async /Users/zewedu/Desktop/Projects/transportBackEndNative/Utils/DatabaseTransaction.js:101:14
    at async executeInTransaction (/Users/zewedu/Desktop/Projects/transportBackEndNative/Utils/DatabaseTransaction.js:99:20)
    at async installPreDefinedDataController (/Users/zewedu/Desktop/Projects/transportBackEndNative/Controllers/Database.controller.js:101:20)
{
  "service": "ride-hailing-api",
  "environment": "development",
  "error": "Cancellation reason already exists"
}
15:16:41 [[31merror[39m]: Error creating item in predefined data
{
  "service": "ride-hailing-api",
  "environment": "development",
  "label": "CancellationReasonsType",
  "item": {
    "cancellationReason": "Cargo was heavier or larger than described in the request",
    "roleId": 2,
    "requestMode": "individual"
  },
  "error": "Cancellation reason registration failed: Cancellation reason already exists"
}
15:16:41 [[31merror[39m]: Error adding cancellation reason
Error: Cancellation reason already exists
    at addCancellationReason (/Users/zewedu/Desktop/Projects/transportBackEndNative/Services/Cancellation.service.js:25:13)
    at process.processTicksAndRejections (node:internal/process/task_queues:105:5)
    at async processDataSequentially (/Users/zewedu/Desktop/Projects/transportBackEndNative/Services/Database/seedData.service.js:122:24)
    at async Object.installPreDefinedData (/Users/zewedu/Desktop/Projects/transportBackEndNative/Services/Database/seedData.service.js:296:3)
    at async executeInTransaction.timeout (/Users/zewedu/Desktop/Projects/transportBackEndNative/Controllers/Database.controller.js:103:16)
    at async /Users/zewedu/Desktop/Projects/transportBackEndNative/Utils/DatabaseTransaction.js:101:14
    at async executeInTransaction (/Users/zewedu/Desktop/Projects/transportBackEndNative/Utils/DatabaseTransaction.js:99:20)
    at async installPreDefinedDataController (/Users/zewedu/Desktop/Projects/transportBackEndNative/Controllers/Database.controller.js:101:20)
{
  "service": "ride-hailing-api",
  "environment": "development",
  "error": "Cancellation reason already exists"
}
15:16:41 [[31merror[39m]: Error creating item in predefined data
{
  "service": "ride-hailing-api",
  "environment": "development",
  "label": "CancellationReasonsType",
  "item": {
    "cancellationReason": "Shipper was disrespectful, rude, or threatening",
    "roleId": 2,
    "requestMode": "individual"
  },
  "error": "Cancellation reason registration failed: Cancellation reason already exists"
}
15:16:41 [[31merror[39m]: Error adding cancellation reason
Error: Cancellation reason already exists
    at addCancellationReason (/Users/zewedu/Desktop/Projects/transportBackEndNative/Services/Cancellation.service.js:25:13)
    at process.processTicksAndRejections (node:internal/process/task_queues:105:5)
    at async processDataSequentially (/Users/zewedu/Desktop/Projects/transportBackEndNative/Services/Database/seedData.service.js:122:24)
    at async Object.installPreDefinedData (/Users/zewedu/Desktop/Projects/transportBackEndNative/Services/Database/seedData.service.js:296:3)
    at async executeInTransaction.timeout (/Users/zewedu/Desktop/Projects/transportBackEndNative/Controllers/Database.controller.js:103:16)
    at async /Users/zewedu/Desktop/Projects/transportBackEndNative/Utils/DatabaseTransaction.js:101:14
    at async executeInTransaction (/Users/zewedu/Desktop/Projects/transportBackEndNative/Utils/DatabaseTransaction.js:99:20)
    at async installPreDefinedDataController (/Users/zewedu/Desktop/Projects/transportBackEndNative/Controllers/Database.controller.js:101:20)
{
  "service": "ride-hailing-api",
  "environment": "development",
  "error": "Cancellation reason already exists"
}
15:16:41 [[31merror[39m]: Error creating item in predefined data
{
  "service": "ride-hailing-api",
  "environment": "development",
  "label": "CancellationReasonsType",
  "item": {
    "cancellationReason": "Shipper tried to change the destination after I accepted",
    "roleId": 2,
    "requestMode": "individual"
  },
  "error": "Cancellation reason registration failed: Cancellation reason already exists"
}
15:16:41 [[31merror[39m]: Error adding cancellation reason
Error: Cancellation reason already exists
    at addCancellationReason (/Users/zewedu/Desktop/Projects/transportBackEndNative/Services/Cancellation.service.js:25:13)
    at process.processTicksAndRejections (node:internal/process/task_queues:105:5)
    at async processDataSequentially (/Users/zewedu/Desktop/Projects/transportBackEndNative/Services/Database/seedData.service.js:122:24)
    at async Object.installPreDefinedData (/Users/zewedu/Desktop/Projects/transportBackEndNative/Services/Database/seedData.service.js:296:3)
    at async executeInTransaction.timeout (/Users/zewedu/Desktop/Projects/transportBackEndNative/Controllers/Database.controller.js:103:16)
    at async /Users/zewedu/Desktop/Projects/transportBackEndNative/Utils/DatabaseTransaction.js:101:14
    at async executeInTransaction (/Users/zewedu/Desktop/Projects/transportBackEndNative/Utils/DatabaseTransaction.js:99:20)
    at async installPreDefinedDataController (/Users/zewedu/Desktop/Projects/transportBackEndNative/Controllers/Database.controller.js:101:20)
{
  "service": "ride-hailing-api",
  "environment": "development",
  "error": "Cancellation reason already exists"
}
15:16:41 [[31merror[39m]: Error creating item in predefined data
{
  "service": "ride-hailing-api",
  "environment": "development",
  "label": "CancellationReasonsType",
  "item": {
    "cancellationReason": "Shipper refused to pay the agreed amount",
    "roleId": 2,
    "requestMode": "individual"
  },
  "error": "Cancellation reason registration failed: Cancellation reason already exists"
}
15:16:41 [[31merror[39m]: Error adding cancellation reason
Error: Cancellation reason already exists
    at addCancellationReason (/Users/zewedu/Desktop/Projects/transportBackEndNative/Services/Cancellation.service.js:25:13)
    at process.processTicksAndRejections (node:internal/process/task_queues:105:5)
    at async processDataSequentially (/Users/zewedu/Desktop/Projects/transportBackEndNative/Services/Database/seedData.service.js:122:24)
    at async Object.installPreDefinedData (/Users/zewedu/Desktop/Projects/transportBackEndNative/Services/Database/seedData.service.js:296:3)
    at async executeInTransaction.timeout (/Users/zewedu/Desktop/Projects/transportBackEndNative/Controllers/Database.controller.js:103:16)
    at async /Users/zewedu/Desktop/Projects/transportBackEndNative/Utils/DatabaseTransaction.js:101:14
    at async executeInTransaction (/Users/zewedu/Desktop/Projects/transportBackEndNative/Utils/DatabaseTransaction.js:99:20)
    at async installPreDefinedDataController (/Users/zewedu/Desktop/Projects/transportBackEndNative/Controllers/Database.controller.js:101:20)
{
  "service": "ride-hailing-api",
  "environment": "development",
  "error": "Cancellation reason already exists"
}
15:16:41 [[31merror[39m]: Error creating item in predefined data
{
  "service": "ride-hailing-api",
  "environment": "development",
  "label": "CancellationReasonsType",
  "item": {
    "cancellationReason": "Company dispatcher assigned me the wrong route or location",
    "roleId": 2,
    "requestMode": "company"
  },
  "error": "Cancellation reason registration failed: Cancellation reason already exists"
}
15:16:41 [[31merror[39m]: Error adding cancellation reason
Error: Cancellation reason already exists
    at addCancellationReason (/Users/zewedu/Desktop/Projects/transportBackEndNative/Services/Cancellation.service.js:25:13)
    at process.processTicksAndRejections (node:internal/process/task_queues:105:5)
    at async processDataSequentially (/Users/zewedu/Desktop/Projects/transportBackEndNative/Services/Database/seedData.service.js:122:24)
    at async Object.installPreDefinedData (/Users/zewedu/Desktop/Projects/transportBackEndNative/Services/Database/seedData.service.js:296:3)
    at async executeInTransaction.timeout (/Users/zewedu/Desktop/Projects/transportBackEndNative/Controllers/Database.controller.js:103:16)
    at async /Users/zewedu/Desktop/Projects/transportBackEndNative/Utils/DatabaseTransaction.js:101:14
    at async executeInTransaction (/Users/zewedu/Desktop/Projects/transportBackEndNative/Utils/DatabaseTransaction.js:99:20)
    at async installPreDefinedDataController (/Users/zewedu/Desktop/Projects/transportBackEndNative/Controllers/Database.controller.js:101:20)
{
  "service": "ride-hailing-api",
  "environment": "development",
  "error": "Cancellation reason already exists"
}
15:16:41 [[31merror[39m]: Error creating item in predefined data
{
  "service": "ride-hailing-api",
  "environment": "development",
  "label": "CancellationReasonsType",
  "item": {
    "cancellationReason": "Loading dock or warehouse was not ready when I arrived",
    "roleId": 2,
    "requestMode": "company"
  },
  "error": "Cancellation reason registration failed: Cancellation reason already exists"
}
15:16:41 [[31merror[39m]: Error adding cancellation reason
Error: Cancellation reason already exists
    at addCancellationReason (/Users/zewedu/Desktop/Projects/transportBackEndNative/Services/Cancellation.service.js:25:13)
    at process.processTicksAndRejections (node:internal/process/task_queues:105:5)
    at async processDataSequentially (/Users/zewedu/Desktop/Projects/transportBackEndNative/Services/Database/seedData.service.js:122:24)
    at async Object.installPreDefinedData (/Users/zewedu/Desktop/Projects/transportBackEndNative/Services/Database/seedData.service.js:296:3)
    at async executeInTransaction.timeout (/Users/zewedu/Desktop/Projects/transportBackEndNative/Controllers/Database.controller.js:103:16)
    at async /Users/zewedu/Desktop/Projects/transportBackEndNative/Utils/DatabaseTransaction.js:101:14
    at async executeInTransaction (/Users/zewedu/Desktop/Projects/transportBackEndNative/Utils/DatabaseTransaction.js:99:20)
    at async installPreDefinedDataController (/Users/zewedu/Desktop/Projects/transportBackEndNative/Controllers/Database.controller.js:101:20)
{
  "service": "ride-hailing-api",
  "environment": "development",
  "error": "Cancellation reason already exists"
}
15:16:41 [[31merror[39m]: Error creating item in predefined data
{
  "service": "ride-hailing-api",
  "environment": "development",
  "label": "CancellationReasonsType",
  "item": {
    "cancellationReason": "Cargo details did not match what was described in the contract",
    "roleId": 2,
    "requestMode": "company"
  },
  "error": "Cancellation reason registration failed: Cancellation reason already exists"
}
15:16:41 [[31merror[39m]: Error adding cancellation reason
Error: Cancellation reason already exists
    at addCancellationReason (/Users/zewedu/Desktop/Projects/transportBackEndNative/Services/Cancellation.service.js:25:13)
    at process.processTicksAndRejections (node:internal/process/task_queues:105:5)
    at async processDataSequentially (/Users/zewedu/Desktop/Projects/transportBackEndNative/Services/Database/seedData.service.js:122:24)
    at async Object.installPreDefinedData (/Users/zewedu/Desktop/Projects/transportBackEndNative/Services/Database/seedData.service.js:296:3)
    at async executeInTransaction.timeout (/Users/zewedu/Desktop/Projects/transportBackEndNative/Controllers/Database.controller.js:103:16)
    at async /Users/zewedu/Desktop/Projects/transportBackEndNative/Utils/DatabaseTransaction.js:101:14
    at async executeInTransaction (/Users/zewedu/Desktop/Projects/transportBackEndNative/Utils/DatabaseTransaction.js:99:20)
    at async installPreDefinedDataController (/Users/zewedu/Desktop/Projects/transportBackEndNative/Controllers/Database.controller.js:101:20)
{
  "service": "ride-hailing-api",
  "environment": "development",
  "error": "Cancellation reason already exists"
}
15:16:41 [[31merror[39m]: Error creating item in predefined data
{
  "service": "ride-hailing-api",
  "environment": "development",
  "label": "CancellationReasonsType",
  "item": {
    "cancellationReason": "I was reassigned to a different batch by my company",
    "roleId": 2,
    "requestMode": "company"
  },
  "error": "Cancellation reason registration failed: Cancellation reason already exists"
}
15:16:41 [[31merror[39m]: Error adding cancellation reason
Error: Cancellation reason already exists
    at addCancellationReason (/Users/zewedu/Desktop/Projects/transportBackEndNative/Services/Cancellation.service.js:25:13)
    at process.processTicksAndRejections (node:internal/process/task_queues:105:5)
    at async processDataSequentially (/Users/zewedu/Desktop/Projects/transportBackEndNative/Services/Database/seedData.service.js:122:24)
    at async Object.installPreDefinedData (/Users/zewedu/Desktop/Projects/transportBackEndNative/Services/Database/seedData.service.js:296:3)
    at async executeInTransaction.timeout (/Users/zewedu/Desktop/Projects/transportBackEndNative/Controllers/Database.controller.js:103:16)
    at async /Users/zewedu/Desktop/Projects/transportBackEndNative/Utils/DatabaseTransaction.js:101:14
    at async executeInTransaction (/Users/zewedu/Desktop/Projects/transportBackEndNative/Utils/DatabaseTransaction.js:99:20)
    at async installPreDefinedDataController (/Users/zewedu/Desktop/Projects/transportBackEndNative/Controllers/Database.controller.js:101:20)
{
  "service": "ride-hailing-api",
  "environment": "development",
  "error": "Cancellation reason already exists"
}
15:16:41 [[31merror[39m]: Error creating item in predefined data
{
  "service": "ride-hailing-api",
  "environment": "development",
  "label": "CancellationReasonsType",
  "item": {
    "cancellationReason": "Company's loading staff were not available at the site",
    "roleId": 2,
    "requestMode": "company"
  },
  "error": "Cancellation reason registration failed: Cancellation reason already exists"
}
15:16:41 [[31merror[39m]: Error adding cancellation reason
Error: Cancellation reason already exists
    at addCancellationReason (/Users/zewedu/Desktop/Projects/transportBackEndNative/Services/Cancellation.service.js:25:13)
    at process.processTicksAndRejections (node:internal/process/task_queues:105:5)
    at async processDataSequentially (/Users/zewedu/Desktop/Projects/transportBackEndNative/Services/Database/seedData.service.js:122:24)
    at async Object.installPreDefinedData (/Users/zewedu/Desktop/Projects/transportBackEndNative/Services/Database/seedData.service.js:296:3)
    at async executeInTransaction.timeout (/Users/zewedu/Desktop/Projects/transportBackEndNative/Controllers/Database.controller.js:103:16)
    at async /Users/zewedu/Desktop/Projects/transportBackEndNative/Utils/DatabaseTransaction.js:101:14
    at async executeInTransaction (/Users/zewedu/Desktop/Projects/transportBackEndNative/Utils/DatabaseTransaction.js:99:20)
    at async installPreDefinedDataController (/Users/zewedu/Desktop/Projects/transportBackEndNative/Controllers/Database.controller.js:101:20)
{
  "service": "ride-hailing-api",
  "environment": "development",
  "error": "Cancellation reason already exists"
}
15:16:41 [[31merror[39m]: Error creating item in predefined data
{
  "service": "ride-hailing-api",
  "environment": "development",
  "label": "CancellationReasonsType",
  "item": {
    "cancellationReason": "Vehicle breakdown or mechanical issue",
    "roleId": 2,
    "requestMode": "both"
  },
  "error": "Cancellation reason registration failed: Cancellation reason already exists"
}
15:16:41 [[31merror[39m]: Error adding cancellation reason
Error: Cancellation reason already exists
    at addCancellationReason (/Users/zewedu/Desktop/Projects/transportBackEndNative/Services/Cancellation.service.js:25:13)
    at process.processTicksAndRejections (node:internal/process/task_queues:105:5)
    at async processDataSequentially (/Users/zewedu/Desktop/Projects/transportBackEndNative/Services/Database/seedData.service.js:122:24)
    at async Object.installPreDefinedData (/Users/zewedu/Desktop/Projects/transportBackEndNative/Services/Database/seedData.service.js:296:3)
    at async executeInTransaction.timeout (/Users/zewedu/Desktop/Projects/transportBackEndNative/Controllers/Database.controller.js:103:16)
    at async /Users/zewedu/Desktop/Projects/transportBackEndNative/Utils/DatabaseTransaction.js:101:14
    at async executeInTransaction (/Users/zewedu/Desktop/Projects/transportBackEndNative/Utils/DatabaseTransaction.js:99:20)
    at async installPreDefinedDataController (/Users/zewedu/Desktop/Projects/transportBackEndNative/Controllers/Database.controller.js:101:20)
{
  "service": "ride-hailing-api",
  "environment": "development",
  "error": "Cancellation reason already exists"
}
15:16:41 [[31merror[39m]: Error creating item in predefined data
{
  "service": "ride-hailing-api",
  "environment": "development",
  "label": "CancellationReasonsType",
  "item": {
    "cancellationReason": "Personal or family emergency",
    "roleId": 2,
    "requestMode": "both"
  },
  "error": "Cancellation reason registration failed: Cancellation reason already exists"
}
15:16:41 [[31merror[39m]: Error adding cancellation reason
Error: Cancellation reason already exists
    at addCancellationReason (/Users/zewedu/Desktop/Projects/transportBackEndNative/Services/Cancellation.service.js:25:13)
    at process.processTicksAndRejections (node:internal/process/task_queues:105:5)
    at async processDataSequentially (/Users/zewedu/Desktop/Projects/transportBackEndNative/Services/Database/seedData.service.js:122:24)
    at async Object.installPreDefinedData (/Users/zewedu/Desktop/Projects/transportBackEndNative/Services/Database/seedData.service.js:296:3)
    at async executeInTransaction.timeout (/Users/zewedu/Desktop/Projects/transportBackEndNative/Controllers/Database.controller.js:103:16)
    at async /Users/zewedu/Desktop/Projects/transportBackEndNative/Utils/DatabaseTransaction.js:101:14
    at async executeInTransaction (/Users/zewedu/Desktop/Projects/transportBackEndNative/Utils/DatabaseTransaction.js:99:20)
    at async installPreDefinedDataController (/Users/zewedu/Desktop/Projects/transportBackEndNative/Controllers/Database.controller.js:101:20)
{
  "service": "ride-hailing-api",
  "environment": "development",
  "error": "Cancellation reason already exists"
}
15:16:41 [[31merror[39m]: Error creating item in predefined data
{
  "service": "ride-hailing-api",
  "environment": "development",
  "label": "CancellationReasonsType",
  "item": {
    "cancellationReason": "Safety concern at pickup or delivery location",
    "roleId": 2,
    "requestMode": "both"
  },
  "error": "Cancellation reason registration failed: Cancellation reason already exists"
}
15:16:41 [[31merror[39m]: Error adding cancellation reason
Error: Cancellation reason already exists
    at addCancellationReason (/Users/zewedu/Desktop/Projects/transportBackEndNative/Services/Cancellation.service.js:25:13)
    at process.processTicksAndRejections (node:internal/process/task_queues:105:5)
    at async processDataSequentially (/Users/zewedu/Desktop/Projects/transportBackEndNative/Services/Database/seedData.service.js:122:24)
    at async Object.installPreDefinedData (/Users/zewedu/Desktop/Projects/transportBackEndNative/Services/Database/seedData.service.js:296:3)
    at async executeInTransaction.timeout (/Users/zewedu/Desktop/Projects/transportBackEndNative/Controllers/Database.controller.js:103:16)
    at async /Users/zewedu/Desktop/Projects/transportBackEndNative/Utils/DatabaseTransaction.js:101:14
    at async executeInTransaction (/Users/zewedu/Desktop/Projects/transportBackEndNative/Utils/DatabaseTransaction.js:99:20)
    at async installPreDefinedDataController (/Users/zewedu/Desktop/Projects/transportBackEndNative/Controllers/Database.controller.js:101:20)
{
  "service": "ride-hailing-api",
  "environment": "development",
  "error": "Cancellation reason already exists"
}
15:16:41 [[31merror[39m]: Error creating item in predefined data
{
  "service": "ride-hailing-api",
  "environment": "development",
  "label": "CancellationReasonsType",
  "item": {
    "cancellationReason": "Incorrect pickup location was given in the request",
    "roleId": 2,
    "requestMode": "both"
  },
  "error": "Cancellation reason registration failed: Cancellation reason already exists"
}
15:16:41 [[31merror[39m]: Error adding cancellation reason
Error: Cancellation reason already exists
    at addCancellationReason (/Users/zewedu/Desktop/Projects/transportBackEndNative/Services/Cancellation.service.js:25:13)
    at process.processTicksAndRejections (node:internal/process/task_queues:105:5)
    at async processDataSequentially (/Users/zewedu/Desktop/Projects/transportBackEndNative/Services/Database/seedData.service.js:122:24)
    at async Object.installPreDefinedData (/Users/zewedu/Desktop/Projects/transportBackEndNative/Services/Database/seedData.service.js:296:3)
    at async executeInTransaction.timeout (/Users/zewedu/Desktop/Projects/transportBackEndNative/Controllers/Database.controller.js:103:16)
    at async /Users/zewedu/Desktop/Projects/transportBackEndNative/Utils/DatabaseTransaction.js:101:14
    at async executeInTransaction (/Users/zewedu/Desktop/Projects/transportBackEndNative/Utils/DatabaseTransaction.js:99:20)
    at async installPreDefinedDataController (/Users/zewedu/Desktop/Projects/transportBackEndNative/Controllers/Database.controller.js:101:20)
{
  "service": "ride-hailing-api",
  "environment": "development",
  "error": "Cancellation reason already exists"
}
15:16:41 [[31merror[39m]: Error creating item in predefined data
{
  "service": "ride-hailing-api",
  "environment": "development",
  "label": "CancellationReasonsType",
  "item": {
    "cancellationReason": "Accepted this request by mistake",
    "roleId": 2,
    "requestMode": "both"
  },
  "error": "Cancellation reason registration failed: Cancellation reason already exists"
}
15:16:41 [[31merror[39m]: Error adding cancellation reason
Error: Cancellation reason already exists
    at addCancellationReason (/Users/zewedu/Desktop/Projects/transportBackEndNative/Services/Cancellation.service.js:25:13)
    at process.processTicksAndRejections (node:internal/process/task_queues:105:5)
    at async processDataSequentially (/Users/zewedu/Desktop/Projects/transportBackEndNative/Services/Database/seedData.service.js:122:24)
    at async Object.installPreDefinedData (/Users/zewedu/Desktop/Projects/transportBackEndNative/Services/Database/seedData.service.js:296:3)
    at async executeInTransaction.timeout (/Users/zewedu/Desktop/Projects/transportBackEndNative/Controllers/Database.controller.js:103:16)
    at async /Users/zewedu/Desktop/Projects/transportBackEndNative/Utils/DatabaseTransaction.js:101:14
    at async executeInTransaction (/Users/zewedu/Desktop/Projects/transportBackEndNative/Utils/DatabaseTransaction.js:99:20)
    at async installPreDefinedDataController (/Users/zewedu/Desktop/Projects/transportBackEndNative/Controllers/Database.controller.js:101:20)
{
  "service": "ride-hailing-api",
  "environment": "development",
  "error": "Cancellation reason already exists"
}
15:16:41 [[31merror[39m]: Error creating item in predefined data
{
  "service": "ride-hailing-api",
  "environment": "development",
  "label": "CancellationReasonsType",
  "item": {
    "cancellationReason": "Cancelled due to app or system technical issue",
    "roleId": 3,
    "requestMode": "both"
  },
  "error": "Cancellation reason registration failed: Cancellation reason already exists"
}
15:16:41 [[31merror[39m]: Error adding cancellation reason
Error: Cancellation reason already exists
    at addCancellationReason (/Users/zewedu/Desktop/Projects/transportBackEndNative/Services/Cancellation.service.js:25:13)
    at process.processTicksAndRejections (node:internal/process/task_queues:105:5)
    at async processDataSequentially (/Users/zewedu/Desktop/Projects/transportBackEndNative/Services/Database/seedData.service.js:122:24)
    at async Object.installPreDefinedData (/Users/zewedu/Desktop/Projects/transportBackEndNative/Services/Database/seedData.service.js:296:3)
    at async executeInTransaction.timeout (/Users/zewedu/Desktop/Projects/transportBackEndNative/Controllers/Database.controller.js:103:16)
    at async /Users/zewedu/Desktop/Projects/transportBackEndNative/Utils/DatabaseTransaction.js:101:14
    at async executeInTransaction (/Users/zewedu/Desktop/Projects/transportBackEndNative/Utils/DatabaseTransaction.js:99:20)
    at async installPreDefinedDataController (/Users/zewedu/Desktop/Projects/transportBackEndNative/Controllers/Database.controller.js:101:20)
{
  "service": "ride-hailing-api",
  "environment": "development",
  "error": "Cancellation reason already exists"
}
15:16:41 [[31merror[39m]: Error creating item in predefined data
{
  "service": "ride-hailing-api",
  "environment": "development",
  "label": "CancellationReasonsType",
  "item": {
    "cancellationReason": "Route or road unavailable due to weather or official closure",
    "roleId": 3,
    "requestMode": "both"
  },
  "error": "Cancellation reason registration failed: Cancellation reason already exists"
}
15:16:41 [[31merror[39m]: Error adding cancellation reason
Error: Cancellation reason already exists
    at addCancellationReason (/Users/zewedu/Desktop/Projects/transportBackEndNative/Services/Cancellation.service.js:25:13)
    at process.processTicksAndRejections (node:internal/process/task_queues:105:5)
    at async processDataSequentially (/Users/zewedu/Desktop/Projects/transportBackEndNative/Services/Database/seedData.service.js:122:24)
    at async Object.installPreDefinedData (/Users/zewedu/Desktop/Projects/transportBackEndNative/Services/Database/seedData.service.js:296:3)
    at async executeInTransaction.timeout (/Users/zewedu/Desktop/Projects/transportBackEndNative/Controllers/Database.controller.js:103:16)
    at async /Users/zewedu/Desktop/Projects/transportBackEndNative/Utils/DatabaseTransaction.js:101:14
    at async executeInTransaction (/Users/zewedu/Desktop/Projects/transportBackEndNative/Utils/DatabaseTransaction.js:99:20)
    at async installPreDefinedDataController (/Users/zewedu/Desktop/Projects/transportBackEndNative/Controllers/Database.controller.js:101:20)
{
  "service": "ride-hailing-api",
  "environment": "development",
  "error": "Cancellation reason already exists"
}
15:16:41 [[31merror[39m]: Error creating item in predefined data
{
  "service": "ride-hailing-api",
  "environment": "development",
  "label": "CancellationReasonsType",
  "item": {
    "cancellationReason": "Driver account suspended during an active request",
    "roleId": 3,
    "requestMode": "both"
  },
  "error": "Cancellation reason registration failed: Cancellation reason already exists"
}
15:16:41 [[31merror[39m]: Error adding cancellation reason
Error: Cancellation reason already exists
    at addCancellationReason (/Users/zewedu/Desktop/Projects/transportBackEndNative/Services/Cancellation.service.js:25:13)
    at process.processTicksAndRejections (node:internal/process/task_queues:105:5)
    at async processDataSequentially (/Users/zewedu/Desktop/Projects/transportBackEndNative/Services/Database/seedData.service.js:122:24)
    at async Object.installPreDefinedData (/Users/zewedu/Desktop/Projects/transportBackEndNative/Services/Database/seedData.service.js:296:3)
    at async executeInTransaction.timeout (/Users/zewedu/Desktop/Projects/transportBackEndNative/Controllers/Database.controller.js:103:16)
    at async /Users/zewedu/Desktop/Projects/transportBackEndNative/Utils/DatabaseTransaction.js:101:14
    at async executeInTransaction (/Users/zewedu/Desktop/Projects/transportBackEndNative/Utils/DatabaseTransaction.js:99:20)
    at async installPreDefinedDataController (/Users/zewedu/Desktop/Projects/transportBackEndNative/Controllers/Database.controller.js:101:20)
{
  "service": "ride-hailing-api",
  "environment": "development",
  "error": "Cancellation reason already exists"
}
15:16:41 [[31merror[39m]: Error creating item in predefined data
{
  "service": "ride-hailing-api",
  "environment": "development",
  "label": "CancellationReasonsType",
  "item": {
    "cancellationReason": "Company account suspended during an active batch",
    "roleId": 3,
    "requestMode": "company"
  },
  "error": "Cancellation reason registration failed: Cancellation reason already exists"
}
15:16:41 [[31merror[39m]: Error adding cancellation reason
Error: Cancellation reason already exists
    at addCancellationReason (/Users/zewedu/Desktop/Projects/transportBackEndNative/Services/Cancellation.service.js:25:13)
    at process.processTicksAndRejections (node:internal/process/task_queues:105:5)
    at async processDataSequentially (/Users/zewedu/Desktop/Projects/transportBackEndNative/Services/Database/seedData.service.js:122:24)
    at async Object.installPreDefinedData (/Users/zewedu/Desktop/Projects/transportBackEndNative/Services/Database/seedData.service.js:296:3)
    at async executeInTransaction.timeout (/Users/zewedu/Desktop/Projects/transportBackEndNative/Controllers/Database.controller.js:103:16)
    at async /Users/zewedu/Desktop/Projects/transportBackEndNative/Utils/DatabaseTransaction.js:101:14
    at async executeInTransaction (/Users/zewedu/Desktop/Projects/transportBackEndNative/Utils/DatabaseTransaction.js:99:20)
    at async installPreDefinedDataController (/Users/zewedu/Desktop/Projects/transportBackEndNative/Controllers/Database.controller.js:101:20)
{
  "service": "ride-hailing-api",
  "environment": "development",
  "error": "Cancellation reason already exists"
}
15:16:41 [[31merror[39m]: Error creating item in predefined data
{
  "service": "ride-hailing-api",
  "environment": "development",
  "label": "CancellationReasonsType",
  "item": {
    "cancellationReason": "Fraud or platform policy violation detected",
    "roleId": 3,
    "requestMode": "both"
  },
  "error": "Cancellation reason registration failed: Cancellation reason already exists"
}
15:16:41 [[31merror[39m]: Error adding cancellation reason
Error: Cancellation reason already exists
    at addCancellationReason (/Users/zewedu/Desktop/Projects/transportBackEndNative/Services/Cancellation.service.js:25:13)
    at process.processTicksAndRejections (node:internal/process/task_queues:105:5)
    at async processDataSequentially (/Users/zewedu/Desktop/Projects/transportBackEndNative/Services/Database/seedData.service.js:122:24)
    at async Object.installPreDefinedData (/Users/zewedu/Desktop/Projects/transportBackEndNative/Services/Database/seedData.service.js:296:3)
    at async executeInTransaction.timeout (/Users/zewedu/Desktop/Projects/transportBackEndNative/Controllers/Database.controller.js:103:16)
    at async /Users/zewedu/Desktop/Projects/transportBackEndNative/Utils/DatabaseTransaction.js:101:14
    at async executeInTransaction (/Users/zewedu/Desktop/Projects/transportBackEndNative/Utils/DatabaseTransaction.js:99:20)
    at async installPreDefinedDataController (/Users/zewedu/Desktop/Projects/transportBackEndNative/Controllers/Database.controller.js:101:20)
{
  "service": "ride-hailing-api",
  "environment": "development",
  "error": "Cancellation reason already exists"
}
15:16:41 [[31merror[39m]: Error creating item in predefined data
{
  "service": "ride-hailing-api",
  "environment": "development",
  "label": "CancellationReasonsType",
  "item": {
    "cancellationReason": "Duplicate request detected by the system",
    "roleId": 3,
    "requestMode": "both"
  },
  "error": "Cancellation reason registration failed: Cancellation reason already exists"
}
15:16:41 [[31merror[39m]: Error adding cancellation reason
Error: Cancellation reason already exists
    at addCancellationReason (/Users/zewedu/Desktop/Projects/transportBackEndNative/Services/Cancellation.service.js:25:13)
    at process.processTicksAndRejections (node:internal/process/task_queues:105:5)
    at async processDataSequentially (/Users/zewedu/Desktop/Projects/transportBackEndNative/Services/Database/seedData.service.js:122:24)
    at async Object.installPreDefinedData (/Users/zewedu/Desktop/Projects/transportBackEndNative/Services/Database/seedData.service.js:296:3)
    at async executeInTransaction.timeout (/Users/zewedu/Desktop/Projects/transportBackEndNative/Controllers/Database.controller.js:103:16)
    at async /Users/zewedu/Desktop/Projects/transportBackEndNative/Utils/DatabaseTransaction.js:101:14
    at async executeInTransaction (/Users/zewedu/Desktop/Projects/transportBackEndNative/Utils/DatabaseTransaction.js:99:20)
    at async installPreDefinedDataController (/Users/zewedu/Desktop/Projects/transportBackEndNative/Controllers/Database.controller.js:101:20)
{
  "service": "ride-hailing-api",
  "environment": "development",
  "error": "Cancellation reason already exists"
}
15:16:41 [[31merror[39m]: Error creating item in predefined data
{
  "service": "ride-hailing-api",
  "environment": "development",
  "label": "CancellationReasonsType",
  "item": {
    "cancellationReason": "Individual request replaced by company fleet assignment — driver reassigned to company-managed freight job",
    "roleId": 3,
    "requestMode": "both"
  },
  "error": "Cancellation reason registration failed: Cancellation reason already exists"
}
15:16:41 [[31merror[39m]: Error adding cancellation reason
Error: Cancellation reason already exists
    at addCancellationReason (/Users/zewedu/Desktop/Projects/transportBackEndNative/Services/Cancellation.service.js:25:13)
    at process.processTicksAndRejections (node:internal/process/task_queues:105:5)
    at async processDataSequentially (/Users/zewedu/Desktop/Projects/transportBackEndNative/Services/Database/seedData.service.js:122:24)
    at async Object.installPreDefinedData (/Users/zewedu/Desktop/Projects/transportBackEndNative/Services/Database/seedData.service.js:296:3)
    at async executeInTransaction.timeout (/Users/zewedu/Desktop/Projects/transportBackEndNative/Controllers/Database.controller.js:103:16)
    at async /Users/zewedu/Desktop/Projects/transportBackEndNative/Utils/DatabaseTransaction.js:101:14
    at async executeInTransaction (/Users/zewedu/Desktop/Projects/transportBackEndNative/Utils/DatabaseTransaction.js:99:20)
    at async installPreDefinedDataController (/Users/zewedu/Desktop/Projects/transportBackEndNative/Controllers/Database.controller.js:101:20)
{
  "service": "ride-hailing-api",
  "environment": "development",
  "error": "Cancellation reason already exists"
}
15:16:41 [[31merror[39m]: Error creating item in predefined data
{
  "service": "ride-hailing-api",
  "environment": "development",
  "label": "CancellationReasonsType",
  "item": {
    "cancellationReason": "Cancelled by queue admin",
    "roleId": 11,
    "requestMode": "both"
  },
  "error": "Cancellation reason registration failed: Cancellation reason already exists"
}
15:16:41 [[32minfo[39m]: Seeded PaymentStatus:
{
  "service": "ride-hailing-api",
  "environment": "development"
}
15:16:41 [[32minfo[39m]: Seeded PaymentStatus:
{
  "service": "ride-hailing-api",
  "environment": "development"
}
15:16:41 [[32minfo[39m]: Seeded PaymentStatus:
{
  "service": "ride-hailing-api",
  "environment": "development"
}
15:16:41 [[31merror[39m]: Error creating item in predefined data
{
  "service": "ride-hailing-api",
  "environment": "development",
  "label": "PaymentMethod",
  "item": {
    "paymentMethodId": 1,
    "paymentMethod": "cash",
    "paymentMethodDescription": "Payment by cash"
  },
  "error": "Payment method already exists"
}
15:16:41 [[31merror[39m]: Error creating item in predefined data
{
  "service": "ride-hailing-api",
  "environment": "development",
  "label": "PaymentMethod",
  "item": {
    "paymentMethodId": 2,
    "paymentMethod": "bank",
    "paymentMethodDescription": "Payment by bank"
  },
  "error": "Payment method already exists"
}
15:16:41 [[31merror[39m]: Error creating item in predefined data
{
  "service": "ride-hailing-api",
  "environment": "development",
  "label": "PaymentMethod",
  "item": {
    "paymentMethodId": 3,
    "paymentMethod": "telebirr",
    "paymentMethodDescription": "Payment by telebirr"
  },
  "error": "Payment method already exists"
}
15:16:41 [[32minfo[39m]: Seeded CommissionRates:
{
  "service": "ride-hailing-api",
  "environment": "development"
}
15:16:41 [[31merror[39m]: Error creating item in predefined data
{
  "service": "ride-hailing-api",
  "environment": "development",
  "label": "TariffRateList",
  "item": {
    "tariffRateId": 1,
    "tariffRateName": "Standard",
    "standingTariffRate": 100,
    "journeyTariffRate": 25,
    "timingTariffRate": 10,
    "tariffRateDescription": "some descriptions ",
    "tariffRateEffectiveDate": "2026-01-01",
    "tariffRateExpirationDate": "2030-01-01"
  },
  "error": "Tariff rate already exists"
}
15:16:41 [[31merror[39m]: Error creating item in predefined data
{
  "service": "ride-hailing-api",
  "environment": "development",
  "label": "TariffRateList",
  "item": {
    "tariffRateId": 2,
    "tariffRateName": "Premium",
    "standingTariffRate": 150,
    "journeyTariffRate": 45,
    "timingTariffRate": 30,
    "tariffRateDescription": "some descriptions ",
    "tariffRateEffectiveDate": "2026-01-01",
    "tariffRateExpirationDate": "2030-01-01"
  },
  "error": "Tariff rate already exists"
}
15:16:41 [[31merror[39m]: Error creating item in predefined data
{
  "service": "ride-hailing-api",
  "environment": "development",
  "label": "financialInstitutionAccount",
  "item": {
    "institutionName": "Commercial Bank of Ethiopia",
    "accountHolderName": "Marew Masresha Abate",
    "accountNumber": "1000142114999",
    "accountType": "bank",
    "isActive": true,
    "addedBy": ""
  },
  "error": "Account already exists with this institution and account number"
}
15:16:41 [[31merror[39m]: Error creating item in predefined data
{
  "service": "ride-hailing-api",
  "environment": "development",
  "label": "financialInstitutionAccount",
  "item": {
    "institutionName": "Tele birr",
    "accountHolderName": "Marew Masresha Abate",
    "accountNumber": "0922112480",
    "accountType": "mobile_money",
    "isActive": true,
    "addedBy": ""
  },
  "error": "Account already exists with this institution and account number"
}
15:16:41 [[31merror[39m]: Error creating item in predefined data
{
  "service": "ride-hailing-api",
  "environment": "development",
  "label": "subscriptionPlanLists",
  "item": {
    "planName": "One month Free",
    "isFree": true,
    "description": "This plan is free for one month",
    "durationInDays": 30
  },
  "error": "Plan name already exists"
}
15:16:41 [[31merror[39m]: Error creating item in predefined data
{
  "service": "ride-hailing-api",
  "environment": "development",
  "label": "subscriptionPlanLists",
  "item": {
    "planName": "One month",
    "isFree": false,
    "durationInDays": 30
  },
  "error": "Plan name already exists"
}
15:16:41 [[31merror[39m]: Error creating item in predefined data
{
  "service": "ride-hailing-api",
  "environment": "development",
  "label": "subscriptionPlanLists",
  "item": {
    "planName": "Three Months",
    "isFree": false,
    "durationInDays": 90
  },
  "error": "Plan name already exists"
}
15:16:41 [[31merror[39m]: Error creating item in predefined data
{
  "service": "ride-hailing-api",
  "environment": "development",
  "label": "subscriptionPlanLists",
  "item": {
    "planName": "One Year",
    "isFree": false,
    "durationInDays": 365
  },
  "error": "Plan name already exists"
}
15:16:41 [[32minfo[39m]: Seeded depositSources:
{
  "service": "ride-hailing-api",
  "environment": "development"
}
15:16:41 [[32minfo[39m]: Seeded depositSources:
{
  "service": "ride-hailing-api",
  "environment": "development"
}
15:16:41 [[32minfo[39m]: Seeded listOfDelinquenciesTypes:
{
  "service": "ride-hailing-api",
  "environment": "development"
}
15:16:41 [[32minfo[39m]: Seeded listOfDelinquenciesTypes:
{
  "service": "ride-hailing-api",
  "environment": "development"
}
15:16:41 [[32minfo[39m]: Seeded listOfDelinquenciesTypes:
{
  "service": "ride-hailing-api",
  "environment": "development"
}
15:16:41 [[31merror[39m]: Error creating item in predefined data
{
  "service": "ride-hailing-api",
  "environment": "development",
  "label": "listOfDelinquenciesTypes",
  "item": {
    "delinquencyTypeName": "rude behavior of shipper",
    "delinquencyTypeDescription": "Shipper rude behavior",
    "delinquencyTypeId": 4,
    "defaultPoints": 1,
    "defaultSeverity": "LOW",
    "applicableRoles": "shipper",
    "isActive": true,
    "createdAt": "2026-08-08 12:16:24"
  },
  "error": "Invalid applicableRoles: role not found. Provide a valid role name or roleUniqueId"
}
15:16:41 [[31merror[39m]: Error creating item in predefined data
{
  "service": "ride-hailing-api",
  "environment": "development",
  "label": "listOfDelinquenciesTypes",
  "item": {
    "delinquencyTypeName": "late departure of shipper",
    "delinquencyTypeDescription": "Shipper late departure",
    "delinquencyTypeId": 5,
    "defaultPoints": 1,
    "defaultSeverity": "LOW",
    "applicableRoles": "shipper",
    "isActive": true,
    "createdAt": "2026-08-08 12:16:24"
  },
  "error": "Invalid applicableRoles: role not found. Provide a valid role name or roleUniqueId"
}
15:16:41 [[32minfo[39m]: Seeded listOfDelinquenciesTypes:
{
  "service": "ride-hailing-api",
  "environment": "development"
}
15:16:41 [[31merror[39m]: Error creating item in predefined data
{
  "service": "ride-hailing-api",
  "environment": "development",
  "label": "listOfDelinquenciesTypes",
  "item": {
    "delinquencyTypeName": "Payments not made",
    "delinquencyTypeDescription": "Payments not made to driver by shipper",
    "delinquencyTypeId": 7,
    "defaultPoints": 1,
    "defaultSeverity": "LOW",
    "applicableRoles": "shipper",
    "isActive": true,
    "createdAt": "2026-08-08 12:16:24"
  },
  "error": "Invalid applicableRoles: role not found. Provide a valid role name or roleUniqueId"
}
15:16:41 [[32minfo[39m]: Seeded listOfDelinquenciesTypes:
{
  "service": "ride-hailing-api",
  "environment": "development"
}
15:16:41 [[32minfo[39m]: Seeded listOfDelinquenciesTypes:
{
  "service": "ride-hailing-api",
  "environment": "development"
}
15:16:41 [[32minfo[39m]: Seeded commissionStatusList:
{
  "service": "ride-hailing-api",
  "environment": "development",
  "item": "REQUESTED"
}
15:16:41 [[32minfo[39m]: Seeded commissionStatusList:
{
  "service": "ride-hailing-api",
  "environment": "development",
  "item": "PENDING"
}
15:16:41 [[32minfo[39m]: Seeded commissionStatusList:
{
  "service": "ride-hailing-api",
  "environment": "development",
  "item": "PAID"
}
15:16:41 [[32minfo[39m]: Seeded commissionStatusList:
{
  "service": "ride-hailing-api",
  "environment": "development",
  "item": "FREE"
}
15:16:41 [[32minfo[39m]: Seeded commissionStatusList:
{
  "service": "ride-hailing-api",
  "environment": "development",
  "item": "CANCELED"
}
15:16:41 [[31merror[39m]: Error creating item in predefined data
{
  "service": "ride-hailing-api",
  "environment": "development",
  "label": "subscriptionPlanPricing",
  "item": {
    "subscriptionPlanUniqueId": "f82cf7f7-734e-4ca1-adc0-3c271096e193",
    "price": 700,
    "durationInDays": 30,
    "effectiveFrom": "2026-08-08 12:16:24"
  },
  "error": "There is already an active pricing for this date range."
}
15:16:41 [[31merror[39m]: Error creating item in predefined data
{
  "service": "ride-hailing-api",
  "environment": "development",
  "label": "subscriptionPlanPricing",
  "item": {
    "subscriptionPlanUniqueId": "cb175a39-1118-462c-a730-132c0535a480",
    "price": 700,
    "durationInDays": 30,
    "effectiveFrom": "2026-08-08 12:16:24"
  },
  "error": "There is already an active pricing for this date range."
}
15:16:41 [[31merror[39m]: Error creating item in predefined data
{
  "service": "ride-hailing-api",
  "environment": "development",
  "label": "subscriptionPlanPricing",
  "item": {
    "subscriptionPlanUniqueId": "c26eea0e-b7f0-4c06-b0f4-1a21f50d8936",
    "price": 1800,
    "durationInDays": 90,
    "effectiveFrom": "2026-08-08 12:16:24"
  },
  "error": "There is already an active pricing for this date range."
}
15:16:41 [[31merror[39m]: Error creating item in predefined data
{
  "service": "ride-hailing-api",
  "environment": "development",
  "label": "subscriptionPlanPricing",
  "item": {
    "subscriptionPlanUniqueId": "68bcfa5f-0299-4340-b959-3d9c5fa3528c",
    "price": 6000,
    "durationInDays": 365,
    "effectiveFrom": "2026-08-08 12:16:24"
  },
  "error": "There is already an active pricing for this date range."
}
15:16:41 [[32minfo[39m]: Transaction committed
{
  "service": "ride-hailing-api",
  "environment": "development",
  "transactionId": "txn_2026-08-08 12:16:41_ndz2bmimw",
  "duration": "NaNms"
}
15:16:41 [[32minfo[39m]: API Request
{
  "service": "ride-hailing-api",
  "environment": "development",
  "type": "API_REQUEST",
  "method": "GET",
  "url": "/api/admin/installPreDefinedData",
  "statusCode": 200,
  "responseTime": "NaNms",
  "ip": "127.0.0.1",
  "userAgent": "axios/1.18.1",
  "userId": 1,
  "userUniqueId": "b4ab823f-c537-4655-ab27-cab33fbd0996"
}
[VerifyToken] Request: { method: 'GET', url: '/tableColumns/Journey', hasAuth: true }
[VerifyToken] Token decoded: {
  userUniqueId: 'b4ab823f-c537-4655-ab27-cab33fbd0996',
  phoneNumber: '+251983222221',
  roleId: 6,
  iat: 1786191401
}
[VerifyToken] User authenticated: {
  userUniqueId: 'b4ab823f-c537-4655-ab27-cab33fbd0996',
  phoneNumber: '+251983222221',
  roleId: undefined
}
15:16:41 [[32minfo[39m]: API Request
{
  "service": "ride-hailing-api",
  "environment": "development",
  "type": "API_REQUEST",
  "method": "GET",
  "url": "/tableColumns/Journey",
  "statusCode": 200,
  "responseTime": "NaNms",
  "ip": "127.0.0.1",
  "userAgent": "axios/1.18.1",
  "userId": 1,
  "userUniqueId": "b4ab823f-c537-4655-ab27-cab33fbd0996"
}
15:16:41 [[32minfo[39m]: Transaction committed
{
  "service": "ride-hailing-api",
  "environment": "development",
  "transactionId": "txn_2026-08-08 12:16:41_3iawxb1xb",
  "duration": "NaNms"
}
15:16:41 [[32minfo[39m]: API Request
{
  "service": "ride-hailing-api",
  "environment": "development",
  "type": "API_REQUEST",
  "method": "POST",
  "url": "/api/user/verifyUserByOTP",
  "statusCode": 200,
  "responseTime": "NaNms",
  "ip": "127.0.0.1",
  "userAgent": "axios/1.18.1"
}
15:16:41 [[32minfo[39m]: API Request
{
  "service": "ride-hailing-api",
  "environment": "development",
  "type": "API_REQUEST",
  "method": "POST",
  "url": "/api/user/loginUser",
  "statusCode": 200,
  "responseTime": "NaNms",
  "ip": "127.0.0.1",
  "userAgent": "axios/1.18.1"
}
[VerifyToken] Request: {
  method: 'POST',
  url: '/api/admin/createUserByAdminOrSuperAdmin',
  hasAuth: true
}
[VerifyToken] Token decoded: {
  userUniqueId: 'b4ab823f-c537-4655-ab27-cab33fbd0996',
  phoneNumber: '+251983222221',
  roleId: 6,
  iat: 1786191401
}
[VerifyToken] User authenticated: {
  userUniqueId: 'b4ab823f-c537-4655-ab27-cab33fbd0996',
  phoneNumber: '+251983222221',
  roleId: undefined
}
15:16:41 [[32minfo[39m]: Transaction committed
{
  "service": "ride-hailing-api",
  "environment": "development",
  "transactionId": "txn_2026-08-08 12:16:41_32dq2xe4r",
  "duration": "NaNms"
}
15:16:41 [[32minfo[39m]: API Request
{
  "service": "ride-hailing-api",
  "environment": "development",
  "type": "API_REQUEST",
  "method": "POST",
  "url": "/api/admin/createUserByAdminOrSuperAdmin",
  "statusCode": 200,
  "responseTime": "NaNms",
  "ip": "127.0.0.1",
  "userAgent": "axios/1.18.1",
  "userId": 1,
  "userUniqueId": "b4ab823f-c537-4655-ab27-cab33fbd0996"
}
15:16:41 [[32minfo[39m]: Transaction committed
{
  "service": "ride-hailing-api",
  "environment": "development",
  "transactionId": "txn_2026-08-08 12:16:41_nh7dzt5i2",
  "duration": "NaNms"
}
15:16:41 [[32minfo[39m]: API Request
{
  "service": "ride-hailing-api",
  "environment": "development",
  "type": "API_REQUEST",
  "method": "POST",
  "url": "/api/user/verifyUserByOTP",
  "statusCode": 200,
  "responseTime": "NaNms",
  "ip": "127.0.0.1",
  "userAgent": "axios/1.18.1"
}
15:16:41 [[32minfo[39m]: API Request
{
  "service": "ride-hailing-api",
  "environment": "development",
  "type": "API_REQUEST",
  "method": "POST",
  "url": "/api/user/loginUser",
  "statusCode": 200,
  "responseTime": "NaNms",
  "ip": "127.0.0.1",
  "userAgent": "axios/1.18.1"
}
15:16:42 [[32minfo[39m]: Transaction committed
{
  "service": "ride-hailing-api",
  "environment": "development",
  "transactionId": "txn_2026-08-08 12:16:41_cdpavosvr",
  "duration": "NaNms"
}
15:16:42 [[32minfo[39m]: API Request
{
  "service": "ride-hailing-api",
  "environment": "development",
  "type": "API_REQUEST",
  "method": "POST",
  "url": "/api/user/createUser",
  "statusCode": 200,
  "responseTime": "NaNms",
  "ip": "127.0.0.1",
  "userAgent": "axios/1.18.1"
}
15:16:42 [[32minfo[39m]: Transaction committed
{
  "service": "ride-hailing-api",
  "environment": "development",
  "transactionId": "txn_2026-08-08 12:16:42_yv245u4v0",
  "duration": "NaNms"
}
15:16:42 [[32minfo[39m]: API Request
{
  "service": "ride-hailing-api",
  "environment": "development",
  "type": "API_REQUEST",
  "method": "POST",
  "url": "/api/user/verifyUserByOTP",
  "statusCode": 200,
  "responseTime": "NaNms",
  "ip": "127.0.0.1",
  "userAgent": "axios/1.18.1"
}
15:16:42 [[32minfo[39m]: API Request
{
  "service": "ride-hailing-api",
  "environment": "development",
  "type": "API_REQUEST",
  "method": "POST",
  "url": "/api/user/loginUser",
  "statusCode": 200,
  "responseTime": "NaNms",
  "ip": "127.0.0.1",
  "userAgent": "axios/1.18.1"
}
15:16:42 [[32minfo[39m]: Transaction committed
{
  "service": "ride-hailing-api",
  "environment": "development",
  "transactionId": "txn_2026-08-08 12:16:42_ezay9qksv",
  "duration": "NaNms"
}
15:16:42 [[32minfo[39m]: API Request
{
  "service": "ride-hailing-api",
  "environment": "development",
  "type": "API_REQUEST",
  "method": "POST",
  "url": "/api/user/createUser",
  "statusCode": 200,
  "responseTime": "NaNms",
  "ip": "127.0.0.1",
  "userAgent": "axios/1.18.1"
}
15:16:42 [[32minfo[39m]: Transaction committed
{
  "service": "ride-hailing-api",
  "environment": "development",
  "transactionId": "txn_2026-08-08 12:16:42_516667e7r",
  "duration": "NaNms"
}
15:16:42 [[32minfo[39m]: API Request
{
  "service": "ride-hailing-api",
  "environment": "development",
  "type": "API_REQUEST",
  "method": "POST",
  "url": "/api/user/verifyUserByOTP",
  "statusCode": 200,
  "responseTime": "NaNms",
  "ip": "127.0.0.1",
  "userAgent": "axios/1.18.1"
}
15:16:42 [[32minfo[39m]: API Request
{
  "service": "ride-hailing-api",
  "environment": "development",
  "type": "API_REQUEST",
  "method": "POST",
  "url": "/api/user/loginUser",
  "statusCode": 200,
  "responseTime": "NaNms",
  "ip": "127.0.0.1",
  "userAgent": "axios/1.18.1"
}
15:16:43 [[32minfo[39m]: Transaction committed
{
  "service": "ride-hailing-api",
  "environment": "development",
  "transactionId": "txn_2026-08-08 12:16:42_uxpr2au4u",
  "duration": "NaNms"
}
15:16:43 [[32minfo[39m]: API Request
{
  "service": "ride-hailing-api",
  "environment": "development",
  "type": "API_REQUEST",
  "method": "POST",
  "url": "/api/user/createUser",
  "statusCode": 200,
  "responseTime": "NaNms",
  "ip": "127.0.0.1",
  "userAgent": "axios/1.18.1"
}
15:16:43 [[32minfo[39m]: Transaction committed
{
  "service": "ride-hailing-api",
  "environment": "development",
  "transactionId": "txn_2026-08-08 12:16:43_0fh3m712y",
  "duration": "NaNms"
}
15:16:43 [[32minfo[39m]: API Request
{
  "service": "ride-hailing-api",
  "environment": "development",
  "type": "API_REQUEST",
  "method": "POST",
  "url": "/api/user/verifyUserByOTP",
  "statusCode": 200,
  "responseTime": "NaNms",
  "ip": "127.0.0.1",
  "userAgent": "axios/1.18.1"
}
15:16:43 [[32minfo[39m]: API Request
{
  "service": "ride-hailing-api",
  "environment": "development",
  "type": "API_REQUEST",
  "method": "POST",
  "url": "/api/user/loginUser",
  "statusCode": 200,
  "responseTime": "NaNms",
  "ip": "127.0.0.1",
  "userAgent": "axios/1.18.1"
}
15:16:43 [[32minfo[39m]: Transaction committed
{
  "service": "ride-hailing-api",
  "environment": "development",
  "transactionId": "txn_2026-08-08 12:16:43_3s38vmjc4",
  "duration": "NaNms"
}
15:16:43 [[32minfo[39m]: API Request
{
  "service": "ride-hailing-api",
  "environment": "development",
  "type": "API_REQUEST",
  "method": "POST",
  "url": "/api/user/createUser",
  "statusCode": 200,
  "responseTime": "NaNms",
  "ip": "127.0.0.1",
  "userAgent": "axios/1.18.1"
}
15:16:43 [[32minfo[39m]: Transaction committed
{
  "service": "ride-hailing-api",
  "environment": "development",
  "transactionId": "txn_2026-08-08 12:16:43_vfvg8vzzq",
  "duration": "NaNms"
}
15:16:43 [[32minfo[39m]: API Request
{
  "service": "ride-hailing-api",
  "environment": "development",
  "type": "API_REQUEST",
  "method": "POST",
  "url": "/api/user/verifyUserByOTP",
  "statusCode": 200,
  "responseTime": "NaNms",
  "ip": "127.0.0.1",
  "userAgent": "axios/1.18.1"
}
15:16:43 [[32minfo[39m]: API Request
{
  "service": "ride-hailing-api",
  "environment": "development",
  "type": "API_REQUEST",
  "method": "POST",
  "url": "/api/user/loginUser",
  "statusCode": 200,
  "responseTime": "NaNms",
  "ip": "127.0.0.1",
  "userAgent": "axios/1.18.1"
}
[VerifyToken] Request: { method: 'GET', url: '/', hasAuth: true }
[VerifyToken] Token decoded: {
  userUniqueId: '0358f7dd-837d-4e12-bf0c-70c48ec91c3b',
  phoneNumber: '+251974002143',
  roleId: 3,
  iat: 1786191401
}
[VerifyToken] User authenticated: {
  userUniqueId: '0358f7dd-837d-4e12-bf0c-70c48ec91c3b',
  phoneNumber: '+251974002143',
  roleId: undefined
}
15:16:43 [[32minfo[39m]: API Request
{
  "service": "ride-hailing-api",
  "environment": "development",
  "type": "API_REQUEST",
  "method": "GET",
  "url": "/api/admin/roles",
  "statusCode": 200,
  "responseTime": "NaNms",
  "ip": "127.0.0.1",
  "userAgent": "axios/1.18.1",
  "userId": 669,
  "userUniqueId": "0358f7dd-837d-4e12-bf0c-70c48ec91c3b"
}
[VerifyToken] Request: { method: 'GET', url: '/api/driver/account', hasAuth: true }
[VerifyToken] Token decoded: {
  userUniqueId: 'e9cf2beb-c934-4392-89c5-c0d069bf948e',
  phoneNumber: '+251994002141',
  roleId: 2,
  iat: 1786191403
}
[VerifyToken] User authenticated: {
  userUniqueId: 'e9cf2beb-c934-4392-89c5-c0d069bf948e',
  phoneNumber: '+251994002141',
  roleId: undefined
}
15:16:43 [[32minfo[39m]: @dataRows
{
  "service": "ride-hailing-api",
  "environment": "development"
}
15:16:43 [[32minfo[39m]: API Request
{
  "service": "ride-hailing-api",
  "environment": "development",
  "type": "API_REQUEST",
  "method": "GET",
  "url": "/api/driver/account",
  "statusCode": 200,
  "responseTime": "NaNms",
  "ip": "127.0.0.1",
  "userAgent": "axios/1.18.1",
  "userId": 672,
  "userUniqueId": "e9cf2beb-c934-4392-89c5-c0d069bf948e"
}
[VerifyToken] Request: { method: 'GET', url: '/api/driver/account', hasAuth: true }
[VerifyToken] Token decoded: {
  userUniqueId: 'e9cf2beb-c934-4392-89c5-c0d069bf948e',
  phoneNumber: '+251994002141',
  roleId: 2,
  iat: 1786191403
}
[VerifyToken] User authenticated: {
  userUniqueId: 'e9cf2beb-c934-4392-89c5-c0d069bf948e',
  phoneNumber: '+251994002141',
  roleId: undefined
}
15:16:43 [[32minfo[39m]: @dataRows
{
  "0": {
    "userBalanceId": 467,
    "userBalanceUniqueId": "c7537900-f9bd-496a-9680-d9dc7aa2a4d5",
    "userUniqueId": "e9cf2beb-c934-4392-89c5-c0d069bf948e",
    "transactionType": "Subscription",
    "transactionUniqueId": "d68868b3-5460-4332-9a34-20d49ac64fc5",
    "transactionTime": "2026-08-08T09:16:43.000Z",
    "userBalanceAdjustmentType": "creation",
    "netBalance": "700.00",
    "userBalanceCreatedBy": "e9cf2beb-c934-4392-89c5-c0d069bf948e",
    "userBalanceUpdatedBy": null,
    "userBalanceDeletedBy": null,
    "userBalanceCreatedAt": "2026-08-08T09:16:43.000Z",
    "userBalanceUpdatedAt": null,
    "userBalanceDeletedAt": null
  },
  "service": "ride-hailing-api",
  "environment": "development"
}
15:16:44 [[32minfo[39m]: API Request
{
  "service": "ride-hailing-api",
  "environment": "development",
  "type": "API_REQUEST",
  "method": "GET",
  "url": "/api/driver/account",
  "statusCode": 200,
  "responseTime": "NaNms",
  "ip": "127.0.0.1",
  "userAgent": "axios/1.18.1",
  "userId": 672,
  "userUniqueId": "e9cf2beb-c934-4392-89c5-c0d069bf948e"
}
[VerifyToken] Request: { method: 'GET', url: '/', hasAuth: true }
[VerifyToken] Token decoded: {
  userUniqueId: 'e9cf2beb-c934-4392-89c5-c0d069bf948e',
  phoneNumber: '+251994002141',
  roleId: 2,
  iat: 1786191403
}
[VerifyToken] User authenticated: {
  userUniqueId: 'e9cf2beb-c934-4392-89c5-c0d069bf948e',
  phoneNumber: '+251994002141',
  roleId: undefined
}
15:16:44 [[32minfo[39m]: API Request
{
  "service": "ride-hailing-api",
  "environment": "development",
  "type": "API_REQUEST",
  "method": "GET",
  "url": "/api/admin/vehicleTypes",
  "statusCode": 200,
  "responseTime": "NaNms",
  "ip": "127.0.0.1",
  "userAgent": "axios/1.18.1",
  "userId": 672,
  "userUniqueId": "e9cf2beb-c934-4392-89c5-c0d069bf948e"
}
[VerifyToken] Request: {
  method: 'POST',
  url: '/api/user/vehicles/driverUserUniqueId/self',
  hasAuth: true
}
[VerifyToken] Token decoded: {
  userUniqueId: 'e9cf2beb-c934-4392-89c5-c0d069bf948e',
  phoneNumber: '+251994002141',
  roleId: 2,
  iat: 1786191403
}
[VerifyToken] User authenticated: {
  userUniqueId: 'e9cf2beb-c934-4392-89c5-c0d069bf948e',
  phoneNumber: '+251994002141',
  roleId: undefined
}
15:16:44 [[32minfo[39m]: Transaction committed
{
  "service": "ride-hailing-api",
  "environment": "development",
  "transactionId": "txn_2026-08-08 12:16:44_pdaxhn9ce",
  "duration": "NaNms"
}
15:16:44 [[32minfo[39m]: API Request
{
  "service": "ride-hailing-api",
  "environment": "development",
  "type": "API_REQUEST",
  "method": "POST",
  "url": "/api/user/vehicles/driverUserUniqueId/self",
  "statusCode": 201,
  "responseTime": "NaNms",
  "ip": "127.0.0.1",
  "userAgent": "axios/1.18.1",
  "userId": 672,
  "userUniqueId": "e9cf2beb-c934-4392-89c5-c0d069bf948e"
}
[VerifyToken] Request: { method: 'GET', url: '/api/driver/account', hasAuth: true }
[VerifyToken] Token decoded: {
  userUniqueId: 'e9cf2beb-c934-4392-89c5-c0d069bf948e',
  phoneNumber: '+251994002141',
  roleId: 2,
  iat: 1786191403
}
[VerifyToken] User authenticated: {
  userUniqueId: 'e9cf2beb-c934-4392-89c5-c0d069bf948e',
  phoneNumber: '+251994002141',
  roleId: undefined
}
15:16:44 [[32minfo[39m]: @dataRows
{
  "0": {
    "userBalanceId": 467,
    "userBalanceUniqueId": "c7537900-f9bd-496a-9680-d9dc7aa2a4d5",
    "userUniqueId": "e9cf2beb-c934-4392-89c5-c0d069bf948e",
    "transactionType": "Subscription",
    "transactionUniqueId": "d68868b3-5460-4332-9a34-20d49ac64fc5",
    "transactionTime": "2026-08-08T09:16:43.000Z",
    "userBalanceAdjustmentType": "creation",
    "netBalance": "700.00",
    "userBalanceCreatedBy": "e9cf2beb-c934-4392-89c5-c0d069bf948e",
    "userBalanceUpdatedBy": null,
    "userBalanceDeletedBy": null,
    "userBalanceCreatedAt": "2026-08-08T09:16:43.000Z",
    "userBalanceUpdatedAt": null,
    "userBalanceDeletedAt": null
  },
  "service": "ride-hailing-api",
  "environment": "development"
}
15:16:45 [[32minfo[39m]: API Request
{
  "service": "ride-hailing-api",
  "environment": "development",
  "type": "API_REQUEST",
  "method": "GET",
  "url": "/api/driver/account",
  "statusCode": 200,
  "responseTime": "NaNms",
  "ip": "127.0.0.1",
  "userAgent": "axios/1.18.1",
  "userId": 672,
  "userUniqueId": "e9cf2beb-c934-4392-89c5-c0d069bf948e"
}
[VerifyToken] Request: {
  method: 'POST',
  url: '/api/user/attachDocuments/self',
  hasAuth: true
}
[VerifyToken] Token decoded: {
  userUniqueId: 'e9cf2beb-c934-4392-89c5-c0d069bf948e',
  phoneNumber: '+251994002141',
  roleId: 2,
  iat: 1786191403
}
[VerifyToken] User authenticated: {
  userUniqueId: 'e9cf2beb-c934-4392-89c5-c0d069bf948e',
  phoneNumber: '+251994002141',
  roleId: undefined
}
15:16:45 [[32minfo[39m]: File saved locally
{
  "service": "ride-hailing-api",
  "environment": "development",
  "filePath": "/Users/zewedu/Desktop/Projects/transportBackEndNative/uploads/672_bb25a287-c0a1-40ce-971f-911b75e3b764.png",
  "relativePath": "/uploads/672_bb25a287-c0a1-40ce-971f-911b75e3b764.png"
}
15:16:45 [[32minfo[39m]: @dataRows
{
  "0": {
    "userBalanceId": 467,
    "userBalanceUniqueId": "c7537900-f9bd-496a-9680-d9dc7aa2a4d5",
    "userUniqueId": "e9cf2beb-c934-4392-89c5-c0d069bf948e",
    "transactionType": "Subscription",
    "transactionUniqueId": "d68868b3-5460-4332-9a34-20d49ac64fc5",
    "transactionTime": "2026-08-08T09:16:43.000Z",
    "userBalanceAdjustmentType": "creation",
    "netBalance": "700.00",
    "userBalanceCreatedBy": "e9cf2beb-c934-4392-89c5-c0d069bf948e",
    "userBalanceUpdatedBy": null,
    "userBalanceDeletedBy": null,
    "userBalanceCreatedAt": "2026-08-08T09:16:43.000Z",
    "userBalanceUpdatedAt": null,
    "userBalanceDeletedAt": null
  },
  "service": "ride-hailing-api",
  "environment": "development"
}
15:16:45 [[32minfo[39m]: Transaction committed
{
  "service": "ride-hailing-api",
  "environment": "development",
  "transactionId": "txn_2026-08-08 12:16:45_asq9nblld",
  "duration": "NaNms"
}
15:16:45 [[32minfo[39m]: API Request
{
  "service": "ride-hailing-api",
  "environment": "development",
  "type": "API_REQUEST",
  "method": "POST",
  "url": "/api/user/attachDocuments/self",
  "statusCode": 200,
  "responseTime": "NaNms",
  "ip": "127.0.0.1",
  "userAgent": "axios/1.18.1",
  "userId": 672,
  "userUniqueId": "e9cf2beb-c934-4392-89c5-c0d069bf948e"
}
[VerifyToken] Request: {
  method: 'POST',
  url: '/api/user/attachDocuments/self',
  hasAuth: true
}
[VerifyToken] Token decoded: {
  userUniqueId: 'e9cf2beb-c934-4392-89c5-c0d069bf948e',
  phoneNumber: '+251994002141',
  roleId: 2,
  iat: 1786191403
}
[VerifyToken] User authenticated: {
  userUniqueId: 'e9cf2beb-c934-4392-89c5-c0d069bf948e',
  phoneNumber: '+251994002141',
  roleId: undefined
}
15:16:45 [[32minfo[39m]: File saved locally
{
  "service": "ride-hailing-api",
  "environment": "development",
  "filePath": "/Users/zewedu/Desktop/Projects/transportBackEndNative/uploads/672_7b32857d-9436-48f9-92aa-edd8ec5103bf.png",
  "relativePath": "/uploads/672_7b32857d-9436-48f9-92aa-edd8ec5103bf.png"
}
15:16:46 [[32minfo[39m]: @dataRows
{
  "0": {
    "userBalanceId": 467,
    "userBalanceUniqueId": "c7537900-f9bd-496a-9680-d9dc7aa2a4d5",
    "userUniqueId": "e9cf2beb-c934-4392-89c5-c0d069bf948e",
    "transactionType": "Subscription",
    "transactionUniqueId": "d68868b3-5460-4332-9a34-20d49ac64fc5",
    "transactionTime": "2026-08-08T09:16:43.000Z",
    "userBalanceAdjustmentType": "creation",
    "netBalance": "700.00",
    "userBalanceCreatedBy": "e9cf2beb-c934-4392-89c5-c0d069bf948e",
    "userBalanceUpdatedBy": null,
    "userBalanceDeletedBy": null,
    "userBalanceCreatedAt": "2026-08-08T09:16:43.000Z",
    "userBalanceUpdatedAt": null,
    "userBalanceDeletedAt": null
  },
  "service": "ride-hailing-api",
  "environment": "development"
}
15:16:46 [[32minfo[39m]: Transaction committed
{
  "service": "ride-hailing-api",
  "environment": "development",
  "transactionId": "txn_2026-08-08 12:16:45_53y5geh3f",
  "duration": "NaNms"
}
15:16:46 [[32minfo[39m]: API Request
{
  "service": "ride-hailing-api",
  "environment": "development",
  "type": "API_REQUEST",
  "method": "POST",
  "url": "/api/user/attachDocuments/self",
  "statusCode": 200,
  "responseTime": "NaNms",
  "ip": "127.0.0.1",
  "userAgent": "axios/1.18.1",
  "userId": 672,
  "userUniqueId": "e9cf2beb-c934-4392-89c5-c0d069bf948e"
}
[VerifyToken] Request: {
  method: 'POST',
  url: '/api/vehicle/attachDocuments/84232694-c4c4-4cd4-8533-65c1f2ac80f9',
  hasAuth: true
}
[VerifyToken] Token decoded: {
  userUniqueId: 'e9cf2beb-c934-4392-89c5-c0d069bf948e',
  phoneNumber: '+251994002141',
  roleId: 2,
  iat: 1786191403
}
[VerifyToken] User authenticated: {
  userUniqueId: 'e9cf2beb-c934-4392-89c5-c0d069bf948e',
  phoneNumber: '+251994002141',
  roleId: undefined
}
15:16:46 [[32minfo[39m]: File saved locally
{
  "service": "ride-hailing-api",
  "environment": "development",
  "filePath": "/Users/zewedu/Desktop/Projects/transportBackEndNative/uploads/672_e72b6ed2-2424-4502-a770-cef1eaf631ec.png",
  "relativePath": "/uploads/672_e72b6ed2-2424-4502-a770-cef1eaf631ec.png"
}
15:16:46 [[32minfo[39m]: Transaction committed
{
  "service": "ride-hailing-api",
  "environment": "development",
  "transactionId": "txn_2026-08-08 12:16:46_59xioric8",
  "duration": "NaNms"
}
15:16:46 [[32minfo[39m]: API Request
{
  "service": "ride-hailing-api",
  "environment": "development",
  "type": "API_REQUEST",
  "method": "POST",
  "url": "/api/vehicle/attachDocuments/84232694-c4c4-4cd4-8533-65c1f2ac80f9",
  "statusCode": 200,
  "responseTime": "NaNms",
  "ip": "127.0.0.1",
  "userAgent": "axios/1.18.1",
  "userId": 672,
  "userUniqueId": "e9cf2beb-c934-4392-89c5-c0d069bf948e"
}
[VerifyToken] Request: {
  method: 'POST',
  url: '/api/vehicle/attachDocuments/84232694-c4c4-4cd4-8533-65c1f2ac80f9',
  hasAuth: true
}
[VerifyToken] Token decoded: {
  userUniqueId: 'e9cf2beb-c934-4392-89c5-c0d069bf948e',
  phoneNumber: '+251994002141',
  roleId: 2,
  iat: 1786191403
}
[VerifyToken] User authenticated: {
  userUniqueId: 'e9cf2beb-c934-4392-89c5-c0d069bf948e',
  phoneNumber: '+251994002141',
  roleId: undefined
}
15:16:46 [[32minfo[39m]: File saved locally
{
  "service": "ride-hailing-api",
  "environment": "development",
  "filePath": "/Users/zewedu/Desktop/Projects/transportBackEndNative/uploads/672_4999bfea-0c38-4e9f-ba8c-558faf2ca27a.png",
  "relativePath": "/uploads/672_4999bfea-0c38-4e9f-ba8c-558faf2ca27a.png"
}
15:16:46 [[32minfo[39m]: Transaction committed
{
  "service": "ride-hailing-api",
  "environment": "development",
  "transactionId": "txn_2026-08-08 12:16:46_802txqxin",
  "duration": "NaNms"
}
15:16:46 [[32minfo[39m]: API Request
{
  "service": "ride-hailing-api",
  "environment": "development",
  "type": "API_REQUEST",
  "method": "POST",
  "url": "/api/vehicle/attachDocuments/84232694-c4c4-4cd4-8533-65c1f2ac80f9",
  "statusCode": 200,
  "responseTime": "NaNms",
  "ip": "127.0.0.1",
  "userAgent": "axios/1.18.1",
  "userId": 672,
  "userUniqueId": "e9cf2beb-c934-4392-89c5-c0d069bf948e"
}
[VerifyToken] Request: {
  method: 'GET',
  url: '/api/admin/getUnAuthorizedDriver?phone=+251994002141',
  hasAuth: true
}
[VerifyToken] Token decoded: {
  userUniqueId: '0358f7dd-837d-4e12-bf0c-70c48ec91c3b',
  phoneNumber: '+251974002143',
  roleId: 3,
  iat: 1786191401
}
[VerifyToken] User authenticated: {
  userUniqueId: '0358f7dd-837d-4e12-bf0c-70c48ec91c3b',
  phoneNumber: '+251974002143',
  roleId: undefined
}
15:16:46 [[32minfo[39m]: @dataRows
{
  "0": {
    "userBalanceId": 467,
    "userBalanceUniqueId": "c7537900-f9bd-496a-9680-d9dc7aa2a4d5",
    "userUniqueId": "e9cf2beb-c934-4392-89c5-c0d069bf948e",
    "transactionType": "Subscription",
    "transactionUniqueId": "d68868b3-5460-4332-9a34-20d49ac64fc5",
    "transactionTime": "2026-08-08T09:16:43.000Z",
    "userBalanceAdjustmentType": "creation",
    "netBalance": "700.00",
    "userBalanceCreatedBy": "e9cf2beb-c934-4392-89c5-c0d069bf948e",
    "userBalanceUpdatedBy": null,
    "userBalanceDeletedBy": null,
    "userBalanceCreatedAt": "2026-08-08T09:16:43.000Z",
    "userBalanceUpdatedAt": null,
    "userBalanceDeletedAt": null
  },
  "service": "ride-hailing-api",
  "environment": "development"
}
15:16:46 [[32minfo[39m]: API Request
{
  "service": "ride-hailing-api",
  "environment": "development",
  "type": "API_REQUEST",
  "method": "GET",
  "url": "/api/admin/getUnAuthorizedDriver?phone=+251994002141",
  "statusCode": 200,
  "responseTime": "NaNms",
  "ip": "127.0.0.1",
  "userAgent": "axios/1.18.1",
  "userId": 669,
  "userUniqueId": "0358f7dd-837d-4e12-bf0c-70c48ec91c3b"
}
[VerifyToken] Request: {
  method: 'PUT',
  url: '/api/admin/acceptRejectAttachedDocuments',
  hasAuth: true
}
[VerifyToken] Token decoded: {
  userUniqueId: '0358f7dd-837d-4e12-bf0c-70c48ec91c3b',
  phoneNumber: '+251974002143',
  roleId: 3,
  iat: 1786191401
}
[VerifyToken] Request: {
  method: 'PUT',
  url: '/api/admin/acceptRejectAttachedDocuments',
  hasAuth: true
}
[VerifyToken] Token decoded: {
  userUniqueId: '0358f7dd-837d-4e12-bf0c-70c48ec91c3b',
  phoneNumber: '+251974002143',
  roleId: 3,
  iat: 1786191401
}
[VerifyToken] User authenticated: {
  userUniqueId: '0358f7dd-837d-4e12-bf0c-70c48ec91c3b',
  phoneNumber: '+251974002143',
  roleId: undefined
}
[VerifyToken] Request: {
  method: 'PUT',
  url: '/api/admin/acceptRejectAttachedDocuments',
  hasAuth: true
}
[VerifyToken] Token decoded: {
  userUniqueId: '0358f7dd-837d-4e12-bf0c-70c48ec91c3b',
  phoneNumber: '+251974002143',
  roleId: 3,
  iat: 1786191401
}
[VerifyToken] User authenticated: {
  userUniqueId: '0358f7dd-837d-4e12-bf0c-70c48ec91c3b',
  phoneNumber: '+251974002143',
  roleId: undefined
}
[VerifyToken] Request: {
  method: 'PUT',
  url: '/api/admin/acceptRejectAttachedDocuments',
  hasAuth: true
}
[VerifyToken] Token decoded: {
  userUniqueId: '0358f7dd-837d-4e12-bf0c-70c48ec91c3b',
  phoneNumber: '+251974002143',
  roleId: 3,
  iat: 1786191401
}
[VerifyToken] User authenticated: {
  userUniqueId: '0358f7dd-837d-4e12-bf0c-70c48ec91c3b',
  phoneNumber: '+251974002143',
  roleId: undefined
}
[VerifyToken] User authenticated: {
  userUniqueId: '0358f7dd-837d-4e12-bf0c-70c48ec91c3b',
  phoneNumber: '+251974002143',
  roleId: undefined
}
15:16:46 [[32minfo[39m]: Transaction committed
{
  "service": "ride-hailing-api",
  "environment": "development",
  "transactionId": "txn_2026-08-08 12:16:46_22ku1217h",
  "duration": "NaNms"
}
15:16:46 [[32minfo[39m]: API Request
{
  "service": "ride-hailing-api",
  "environment": "development",
  "type": "API_REQUEST",
  "method": "PUT",
  "url": "/api/admin/acceptRejectAttachedDocuments",
  "statusCode": 200,
  "responseTime": "NaNms",
  "ip": "127.0.0.1",
  "userAgent": "axios/1.18.1",
  "userId": 669,
  "userUniqueId": "0358f7dd-837d-4e12-bf0c-70c48ec91c3b"
}
15:16:46 [[32minfo[39m]: Transaction committed
{
  "service": "ride-hailing-api",
  "environment": "development",
  "transactionId": "txn_2026-08-08 12:16:46_so0cikl6v",
  "duration": "NaNms"
}
15:16:46 [[32minfo[39m]: API Request
{
  "service": "ride-hailing-api",
  "environment": "development",
  "type": "API_REQUEST",
  "method": "PUT",
  "url": "/api/admin/acceptRejectAttachedDocuments",
  "statusCode": 200,
  "responseTime": "NaNms",
  "ip": "127.0.0.1",
  "userAgent": "axios/1.18.1",
  "userId": 669,
  "userUniqueId": "0358f7dd-837d-4e12-bf0c-70c48ec91c3b"
}
15:16:46 [[32minfo[39m]: Transaction committed
{
  "service": "ride-hailing-api",
  "environment": "development",
  "transactionId": "txn_2026-08-08 12:16:46_8vf8pev2z",
  "duration": "NaNms"
}
15:16:46 [[32minfo[39m]: API Request
{
  "service": "ride-hailing-api",
  "environment": "development",
  "type": "API_REQUEST",
  "method": "PUT",
  "url": "/api/admin/acceptRejectAttachedDocuments",
  "statusCode": 200,
  "responseTime": "NaNms",
  "ip": "127.0.0.1",
  "userAgent": "axios/1.18.1",
  "userId": 669,
  "userUniqueId": "0358f7dd-837d-4e12-bf0c-70c48ec91c3b"
}
15:16:46 [[32minfo[39m]: Transaction committed
{
  "service": "ride-hailing-api",
  "environment": "development",
  "transactionId": "txn_2026-08-08 12:16:46_xlkz3nur7",
  "duration": "NaNms"
}
15:16:46 [[32minfo[39m]: API Request
{
  "service": "ride-hailing-api",
  "environment": "development",
  "type": "API_REQUEST",
  "method": "PUT",
  "url": "/api/admin/acceptRejectAttachedDocuments",
  "statusCode": 200,
  "responseTime": "NaNms",
  "ip": "127.0.0.1",
  "userAgent": "axios/1.18.1",
  "userId": 669,
  "userUniqueId": "0358f7dd-837d-4e12-bf0c-70c48ec91c3b"
}
[VerifyToken] Request: { method: 'GET', url: '/api/user/attachedDocuments', hasAuth: true }
[VerifyToken] Token decoded: {
  userUniqueId: 'e9cf2beb-c934-4392-89c5-c0d069bf948e',
  phoneNumber: '+251994002141',
  roleId: 2,
  iat: 1786191403
}
[VerifyToken] User authenticated: {
  userUniqueId: 'e9cf2beb-c934-4392-89c5-c0d069bf948e',
  phoneNumber: '+251994002141',
  roleId: undefined
}
15:16:46 [[32minfo[39m]: API Request
{
  "service": "ride-hailing-api",
  "environment": "development",
  "type": "API_REQUEST",
  "method": "GET",
  "url": "/api/user/attachedDocuments",
  "statusCode": 200,
  "responseTime": "NaNms",
  "ip": "127.0.0.1",
  "userAgent": "axios/1.18.1",
  "userId": 672,
  "userUniqueId": "e9cf2beb-c934-4392-89c5-c0d069bf948e"
}
[VerifyToken] Request: { method: 'GET', url: '/api/user/attachedDocuments', hasAuth: true }
[VerifyToken] Token decoded: {
  userUniqueId: 'e9cf2beb-c934-4392-89c5-c0d069bf948e',
  phoneNumber: '+251994002141',
  roleId: 2,
  iat: 1786191403
}
[VerifyToken] User authenticated: {
  userUniqueId: 'e9cf2beb-c934-4392-89c5-c0d069bf948e',
  phoneNumber: '+251994002141',
  roleId: undefined
}
15:16:46 [[32minfo[39m]: API Request
{
  "service": "ride-hailing-api",
  "environment": "development",
  "type": "API_REQUEST",
  "method": "GET",
  "url": "/api/user/attachedDocuments",
  "statusCode": 200,
  "responseTime": "NaNms",
  "ip": "127.0.0.1",
  "userAgent": "axios/1.18.1",
  "userId": 672,
  "userUniqueId": "e9cf2beb-c934-4392-89c5-c0d069bf948e"
}
[VerifyToken] Request: {
  method: 'DELETE',
  url: '/api/user/attachedDocuments/db22b76d-2c33-44a2-99f9-bb6f00fe4117',
  hasAuth: true
}
[VerifyToken] Token decoded: {
  userUniqueId: '0358f7dd-837d-4e12-bf0c-70c48ec91c3b',
  phoneNumber: '+251974002143',
  roleId: 3,
  iat: 1786191401
}
[VerifyToken] User authenticated: {
  userUniqueId: '0358f7dd-837d-4e12-bf0c-70c48ec91c3b',
  phoneNumber: '+251974002143',
  roleId: undefined
}
15:16:46 [[32minfo[39m]: File deleted locally
{
  "service": "ride-hailing-api",
  "environment": "development",
  "filePath": "/Users/zewedu/Desktop/Projects/transportBackEndNative/uploads/672_7b32857d-9436-48f9-92aa-edd8ec5103bf.png"
}
15:16:46 [[32minfo[39m]: Transaction committed
{
  "service": "ride-hailing-api",
  "environment": "development",
  "transactionId": "txn_2026-08-08 12:16:46_r1ixn74ua",
  "duration": "NaNms"
}
15:16:46 [[32minfo[39m]: API Request
{
  "service": "ride-hailing-api",
  "environment": "development",
  "type": "API_REQUEST",
  "method": "DELETE",
  "url": "/api/user/attachedDocuments/db22b76d-2c33-44a2-99f9-bb6f00fe4117",
  "statusCode": 200,
  "responseTime": "NaNms",
  "ip": "127.0.0.1",
  "userAgent": "axios/1.18.1",
  "userId": 669,
  "userUniqueId": "0358f7dd-837d-4e12-bf0c-70c48ec91c3b"
}
15:16:46 [[32minfo[39m]: @dataRows
{
  "0": {
    "userBalanceId": 467,
    "userBalanceUniqueId": "c7537900-f9bd-496a-9680-d9dc7aa2a4d5",
    "userUniqueId": "e9cf2beb-c934-4392-89c5-c0d069bf948e",
    "transactionType": "Subscription",
    "transactionUniqueId": "d68868b3-5460-4332-9a34-20d49ac64fc5",
    "transactionTime": "2026-08-08T09:16:43.000Z",
    "userBalanceAdjustmentType": "creation",
    "netBalance": "700.00",
    "userBalanceCreatedBy": "e9cf2beb-c934-4392-89c5-c0d069bf948e",
    "userBalanceUpdatedBy": null,
    "userBalanceDeletedBy": null,
    "userBalanceCreatedAt": "2026-08-08T09:16:43.000Z",
    "userBalanceUpdatedAt": null,
    "userBalanceDeletedAt": null
  },
  "service": "ride-hailing-api",
  "environment": "development"
}
15:16:46 [[32minfo[39m]: @dataRows
{
  "0": {
    "userBalanceId": 467,
    "userBalanceUniqueId": "c7537900-f9bd-496a-9680-d9dc7aa2a4d5",
    "userUniqueId": "e9cf2beb-c934-4392-89c5-c0d069bf948e",
    "transactionType": "Subscription",
    "transactionUniqueId": "d68868b3-5460-4332-9a34-20d49ac64fc5",
    "transactionTime": "2026-08-08T09:16:43.000Z",
    "userBalanceAdjustmentType": "creation",
    "netBalance": "700.00",
    "userBalanceCreatedBy": "e9cf2beb-c934-4392-89c5-c0d069bf948e",
    "userBalanceUpdatedBy": null,
    "userBalanceDeletedBy": null,
    "userBalanceCreatedAt": "2026-08-08T09:16:43.000Z",
    "userBalanceUpdatedAt": null,
    "userBalanceDeletedAt": null
  },
  "service": "ride-hailing-api",
  "environment": "development"
}
[VerifyToken] Request: { method: 'GET', url: '/api/user/documentHistory', hasAuth: true }
[VerifyToken] Token decoded: {
  userUniqueId: 'e9cf2beb-c934-4392-89c5-c0d069bf948e',
  phoneNumber: '+251994002141',
  roleId: 2,
  iat: 1786191403
}
[VerifyToken] User authenticated: {
  userUniqueId: 'e9cf2beb-c934-4392-89c5-c0d069bf948e',
  phoneNumber: '+251994002141',
  roleId: undefined
}
15:16:46 [[32minfo[39m]: API Request
{
  "service": "ride-hailing-api",
  "environment": "development",
  "type": "API_REQUEST",
  "method": "GET",
  "url": "/api/user/documentHistory",
  "statusCode": 200,
  "responseTime": "NaNms",
  "ip": "127.0.0.1",
  "userAgent": "axios/1.18.1",
  "userId": 672,
  "userUniqueId": "e9cf2beb-c934-4392-89c5-c0d069bf948e"
}
[VerifyToken] Request: { method: 'GET', url: '/api/user/attachedDocuments', hasAuth: true }
[VerifyToken] Token decoded: {
  userUniqueId: 'e9cf2beb-c934-4392-89c5-c0d069bf948e',
  phoneNumber: '+251994002141',
  roleId: 2,
  iat: 1786191403
}
[VerifyToken] User authenticated: {
  userUniqueId: 'e9cf2beb-c934-4392-89c5-c0d069bf948e',
  phoneNumber: '+251994002141',
  roleId: undefined
}
15:16:46 [[32minfo[39m]: API Request
{
  "service": "ride-hailing-api",
  "environment": "development",
  "type": "API_REQUEST",
  "method": "GET",
  "url": "/api/user/attachedDocuments",
  "statusCode": 200,
  "responseTime": "NaNms",
  "ip": "127.0.0.1",
  "userAgent": "axios/1.18.1",
  "userId": 672,
  "userUniqueId": "e9cf2beb-c934-4392-89c5-c0d069bf948e"
}
[VerifyToken] Request: {
  method: 'PUT',
  url: '/api/user/attachedDocuments/f2f88b9b-ceb0-4c44-a937-f4769f6eb274',
  hasAuth: true
}
[VerifyToken] Token decoded: {
  userUniqueId: 'e9cf2beb-c934-4392-89c5-c0d069bf948e',
  phoneNumber: '+251994002141',
  roleId: 2,
  iat: 1786191403
}
[VerifyToken] User authenticated: {
  userUniqueId: 'e9cf2beb-c934-4392-89c5-c0d069bf948e',
  phoneNumber: '+251994002141',
  roleId: undefined
}
15:16:46 [[31merror[39m]: Transaction rolled back
Error: Document expiration date is required
    at Object.updateAttachedDocument (/Users/zewedu/Desktop/Projects/transportBackEndNative/Services/AttachedDocuments/update.service.js:95:13)
    at process.processTicksAndRejections (node:internal/process/task_queues:105:5)
    at async /Users/zewedu/Desktop/Projects/transportBackEndNative/Controllers/AttachedDocuments.controller.js:449:14
    at async /Users/zewedu/Desktop/Projects/transportBackEndNative/Utils/DatabaseTransaction.js:101:14
    at async executeInTransaction (/Users/zewedu/Desktop/Projects/transportBackEndNative/Utils/DatabaseTransaction.js:99:20)
    at async updateAttachedDocument (/Users/zewedu/Desktop/Projects/transportBackEndNative/Controllers/AttachedDocuments.controller.js:448:20)
{
  "service": "ride-hailing-api",
  "environment": "development",
  "transactionId": "txn_2026-08-08 12:16:46_cf52w3rpa",
  "duration": "NaNms",
  "error": "Document expiration date is required"
}
15:16:46 [[31merror[39m]: API Error Document expiration date is required
Error: Document expiration date is required
    at Object.updateAttachedDocument (/Users/zewedu/Desktop/Projects/transportBackEndNative/Services/AttachedDocuments/update.service.js:95:13)
    at process.processTicksAndRejections (node:internal/process/task_queues:105:5)
    at async /Users/zewedu/Desktop/Projects/transportBackEndNative/Controllers/AttachedDocuments.controller.js:449:14
    at async /Users/zewedu/Desktop/Projects/transportBackEndNative/Utils/DatabaseTransaction.js:101:14
    at async executeInTransaction (/Users/zewedu/Desktop/Projects/transportBackEndNative/Utils/DatabaseTransaction.js:99:20)
    at async updateAttachedDocument (/Users/zewedu/Desktop/Projects/transportBackEndNative/Controllers/AttachedDocuments.controller.js:448:20)
{
  "service": "ride-hailing-api",
  "environment": "development",
  "type": "API_ERROR",
  "statusCode": 400,
  "path": "/api/user/attachedDocuments/f2f88b9b-ceb0-4c44-a937-f4769f6eb274",
  "method": "PUT",
  "ip": "127.0.0.1",
  "userId": 672,
  "userUniqueId": "e9cf2beb-c934-4392-89c5-c0d069bf948e",
  "body": {
    "documentTitle": "E2E Updated Title"
  },
  "params": {},
  "query": {}
}
15:16:46 [[32minfo[39m]: API Request
{
  "service": "ride-hailing-api",
  "environment": "development",
  "type": "API_REQUEST",
  "method": "PUT",
  "url": "/api/user/attachedDocuments/f2f88b9b-ceb0-4c44-a937-f4769f6eb274",
  "statusCode": 400,
  "responseTime": "NaNms",
  "ip": "127.0.0.1",
  "userAgent": "axios/1.18.1",
  "userId": 672,
  "userUniqueId": "e9cf2beb-c934-4392-89c5-c0d069bf948e"
}
[VerifyToken] Request: {
  method: 'GET',
  url: '/api/vehicle/attachedDocuments/84232694-c4c4-4cd4-8533-65c1f2ac80f9',
  hasAuth: true
}
[VerifyToken] Token decoded: {
  userUniqueId: 'e9cf2beb-c934-4392-89c5-c0d069bf948e',
  phoneNumber: '+251994002141',
  roleId: 2,
  iat: 1786191403
}
[VerifyToken] User authenticated: {
  userUniqueId: 'e9cf2beb-c934-4392-89c5-c0d069bf948e',
  phoneNumber: '+251994002141',
  roleId: undefined
}
15:16:46 [[32minfo[39m]: API Request
{
  "service": "ride-hailing-api",
  "environment": "development",
  "type": "API_REQUEST",
  "method": "GET",
  "url": "/api/vehicle/attachedDocuments/84232694-c4c4-4cd4-8533-65c1f2ac80f9",
  "statusCode": 200,
  "responseTime": "NaNms",
  "ip": "127.0.0.1",
  "userAgent": "axios/1.18.1",
  "userId": 672,
  "userUniqueId": "e9cf2beb-c934-4392-89c5-c0d069bf948e"
}
[VerifyToken] Request: {
  method: 'GET',
  url: '/api/vehicle/documentHistory/84232694-c4c4-4cd4-8533-65c1f2ac80f9',
  hasAuth: true
}
[VerifyToken] Token decoded: {
  userUniqueId: 'e9cf2beb-c934-4392-89c5-c0d069bf948e',
  phoneNumber: '+251994002141',
  roleId: 2,
  iat: 1786191403
}
[VerifyToken] User authenticated: {
  userUniqueId: 'e9cf2beb-c934-4392-89c5-c0d069bf948e',
  phoneNumber: '+251994002141',
  roleId: undefined
}
15:16:46 [[32minfo[39m]: API Request
{
  "service": "ride-hailing-api",
  "environment": "development",
  "type": "API_REQUEST",
  "method": "GET",
  "url": "/api/vehicle/documentHistory/84232694-c4c4-4cd4-8533-65c1f2ac80f9",
  "statusCode": 200,
  "responseTime": "NaNms",
  "ip": "127.0.0.1",
  "userAgent": "axios/1.18.1",
  "userId": 672,
  "userUniqueId": "e9cf2beb-c934-4392-89c5-c0d069bf948e"
}
[VerifyToken] Request: {
  method: 'GET',
  url: '/api/user/users/e9cf2beb-c934-4392-89c5-c0d069bf948e/profileHistory',
  hasAuth: true
}
[VerifyToken] Token decoded: {
  userUniqueId: '0358f7dd-837d-4e12-bf0c-70c48ec91c3b',
  phoneNumber: '+251974002143',
  roleId: 3,
  iat: 1786191401
}
[VerifyToken] User authenticated: {
  userUniqueId: '0358f7dd-837d-4e12-bf0c-70c48ec91c3b',
  phoneNumber: '+251974002143',
  roleId: undefined
}
15:16:46 [[32minfo[39m]: API Request
{
  "service": "ride-hailing-api",
  "environment": "development",
  "type": "API_REQUEST",
  "method": "GET",
  "url": "/api/user/users/e9cf2beb-c934-4392-89c5-c0d069bf948e/profileHistory",
  "statusCode": 200,
  "responseTime": "NaNms",
  "ip": "127.0.0.1",
  "userAgent": "axios/1.18.1",
  "userId": 669,
  "userUniqueId": "0358f7dd-837d-4e12-bf0c-70c48ec91c3b"
}
[VerifyToken] Request: { method: 'POST', url: '/api/user/upsertFCMToken', hasAuth: true }
[VerifyToken] Token decoded: {
  userUniqueId: 'e9cf2beb-c934-4392-89c5-c0d069bf948e',
  phoneNumber: '+251994002141',
  roleId: 2,
  iat: 1786191403
}
[VerifyToken] User authenticated: {
  userUniqueId: 'e9cf2beb-c934-4392-89c5-c0d069bf948e',
  phoneNumber: '+251994002141',
  roleId: undefined
}
15:16:46 [[32minfo[39m]: Transaction committed
{
  "service": "ride-hailing-api",
  "environment": "development",
  "transactionId": "txn_2026-08-08 12:16:46_j9cc3b2mm",
  "duration": "NaNms"
}
15:16:46 [[32minfo[39m]: API Request
{
  "service": "ride-hailing-api",
  "environment": "development",
  "type": "API_REQUEST",
  "method": "POST",
  "url": "/api/user/upsertFCMToken",
  "statusCode": 200,
  "responseTime": "NaNms",
  "ip": "127.0.0.1",
  "userAgent": "axios/1.18.1",
  "userId": 672,
  "userUniqueId": "e9cf2beb-c934-4392-89c5-c0d069bf948e"
}
[VerifyToken] Request: {
  method: 'GET',
  url: '/api/user/getFCMToken/6adaca96-dfa9-43da-826a-cf53407146b5',
  hasAuth: true
}
[VerifyToken] Token decoded: {
  userUniqueId: 'e9cf2beb-c934-4392-89c5-c0d069bf948e',
  phoneNumber: '+251994002141',
  roleId: 2,
  iat: 1786191403
}
[VerifyToken] User authenticated: {
  userUniqueId: 'e9cf2beb-c934-4392-89c5-c0d069bf948e',
  phoneNumber: '+251994002141',
  roleId: undefined
}
15:16:46 [[32minfo[39m]: API Request
{
  "service": "ride-hailing-api",
  "environment": "development",
  "type": "API_REQUEST",
  "method": "GET",
  "url": "/api/user/getFCMToken/6adaca96-dfa9-43da-826a-cf53407146b5",
  "statusCode": 200,
  "responseTime": "NaNms",
  "ip": "127.0.0.1",
  "userAgent": "axios/1.18.1",
  "userId": 672,
  "userUniqueId": "e9cf2beb-c934-4392-89c5-c0d069bf948e"
}
[VerifyToken] Request: {
  method: 'PUT',
  url: '/api/user/updateFCMToken/6adaca96-dfa9-43da-826a-cf53407146b5',
  hasAuth: true
}
[VerifyToken] Token decoded: {
  userUniqueId: 'e9cf2beb-c934-4392-89c5-c0d069bf948e',
  phoneNumber: '+251994002141',
  roleId: 2,
  iat: 1786191403
}
[VerifyToken] User authenticated: {
  userUniqueId: 'e9cf2beb-c934-4392-89c5-c0d069bf948e',
  phoneNumber: '+251994002141',
  roleId: undefined
}
15:16:46 [[32minfo[39m]: Transaction committed
{
  "service": "ride-hailing-api",
  "environment": "development",
  "transactionId": "txn_2026-08-08 12:16:46_qj6aw2nb4",
  "duration": "NaNms"
}
15:16:46 [[32minfo[39m]: API Request
{
  "service": "ride-hailing-api",
  "environment": "development",
  "type": "API_REQUEST",
  "method": "PUT",
  "url": "/api/user/updateFCMToken/6adaca96-dfa9-43da-826a-cf53407146b5",
  "statusCode": 200,
  "responseTime": "NaNms",
  "ip": "127.0.0.1",
  "userAgent": "axios/1.18.1",
  "userId": 672,
  "userUniqueId": "e9cf2beb-c934-4392-89c5-c0d069bf948e"
}
[VerifyToken] Request: {
  method: 'DELETE',
  url: '/api/user/deleteFCMToken/6adaca96-dfa9-43da-826a-cf53407146b5',
  hasAuth: true
}
[VerifyToken] Token decoded: {
  userUniqueId: 'e9cf2beb-c934-4392-89c5-c0d069bf948e',
  phoneNumber: '+251994002141',
  roleId: 2,
  iat: 1786191403
}
[VerifyToken] User authenticated: {
  userUniqueId: 'e9cf2beb-c934-4392-89c5-c0d069bf948e',
  phoneNumber: '+251994002141',
  roleId: undefined
}
15:16:46 [[32minfo[39m]: Transaction committed
{
  "service": "ride-hailing-api",
  "environment": "development",
  "transactionId": "txn_2026-08-08 12:16:46_faqrb0yn3",
  "duration": "NaNms"
}
15:16:46 [[32minfo[39m]: API Request
{
  "service": "ride-hailing-api",
  "environment": "development",
  "type": "API_REQUEST",
  "method": "DELETE",
  "url": "/api/user/deleteFCMToken/6adaca96-dfa9-43da-826a-cf53407146b5",
  "statusCode": 200,
  "responseTime": "NaNms",
  "ip": "127.0.0.1",
  "userAgent": "axios/1.18.1",
  "userId": 672,
  "userUniqueId": "e9cf2beb-c934-4392-89c5-c0d069bf948e"
}
[VerifyToken] Request: { method: 'GET', url: '/', hasAuth: true }
[VerifyToken] Token decoded: {
  userUniqueId: '21431be6-bb42-43ad-84a4-b38bbb6365aa',
  phoneNumber: '+251964002144',
  roleId: 7,
  iat: 1786191402
}
[VerifyToken] User authenticated: {
  userUniqueId: '21431be6-bb42-43ad-84a4-b38bbb6365aa',
  phoneNumber: '+251964002144',
  roleId: undefined
}
15:16:46 [[32minfo[39m]: API Request
{
  "service": "ride-hailing-api",
  "environment": "development",
  "type": "API_REQUEST",
  "method": "GET",
  "url": "/api/company/assignments",
  "statusCode": 200,
  "responseTime": "NaNms",
  "ip": "127.0.0.1",
  "userAgent": "axios/1.18.1",
  "userId": 670,
  "userUniqueId": "21431be6-bb42-43ad-84a4-b38bbb6365aa"
}
[VerifyToken] Request: { method: 'GET', url: '/', hasAuth: true }
[VerifyToken] Token decoded: {
  userUniqueId: '21431be6-bb42-43ad-84a4-b38bbb6365aa',
  phoneNumber: '+251964002144',
  roleId: 7,
  iat: 1786191402
}
[VerifyToken] User authenticated: {
  userUniqueId: '21431be6-bb42-43ad-84a4-b38bbb6365aa',
  phoneNumber: '+251964002144',
  roleId: undefined
}
15:16:46 [[31merror[39m]: API Error User is not an active member of any transport company
Error: User is not an active member of any transport company
    at Object.getBids (/Users/zewedu/Desktop/Projects/transportBackEndNative/Services/CompanyBid/bidRead.service.js:445:13)
    at process.processTicksAndRejections (node:internal/process/task_queues:105:5)
    at async exports.getBids (/Users/zewedu/Desktop/Projects/transportBackEndNative/Controllers/CompanyBid.controller.js:25:7)
{
  "service": "ride-hailing-api",
  "environment": "development",
  "type": "API_ERROR",
  "statusCode": 403,
  "path": "/api/company/bids",
  "method": "GET",
  "ip": "127.0.0.1",
  "userId": 670,
  "userUniqueId": "21431be6-bb42-43ad-84a4-b38bbb6365aa",
  "params": {},
  "query": {
    "target": "grouped",
    "page": 1,
    "limit": 10
  }
}
15:16:46 [[32minfo[39m]: API Request
{
  "service": "ride-hailing-api",
  "environment": "development",
  "type": "API_REQUEST",
  "method": "GET",
  "url": "/api/company/bids",
  "statusCode": 403,
  "responseTime": "NaNms",
  "ip": "127.0.0.1",
  "userAgent": "axios/1.18.1",
  "userId": 670,
  "userUniqueId": "21431be6-bb42-43ad-84a4-b38bbb6365aa"
}
[VerifyToken] Request: {
  method: 'POST',
  url: '/e9cf2beb-c934-4392-89c5-c0d069bf948e',
  hasAuth: true
}
[VerifyToken] Token decoded: {
  userUniqueId: '0358f7dd-837d-4e12-bf0c-70c48ec91c3b',
  phoneNumber: '+251974002143',
  roleId: 3,
  iat: 1786191401
}
[VerifyToken] User authenticated: {
  userUniqueId: '0358f7dd-837d-4e12-bf0c-70c48ec91c3b',
  phoneNumber: '+251974002143',
  roleId: undefined
}
15:16:46 [[32minfo[39m]: Transaction committed
{
  "service": "ride-hailing-api",
  "environment": "development",
  "transactionId": "txn_2026-08-08 12:16:46_129w46d52",
  "duration": "NaNms"
}
15:16:46 [[32minfo[39m]: API Request
{
  "service": "ride-hailing-api",
  "environment": "development",
  "type": "API_REQUEST",
  "method": "POST",
  "url": "/api/finance/userBalanceTransfer/e9cf2beb-c934-4392-89c5-c0d069bf948e",
  "statusCode": 200,
  "responseTime": "NaNms",
  "ip": "127.0.0.1",
  "userAgent": "axios/1.18.1",
  "userId": 669,
  "userUniqueId": "0358f7dd-837d-4e12-bf0c-70c48ec91c3b"
}
[VerifyToken] Request: { method: 'GET', url: '/', hasAuth: true }
[VerifyToken] Token decoded: {
  userUniqueId: 'e9cf2beb-c934-4392-89c5-c0d069bf948e',
  phoneNumber: '+251994002141',
  roleId: 2,
  iat: 1786191403
}
[VerifyToken] User authenticated: {
  userUniqueId: 'e9cf2beb-c934-4392-89c5-c0d069bf948e',
  phoneNumber: '+251994002141',
  roleId: undefined
}
15:16:46 [[32minfo[39m]: API Request
{
  "service": "ride-hailing-api",
  "environment": "development",
  "type": "API_REQUEST",
  "method": "GET",
  "url": "/api/finance/userBalanceTransfer",
  "statusCode": 200,
  "responseTime": "NaNms",
  "ip": "127.0.0.1",
  "userAgent": "axios/1.18.1",
  "userId": 672,
  "userUniqueId": "e9cf2beb-c934-4392-89c5-c0d069bf948e"
}
[VerifyToken] Request: { method: 'GET', url: '/', hasAuth: true }
[VerifyToken] Token decoded: {
  userUniqueId: 'e9cf2beb-c934-4392-89c5-c0d069bf948e',
  phoneNumber: '+251994002141',
  roleId: 2,
  iat: 1786191403
}
[VerifyToken] User authenticated: {
  userUniqueId: 'e9cf2beb-c934-4392-89c5-c0d069bf948e',
  phoneNumber: '+251994002141',
  roleId: undefined
}
15:16:46 [[32minfo[39m]: API Request
{
  "service": "ride-hailing-api",
  "environment": "development",
  "type": "API_REQUEST",
  "method": "GET",
  "url": "/api/finance/userBalanceTransfer",
  "statusCode": 200,
  "responseTime": "NaNms",
  "ip": "127.0.0.1",
  "userAgent": "axios/1.18.1",
  "userId": 672,
  "userUniqueId": "e9cf2beb-c934-4392-89c5-c0d069bf948e"
}
[VerifyToken] Request: {
  method: 'GET',
  url: '/4874e0ef-8791-48f9-b4f6-c4e965055147',
  hasAuth: true
}
[VerifyToken] Token decoded: {
  userUniqueId: 'e9cf2beb-c934-4392-89c5-c0d069bf948e',
  phoneNumber: '+251994002141',
  roleId: 2,
  iat: 1786191403
}
[VerifyToken] User authenticated: {
  userUniqueId: 'e9cf2beb-c934-4392-89c5-c0d069bf948e',
  phoneNumber: '+251994002141',
  roleId: undefined
}
15:16:46 [[32minfo[39m]: API Request
{
  "service": "ride-hailing-api",
  "environment": "development",
  "type": "API_REQUEST",
  "method": "GET",
  "url": "/api/finance/userBalanceTransfer/4874e0ef-8791-48f9-b4f6-c4e965055147",
  "statusCode": 200,
  "responseTime": "NaNms",
  "ip": "127.0.0.1",
  "userAgent": "axios/1.18.1",
  "userId": 672,
  "userUniqueId": "e9cf2beb-c934-4392-89c5-c0d069bf948e"
}
[VerifyToken] Request: { method: 'GET', url: '/', hasAuth: true }
[VerifyToken] Token decoded: {
  userUniqueId: 'e9cf2beb-c934-4392-89c5-c0d069bf948e',
  phoneNumber: '+251994002141',
  roleId: 2,
  iat: 1786191403
}
[VerifyToken] User authenticated: {
  userUniqueId: 'e9cf2beb-c934-4392-89c5-c0d069bf948e',
  phoneNumber: '+251994002141',
  roleId: undefined
}
15:16:46 [[32minfo[39m]: API Request
{
  "service": "ride-hailing-api",
  "environment": "development",
  "type": "API_REQUEST",
  "method": "GET",
  "url": "/api/finance/userBalanceTransfer",
  "statusCode": 200,
  "responseTime": "NaNms",
  "ip": "127.0.0.1",
  "userAgent": "axios/1.18.1",
  "userId": 672,
  "userUniqueId": "e9cf2beb-c934-4392-89c5-c0d069bf948e"
}
[VerifyToken] Request: {
  method: 'PUT',
  url: '/4874e0ef-8791-48f9-b4f6-c4e965055147',
  hasAuth: true
}
[VerifyToken] Token decoded: {
  userUniqueId: 'e9cf2beb-c934-4392-89c5-c0d069bf948e',
  phoneNumber: '+251994002141',
  roleId: 2,
  iat: 1786191403
}
[VerifyToken] User authenticated: {
  userUniqueId: 'e9cf2beb-c934-4392-89c5-c0d069bf948e',
  phoneNumber: '+251994002141',
  roleId: undefined
}
15:16:46 [[32minfo[39m]: Transaction committed
{
  "service": "ride-hailing-api",
  "environment": "development",
  "transactionId": "txn_2026-08-08 12:16:46_yi7zbbauk",
  "duration": "NaNms"
}
15:16:46 [[32minfo[39m]: API Request
{
  "service": "ride-hailing-api",
  "environment": "development",
  "type": "API_REQUEST",
  "method": "PUT",
  "url": "/api/finance/userBalanceTransfer/4874e0ef-8791-48f9-b4f6-c4e965055147",
  "statusCode": 200,
  "responseTime": "NaNms",
  "ip": "127.0.0.1",
  "userAgent": "axios/1.18.1",
  "userId": 672,
  "userUniqueId": "e9cf2beb-c934-4392-89c5-c0d069bf948e"
}
[VerifyToken] Request: { method: 'GET', url: '/', hasAuth: true }
[VerifyToken] Token decoded: {
  userUniqueId: 'e9cf2beb-c934-4392-89c5-c0d069bf948e',
  phoneNumber: '+251994002141',
  roleId: 2,
  iat: 1786191403
}
[VerifyToken] User authenticated: {
  userUniqueId: 'e9cf2beb-c934-4392-89c5-c0d069bf948e',
  phoneNumber: '+251994002141',
  roleId: undefined
}
15:16:46 [[32minfo[39m]: API Request
{
  "service": "ride-hailing-api",
  "environment": "development",
  "type": "API_REQUEST",
  "method": "GET",
  "url": "/api/finance/userBalanceTransfer",
  "statusCode": 200,
  "responseTime": "NaNms",
  "ip": "127.0.0.1",
  "userAgent": "axios/1.18.1",
  "userId": 672,
  "userUniqueId": "e9cf2beb-c934-4392-89c5-c0d069bf948e"
}
[VerifyToken] Request: {
  method: 'DELETE',
  url: '/4874e0ef-8791-48f9-b4f6-c4e965055147',
  hasAuth: true
}
[VerifyToken] Token decoded: {
  userUniqueId: 'e9cf2beb-c934-4392-89c5-c0d069bf948e',
  phoneNumber: '+251994002141',
  roleId: 2,
  iat: 1786191403
}
[VerifyToken] User authenticated: {
  userUniqueId: 'e9cf2beb-c934-4392-89c5-c0d069bf948e',
  phoneNumber: '+251994002141',
  roleId: undefined
}
15:16:46 [[32minfo[39m]: Transaction committed
{
  "service": "ride-hailing-api",
  "environment": "development",
  "transactionId": "txn_2026-08-08 12:16:46_q8yhbt9k0",
  "duration": "NaNms"
}
15:16:46 [[32minfo[39m]: API Request
{
  "service": "ride-hailing-api",
  "environment": "development",
  "type": "API_REQUEST",
  "method": "DELETE",
  "url": "/api/finance/userBalanceTransfer/4874e0ef-8791-48f9-b4f6-c4e965055147",
  "statusCode": 200,
  "responseTime": "NaNms",
  "ip": "127.0.0.1",
  "userAgent": "axios/1.18.1",
  "userId": 672,
  "userUniqueId": "e9cf2beb-c934-4392-89c5-c0d069bf948e"
}
[VerifyToken] Request: { method: 'GET', url: '/', hasAuth: true }
[VerifyToken] Token decoded: {
  userUniqueId: '0358f7dd-837d-4e12-bf0c-70c48ec91c3b',
  phoneNumber: '+251974002143',
  roleId: 3,
  iat: 1786191401
}
[VerifyToken] User authenticated: {
  userUniqueId: '0358f7dd-837d-4e12-bf0c-70c48ec91c3b',
  phoneNumber: '+251974002143',
  roleId: undefined
}
15:16:46 [[32minfo[39m]: API Request
{
  "service": "ride-hailing-api",
  "environment": "development",
  "type": "API_REQUEST",
  "method": "GET",
  "url": "/api/finance/financialInstitutionAccount",
  "statusCode": 200,
  "responseTime": "NaNms",
  "ip": "127.0.0.1",
  "userAgent": "axios/1.18.1",
  "userId": 669,
  "userUniqueId": "0358f7dd-837d-4e12-bf0c-70c48ec91c3b"
}
[VerifyToken] Request: { method: 'POST', url: '/', hasAuth: true }
[VerifyToken] Token decoded: {
  userUniqueId: 'e9cf2beb-c934-4392-89c5-c0d069bf948e',
  phoneNumber: '+251994002141',
  roleId: 2,
  iat: 1786191403
}
[VerifyToken] User authenticated: {
  userUniqueId: 'e9cf2beb-c934-4392-89c5-c0d069bf948e',
  phoneNumber: '+251994002141',
  roleId: undefined
}
15:16:46 [[31merror[39m]: Transaction rolled back
Error: Missing required fields to create deposit
    at Object.createUserDeposit (/Users/zewedu/Desktop/Projects/transportBackEndNative/Services/UserDeposit/create.service.js:38:11)
    at /Users/zewedu/Desktop/Projects/transportBackEndNative/Controllers/UserDeposit.controller.js:16:28
    at /Users/zewedu/Desktop/Projects/transportBackEndNative/Utils/DatabaseTransaction.js:101:34
    at AsyncLocalStorage.run (node:internal/async_local_storage/async_context_frame:63:14)
    at executeInTransaction (/Users/zewedu/Desktop/Projects/transportBackEndNative/Utils/DatabaseTransaction.js:99:45)
    at process.processTicksAndRejections (node:internal/process/task_queues:105:5)
    at async exports.createUserDeposit (/Users/zewedu/Desktop/Projects/transportBackEndNative/Controllers/UserDeposit.controller.js:10:20)
{
  "service": "ride-hailing-api",
  "environment": "development",
  "transactionId": "txn_2026-08-08 12:16:46_da7cf22k9",
  "duration": "NaNms",
  "error": "Missing required fields to create deposit"
}
15:16:46 [[31merror[39m]: API Error Missing required fields to create deposit
Error: Missing required fields to create deposit
    at Object.createUserDeposit (/Users/zewedu/Desktop/Projects/transportBackEndNative/Services/UserDeposit/create.service.js:38:11)
    at /Users/zewedu/Desktop/Projects/transportBackEndNative/Controllers/UserDeposit.controller.js:16:28
    at /Users/zewedu/Desktop/Projects/transportBackEndNative/Utils/DatabaseTransaction.js:101:34
    at AsyncLocalStorage.run (node:internal/async_local_storage/async_context_frame:63:14)
    at executeInTransaction (/Users/zewedu/Desktop/Projects/transportBackEndNative/Utils/DatabaseTransaction.js:99:45)
    at process.processTicksAndRejections (node:internal/process/task_queues:105:5)
    at async exports.createUserDeposit (/Users/zewedu/Desktop/Projects/transportBackEndNative/Controllers/UserDeposit.controller.js:10:20)
{
  "service": "ride-hailing-api",
  "environment": "development",
  "type": "API_ERROR",
  "statusCode": 400,
  "path": "/api/finance/userDeposit",
  "method": "POST",
  "ip": "127.0.0.1",
  "userId": 672,
  "userUniqueId": "e9cf2beb-c934-4392-89c5-c0d069bf948e",
  "body": {
    "depositAmount": 1000,
    "accountUniqueId": "387539bf-be96-465c-9f13-e09fcc58c95a",
    "driverUniqueId": "e9cf2beb-c934-4392-89c5-c0d069bf948e",
    "userDepositCreatedBy": "e9cf2beb-c934-4392-89c5-c0d069bf948e",
    "depositTime": "2026-08-08 12:16:46"
  },
  "params": {},
  "query": {}
}
15:16:46 [[32minfo[39m]: API Request
{
  "service": "ride-hailing-api",
  "environment": "development",
  "type": "API_REQUEST",
  "method": "POST",
  "url": "/api/finance/userDeposit",
  "statusCode": 400,
  "responseTime": "NaNms",
  "ip": "127.0.0.1",
  "userAgent": "axios/1.18.1",
  "userId": 672,
  "userUniqueId": "e9cf2beb-c934-4392-89c5-c0d069bf948e"
}
[VerifyToken] Request: { method: 'GET', url: '/', hasAuth: true }
[VerifyToken] Token decoded: {
  userUniqueId: 'e9cf2beb-c934-4392-89c5-c0d069bf948e',
  phoneNumber: '+251994002141',
  roleId: 2,
  iat: 1786191403
}
[VerifyToken] User authenticated: {
  userUniqueId: 'e9cf2beb-c934-4392-89c5-c0d069bf948e',
  phoneNumber: '+251994002141',
  roleId: undefined
}
15:16:46 [[32minfo[39m]: API Request
{
  "service": "ride-hailing-api",
  "environment": "development",
  "type": "API_REQUEST",
  "method": "GET",
  "url": "/api/finance/userDeposit",
  "statusCode": 200,
  "responseTime": "NaNms",
  "ip": "127.0.0.1",
  "userAgent": "axios/1.18.1",
  "userId": 672,
  "userUniqueId": "e9cf2beb-c934-4392-89c5-c0d069bf948e"
}
[VerifyToken] Request: { method: 'GET', url: '/', hasAuth: true }
[VerifyToken] Token decoded: {
  userUniqueId: 'e9cf2beb-c934-4392-89c5-c0d069bf948e',
  phoneNumber: '+251994002141',
  roleId: 2,
  iat: 1786191403
}
[VerifyToken] User authenticated: {
  userUniqueId: 'e9cf2beb-c934-4392-89c5-c0d069bf948e',
  phoneNumber: '+251994002141',
  roleId: undefined
}
15:16:46 [[32minfo[39m]: API Request
{
  "service": "ride-hailing-api",
  "environment": "development",
  "type": "API_REQUEST",
  "method": "GET",
  "url": "/api/finance/userDeposit",
  "statusCode": 200,
  "responseTime": "NaNms",
  "ip": "127.0.0.1",
  "userAgent": "axios/1.18.1",
  "userId": 672,
  "userUniqueId": "e9cf2beb-c934-4392-89c5-c0d069bf948e"
}
[VerifyToken] Request: { method: 'GET', url: '/', hasAuth: true }
[VerifyToken] Token decoded: {
  userUniqueId: 'e9cf2beb-c934-4392-89c5-c0d069bf948e',
  phoneNumber: '+251994002141',
  roleId: 2,
  iat: 1786191403
}
[VerifyToken] User authenticated: {
  userUniqueId: 'e9cf2beb-c934-4392-89c5-c0d069bf948e',
  phoneNumber: '+251994002141',
  roleId: undefined
}
15:16:46 [[32minfo[39m]: API Request
{
  "service": "ride-hailing-api",
  "environment": "development",
  "type": "API_REQUEST",
  "method": "GET",
  "url": "/api/finance/userDeposit",
  "statusCode": 200,
  "responseTime": "NaNms",
  "ip": "127.0.0.1",
  "userAgent": "axios/1.18.1",
  "userId": 672,
  "userUniqueId": "e9cf2beb-c934-4392-89c5-c0d069bf948e"
}
[VerifyToken] Request: { method: 'GET', url: '/', hasAuth: true }
[VerifyToken] Token decoded: {
  userUniqueId: '0358f7dd-837d-4e12-bf0c-70c48ec91c3b',
  phoneNumber: '+251974002143',
  roleId: 3,
  iat: 1786191401
}
[VerifyToken] User authenticated: {
  userUniqueId: '0358f7dd-837d-4e12-bf0c-70c48ec91c3b',
  phoneNumber: '+251974002143',
  roleId: undefined
}
15:16:46 [[32minfo[39m]: API Request
{
  "service": "ride-hailing-api",
  "environment": "development",
  "type": "API_REQUEST",
  "method": "GET",
  "url": "/api/finance/subscriptionPlanPricing",
  "statusCode": 200,
  "responseTime": "NaNms",
  "ip": "127.0.0.1",
  "userAgent": "axios/1.18.1",
  "userId": 669,
  "userUniqueId": "0358f7dd-837d-4e12-bf0c-70c48ec91c3b"
}
[VerifyToken] Request: {
  method: 'POST',
  url: '/e9cf2beb-c934-4392-89c5-c0d069bf948e',
  hasAuth: true
}
[VerifyToken] Token decoded: {
  userUniqueId: 'e9cf2beb-c934-4392-89c5-c0d069bf948e',
  phoneNumber: '+251994002141',
  roleId: 2,
  iat: 1786191403
}
[VerifyToken] User authenticated: {
  userUniqueId: 'e9cf2beb-c934-4392-89c5-c0d069bf948e',
  phoneNumber: '+251994002141',
  roleId: undefined
}
15:16:46 [[31merror[39m]: Transaction rolled back
Error: You have already used your free trial.
    at Object.createUserSubscription (/Users/zewedu/Desktop/Projects/transportBackEndNative/Services/UserSubscription/create.service.js:68:13)
    at process.processTicksAndRejections (node:internal/process/task_queues:105:5)
    at async /Users/zewedu/Desktop/Projects/transportBackEndNative/Controllers/UserSubscription.controller.js:17:14
    at async /Users/zewedu/Desktop/Projects/transportBackEndNative/Utils/DatabaseTransaction.js:101:14
    at async executeInTransaction (/Users/zewedu/Desktop/Projects/transportBackEndNative/Utils/DatabaseTransaction.js:99:20)
    at async exports.createUserSubscription (/Users/zewedu/Desktop/Projects/transportBackEndNative/Controllers/UserSubscription.controller.js:16:20)
{
  "service": "ride-hailing-api",
  "environment": "development",
  "transactionId": "txn_2026-08-08 12:16:46_8b0116j4p",
  "duration": "NaNms",
  "error": "You have already used your free trial."
}
15:16:46 [[31merror[39m]: API Error You have already used your free trial.
Error: You have already used your free trial.
    at Object.createUserSubscription (/Users/zewedu/Desktop/Projects/transportBackEndNative/Services/UserSubscription/create.service.js:68:13)
    at process.processTicksAndRejections (node:internal/process/task_queues:105:5)
    at async /Users/zewedu/Desktop/Projects/transportBackEndNative/Controllers/UserSubscription.controller.js:17:14
    at async /Users/zewedu/Desktop/Projects/transportBackEndNative/Utils/DatabaseTransaction.js:101:14
    at async executeInTransaction (/Users/zewedu/Desktop/Projects/transportBackEndNative/Utils/DatabaseTransaction.js:99:20)
    at async exports.createUserSubscription (/Users/zewedu/Desktop/Projects/transportBackEndNative/Controllers/UserSubscription.controller.js:16:20)
{
  "service": "ride-hailing-api",
  "environment": "development",
  "type": "API_ERROR",
  "statusCode": 400,
  "path": "/api/finance/userSubscription/e9cf2beb-c934-4392-89c5-c0d069bf948e",
  "method": "POST",
  "ip": "127.0.0.1",
  "userId": 672,
  "userUniqueId": "e9cf2beb-c934-4392-89c5-c0d069bf948e",
  "body": {
    "subscriptionPlanPricingUniqueId": "6bf5e733-bad1-44ea-b58e-32eddd3d9313"
  },
  "params": {},
  "query": {}
}
15:16:46 [[32minfo[39m]: API Request
{
  "service": "ride-hailing-api",
  "environment": "development",
  "type": "API_REQUEST",
  "method": "POST",
  "url": "/api/finance/userSubscription/e9cf2beb-c934-4392-89c5-c0d069bf948e",
  "statusCode": 400,
  "responseTime": "NaNms",
  "ip": "127.0.0.1",
  "userAgent": "axios/1.18.1",
  "userId": 672,
  "userUniqueId": "e9cf2beb-c934-4392-89c5-c0d069bf948e"
}
[VerifyToken] Request: {
  method: 'GET',
  url: '/?driverUniqueId=e9cf2beb-c934-4392-89c5-c0d069bf948e',
  hasAuth: true
}
[VerifyToken] Token decoded: {
  userUniqueId: 'e9cf2beb-c934-4392-89c5-c0d069bf948e',
  phoneNumber: '+251994002141',
  roleId: 2,
  iat: 1786191403
}
[VerifyToken] User authenticated: {
  userUniqueId: 'e9cf2beb-c934-4392-89c5-c0d069bf948e',
  phoneNumber: '+251994002141',
  roleId: undefined
}
15:16:46 [[32minfo[39m]: API Request
{
  "service": "ride-hailing-api",
  "environment": "development",
  "type": "API_REQUEST",
  "method": "GET",
  "url": "/api/finance/userSubscription?driverUniqueId=e9cf2beb-c934-4392-89c5-c0d069bf948e",
  "statusCode": 200,
  "responseTime": "NaNms",
  "ip": "127.0.0.1",
  "userAgent": "axios/1.18.1",
  "userId": 672,
  "userUniqueId": "e9cf2beb-c934-4392-89c5-c0d069bf948e"
}
[VerifyToken] Request: { method: 'POST', url: '/initiateSantimPay', hasAuth: true }
[VerifyToken] Token decoded: {
  userUniqueId: 'e9cf2beb-c934-4392-89c5-c0d069bf948e',
  phoneNumber: '+251994002141',
  roleId: 2,
  iat: 1786191403
}
[VerifyToken] User authenticated: {
  userUniqueId: 'e9cf2beb-c934-4392-89c5-c0d069bf948e',
  phoneNumber: '+251994002141',
  roleId: undefined
}
15:16:46 [[33mwarn[39m]: @validator schema.validate failed "depositAmount" is required
{
  "service": "ride-hailing-api",
  "environment": "development",
  "method": "POST",
  "path": "/initiateSantimPay",
  "source": "body",
  "details": [
    {
      "field": "depositAmount",
      "message": "\"depositAmount\" is required"
    }
  ]
}
15:16:46 [[31merror[39m]: API Error "depositAmount" is required
Error: "depositAmount" is required
    at /Users/zewedu/Desktop/Projects/transportBackEndNative/Middleware/Validator.js:52:9
    at Layer.handleRequest (/Users/zewedu/Desktop/Projects/transportBackEndNative/node_modules/router/lib/layer.js:152:17)
    at next (/Users/zewedu/Desktop/Projects/transportBackEndNative/node_modules/router/lib/route.js:157:13)
    at verifyTokenOfAxios (/Users/zewedu/Desktop/Projects/transportBackEndNative/Middleware/VerifyToken.js:47:5)
    at process.processTicksAndRejections (node:internal/process/task_queues:105:5)
{
  "service": "ride-hailing-api",
  "environment": "development",
  "type": "API_ERROR",
  "code": "VALIDATION_ERROR",
  "statusCode": 400,
  "path": "/api/finance/userDeposit/initiateSantimPay",
  "method": "POST",
  "ip": "127.0.0.1",
  "userId": 672,
  "userUniqueId": "e9cf2beb-c934-4392-89c5-c0d069bf948e",
  "body": {
    "amount": 1000
  },
  "params": {},
  "query": {}
}
15:16:46 [[32minfo[39m]: API Request
{
  "service": "ride-hailing-api",
  "environment": "development",
  "type": "API_REQUEST",
  "method": "POST",
  "url": "/api/finance/userDeposit/initiateSantimPay",
  "statusCode": 400,
  "responseTime": "NaNms",
  "ip": "127.0.0.1",
  "userAgent": "axios/1.18.1",
  "userId": 672,
  "userUniqueId": "e9cf2beb-c934-4392-89c5-c0d069bf948e"
}
15:16:46 [[31merror[39m]: Transaction rolled back
Error: Missing Signed-Token header
    at Object.handleSantimPayWebhookService (/Users/zewedu/Desktop/Projects/transportBackEndNative/Services/UserDeposit/payment.service.js:138:11)
    at /Users/zewedu/Desktop/Projects/transportBackEndNative/Controllers/UserDeposit.controller.js:128:28
    at /Users/zewedu/Desktop/Projects/transportBackEndNative/Utils/DatabaseTransaction.js:101:34
    at AsyncLocalStorage.run (node:internal/async_local_storage/async_context_frame:63:14)
    at executeInTransaction (/Users/zewedu/Desktop/Projects/transportBackEndNative/Utils/DatabaseTransaction.js:99:45)
    at process.processTicksAndRejections (node:internal/process/task_queues:105:5)
    at async exports.handleSantimPayWebhook (/Users/zewedu/Desktop/Projects/transportBackEndNative/Controllers/UserDeposit.controller.js:123:20)
{
  "service": "ride-hailing-api",
  "environment": "development",
  "transactionId": "txn_2026-08-08 12:16:46_xu6oz2d93",
  "duration": "NaNms",
  "error": "Missing Signed-Token header"
}
15:16:46 [[32minfo[39m]: API Request
{
  "service": "ride-hailing-api",
  "environment": "development",
  "type": "API_REQUEST",
  "method": "POST",
  "url": "/api/finance/userDeposit/santimPay/webhook",
  "statusCode": 200,
  "responseTime": "NaNms",
  "ip": "127.0.0.1",
  "userAgent": "axios/1.18.1"
}
[VerifyToken] Request: { method: 'GET', url: '/', hasAuth: true }
[VerifyToken] Token decoded: {
  userUniqueId: '0358f7dd-837d-4e12-bf0c-70c48ec91c3b',
  phoneNumber: '+251974002143',
  roleId: 3,
  iat: 1786191401
}
[VerifyToken] User authenticated: {
  userUniqueId: '0358f7dd-837d-4e12-bf0c-70c48ec91c3b',
  phoneNumber: '+251974002143',
  roleId: undefined
}
15:16:46 [[32minfo[39m]: API Request
{
  "service": "ride-hailing-api",
  "environment": "development",
  "type": "API_REQUEST",
  "method": "GET",
  "url": "/api/admin/vehicleTypes",
  "statusCode": 200,
  "responseTime": "NaNms",
  "ip": "127.0.0.1",
  "userAgent": "axios/1.18.1",
  "userId": 669,
  "userUniqueId": "0358f7dd-837d-4e12-bf0c-70c48ec91c3b"
}
[VerifyToken] Request: { method: 'POST', url: '/', hasAuth: true }
[VerifyToken] Token decoded: {
  userUniqueId: '0358f7dd-837d-4e12-bf0c-70c48ec91c3b',
  phoneNumber: '+251974002143',
  roleId: 3,
  iat: 1786191401
}
[VerifyToken] User authenticated: {
  userUniqueId: '0358f7dd-837d-4e12-bf0c-70c48ec91c3b',
  phoneNumber: '+251974002143',
  roleId: undefined
}
15:16:46 [[32minfo[39m]: File saved locally
{
  "service": "ride-hailing-api",
  "environment": "development",
  "filePath": "/Users/zewedu/Desktop/Projects/transportBackEndNative/uploads/vehicle_855c415d-e57b-40ef-ad95-6b52e29631c3.png",
  "relativePath": "/uploads/vehicle_855c415d-e57b-40ef-ad95-6b52e29631c3.png"
}
15:16:46 [[32minfo[39m]: Transaction committed
{
  "service": "ride-hailing-api",
  "environment": "development",
  "transactionId": "txn_2026-08-08 12:16:46_krxbj6khj",
  "duration": "NaNms"
}
15:16:46 [[32minfo[39m]: API Request
{
  "service": "ride-hailing-api",
  "environment": "development",
  "type": "API_REQUEST",
  "method": "POST",
  "url": "/api/admin/vehicleTypes",
  "statusCode": 201,
  "responseTime": "NaNms",
  "ip": "127.0.0.1",
  "userAgent": "axios/1.18.1",
  "userId": 669,
  "userUniqueId": "0358f7dd-837d-4e12-bf0c-70c48ec91c3b"
}
[VerifyToken] Request: { method: 'GET', url: '/', hasAuth: true }
[VerifyToken] Token decoded: {
  userUniqueId: '0358f7dd-837d-4e12-bf0c-70c48ec91c3b',
  phoneNumber: '+251974002143',
  roleId: 3,
  iat: 1786191401
}
[VerifyToken] User authenticated: {
  userUniqueId: '0358f7dd-837d-4e12-bf0c-70c48ec91c3b',
  phoneNumber: '+251974002143',
  roleId: undefined
}
15:16:46 [[32minfo[39m]: API Request
{
  "service": "ride-hailing-api",
  "environment": "development",
  "type": "API_REQUEST",
  "method": "GET",
  "url": "/api/admin/vehicleTypes",
  "statusCode": 200,
  "responseTime": "NaNms",
  "ip": "127.0.0.1",
  "userAgent": "axios/1.18.1",
  "userId": 669,
  "userUniqueId": "0358f7dd-837d-4e12-bf0c-70c48ec91c3b"
}
[VerifyToken] Request: { method: 'GET', url: '/', hasAuth: true }
[VerifyToken] Token decoded: {
  userUniqueId: '0358f7dd-837d-4e12-bf0c-70c48ec91c3b',
  phoneNumber: '+251974002143',
  roleId: 3,
  iat: 1786191401
}
[VerifyToken] User authenticated: {
  userUniqueId: '0358f7dd-837d-4e12-bf0c-70c48ec91c3b',
  phoneNumber: '+251974002143',
  roleId: undefined
}
15:16:46 [[32minfo[39m]: API Request
{
  "service": "ride-hailing-api",
  "environment": "development",
  "type": "API_REQUEST",
  "method": "GET",
  "url": "/api/admin/vehicleTypes",
  "statusCode": 200,
  "responseTime": "NaNms",
  "ip": "127.0.0.1",
  "userAgent": "axios/1.18.1",
  "userId": 669,
  "userUniqueId": "0358f7dd-837d-4e12-bf0c-70c48ec91c3b"
}
[VerifyToken] Request: {
  method: 'PUT',
  url: '/13a1df97-778b-4df7-a87c-76876fb52375',
  hasAuth: true
}
[VerifyToken] Token decoded: {
  userUniqueId: '0358f7dd-837d-4e12-bf0c-70c48ec91c3b',
  phoneNumber: '+251974002143',
  roleId: 3,
  iat: 1786191401
}
[VerifyToken] User authenticated: {
  userUniqueId: '0358f7dd-837d-4e12-bf0c-70c48ec91c3b',
  phoneNumber: '+251974002143',
  roleId: undefined
}
15:16:46 [[32minfo[39m]: Transaction committed
{
  "service": "ride-hailing-api",
  "environment": "development",
  "transactionId": "txn_2026-08-08 12:16:46_ufcmngkov",
  "duration": "NaNms"
}
15:16:46 [[32minfo[39m]: API Request
{
  "service": "ride-hailing-api",
  "environment": "development",
  "type": "API_REQUEST",
  "method": "PUT",
  "url": "/api/admin/vehicleTypes/13a1df97-778b-4df7-a87c-76876fb52375",
  "statusCode": 200,
  "responseTime": "NaNms",
  "ip": "127.0.0.1",
  "userAgent": "axios/1.18.1",
  "userId": 669,
  "userUniqueId": "0358f7dd-837d-4e12-bf0c-70c48ec91c3b"
}
[VerifyToken] Request: { method: 'GET', url: '/', hasAuth: true }
[VerifyToken] Token decoded: {
  userUniqueId: '0358f7dd-837d-4e12-bf0c-70c48ec91c3b',
  phoneNumber: '+251974002143',
  roleId: 3,
  iat: 1786191401
}
[VerifyToken] User authenticated: {
  userUniqueId: '0358f7dd-837d-4e12-bf0c-70c48ec91c3b',
  phoneNumber: '+251974002143',
  roleId: undefined
}
15:16:46 [[32minfo[39m]: API Request
{
  "service": "ride-hailing-api",
  "environment": "development",
  "type": "API_REQUEST",
  "method": "GET",
  "url": "/api/admin/vehicleTypes",
  "statusCode": 200,
  "responseTime": "NaNms",
  "ip": "127.0.0.1",
  "userAgent": "axios/1.18.1",
  "userId": 669,
  "userUniqueId": "0358f7dd-837d-4e12-bf0c-70c48ec91c3b"
}
[VerifyToken] Request: {
  method: 'DELETE',
  url: '/13a1df97-778b-4df7-a87c-76876fb52375',
  hasAuth: true
}
[VerifyToken] Token decoded: {
  userUniqueId: '0358f7dd-837d-4e12-bf0c-70c48ec91c3b',
  phoneNumber: '+251974002143',
  roleId: 3,
  iat: 1786191401
}
[VerifyToken] User authenticated: {
  userUniqueId: '0358f7dd-837d-4e12-bf0c-70c48ec91c3b',
  phoneNumber: '+251974002143',
  roleId: undefined
}
15:16:46 [[32minfo[39m]: Transaction committed
{
  "service": "ride-hailing-api",
  "environment": "development",
  "transactionId": "txn_2026-08-08 12:16:46_e9x9uqpkf",
  "duration": "NaNms"
}
15:16:46 [[32minfo[39m]: API Request
{
  "service": "ride-hailing-api",
  "environment": "development",
  "type": "API_REQUEST",
  "method": "DELETE",
  "url": "/api/admin/vehicleTypes/13a1df97-778b-4df7-a87c-76876fb52375",
  "statusCode": 200,
  "responseTime": "NaNms",
  "ip": "127.0.0.1",
  "userAgent": "axios/1.18.1",
  "userId": 669,
  "userUniqueId": "0358f7dd-837d-4e12-bf0c-70c48ec91c3b"
}
[VerifyToken] Request: { method: 'GET', url: '/', hasAuth: true }
[VerifyToken] Token decoded: {
  userUniqueId: '0358f7dd-837d-4e12-bf0c-70c48ec91c3b',
  phoneNumber: '+251974002143',
  roleId: 3,
  iat: 1786191401
}
[VerifyToken] User authenticated: {
  userUniqueId: '0358f7dd-837d-4e12-bf0c-70c48ec91c3b',
  phoneNumber: '+251974002143',
  roleId: undefined
}
15:16:46 [[32minfo[39m]: API Request
{
  "service": "ride-hailing-api",
  "environment": "development",
  "type": "API_REQUEST",
  "method": "GET",
  "url": "/api/admin/vehicleTypes",
  "statusCode": 200,
  "responseTime": "NaNms",
  "ip": "127.0.0.1",
  "userAgent": "axios/1.18.1",
  "userId": 669,
  "userUniqueId": "0358f7dd-837d-4e12-bf0c-70c48ec91c3b"
}
[VerifyToken] Request: { method: 'GET', url: '/vehicleStatusTypes', hasAuth: true }
[VerifyToken] Token decoded: {
  userUniqueId: '0358f7dd-837d-4e12-bf0c-70c48ec91c3b',
  phoneNumber: '+251974002143',
  roleId: 3,
  iat: 1786191401
}
[VerifyToken] User authenticated: {
  userUniqueId: '0358f7dd-837d-4e12-bf0c-70c48ec91c3b',
  phoneNumber: '+251974002143',
  roleId: undefined
}
15:16:46 [[32minfo[39m]: API Request
{
  "service": "ride-hailing-api",
  "environment": "development",
  "type": "API_REQUEST",
  "method": "GET",
  "url": "/vehicleStatusTypes",
  "statusCode": 200,
  "responseTime": "NaNms",
  "ip": "127.0.0.1",
  "userAgent": "axios/1.18.1",
  "userId": 669,
  "userUniqueId": "0358f7dd-837d-4e12-bf0c-70c48ec91c3b"
}
[VerifyToken] Request: { method: 'POST', url: '/vehicleStatusType', hasAuth: true }
[VerifyToken] Token decoded: {
  userUniqueId: '0358f7dd-837d-4e12-bf0c-70c48ec91c3b',
  phoneNumber: '+251974002143',
  roleId: 3,
  iat: 1786191401
}
[VerifyToken] User authenticated: {
  userUniqueId: '0358f7dd-837d-4e12-bf0c-70c48ec91c3b',
  phoneNumber: '+251974002143',
  roleId: undefined
}
15:16:46 [[32minfo[39m]: Inserting VehicleStatusType: E2ETestStatus1786191406228
{
  "service": "ride-hailing-api",
  "environment": "development",
  "vehicleStatusTypeUniqueId": "02c54c3b-1fe5-497e-af05-5c67fc7587e4"
}
15:16:46 [[32minfo[39m]: Transaction committed
{
  "service": "ride-hailing-api",
  "environment": "development",
  "transactionId": "txn_2026-08-08 12:16:46_0e43do2xl",
  "duration": "NaNms"
}
15:16:46 [[32minfo[39m]: API Request
{
  "service": "ride-hailing-api",
  "environment": "development",
  "type": "API_REQUEST",
  "method": "POST",
  "url": "/vehicleStatusType",
  "statusCode": 201,
  "responseTime": "NaNms",
  "ip": "127.0.0.1",
  "userAgent": "axios/1.18.1",
  "userId": 669,
  "userUniqueId": "0358f7dd-837d-4e12-bf0c-70c48ec91c3b"
}
[VerifyToken] Request: { method: 'GET', url: '/vehicleStatusTypes', hasAuth: true }
[VerifyToken] Token decoded: {
  userUniqueId: '0358f7dd-837d-4e12-bf0c-70c48ec91c3b',
  phoneNumber: '+251974002143',
  roleId: 3,
  iat: 1786191401
}
[VerifyToken] User authenticated: {
  userUniqueId: '0358f7dd-837d-4e12-bf0c-70c48ec91c3b',
  phoneNumber: '+251974002143',
  roleId: undefined
}
15:16:46 [[32minfo[39m]: API Request
{
  "service": "ride-hailing-api",
  "environment": "development",
  "type": "API_REQUEST",
  "method": "GET",
  "url": "/vehicleStatusTypes",
  "statusCode": 200,
  "responseTime": "NaNms",
  "ip": "127.0.0.1",
  "userAgent": "axios/1.18.1",
  "userId": 669,
  "userUniqueId": "0358f7dd-837d-4e12-bf0c-70c48ec91c3b"
}
[VerifyToken] Request: {
  method: 'PUT',
  url: '/vehicleStatusType/02c54c3b-1fe5-497e-af05-5c67fc7587e4',
  hasAuth: true
}
[VerifyToken] Token decoded: {
  userUniqueId: '0358f7dd-837d-4e12-bf0c-70c48ec91c3b',
  phoneNumber: '+251974002143',
  roleId: 3,
  iat: 1786191401
}
[VerifyToken] User authenticated: {
  userUniqueId: '0358f7dd-837d-4e12-bf0c-70c48ec91c3b',
  phoneNumber: '+251974002143',
  roleId: undefined
}
15:16:46 [[32minfo[39m]: Transaction committed
{
  "service": "ride-hailing-api",
  "environment": "development",
  "transactionId": "txn_2026-08-08 12:16:46_zriz4udzs",
  "duration": "NaNms"
}
15:16:46 [[32minfo[39m]: API Request
{
  "service": "ride-hailing-api",
  "environment": "development",
  "type": "API_REQUEST",
  "method": "PUT",
  "url": "/vehicleStatusType/02c54c3b-1fe5-497e-af05-5c67fc7587e4",
  "statusCode": 200,
  "responseTime": "NaNms",
  "ip": "127.0.0.1",
  "userAgent": "axios/1.18.1",
  "userId": 669,
  "userUniqueId": "0358f7dd-837d-4e12-bf0c-70c48ec91c3b"
}
[VerifyToken] Request: { method: 'GET', url: '/vehicleStatusTypes', hasAuth: true }
[VerifyToken] Token decoded: {
  userUniqueId: '0358f7dd-837d-4e12-bf0c-70c48ec91c3b',
  phoneNumber: '+251974002143',
  roleId: 3,
  iat: 1786191401
}
[VerifyToken] User authenticated: {
  userUniqueId: '0358f7dd-837d-4e12-bf0c-70c48ec91c3b',
  phoneNumber: '+251974002143',
  roleId: undefined
}
15:16:46 [[32minfo[39m]: API Request
{
  "service": "ride-hailing-api",
  "environment": "development",
  "type": "API_REQUEST",
  "method": "GET",
  "url": "/vehicleStatusTypes",
  "statusCode": 200,
  "responseTime": "NaNms",
  "ip": "127.0.0.1",
  "userAgent": "axios/1.18.1",
  "userId": 669,
  "userUniqueId": "0358f7dd-837d-4e12-bf0c-70c48ec91c3b"
}
[VerifyToken] Request: {
  method: 'DELETE',
  url: '/vehicleStatusType/02c54c3b-1fe5-497e-af05-5c67fc7587e4',
  hasAuth: true
}
[VerifyToken] Token decoded: {
  userUniqueId: '0358f7dd-837d-4e12-bf0c-70c48ec91c3b',
  phoneNumber: '+251974002143',
  roleId: 3,
  iat: 1786191401
}
[VerifyToken] User authenticated: {
  userUniqueId: '0358f7dd-837d-4e12-bf0c-70c48ec91c3b',
  phoneNumber: '+251974002143',
  roleId: undefined
}
15:16:46 [[32minfo[39m]: Transaction committed
{
  "service": "ride-hailing-api",
  "environment": "development",
  "transactionId": "txn_2026-08-08 12:16:46_1zqhuj70y",
  "duration": "NaNms"
}
15:16:46 [[32minfo[39m]: API Request
{
  "service": "ride-hailing-api",
  "environment": "development",
  "type": "API_REQUEST",
  "method": "DELETE",
  "url": "/vehicleStatusType/02c54c3b-1fe5-497e-af05-5c67fc7587e4",
  "statusCode": 200,
  "responseTime": "NaNms",
  "ip": "127.0.0.1",
  "userAgent": "axios/1.18.1",
  "userId": 669,
  "userUniqueId": "0358f7dd-837d-4e12-bf0c-70c48ec91c3b"
}
[VerifyToken] Request: { method: 'GET', url: '/vehicleStatusTypes', hasAuth: true }
[VerifyToken] Token decoded: {
  userUniqueId: '0358f7dd-837d-4e12-bf0c-70c48ec91c3b',
  phoneNumber: '+251974002143',
  roleId: 3,
  iat: 1786191401
}
[VerifyToken] User authenticated: {
  userUniqueId: '0358f7dd-837d-4e12-bf0c-70c48ec91c3b',
  phoneNumber: '+251974002143',
  roleId: undefined
}
15:16:46 [[32minfo[39m]: API Request
{
  "service": "ride-hailing-api",
  "environment": "development",
  "type": "API_REQUEST",
  "method": "GET",
  "url": "/vehicleStatusTypes",
  "statusCode": 200,
  "responseTime": "NaNms",
  "ip": "127.0.0.1",
  "userAgent": "axios/1.18.1",
  "userId": 669,
  "userUniqueId": "0358f7dd-837d-4e12-bf0c-70c48ec91c3b"
}
[VerifyToken] Request: { method: 'GET', url: '/', hasAuth: true }
[VerifyToken] Token decoded: {
  userUniqueId: '0358f7dd-837d-4e12-bf0c-70c48ec91c3b',
  phoneNumber: '+251974002143',
  roleId: 3,
  iat: 1786191401
}
[VerifyToken] User authenticated: {
  userUniqueId: '0358f7dd-837d-4e12-bf0c-70c48ec91c3b',
  phoneNumber: '+251974002143',
  roleId: undefined
}
15:16:46 [[32minfo[39m]: API Request
{
  "service": "ride-hailing-api",
  "environment": "development",
  "type": "API_REQUEST",
  "method": "GET",
  "url": "/api/admin/journeyStatus",
  "statusCode": 200,
  "responseTime": "NaNms",
  "ip": "127.0.0.1",
  "userAgent": "axios/1.18.1",
  "userId": 669,
  "userUniqueId": "0358f7dd-837d-4e12-bf0c-70c48ec91c3b"
}
[VerifyToken] Request: { method: 'POST', url: '/', hasAuth: true }
[VerifyToken] Token decoded: {
  userUniqueId: '0358f7dd-837d-4e12-bf0c-70c48ec91c3b',
  phoneNumber: '+251974002143',
  roleId: 3,
  iat: 1786191401
}
[VerifyToken] User authenticated: {
  userUniqueId: '0358f7dd-837d-4e12-bf0c-70c48ec91c3b',
  phoneNumber: '+251974002143',
  roleId: undefined
}
15:16:46 [[32minfo[39m]: Transaction committed
{
  "service": "ride-hailing-api",
  "environment": "development",
  "transactionId": "txn_2026-08-08 12:16:46_70rsmvgpt",
  "duration": "NaNms"
}
15:16:46 [[32minfo[39m]: API Request
{
  "service": "ride-hailing-api",
  "environment": "development",
  "type": "API_REQUEST",
  "method": "POST",
  "url": "/api/admin/journeyStatus",
  "statusCode": 200,
  "responseTime": "NaNms",
  "ip": "127.0.0.1",
  "userAgent": "axios/1.18.1",
  "userId": 669,
  "userUniqueId": "0358f7dd-837d-4e12-bf0c-70c48ec91c3b"
}
[VerifyToken] Request: { method: 'GET', url: '/', hasAuth: true }
[VerifyToken] Token decoded: {
  userUniqueId: '0358f7dd-837d-4e12-bf0c-70c48ec91c3b',
  phoneNumber: '+251974002143',
  roleId: 3,
  iat: 1786191401
}
[VerifyToken] User authenticated: {
  userUniqueId: '0358f7dd-837d-4e12-bf0c-70c48ec91c3b',
  phoneNumber: '+251974002143',
  roleId: undefined
}
15:16:46 [[32minfo[39m]: API Request
{
  "service": "ride-hailing-api",
  "environment": "development",
  "type": "API_REQUEST",
  "method": "GET",
  "url": "/api/admin/journeyStatus",
  "statusCode": 200,
  "responseTime": "NaNms",
  "ip": "127.0.0.1",
  "userAgent": "axios/1.18.1",
  "userId": 669,
  "userUniqueId": "0358f7dd-837d-4e12-bf0c-70c48ec91c3b"
}
[VerifyToken] Request: {
  method: 'PUT',
  url: '/8730be90-4b74-4ebf-980c-e5983844e5b0',
  hasAuth: true
}
[VerifyToken] Token decoded: {
  userUniqueId: '0358f7dd-837d-4e12-bf0c-70c48ec91c3b',
  phoneNumber: '+251974002143',
  roleId: 3,
  iat: 1786191401
}
[VerifyToken] User authenticated: {
  userUniqueId: '0358f7dd-837d-4e12-bf0c-70c48ec91c3b',
  phoneNumber: '+251974002143',
  roleId: undefined
}
15:16:46 [[32minfo[39m]: Transaction committed
{
  "service": "ride-hailing-api",
  "environment": "development",
  "transactionId": "txn_2026-08-08 12:16:46_ruktailh4",
  "duration": "NaNms"
}
15:16:46 [[32minfo[39m]: API Request
{
  "service": "ride-hailing-api",
  "environment": "development",
  "type": "API_REQUEST",
  "method": "PUT",
  "url": "/api/admin/journeyStatus/8730be90-4b74-4ebf-980c-e5983844e5b0",
  "statusCode": 200,
  "responseTime": "NaNms",
  "ip": "127.0.0.1",
  "userAgent": "axios/1.18.1",
  "userId": 669,
  "userUniqueId": "0358f7dd-837d-4e12-bf0c-70c48ec91c3b"
}
[VerifyToken] Request: { method: 'GET', url: '/', hasAuth: true }
[VerifyToken] Token decoded: {
  userUniqueId: '0358f7dd-837d-4e12-bf0c-70c48ec91c3b',
  phoneNumber: '+251974002143',
  roleId: 3,
  iat: 1786191401
}
[VerifyToken] User authenticated: {
  userUniqueId: '0358f7dd-837d-4e12-bf0c-70c48ec91c3b',
  phoneNumber: '+251974002143',
  roleId: undefined
}
15:16:46 [[32minfo[39m]: API Request
{
  "service": "ride-hailing-api",
  "environment": "development",
  "type": "API_REQUEST",
  "method": "GET",
  "url": "/api/admin/journeyStatus",
  "statusCode": 200,
  "responseTime": "NaNms",
  "ip": "127.0.0.1",
  "userAgent": "axios/1.18.1",
  "userId": 669,
  "userUniqueId": "0358f7dd-837d-4e12-bf0c-70c48ec91c3b"
}
[VerifyToken] Request: {
  method: 'DELETE',
  url: '/8730be90-4b74-4ebf-980c-e5983844e5b0',
  hasAuth: true
}
[VerifyToken] Token decoded: {
  userUniqueId: '0358f7dd-837d-4e12-bf0c-70c48ec91c3b',
  phoneNumber: '+251974002143',
  roleId: 3,
  iat: 1786191401
}
[VerifyToken] User authenticated: {
  userUniqueId: '0358f7dd-837d-4e12-bf0c-70c48ec91c3b',
  phoneNumber: '+251974002143',
  roleId: undefined
}
15:16:46 [[32minfo[39m]: Transaction committed
{
  "service": "ride-hailing-api",
  "environment": "development",
  "transactionId": "txn_2026-08-08 12:16:46_mbl1i5yfh",
  "duration": "NaNms"
}
15:16:46 [[32minfo[39m]: API Request
{
  "service": "ride-hailing-api",
  "environment": "development",
  "type": "API_REQUEST",
  "method": "DELETE",
  "url": "/api/admin/journeyStatus/8730be90-4b74-4ebf-980c-e5983844e5b0",
  "statusCode": 200,
  "responseTime": "NaNms",
  "ip": "127.0.0.1",
  "userAgent": "axios/1.18.1",
  "userId": 669,
  "userUniqueId": "0358f7dd-837d-4e12-bf0c-70c48ec91c3b"
}
[VerifyToken] Request: { method: 'GET', url: '/', hasAuth: true }
[VerifyToken] Token decoded: {
  userUniqueId: '0358f7dd-837d-4e12-bf0c-70c48ec91c3b',
  phoneNumber: '+251974002143',
  roleId: 3,
  iat: 1786191401
}
[VerifyToken] User authenticated: {
  userUniqueId: '0358f7dd-837d-4e12-bf0c-70c48ec91c3b',
  phoneNumber: '+251974002143',
  roleId: undefined
}
15:16:46 [[32minfo[39m]: API Request
{
  "service": "ride-hailing-api",
  "environment": "development",
  "type": "API_REQUEST",
  "method": "GET",
  "url": "/api/admin/journeyStatus",
  "statusCode": 200,
  "responseTime": "NaNms",
  "ip": "127.0.0.1",
  "userAgent": "axios/1.18.1",
  "userId": 669,
  "userUniqueId": "0358f7dd-837d-4e12-bf0c-70c48ec91c3b"
}
[VerifyToken] Request: { method: 'GET', url: '/', hasAuth: true }
[VerifyToken] Token decoded: {
  userUniqueId: '0358f7dd-837d-4e12-bf0c-70c48ec91c3b',
  phoneNumber: '+251974002143',
  roleId: 3,
  iat: 1786191401
}
[VerifyToken] User authenticated: {
  userUniqueId: '0358f7dd-837d-4e12-bf0c-70c48ec91c3b',
  phoneNumber: '+251974002143',
  roleId: undefined
}
15:16:46 [[32minfo[39m]: API Request
{
  "service": "ride-hailing-api",
  "environment": "development",
  "type": "API_REQUEST",
  "method": "GET",
  "url": "/api/admin/cancellationReasons",
  "statusCode": 200,
  "responseTime": "NaNms",
  "ip": "127.0.0.1",
  "userAgent": "axios/1.18.1",
  "userId": 669,
  "userUniqueId": "0358f7dd-837d-4e12-bf0c-70c48ec91c3b"
}
[VerifyToken] Request: { method: 'POST', url: '/', hasAuth: true }
[VerifyToken] Token decoded: {
  userUniqueId: '0358f7dd-837d-4e12-bf0c-70c48ec91c3b',
  phoneNumber: '+251974002143',
  roleId: 3,
  iat: 1786191401
}
[VerifyToken] User authenticated: {
  userUniqueId: '0358f7dd-837d-4e12-bf0c-70c48ec91c3b',
  phoneNumber: '+251974002143',
  roleId: undefined
}
15:16:46 [[32minfo[39m]: Transaction committed
{
  "service": "ride-hailing-api",
  "environment": "development",
  "transactionId": "txn_2026-08-08 12:16:46_z4mn2iwyj",
  "duration": "NaNms"
}
15:16:46 [[32minfo[39m]: API Request
{
  "service": "ride-hailing-api",
  "environment": "development",
  "type": "API_REQUEST",
  "method": "POST",
  "url": "/api/admin/cancellationReasons",
  "statusCode": 200,
  "responseTime": "NaNms",
  "ip": "127.0.0.1",
  "userAgent": "axios/1.18.1",
  "userId": 669,
  "userUniqueId": "0358f7dd-837d-4e12-bf0c-70c48ec91c3b"
}
[VerifyToken] Request: { method: 'GET', url: '/', hasAuth: true }
[VerifyToken] Token decoded: {
  userUniqueId: '0358f7dd-837d-4e12-bf0c-70c48ec91c3b',
  phoneNumber: '+251974002143',
  roleId: 3,
  iat: 1786191401
}
[VerifyToken] User authenticated: {
  userUniqueId: '0358f7dd-837d-4e12-bf0c-70c48ec91c3b',
  phoneNumber: '+251974002143',
  roleId: undefined
}
15:16:46 [[32minfo[39m]: API Request
{
  "service": "ride-hailing-api",
  "environment": "development",
  "type": "API_REQUEST",
  "method": "GET",
  "url": "/api/admin/cancellationReasons",
  "statusCode": 200,
  "responseTime": "NaNms",
  "ip": "127.0.0.1",
  "userAgent": "axios/1.18.1",
  "userId": 669,
  "userUniqueId": "0358f7dd-837d-4e12-bf0c-70c48ec91c3b"
}
[VerifyToken] Request: {
  method: 'PUT',
  url: '/42d41ef7-ba92-48ef-beca-82d6a9a4c1ae',
  hasAuth: true
}
[VerifyToken] Token decoded: {
  userUniqueId: '0358f7dd-837d-4e12-bf0c-70c48ec91c3b',
  phoneNumber: '+251974002143',
  roleId: 3,
  iat: 1786191401
}
[VerifyToken] User authenticated: {
  userUniqueId: '0358f7dd-837d-4e12-bf0c-70c48ec91c3b',
  phoneNumber: '+251974002143',
  roleId: undefined
}
15:16:46 [[32minfo[39m]: Transaction committed
{
  "service": "ride-hailing-api",
  "environment": "development",
  "transactionId": "txn_2026-08-08 12:16:46_dquic5xyc",
  "duration": "NaNms"
}
15:16:46 [[32minfo[39m]: API Request
{
  "service": "ride-hailing-api",
  "environment": "development",
  "type": "API_REQUEST",
  "method": "PUT",
  "url": "/api/admin/cancellationReasons/42d41ef7-ba92-48ef-beca-82d6a9a4c1ae",
  "statusCode": 200,
  "responseTime": "NaNms",
  "ip": "127.0.0.1",
  "userAgent": "axios/1.18.1",
  "userId": 669,
  "userUniqueId": "0358f7dd-837d-4e12-bf0c-70c48ec91c3b"
}
[VerifyToken] Request: { method: 'GET', url: '/', hasAuth: true }
[VerifyToken] Token decoded: {
  userUniqueId: '0358f7dd-837d-4e12-bf0c-70c48ec91c3b',
  phoneNumber: '+251974002143',
  roleId: 3,
  iat: 1786191401
}
[VerifyToken] User authenticated: {
  userUniqueId: '0358f7dd-837d-4e12-bf0c-70c48ec91c3b',
  phoneNumber: '+251974002143',
  roleId: undefined
}
15:16:46 [[32minfo[39m]: API Request
{
  "service": "ride-hailing-api",
  "environment": "development",
  "type": "API_REQUEST",
  "method": "GET",
  "url": "/api/admin/cancellationReasons",
  "statusCode": 200,
  "responseTime": "NaNms",
  "ip": "127.0.0.1",
  "userAgent": "axios/1.18.1",
  "userId": 669,
  "userUniqueId": "0358f7dd-837d-4e12-bf0c-70c48ec91c3b"
}
[VerifyToken] Request: {
  method: 'DELETE',
  url: '/42d41ef7-ba92-48ef-beca-82d6a9a4c1ae',
  hasAuth: true
}
[VerifyToken] Token decoded: {
  userUniqueId: '0358f7dd-837d-4e12-bf0c-70c48ec91c3b',
  phoneNumber: '+251974002143',
  roleId: 3,
  iat: 1786191401
}
[VerifyToken] User authenticated: {
  userUniqueId: '0358f7dd-837d-4e12-bf0c-70c48ec91c3b',
  phoneNumber: '+251974002143',
  roleId: undefined
}
15:16:46 [[32minfo[39m]: Transaction committed
{
  "service": "ride-hailing-api",
  "environment": "development",
  "transactionId": "txn_2026-08-08 12:16:46_isgz8oki7",
  "duration": "NaNms"
}
15:16:46 [[32minfo[39m]: API Request
{
  "service": "ride-hailing-api",
  "environment": "development",
  "type": "API_REQUEST",
  "method": "DELETE",
  "url": "/api/admin/cancellationReasons/42d41ef7-ba92-48ef-beca-82d6a9a4c1ae",
  "statusCode": 200,
  "responseTime": "NaNms",
  "ip": "127.0.0.1",
  "userAgent": "axios/1.18.1",
  "userId": 669,
  "userUniqueId": "0358f7dd-837d-4e12-bf0c-70c48ec91c3b"
}
[VerifyToken] Request: { method: 'GET', url: '/', hasAuth: true }
[VerifyToken] Token decoded: {
  userUniqueId: '0358f7dd-837d-4e12-bf0c-70c48ec91c3b',
  phoneNumber: '+251974002143',
  roleId: 3,
  iat: 1786191401
}
[VerifyToken] User authenticated: {
  userUniqueId: '0358f7dd-837d-4e12-bf0c-70c48ec91c3b',
  phoneNumber: '+251974002143',
  roleId: undefined
}
15:16:46 [[32minfo[39m]: API Request
{
  "service": "ride-hailing-api",
  "environment": "development",
  "type": "API_REQUEST",
  "method": "GET",
  "url": "/api/admin/cancellationReasons",
  "statusCode": 200,
  "responseTime": "NaNms",
  "ip": "127.0.0.1",
  "userAgent": "axios/1.18.1",
  "userId": 669,
  "userUniqueId": "0358f7dd-837d-4e12-bf0c-70c48ec91c3b"
}
[VerifyToken] Request: { method: 'GET', url: '/', hasAuth: true }
[VerifyToken] Token decoded: {
  userUniqueId: '0358f7dd-837d-4e12-bf0c-70c48ec91c3b',
  phoneNumber: '+251974002143',
  roleId: 3,
  iat: 1786191401
}
[VerifyToken] User authenticated: {
  userUniqueId: '0358f7dd-837d-4e12-bf0c-70c48ec91c3b',
  phoneNumber: '+251974002143',
  roleId: undefined
}
15:16:46 [[32minfo[39m]: API Request
{
  "service": "ride-hailing-api",
  "environment": "development",
  "type": "API_REQUEST",
  "method": "GET",
  "url": "/api/documentTypes",
  "statusCode": 200,
  "responseTime": "NaNms",
  "ip": "127.0.0.1",
  "userAgent": "axios/1.18.1",
  "userId": 669,
  "userUniqueId": "0358f7dd-837d-4e12-bf0c-70c48ec91c3b"
}
[VerifyToken] Request: { method: 'POST', url: '/', hasAuth: true }
[VerifyToken] Token decoded: {
  userUniqueId: '0358f7dd-837d-4e12-bf0c-70c48ec91c3b',
  phoneNumber: '+251974002143',
  roleId: 3,
  iat: 1786191401
}
[VerifyToken] User authenticated: {
  userUniqueId: '0358f7dd-837d-4e12-bf0c-70c48ec91c3b',
  phoneNumber: '+251974002143',
  roleId: undefined
}
15:16:46 [[32minfo[39m]: Transaction committed
{
  "service": "ride-hailing-api",
  "environment": "development",
  "transactionId": "txn_2026-08-08 12:16:46_nx1agmamn",
  "duration": "NaNms"
}
15:16:46 [[32minfo[39m]: API Request
{
  "service": "ride-hailing-api",
  "environment": "development",
  "type": "API_REQUEST",
  "method": "POST",
  "url": "/api/documentTypes",
  "statusCode": 200,
  "responseTime": "NaNms",
  "ip": "127.0.0.1",
  "userAgent": "axios/1.18.1",
  "userId": 669,
  "userUniqueId": "0358f7dd-837d-4e12-bf0c-70c48ec91c3b"
}
[VerifyToken] Request: { method: 'GET', url: '/', hasAuth: true }
[VerifyToken] Token decoded: {
  userUniqueId: '0358f7dd-837d-4e12-bf0c-70c48ec91c3b',
  phoneNumber: '+251974002143',
  roleId: 3,
  iat: 1786191401
}
[VerifyToken] User authenticated: {
  userUniqueId: '0358f7dd-837d-4e12-bf0c-70c48ec91c3b',
  phoneNumber: '+251974002143',
  roleId: undefined
}
15:16:46 [[32minfo[39m]: API Request
{
  "service": "ride-hailing-api",
  "environment": "development",
  "type": "API_REQUEST",
  "method": "GET",
  "url": "/api/documentTypes",
  "statusCode": 200,
  "responseTime": "NaNms",
  "ip": "127.0.0.1",
  "userAgent": "axios/1.18.1",
  "userId": 669,
  "userUniqueId": "0358f7dd-837d-4e12-bf0c-70c48ec91c3b"
}
[VerifyToken] Request: { method: 'GET', url: '/', hasAuth: true }
[VerifyToken] Token decoded: {
  userUniqueId: '0358f7dd-837d-4e12-bf0c-70c48ec91c3b',
  phoneNumber: '+251974002143',
  roleId: 3,
  iat: 1786191401
}
[VerifyToken] User authenticated: {
  userUniqueId: '0358f7dd-837d-4e12-bf0c-70c48ec91c3b',
  phoneNumber: '+251974002143',
  roleId: undefined
}
15:16:46 [[32minfo[39m]: API Request
{
  "service": "ride-hailing-api",
  "environment": "development",
  "type": "API_REQUEST",
  "method": "GET",
  "url": "/api/documentTypes",
  "statusCode": 200,
  "responseTime": "NaNms",
  "ip": "127.0.0.1",
  "userAgent": "axios/1.18.1",
  "userId": 669,
  "userUniqueId": "0358f7dd-837d-4e12-bf0c-70c48ec91c3b"
}
[VerifyToken] Request: {
  method: 'PUT',
  url: '/47e7e837-5d46-4fa7-a9cc-6b3805c50621',
  hasAuth: true
}
[VerifyToken] Token decoded: {
  userUniqueId: '0358f7dd-837d-4e12-bf0c-70c48ec91c3b',
  phoneNumber: '+251974002143',
  roleId: 3,
  iat: 1786191401
}
[VerifyToken] User authenticated: {
  userUniqueId: '0358f7dd-837d-4e12-bf0c-70c48ec91c3b',
  phoneNumber: '+251974002143',
  roleId: undefined
}
15:16:46 [[32minfo[39m]: Transaction committed
{
  "service": "ride-hailing-api",
  "environment": "development",
  "transactionId": "txn_2026-08-08 12:16:46_2mjugf1z0",
  "duration": "NaNms"
}
15:16:46 [[32minfo[39m]: API Request
{
  "service": "ride-hailing-api",
  "environment": "development",
  "type": "API_REQUEST",
  "method": "PUT",
  "url": "/api/documentTypes/47e7e837-5d46-4fa7-a9cc-6b3805c50621",
  "statusCode": 200,
  "responseTime": "NaNms",
  "ip": "127.0.0.1",
  "userAgent": "axios/1.18.1",
  "userId": 669,
  "userUniqueId": "0358f7dd-837d-4e12-bf0c-70c48ec91c3b"
}
[VerifyToken] Request: { method: 'GET', url: '/', hasAuth: true }
[VerifyToken] Token decoded: {
  userUniqueId: '0358f7dd-837d-4e12-bf0c-70c48ec91c3b',
  phoneNumber: '+251974002143',
  roleId: 3,
  iat: 1786191401
}
[VerifyToken] User authenticated: {
  userUniqueId: '0358f7dd-837d-4e12-bf0c-70c48ec91c3b',
  phoneNumber: '+251974002143',
  roleId: undefined
}
15:16:46 [[32minfo[39m]: API Request
{
  "service": "ride-hailing-api",
  "environment": "development",
  "type": "API_REQUEST",
  "method": "GET",
  "url": "/api/documentTypes",
  "statusCode": 200,
  "responseTime": "NaNms",
  "ip": "127.0.0.1",
  "userAgent": "axios/1.18.1",
  "userId": 669,
  "userUniqueId": "0358f7dd-837d-4e12-bf0c-70c48ec91c3b"
}
[VerifyToken] Request: {
  method: 'DELETE',
  url: '/47e7e837-5d46-4fa7-a9cc-6b3805c50621',
  hasAuth: true
}
[VerifyToken] Token decoded: {
  userUniqueId: '0358f7dd-837d-4e12-bf0c-70c48ec91c3b',
  phoneNumber: '+251974002143',
  roleId: 3,
  iat: 1786191401
}
[VerifyToken] User authenticated: {
  userUniqueId: '0358f7dd-837d-4e12-bf0c-70c48ec91c3b',
  phoneNumber: '+251974002143',
  roleId: undefined
}
15:16:46 [[32minfo[39m]: Transaction committed
{
  "service": "ride-hailing-api",
  "environment": "development",
  "transactionId": "txn_2026-08-08 12:16:46_uh0zfimwg",
  "duration": "NaNms"
}
15:16:46 [[32minfo[39m]: API Request
{
  "service": "ride-hailing-api",
  "environment": "development",
  "type": "API_REQUEST",
  "method": "DELETE",
  "url": "/api/documentTypes/47e7e837-5d46-4fa7-a9cc-6b3805c50621",
  "statusCode": 200,
  "responseTime": "NaNms",
  "ip": "127.0.0.1",
  "userAgent": "axios/1.18.1",
  "userId": 669,
  "userUniqueId": "0358f7dd-837d-4e12-bf0c-70c48ec91c3b"
}
[VerifyToken] Request: { method: 'GET', url: '/', hasAuth: true }
[VerifyToken] Token decoded: {
  userUniqueId: '0358f7dd-837d-4e12-bf0c-70c48ec91c3b',
  phoneNumber: '+251974002143',
  roleId: 3,
  iat: 1786191401
}
[VerifyToken] User authenticated: {
  userUniqueId: '0358f7dd-837d-4e12-bf0c-70c48ec91c3b',
  phoneNumber: '+251974002143',
  roleId: undefined
}
15:16:46 [[32minfo[39m]: API Request
{
  "service": "ride-hailing-api",
  "environment": "development",
  "type": "API_REQUEST",
  "method": "GET",
  "url": "/api/documentTypes",
  "statusCode": 200,
  "responseTime": "NaNms",
  "ip": "127.0.0.1",
  "userAgent": "axios/1.18.1",
  "userId": 669,
  "userUniqueId": "0358f7dd-837d-4e12-bf0c-70c48ec91c3b"
}
[VerifyToken] Request: { method: 'GET', url: '/', hasAuth: true }
[VerifyToken] Token decoded: {
  userUniqueId: '0358f7dd-837d-4e12-bf0c-70c48ec91c3b',
  phoneNumber: '+251974002143',
  roleId: 3,
  iat: 1786191401
}
[VerifyToken] User authenticated: {
  userUniqueId: '0358f7dd-837d-4e12-bf0c-70c48ec91c3b',
  phoneNumber: '+251974002143',
  roleId: undefined
}
15:16:46 [[32minfo[39m]: API Request
{
  "service": "ride-hailing-api",
  "environment": "development",
  "type": "API_REQUEST",
  "method": "GET",
  "url": "/api/RoleDocumentRequirements",
  "statusCode": 200,
  "responseTime": "NaNms",
  "ip": "127.0.0.1",
  "userAgent": "axios/1.18.1",
  "userId": 669,
  "userUniqueId": "0358f7dd-837d-4e12-bf0c-70c48ec91c3b"
}
[VerifyToken] Request: { method: 'GET', url: '/?roleId=2', hasAuth: true }
[VerifyToken] Token decoded: {
  userUniqueId: '0358f7dd-837d-4e12-bf0c-70c48ec91c3b',
  phoneNumber: '+251974002143',
  roleId: 3,
  iat: 1786191401
}
[VerifyToken] User authenticated: {
  userUniqueId: '0358f7dd-837d-4e12-bf0c-70c48ec91c3b',
  phoneNumber: '+251974002143',
  roleId: undefined
}
15:16:46 [[32minfo[39m]: API Request
{
  "service": "ride-hailing-api",
  "environment": "development",
  "type": "API_REQUEST",
  "method": "GET",
  "url": "/api/RoleDocumentRequirements?roleId=2",
  "statusCode": 200,
  "responseTime": "NaNms",
  "ip": "127.0.0.1",
  "userAgent": "axios/1.18.1",
  "userId": 669,
  "userUniqueId": "0358f7dd-837d-4e12-bf0c-70c48ec91c3b"
}
[VerifyToken] Request: { method: 'POST', url: '/', hasAuth: true }
[VerifyToken] Token decoded: {
  userUniqueId: '0358f7dd-837d-4e12-bf0c-70c48ec91c3b',
  phoneNumber: '+251974002143',
  roleId: 3,
  iat: 1786191401
}
[VerifyToken] User authenticated: {
  userUniqueId: '0358f7dd-837d-4e12-bf0c-70c48ec91c3b',
  phoneNumber: '+251974002143',
  roleId: undefined
}
15:16:46 [[32minfo[39m]: Transaction committed
{
  "service": "ride-hailing-api",
  "environment": "development",
  "transactionId": "txn_2026-08-08 12:16:46_7zg85xdeh",
  "duration": "NaNms"
}
15:16:46 [[32minfo[39m]: API Request
{
  "service": "ride-hailing-api",
  "environment": "development",
  "type": "API_REQUEST",
  "method": "POST",
  "url": "/api/RoleDocumentRequirements",
  "statusCode": 200,
  "responseTime": "NaNms",
  "ip": "127.0.0.1",
  "userAgent": "axios/1.18.1",
  "userId": 669,
  "userUniqueId": "0358f7dd-837d-4e12-bf0c-70c48ec91c3b"
}
[VerifyToken] Request: { method: 'GET', url: '/', hasAuth: true }
[VerifyToken] Token decoded: {
  userUniqueId: '0358f7dd-837d-4e12-bf0c-70c48ec91c3b',
  phoneNumber: '+251974002143',
  roleId: 3,
  iat: 1786191401
}
[VerifyToken] User authenticated: {
  userUniqueId: '0358f7dd-837d-4e12-bf0c-70c48ec91c3b',
  phoneNumber: '+251974002143',
  roleId: undefined
}
15:16:46 [[32minfo[39m]: API Request
{
  "service": "ride-hailing-api",
  "environment": "development",
  "type": "API_REQUEST",
  "method": "GET",
  "url": "/api/RoleDocumentRequirements",
  "statusCode": 200,
  "responseTime": "NaNms",
  "ip": "127.0.0.1",
  "userAgent": "axios/1.18.1",
  "userId": 669,
  "userUniqueId": "0358f7dd-837d-4e12-bf0c-70c48ec91c3b"
}
[VerifyToken] Request: {
  method: 'PUT',
  url: '/456a1746-2857-4016-9b9f-7c331ae9c8d0',
  hasAuth: true
}
[VerifyToken] Token decoded: {
  userUniqueId: '0358f7dd-837d-4e12-bf0c-70c48ec91c3b',
  phoneNumber: '+251974002143',
  roleId: 3,
  iat: 1786191401
}
[VerifyToken] User authenticated: {
  userUniqueId: '0358f7dd-837d-4e12-bf0c-70c48ec91c3b',
  phoneNumber: '+251974002143',
  roleId: undefined
}
15:16:46 [[32minfo[39m]: Transaction committed
{
  "service": "ride-hailing-api",
  "environment": "development",
  "transactionId": "txn_2026-08-08 12:16:46_7qb2ksn5d",
  "duration": "NaNms"
}
15:16:46 [[32minfo[39m]: API Request
{
  "service": "ride-hailing-api",
  "environment": "development",
  "type": "API_REQUEST",
  "method": "PUT",
  "url": "/api/RoleDocumentRequirements/456a1746-2857-4016-9b9f-7c331ae9c8d0",
  "statusCode": 200,
  "responseTime": "NaNms",
  "ip": "127.0.0.1",
  "userAgent": "axios/1.18.1",
  "userId": 669,
  "userUniqueId": "0358f7dd-837d-4e12-bf0c-70c48ec91c3b"
}
[VerifyToken] Request: { method: 'GET', url: '/', hasAuth: true }
[VerifyToken] Token decoded: {
  userUniqueId: '0358f7dd-837d-4e12-bf0c-70c48ec91c3b',
  phoneNumber: '+251974002143',
  roleId: 3,
  iat: 1786191401
}
[VerifyToken] User authenticated: {
  userUniqueId: '0358f7dd-837d-4e12-bf0c-70c48ec91c3b',
  phoneNumber: '+251974002143',
  roleId: undefined
}
15:16:46 [[32minfo[39m]: API Request
{
  "service": "ride-hailing-api",
  "environment": "development",
  "type": "API_REQUEST",
  "method": "GET",
  "url": "/api/RoleDocumentRequirements",
  "statusCode": 200,
  "responseTime": "NaNms",
  "ip": "127.0.0.1",
  "userAgent": "axios/1.18.1",
  "userId": 669,
  "userUniqueId": "0358f7dd-837d-4e12-bf0c-70c48ec91c3b"
}
[VerifyToken] Request: {
  method: 'DELETE',
  url: '/456a1746-2857-4016-9b9f-7c331ae9c8d0',
  hasAuth: true
}
[VerifyToken] Token decoded: {
  userUniqueId: '0358f7dd-837d-4e12-bf0c-70c48ec91c3b',
  phoneNumber: '+251974002143',
  roleId: 3,
  iat: 1786191401
}
[VerifyToken] User authenticated: {
  userUniqueId: '0358f7dd-837d-4e12-bf0c-70c48ec91c3b',
  phoneNumber: '+251974002143',
  roleId: undefined
}
15:16:46 [[32minfo[39m]: Transaction committed
{
  "service": "ride-hailing-api",
  "environment": "development",
  "transactionId": "txn_2026-08-08 12:16:46_d2624fjyt",
  "duration": "NaNms"
}
15:16:46 [[32minfo[39m]: API Request
{
  "service": "ride-hailing-api",
  "environment": "development",
  "type": "API_REQUEST",
  "method": "DELETE",
  "url": "/api/RoleDocumentRequirements/456a1746-2857-4016-9b9f-7c331ae9c8d0",
  "statusCode": 200,
  "responseTime": "NaNms",
  "ip": "127.0.0.1",
  "userAgent": "axios/1.18.1",
  "userId": 669,
  "userUniqueId": "0358f7dd-837d-4e12-bf0c-70c48ec91c3b"
}
[VerifyToken] Request: { method: 'GET', url: '/', hasAuth: true }
[VerifyToken] Token decoded: {
  userUniqueId: '0358f7dd-837d-4e12-bf0c-70c48ec91c3b',
  phoneNumber: '+251974002143',
  roleId: 3,
  iat: 1786191401
}
[VerifyToken] User authenticated: {
  userUniqueId: '0358f7dd-837d-4e12-bf0c-70c48ec91c3b',
  phoneNumber: '+251974002143',
  roleId: undefined
}
15:16:46 [[32minfo[39m]: API Request
{
  "service": "ride-hailing-api",
  "environment": "development",
  "type": "API_REQUEST",
  "method": "GET",
  "url": "/api/RoleDocumentRequirements",
  "statusCode": 200,
  "responseTime": "NaNms",
  "ip": "127.0.0.1",
  "userAgent": "axios/1.18.1",
  "userId": 669,
  "userUniqueId": "0358f7dd-837d-4e12-bf0c-70c48ec91c3b"
}
[VerifyToken] Request: { method: 'GET', url: '/', hasAuth: true }
[VerifyToken] Token decoded: {
  userUniqueId: '0358f7dd-837d-4e12-bf0c-70c48ec91c3b',
  phoneNumber: '+251974002143',
  roleId: 3,
  iat: 1786191401
}
[VerifyToken] User authenticated: {
  userUniqueId: '0358f7dd-837d-4e12-bf0c-70c48ec91c3b',
  phoneNumber: '+251974002143',
  roleId: undefined
}
15:16:46 [[32minfo[39m]: API Request
{
  "service": "ride-hailing-api",
  "environment": "development",
  "type": "API_REQUEST",
  "method": "GET",
  "url": "/api/admin/statuses",
  "statusCode": 200,
  "responseTime": "NaNms",
  "ip": "127.0.0.1",
  "userAgent": "axios/1.18.1",
  "userId": 669,
  "userUniqueId": "0358f7dd-837d-4e12-bf0c-70c48ec91c3b"
}
[VerifyToken] Request: { method: 'POST', url: '/', hasAuth: true }
[VerifyToken] Token decoded: {
  userUniqueId: '0358f7dd-837d-4e12-bf0c-70c48ec91c3b',
  phoneNumber: '+251974002143',
  roleId: 3,
  iat: 1786191401
}
[VerifyToken] User authenticated: {
  userUniqueId: '0358f7dd-837d-4e12-bf0c-70c48ec91c3b',
  phoneNumber: '+251974002143',
  roleId: undefined
}
15:16:46 [[32minfo[39m]: Transaction committed
{
  "service": "ride-hailing-api",
  "environment": "development",
  "transactionId": "txn_2026-08-08 12:16:46_lj18vomy6",
  "duration": "NaNms"
}
15:16:46 [[32minfo[39m]: API Request
{
  "service": "ride-hailing-api",
  "environment": "development",
  "type": "API_REQUEST",
  "method": "POST",
  "url": "/api/admin/statuses",
  "statusCode": 200,
  "responseTime": "NaNms",
  "ip": "127.0.0.1",
  "userAgent": "axios/1.18.1",
  "userId": 669,
  "userUniqueId": "0358f7dd-837d-4e12-bf0c-70c48ec91c3b"
}
[VerifyToken] Request: { method: 'GET', url: '/', hasAuth: true }
[VerifyToken] Token decoded: {
  userUniqueId: '0358f7dd-837d-4e12-bf0c-70c48ec91c3b',
  phoneNumber: '+251974002143',
  roleId: 3,
  iat: 1786191401
}
[VerifyToken] User authenticated: {
  userUniqueId: '0358f7dd-837d-4e12-bf0c-70c48ec91c3b',
  phoneNumber: '+251974002143',
  roleId: undefined
}
15:16:46 [[32minfo[39m]: API Request
{
  "service": "ride-hailing-api",
  "environment": "development",
  "type": "API_REQUEST",
  "method": "GET",
  "url": "/api/admin/statuses",
  "statusCode": 200,
  "responseTime": "NaNms",
  "ip": "127.0.0.1",
  "userAgent": "axios/1.18.1",
  "userId": 669,
  "userUniqueId": "0358f7dd-837d-4e12-bf0c-70c48ec91c3b"
}
[VerifyToken] Request: {
  method: 'PUT',
  url: '/87ddb022-2264-4521-b0e6-27e945e1b6d7',
  hasAuth: true
}
[VerifyToken] Token decoded: {
  userUniqueId: '0358f7dd-837d-4e12-bf0c-70c48ec91c3b',
  phoneNumber: '+251974002143',
  roleId: 3,
  iat: 1786191401
}
[VerifyToken] User authenticated: {
  userUniqueId: '0358f7dd-837d-4e12-bf0c-70c48ec91c3b',
  phoneNumber: '+251974002143',
  roleId: undefined
}
15:16:46 [[32minfo[39m]: Transaction committed
{
  "service": "ride-hailing-api",
  "environment": "development",
  "transactionId": "txn_2026-08-08 12:16:46_r1kv42py1",
  "duration": "NaNms"
}
15:16:46 [[32minfo[39m]: API Request
{
  "service": "ride-hailing-api",
  "environment": "development",
  "type": "API_REQUEST",
  "method": "PUT",
  "url": "/api/admin/statuses/87ddb022-2264-4521-b0e6-27e945e1b6d7",
  "statusCode": 200,
  "responseTime": "NaNms",
  "ip": "127.0.0.1",
  "userAgent": "axios/1.18.1",
  "userId": 669,
  "userUniqueId": "0358f7dd-837d-4e12-bf0c-70c48ec91c3b"
}
[VerifyToken] Request: { method: 'GET', url: '/', hasAuth: true }
[VerifyToken] Token decoded: {
  userUniqueId: '0358f7dd-837d-4e12-bf0c-70c48ec91c3b',
  phoneNumber: '+251974002143',
  roleId: 3,
  iat: 1786191401
}
[VerifyToken] User authenticated: {
  userUniqueId: '0358f7dd-837d-4e12-bf0c-70c48ec91c3b',
  phoneNumber: '+251974002143',
  roleId: undefined
}
15:16:46 [[32minfo[39m]: API Request
{
  "service": "ride-hailing-api",
  "environment": "development",
  "type": "API_REQUEST",
  "method": "GET",
  "url": "/api/admin/statuses",
  "statusCode": 200,
  "responseTime": "NaNms",
  "ip": "127.0.0.1",
  "userAgent": "axios/1.18.1",
  "userId": 669,
  "userUniqueId": "0358f7dd-837d-4e12-bf0c-70c48ec91c3b"
}
[VerifyToken] Request: {
  method: 'DELETE',
  url: '/87ddb022-2264-4521-b0e6-27e945e1b6d7',
  hasAuth: true
}
[VerifyToken] Token decoded: {
  userUniqueId: '0358f7dd-837d-4e12-bf0c-70c48ec91c3b',
  phoneNumber: '+251974002143',
  roleId: 3,
  iat: 1786191401
}
[VerifyToken] User authenticated: {
  userUniqueId: '0358f7dd-837d-4e12-bf0c-70c48ec91c3b',
  phoneNumber: '+251974002143',
  roleId: undefined
}
15:16:46 [[32minfo[39m]: Transaction committed
{
  "service": "ride-hailing-api",
  "environment": "development",
  "transactionId": "txn_2026-08-08 12:16:46_zy87xv9lf",
  "duration": "NaNms"
}
15:16:46 [[32minfo[39m]: API Request
{
  "service": "ride-hailing-api",
  "environment": "development",
  "type": "API_REQUEST",
  "method": "DELETE",
  "url": "/api/admin/statuses/87ddb022-2264-4521-b0e6-27e945e1b6d7",
  "statusCode": 200,
  "responseTime": "NaNms",
  "ip": "127.0.0.1",
  "userAgent": "axios/1.18.1",
  "userId": 669,
  "userUniqueId": "0358f7dd-837d-4e12-bf0c-70c48ec91c3b"
}
[VerifyToken] Request: { method: 'GET', url: '/', hasAuth: true }
[VerifyToken] Token decoded: {
  userUniqueId: '0358f7dd-837d-4e12-bf0c-70c48ec91c3b',
  phoneNumber: '+251974002143',
  roleId: 3,
  iat: 1786191401
}
[VerifyToken] User authenticated: {
  userUniqueId: '0358f7dd-837d-4e12-bf0c-70c48ec91c3b',
  phoneNumber: '+251974002143',
  roleId: undefined
}
15:16:46 [[32minfo[39m]: API Request
{
  "service": "ride-hailing-api",
  "environment": "development",
  "type": "API_REQUEST",
  "method": "GET",
  "url": "/api/admin/statuses",
  "statusCode": 200,
  "responseTime": "NaNms",
  "ip": "127.0.0.1",
  "userAgent": "axios/1.18.1",
  "userId": 669,
  "userUniqueId": "0358f7dd-837d-4e12-bf0c-70c48ec91c3b"
}
[VerifyToken] Request: { method: 'GET', url: '/', hasAuth: true }
[VerifyToken] Token decoded: {
  userUniqueId: '0358f7dd-837d-4e12-bf0c-70c48ec91c3b',
  phoneNumber: '+251974002143',
  roleId: 3,
  iat: 1786191401
}
[VerifyToken] User authenticated: {
  userUniqueId: '0358f7dd-837d-4e12-bf0c-70c48ec91c3b',
  phoneNumber: '+251974002143',
  roleId: undefined
}
15:16:46 [[32minfo[39m]: API Request
{
  "service": "ride-hailing-api",
  "environment": "development",
  "type": "API_REQUEST",
  "method": "GET",
  "url": "/api/admin/delinquencyTypes",
  "statusCode": 200,
  "responseTime": "NaNms",
  "ip": "127.0.0.1",
  "userAgent": "axios/1.18.1",
  "userId": 669,
  "userUniqueId": "0358f7dd-837d-4e12-bf0c-70c48ec91c3b"
}
[VerifyToken] Request: { method: 'POST', url: '/', hasAuth: true }
[VerifyToken] Token decoded: {
  userUniqueId: '0358f7dd-837d-4e12-bf0c-70c48ec91c3b',
  phoneNumber: '+251974002143',
  roleId: 3,
  iat: 1786191401
}
[VerifyToken] User authenticated: {
  userUniqueId: '0358f7dd-837d-4e12-bf0c-70c48ec91c3b',
  phoneNumber: '+251974002143',
  roleId: undefined
}
15:16:46 [[32minfo[39m]: Transaction committed
{
  "service": "ride-hailing-api",
  "environment": "development",
  "transactionId": "txn_2026-08-08 12:16:46_jsxcuf6fo",
  "duration": "NaNms"
}
15:16:46 [[32minfo[39m]: API Request
{
  "service": "ride-hailing-api",
  "environment": "development",
  "type": "API_REQUEST",
  "method": "POST",
  "url": "/api/admin/delinquencyTypes",
  "statusCode": 200,
  "responseTime": "NaNms",
  "ip": "127.0.0.1",
  "userAgent": "axios/1.18.1",
  "userId": 669,
  "userUniqueId": "0358f7dd-837d-4e12-bf0c-70c48ec91c3b"
}
[VerifyToken] Request: { method: 'GET', url: '/', hasAuth: true }
[VerifyToken] Token decoded: {
  userUniqueId: '0358f7dd-837d-4e12-bf0c-70c48ec91c3b',
  phoneNumber: '+251974002143',
  roleId: 3,
  iat: 1786191401
}
[VerifyToken] User authenticated: {
  userUniqueId: '0358f7dd-837d-4e12-bf0c-70c48ec91c3b',
  phoneNumber: '+251974002143',
  roleId: undefined
}
15:16:46 [[32minfo[39m]: API Request
{
  "service": "ride-hailing-api",
  "environment": "development",
  "type": "API_REQUEST",
  "method": "GET",
  "url": "/api/finance/tariffRate",
  "statusCode": 200,
  "responseTime": "NaNms",
  "ip": "127.0.0.1",
  "userAgent": "axios/1.18.1",
  "userId": 669,
  "userUniqueId": "0358f7dd-837d-4e12-bf0c-70c48ec91c3b"
}
[VerifyToken] Request: { method: 'POST', url: '/', hasAuth: true }
[VerifyToken] Token decoded: {
  userUniqueId: '0358f7dd-837d-4e12-bf0c-70c48ec91c3b',
  phoneNumber: '+251974002143',
  roleId: 3,
  iat: 1786191401
}
[VerifyToken] User authenticated: {
  userUniqueId: '0358f7dd-837d-4e12-bf0c-70c48ec91c3b',
  phoneNumber: '+251974002143',
  roleId: undefined
}
15:16:46 [[32minfo[39m]: Transaction committed
{
  "service": "ride-hailing-api",
  "environment": "development",
  "transactionId": "txn_2026-08-08 12:16:46_7ltbao0fh",
  "duration": "NaNms"
}
15:16:46 [[32minfo[39m]: API Request
{
  "service": "ride-hailing-api",
  "environment": "development",
  "type": "API_REQUEST",
  "method": "POST",
  "url": "/api/finance/tariffRate",
  "statusCode": 200,
  "responseTime": "NaNms",
  "ip": "127.0.0.1",
  "userAgent": "axios/1.18.1",
  "userId": 669,
  "userUniqueId": "0358f7dd-837d-4e12-bf0c-70c48ec91c3b"
}
[VerifyToken] Request: { method: 'GET', url: '/', hasAuth: true }
[VerifyToken] Token decoded: {
  userUniqueId: '0358f7dd-837d-4e12-bf0c-70c48ec91c3b',
  phoneNumber: '+251974002143',
  roleId: 3,
  iat: 1786191401
}
[VerifyToken] User authenticated: {
  userUniqueId: '0358f7dd-837d-4e12-bf0c-70c48ec91c3b',
  phoneNumber: '+251974002143',
  roleId: undefined
}
15:16:46 [[32minfo[39m]: API Request
{
  "service": "ride-hailing-api",
  "environment": "development",
  "type": "API_REQUEST",
  "method": "GET",
  "url": "/api/finance/tariffRate",
  "statusCode": 200,
  "responseTime": "NaNms",
  "ip": "127.0.0.1",
  "userAgent": "axios/1.18.1",
  "userId": 669,
  "userUniqueId": "0358f7dd-837d-4e12-bf0c-70c48ec91c3b"
}
[VerifyToken] Request: {
  method: 'PUT',
  url: '/719b8783-25d6-49c1-be18-2693da7cf45f',
  hasAuth: true
}
[VerifyToken] Token decoded: {
  userUniqueId: '0358f7dd-837d-4e12-bf0c-70c48ec91c3b',
  phoneNumber: '+251974002143',
  roleId: 3,
  iat: 1786191401
}
[VerifyToken] User authenticated: {
  userUniqueId: '0358f7dd-837d-4e12-bf0c-70c48ec91c3b',
  phoneNumber: '+251974002143',
  roleId: undefined
}
15:16:46 [[32minfo[39m]: Transaction committed
{
  "service": "ride-hailing-api",
  "environment": "development",
  "transactionId": "txn_2026-08-08 12:16:46_jb9ij03pe",
  "duration": "NaNms"
}
15:16:46 [[32minfo[39m]: API Request
{
  "service": "ride-hailing-api",
  "environment": "development",
  "type": "API_REQUEST",
  "method": "PUT",
  "url": "/api/finance/tariffRate/719b8783-25d6-49c1-be18-2693da7cf45f",
  "statusCode": 200,
  "responseTime": "NaNms",
  "ip": "127.0.0.1",
  "userAgent": "axios/1.18.1",
  "userId": 669,
  "userUniqueId": "0358f7dd-837d-4e12-bf0c-70c48ec91c3b"
}
[VerifyToken] Request: { method: 'GET', url: '/', hasAuth: true }
[VerifyToken] Token decoded: {
  userUniqueId: '0358f7dd-837d-4e12-bf0c-70c48ec91c3b',
  phoneNumber: '+251974002143',
  roleId: 3,
  iat: 1786191401
}
[VerifyToken] User authenticated: {
  userUniqueId: '0358f7dd-837d-4e12-bf0c-70c48ec91c3b',
  phoneNumber: '+251974002143',
  roleId: undefined
}
15:16:46 [[32minfo[39m]: API Request
{
  "service": "ride-hailing-api",
  "environment": "development",
  "type": "API_REQUEST",
  "method": "GET",
  "url": "/api/finance/tariffRate",
  "statusCode": 200,
  "responseTime": "NaNms",
  "ip": "127.0.0.1",
  "userAgent": "axios/1.18.1",
  "userId": 669,
  "userUniqueId": "0358f7dd-837d-4e12-bf0c-70c48ec91c3b"
}
[VerifyToken] Request: {
  method: 'DELETE',
  url: '/719b8783-25d6-49c1-be18-2693da7cf45f',
  hasAuth: true
}
[VerifyToken] Token decoded: {
  userUniqueId: '0358f7dd-837d-4e12-bf0c-70c48ec91c3b',
  phoneNumber: '+251974002143',
  roleId: 3,
  iat: 1786191401
}
[VerifyToken] User authenticated: {
  userUniqueId: '0358f7dd-837d-4e12-bf0c-70c48ec91c3b',
  phoneNumber: '+251974002143',
  roleId: undefined
}
15:16:46 [[32minfo[39m]: Transaction committed
{
  "service": "ride-hailing-api",
  "environment": "development",
  "transactionId": "txn_2026-08-08 12:16:46_xr8ptdeie",
  "duration": "NaNms"
}
15:16:46 [[32minfo[39m]: API Request
{
  "service": "ride-hailing-api",
  "environment": "development",
  "type": "API_REQUEST",
  "method": "DELETE",
  "url": "/api/finance/tariffRate/719b8783-25d6-49c1-be18-2693da7cf45f",
  "statusCode": 200,
  "responseTime": "NaNms",
  "ip": "127.0.0.1",
  "userAgent": "axios/1.18.1",
  "userId": 669,
  "userUniqueId": "0358f7dd-837d-4e12-bf0c-70c48ec91c3b"
}
[VerifyToken] Request: { method: 'GET', url: '/', hasAuth: true }
[VerifyToken] Token decoded: {
  userUniqueId: '0358f7dd-837d-4e12-bf0c-70c48ec91c3b',
  phoneNumber: '+251974002143',
  roleId: 3,
  iat: 1786191401
}
[VerifyToken] User authenticated: {
  userUniqueId: '0358f7dd-837d-4e12-bf0c-70c48ec91c3b',
  phoneNumber: '+251974002143',
  roleId: undefined
}
15:16:46 [[32minfo[39m]: API Request
{
  "service": "ride-hailing-api",
  "environment": "development",
  "type": "API_REQUEST",
  "method": "GET",
  "url": "/api/finance/tariffRate",
  "statusCode": 200,
  "responseTime": "NaNms",
  "ip": "127.0.0.1",
  "userAgent": "axios/1.18.1",
  "userId": 669,
  "userUniqueId": "0358f7dd-837d-4e12-bf0c-70c48ec91c3b"
}
[VerifyToken] Request: { method: 'GET', url: '/', hasAuth: true }
[VerifyToken] Token decoded: {
  userUniqueId: '0358f7dd-837d-4e12-bf0c-70c48ec91c3b',
  phoneNumber: '+251974002143',
  roleId: 3,
  iat: 1786191401
}
[VerifyToken] User authenticated: {
  userUniqueId: '0358f7dd-837d-4e12-bf0c-70c48ec91c3b',
  phoneNumber: '+251974002143',
  roleId: undefined
}
15:16:46 [[32minfo[39m]: API Request
{
  "service": "ride-hailing-api",
  "environment": "development",
  "type": "API_REQUEST",
  "method": "GET",
  "url": "/api/finance/depositSource",
  "statusCode": 200,
  "responseTime": "NaNms",
  "ip": "127.0.0.1",
  "userAgent": "axios/1.18.1",
  "userId": 669,
  "userUniqueId": "0358f7dd-837d-4e12-bf0c-70c48ec91c3b"
}
[VerifyToken] Request: { method: 'POST', url: '/', hasAuth: true }
[VerifyToken] Token decoded: {
  userUniqueId: '0358f7dd-837d-4e12-bf0c-70c48ec91c3b',
  phoneNumber: '+251974002143',
  roleId: 3,
  iat: 1786191401
}
[VerifyToken] User authenticated: {
  userUniqueId: '0358f7dd-837d-4e12-bf0c-70c48ec91c3b',
  phoneNumber: '+251974002143',
  roleId: undefined
}
15:16:46 [[32minfo[39m]: Transaction committed
{
  "service": "ride-hailing-api",
  "environment": "development",
  "transactionId": "txn_2026-08-08 12:16:46_82dh3jhkt",
  "duration": "NaNms"
}
15:16:46 [[32minfo[39m]: API Request
{
  "service": "ride-hailing-api",
  "environment": "development",
  "type": "API_REQUEST",
  "method": "POST",
  "url": "/api/finance/depositSource",
  "statusCode": 200,
  "responseTime": "NaNms",
  "ip": "127.0.0.1",
  "userAgent": "axios/1.18.1",
  "userId": 669,
  "userUniqueId": "0358f7dd-837d-4e12-bf0c-70c48ec91c3b"
}
[VerifyToken] Request: { method: 'GET', url: '/', hasAuth: true }
[VerifyToken] Token decoded: {
  userUniqueId: '0358f7dd-837d-4e12-bf0c-70c48ec91c3b',
  phoneNumber: '+251974002143',
  roleId: 3,
  iat: 1786191401
}
[VerifyToken] User authenticated: {
  userUniqueId: '0358f7dd-837d-4e12-bf0c-70c48ec91c3b',
  phoneNumber: '+251974002143',
  roleId: undefined
}
15:16:46 [[32minfo[39m]: API Request
{
  "service": "ride-hailing-api",
  "environment": "development",
  "type": "API_REQUEST",
  "method": "GET",
  "url": "/api/finance/depositSource",
  "statusCode": 200,
  "responseTime": "NaNms",
  "ip": "127.0.0.1",
  "userAgent": "axios/1.18.1",
  "userId": 669,
  "userUniqueId": "0358f7dd-837d-4e12-bf0c-70c48ec91c3b"
}
[VerifyToken] Request: {
  method: 'GET',
  url: '/d657de45-6404-4314-a2cd-9f3b91982a73',
  hasAuth: true
}
[VerifyToken] Token decoded: {
  userUniqueId: '0358f7dd-837d-4e12-bf0c-70c48ec91c3b',
  phoneNumber: '+251974002143',
  roleId: 3,
  iat: 1786191401
}
[VerifyToken] User authenticated: {
  userUniqueId: '0358f7dd-837d-4e12-bf0c-70c48ec91c3b',
  phoneNumber: '+251974002143',
  roleId: undefined
}
15:16:46 [[32minfo[39m]: API Request
{
  "service": "ride-hailing-api",
  "environment": "development",
  "type": "API_REQUEST",
  "method": "GET",
  "url": "/api/finance/depositSource/d657de45-6404-4314-a2cd-9f3b91982a73",
  "statusCode": 200,
  "responseTime": "NaNms",
  "ip": "127.0.0.1",
  "userAgent": "axios/1.18.1",
  "userId": 669,
  "userUniqueId": "0358f7dd-837d-4e12-bf0c-70c48ec91c3b"
}
[VerifyToken] Request: {
  method: 'PUT',
  url: '/d657de45-6404-4314-a2cd-9f3b91982a73',
  hasAuth: true
}
[VerifyToken] Token decoded: {
  userUniqueId: '0358f7dd-837d-4e12-bf0c-70c48ec91c3b',
  phoneNumber: '+251974002143',
  roleId: 3,
  iat: 1786191401
}
[VerifyToken] User authenticated: {
  userUniqueId: '0358f7dd-837d-4e12-bf0c-70c48ec91c3b',
  phoneNumber: '+251974002143',
  roleId: undefined
}
15:16:46 [[32minfo[39m]: Transaction committed
{
  "service": "ride-hailing-api",
  "environment": "development",
  "transactionId": "txn_2026-08-08 12:16:46_l36see8fo",
  "duration": "NaNms"
}
15:16:46 [[32minfo[39m]: API Request
{
  "service": "ride-hailing-api",
  "environment": "development",
  "type": "API_REQUEST",
  "method": "PUT",
  "url": "/api/finance/depositSource/d657de45-6404-4314-a2cd-9f3b91982a73",
  "statusCode": 200,
  "responseTime": "NaNms",
  "ip": "127.0.0.1",
  "userAgent": "axios/1.18.1",
  "userId": 669,
  "userUniqueId": "0358f7dd-837d-4e12-bf0c-70c48ec91c3b"
}
[VerifyToken] Request: { method: 'GET', url: '/', hasAuth: true }
[VerifyToken] Token decoded: {
  userUniqueId: '0358f7dd-837d-4e12-bf0c-70c48ec91c3b',
  phoneNumber: '+251974002143',
  roleId: 3,
  iat: 1786191401
}
[VerifyToken] User authenticated: {
  userUniqueId: '0358f7dd-837d-4e12-bf0c-70c48ec91c3b',
  phoneNumber: '+251974002143',
  roleId: undefined
}
15:16:46 [[32minfo[39m]: API Request
{
  "service": "ride-hailing-api",
  "environment": "development",
  "type": "API_REQUEST",
  "method": "GET",
  "url": "/api/finance/depositSource",
  "statusCode": 200,
  "responseTime": "NaNms",
  "ip": "127.0.0.1",
  "userAgent": "axios/1.18.1",
  "userId": 669,
  "userUniqueId": "0358f7dd-837d-4e12-bf0c-70c48ec91c3b"
}
[VerifyToken] Request: {
  method: 'DELETE',
  url: '/d657de45-6404-4314-a2cd-9f3b91982a73',
  hasAuth: true
}
[VerifyToken] Token decoded: {
  userUniqueId: '0358f7dd-837d-4e12-bf0c-70c48ec91c3b',
  phoneNumber: '+251974002143',
  roleId: 3,
  iat: 1786191401
}
[VerifyToken] User authenticated: {
  userUniqueId: '0358f7dd-837d-4e12-bf0c-70c48ec91c3b',
  phoneNumber: '+251974002143',
  roleId: undefined
}
15:16:46 [[32minfo[39m]: Transaction committed
{
  "service": "ride-hailing-api",
  "environment": "development",
  "transactionId": "txn_2026-08-08 12:16:46_iqgmig68s",
  "duration": "NaNms"
}
15:16:46 [[32minfo[39m]: API Request
{
  "service": "ride-hailing-api",
  "environment": "development",
  "type": "API_REQUEST",
  "method": "DELETE",
  "url": "/api/finance/depositSource/d657de45-6404-4314-a2cd-9f3b91982a73",
  "statusCode": 200,
  "responseTime": "NaNms",
  "ip": "127.0.0.1",
  "userAgent": "axios/1.18.1",
  "userId": 669,
  "userUniqueId": "0358f7dd-837d-4e12-bf0c-70c48ec91c3b"
}
[VerifyToken] Request: { method: 'GET', url: '/', hasAuth: true }
[VerifyToken] Token decoded: {
  userUniqueId: '0358f7dd-837d-4e12-bf0c-70c48ec91c3b',
  phoneNumber: '+251974002143',
  roleId: 3,
  iat: 1786191401
}
[VerifyToken] User authenticated: {
  userUniqueId: '0358f7dd-837d-4e12-bf0c-70c48ec91c3b',
  phoneNumber: '+251974002143',
  roleId: undefined
}
15:16:46 [[32minfo[39m]: API Request
{
  "service": "ride-hailing-api",
  "environment": "development",
  "type": "API_REQUEST",
  "method": "GET",
  "url": "/api/finance/depositSource",
  "statusCode": 200,
  "responseTime": "NaNms",
  "ip": "127.0.0.1",
  "userAgent": "axios/1.18.1",
  "userId": 669,
  "userUniqueId": "0358f7dd-837d-4e12-bf0c-70c48ec91c3b"
}
[VerifyToken] Request: { method: 'GET', url: '/', hasAuth: true }
[VerifyToken] Token decoded: {
  userUniqueId: '0358f7dd-837d-4e12-bf0c-70c48ec91c3b',
  phoneNumber: '+251974002143',
  roleId: 3,
  iat: 1786191401
}
[VerifyToken] User authenticated: {
  userUniqueId: '0358f7dd-837d-4e12-bf0c-70c48ec91c3b',
  phoneNumber: '+251974002143',
  roleId: undefined
}
15:16:46 [[32minfo[39m]: API Request
{
  "service": "ride-hailing-api",
  "environment": "development",
  "type": "API_REQUEST",
  "method": "GET",
  "url": "/api/finance/financialInstitutionAccount",
  "statusCode": 200,
  "responseTime": "NaNms",
  "ip": "127.0.0.1",
  "userAgent": "axios/1.18.1",
  "userId": 669,
  "userUniqueId": "0358f7dd-837d-4e12-bf0c-70c48ec91c3b"
}
[VerifyToken] Request: { method: 'POST', url: '/', hasAuth: true }
[VerifyToken] Token decoded: {
  userUniqueId: '0358f7dd-837d-4e12-bf0c-70c48ec91c3b',
  phoneNumber: '+251974002143',
  roleId: 3,
  iat: 1786191401
}
[VerifyToken] User authenticated: {
  userUniqueId: '0358f7dd-837d-4e12-bf0c-70c48ec91c3b',
  phoneNumber: '+251974002143',
  roleId: undefined
}
15:16:46 [[32minfo[39m]: Transaction committed
{
  "service": "ride-hailing-api",
  "environment": "development",
  "transactionId": "txn_2026-08-08 12:16:46_0dsqdt2r2",
  "duration": "NaNms"
}
15:16:46 [[32minfo[39m]: API Request
{
  "service": "ride-hailing-api",
  "environment": "development",
  "type": "API_REQUEST",
  "method": "POST",
  "url": "/api/finance/financialInstitutionAccount",
  "statusCode": 200,
  "responseTime": "NaNms",
  "ip": "127.0.0.1",
  "userAgent": "axios/1.18.1",
  "userId": 669,
  "userUniqueId": "0358f7dd-837d-4e12-bf0c-70c48ec91c3b"
}
[VerifyToken] Request: { method: 'GET', url: '/', hasAuth: true }
[VerifyToken] Token decoded: {
  userUniqueId: '0358f7dd-837d-4e12-bf0c-70c48ec91c3b',
  phoneNumber: '+251974002143',
  roleId: 3,
  iat: 1786191401
}
[VerifyToken] User authenticated: {
  userUniqueId: '0358f7dd-837d-4e12-bf0c-70c48ec91c3b',
  phoneNumber: '+251974002143',
  roleId: undefined
}
15:16:46 [[32minfo[39m]: API Request
{
  "service": "ride-hailing-api",
  "environment": "development",
  "type": "API_REQUEST",
  "method": "GET",
  "url": "/api/finance/financialInstitutionAccount",
  "statusCode": 200,
  "responseTime": "NaNms",
  "ip": "127.0.0.1",
  "userAgent": "axios/1.18.1",
  "userId": 669,
  "userUniqueId": "0358f7dd-837d-4e12-bf0c-70c48ec91c3b"
}
[VerifyToken] Request: {
  method: 'PUT',
  url: '/ccc3b9ce-902e-40da-a55c-baaab5a66026',
  hasAuth: true
}
[VerifyToken] Token decoded: {
  userUniqueId: '0358f7dd-837d-4e12-bf0c-70c48ec91c3b',
  phoneNumber: '+251974002143',
  roleId: 3,
  iat: 1786191401
}
[VerifyToken] User authenticated: {
  userUniqueId: '0358f7dd-837d-4e12-bf0c-70c48ec91c3b',
  phoneNumber: '+251974002143',
  roleId: undefined
}
15:16:46 [[32minfo[39m]: Transaction committed
{
  "service": "ride-hailing-api",
  "environment": "development",
  "transactionId": "txn_2026-08-08 12:16:46_od1bnytf6",
  "duration": "NaNms"
}
15:16:46 [[32minfo[39m]: API Request
{
  "service": "ride-hailing-api",
  "environment": "development",
  "type": "API_REQUEST",
  "method": "PUT",
  "url": "/api/finance/financialInstitutionAccount/ccc3b9ce-902e-40da-a55c-baaab5a66026",
  "statusCode": 200,
  "responseTime": "NaNms",
  "ip": "127.0.0.1",
  "userAgent": "axios/1.18.1",
  "userId": 669,
  "userUniqueId": "0358f7dd-837d-4e12-bf0c-70c48ec91c3b"
}
[VerifyToken] Request: { method: 'GET', url: '/', hasAuth: true }
[VerifyToken] Token decoded: {
  userUniqueId: '0358f7dd-837d-4e12-bf0c-70c48ec91c3b',
  phoneNumber: '+251974002143',
  roleId: 3,
  iat: 1786191401
}
[VerifyToken] User authenticated: {
  userUniqueId: '0358f7dd-837d-4e12-bf0c-70c48ec91c3b',
  phoneNumber: '+251974002143',
  roleId: undefined
}
15:16:46 [[32minfo[39m]: API Request
{
  "service": "ride-hailing-api",
  "environment": "development",
  "type": "API_REQUEST",
  "method": "GET",
  "url": "/api/finance/financialInstitutionAccount",
  "statusCode": 200,
  "responseTime": "NaNms",
  "ip": "127.0.0.1",
  "userAgent": "axios/1.18.1",
  "userId": 669,
  "userUniqueId": "0358f7dd-837d-4e12-bf0c-70c48ec91c3b"
}
[VerifyToken] Request: {
  method: 'DELETE',
  url: '/ccc3b9ce-902e-40da-a55c-baaab5a66026',
  hasAuth: true
}
[VerifyToken] Token decoded: {
  userUniqueId: '0358f7dd-837d-4e12-bf0c-70c48ec91c3b',
  phoneNumber: '+251974002143',
  roleId: 3,
  iat: 1786191401
}
[VerifyToken] User authenticated: {
  userUniqueId: '0358f7dd-837d-4e12-bf0c-70c48ec91c3b',
  phoneNumber: '+251974002143',
  roleId: undefined
}
15:16:46 [[32minfo[39m]: Transaction committed
{
  "service": "ride-hailing-api",
  "environment": "development",
  "transactionId": "txn_2026-08-08 12:16:46_n99nf15sh",
  "duration": "NaNms"
}
15:16:46 [[32minfo[39m]: API Request
{
  "service": "ride-hailing-api",
  "environment": "development",
  "type": "API_REQUEST",
  "method": "DELETE",
  "url": "/api/finance/financialInstitutionAccount/ccc3b9ce-902e-40da-a55c-baaab5a66026",
  "statusCode": 200,
  "responseTime": "NaNms",
  "ip": "127.0.0.1",
  "userAgent": "axios/1.18.1",
  "userId": 669,
  "userUniqueId": "0358f7dd-837d-4e12-bf0c-70c48ec91c3b"
}
[VerifyToken] Request: { method: 'GET', url: '/', hasAuth: true }
[VerifyToken] Token decoded: {
  userUniqueId: '0358f7dd-837d-4e12-bf0c-70c48ec91c3b',
  phoneNumber: '+251974002143',
  roleId: 3,
  iat: 1786191401
}
[VerifyToken] User authenticated: {
  userUniqueId: '0358f7dd-837d-4e12-bf0c-70c48ec91c3b',
  phoneNumber: '+251974002143',
  roleId: undefined
}
15:16:46 [[32minfo[39m]: API Request
{
  "service": "ride-hailing-api",
  "environment": "development",
  "type": "API_REQUEST",
  "method": "GET",
  "url": "/api/finance/financialInstitutionAccount",
  "statusCode": 200,
  "responseTime": "NaNms",
  "ip": "127.0.0.1",
  "userAgent": "axios/1.18.1",
  "userId": 669,
  "userUniqueId": "0358f7dd-837d-4e12-bf0c-70c48ec91c3b"
}
[VerifyToken] Request: { method: 'GET', url: '/admin/commission-statuses', hasAuth: true }
[VerifyToken] Token decoded: {
  userUniqueId: '0358f7dd-837d-4e12-bf0c-70c48ec91c3b',
  phoneNumber: '+251974002143',
  roleId: 3,
  iat: 1786191401
}
[VerifyToken] User authenticated: {
  userUniqueId: '0358f7dd-837d-4e12-bf0c-70c48ec91c3b',
  phoneNumber: '+251974002143',
  roleId: undefined
}
15:16:46 [[32minfo[39m]: API Request
{
  "service": "ride-hailing-api",
  "environment": "development",
  "type": "API_REQUEST",
  "method": "GET",
  "url": "/api/finance/commissionStatus/admin/commission-statuses",
  "statusCode": 200,
  "responseTime": "NaNms",
  "ip": "127.0.0.1",
  "userAgent": "axios/1.18.1",
  "userId": 669,
  "userUniqueId": "0358f7dd-837d-4e12-bf0c-70c48ec91c3b"
}
[VerifyToken] Request: { method: 'POST', url: '/admin/commission-statuses', hasAuth: true }
[VerifyToken] Token decoded: {
  userUniqueId: '0358f7dd-837d-4e12-bf0c-70c48ec91c3b',
  phoneNumber: '+251974002143',
  roleId: 3,
  iat: 1786191401
}
[VerifyToken] User authenticated: {
  userUniqueId: '0358f7dd-837d-4e12-bf0c-70c48ec91c3b',
  phoneNumber: '+251974002143',
  roleId: undefined
}
15:16:46 [[32minfo[39m]: Transaction committed
{
  "service": "ride-hailing-api",
  "environment": "development",
  "transactionId": "txn_2026-08-08 12:16:46_y7pb0enzq",
  "duration": "NaNms"
}
15:16:46 [[32minfo[39m]: API Request
{
  "service": "ride-hailing-api",
  "environment": "development",
  "type": "API_REQUEST",
  "method": "POST",
  "url": "/api/finance/commissionStatus/admin/commission-statuses",
  "statusCode": 201,
  "responseTime": "NaNms",
  "ip": "127.0.0.1",
  "userAgent": "axios/1.18.1",
  "userId": 669,
  "userUniqueId": "0358f7dd-837d-4e12-bf0c-70c48ec91c3b"
}
[VerifyToken] Request: { method: 'GET', url: '/admin/commission-statuses', hasAuth: true }
[VerifyToken] Token decoded: {
  userUniqueId: '0358f7dd-837d-4e12-bf0c-70c48ec91c3b',
  phoneNumber: '+251974002143',
  roleId: 3,
  iat: 1786191401
}
[VerifyToken] User authenticated: {
  userUniqueId: '0358f7dd-837d-4e12-bf0c-70c48ec91c3b',
  phoneNumber: '+251974002143',
  roleId: undefined
}
15:16:46 [[32minfo[39m]: API Request
{
  "service": "ride-hailing-api",
  "environment": "development",
  "type": "API_REQUEST",
  "method": "GET",
  "url": "/api/finance/commissionStatus/admin/commission-statuses",
  "statusCode": 200,
  "responseTime": "NaNms",
  "ip": "127.0.0.1",
  "userAgent": "axios/1.18.1",
  "userId": 669,
  "userUniqueId": "0358f7dd-837d-4e12-bf0c-70c48ec91c3b"
}
[VerifyToken] Request: {
  method: 'PUT',
  url: '/admin/commission-statuses/2826691b-10a8-4cf4-9e59-6809b42bfc36',
  hasAuth: true
}
[VerifyToken] Token decoded: {
  userUniqueId: '0358f7dd-837d-4e12-bf0c-70c48ec91c3b',
  phoneNumber: '+251974002143',
  roleId: 3,
  iat: 1786191401
}
[VerifyToken] User authenticated: {
  userUniqueId: '0358f7dd-837d-4e12-bf0c-70c48ec91c3b',
  phoneNumber: '+251974002143',
  roleId: undefined
}
15:16:46 [[32minfo[39m]: API Request
{
  "service": "ride-hailing-api",
  "environment": "development",
  "type": "API_REQUEST",
  "method": "PUT",
  "url": "/api/finance/commissionStatus/admin/commission-statuses/2826691b-10a8-4cf4-9e59-6809b42bfc36",
  "statusCode": 200,
  "responseTime": "NaNms",
  "ip": "127.0.0.1",
  "userAgent": "axios/1.18.1",
  "userId": 669,
  "userUniqueId": "0358f7dd-837d-4e12-bf0c-70c48ec91c3b"
}
[VerifyToken] Request: { method: 'GET', url: '/admin/commission-statuses', hasAuth: true }
[VerifyToken] Token decoded: {
  userUniqueId: '0358f7dd-837d-4e12-bf0c-70c48ec91c3b',
  phoneNumber: '+251974002143',
  roleId: 3,
  iat: 1786191401
}
[VerifyToken] User authenticated: {
  userUniqueId: '0358f7dd-837d-4e12-bf0c-70c48ec91c3b',
  phoneNumber: '+251974002143',
  roleId: undefined
}
15:16:46 [[32minfo[39m]: API Request
{
  "service": "ride-hailing-api",
  "environment": "development",
  "type": "API_REQUEST",
  "method": "GET",
  "url": "/api/finance/commissionStatus/admin/commission-statuses",
  "statusCode": 200,
  "responseTime": "NaNms",
  "ip": "127.0.0.1",
  "userAgent": "axios/1.18.1",
  "userId": 669,
  "userUniqueId": "0358f7dd-837d-4e12-bf0c-70c48ec91c3b"
}
[VerifyToken] Request: {
  method: 'DELETE',
  url: '/admin/commission-statuses/2826691b-10a8-4cf4-9e59-6809b42bfc36',
  hasAuth: true
}
[VerifyToken] Token decoded: {
  userUniqueId: '0358f7dd-837d-4e12-bf0c-70c48ec91c3b',
  phoneNumber: '+251974002143',
  roleId: 3,
  iat: 1786191401
}
[VerifyToken] User authenticated: {
  userUniqueId: '0358f7dd-837d-4e12-bf0c-70c48ec91c3b',
  phoneNumber: '+251974002143',
  roleId: undefined
}
15:16:46 [[32minfo[39m]: API Request
{
  "service": "ride-hailing-api",
  "environment": "development",
  "type": "API_REQUEST",
  "method": "DELETE",
  "url": "/api/finance/commissionStatus/admin/commission-statuses/2826691b-10a8-4cf4-9e59-6809b42bfc36",
  "statusCode": 200,
  "responseTime": "NaNms",
  "ip": "127.0.0.1",
  "userAgent": "axios/1.18.1",
  "userId": 669,
  "userUniqueId": "0358f7dd-837d-4e12-bf0c-70c48ec91c3b"
}
[VerifyToken] Request: { method: 'GET', url: '/admin/commission-statuses', hasAuth: true }
[VerifyToken] Token decoded: {
  userUniqueId: '0358f7dd-837d-4e12-bf0c-70c48ec91c3b',
  phoneNumber: '+251974002143',
  roleId: 3,
  iat: 1786191401
}
[VerifyToken] User authenticated: {
  userUniqueId: '0358f7dd-837d-4e12-bf0c-70c48ec91c3b',
  phoneNumber: '+251974002143',
  roleId: undefined
}
15:16:46 [[32minfo[39m]: API Request
{
  "service": "ride-hailing-api",
  "environment": "development",
  "type": "API_REQUEST",
  "method": "GET",
  "url": "/api/finance/commissionStatus/admin/commission-statuses",
  "statusCode": 200,
  "responseTime": "NaNms",
  "ip": "127.0.0.1",
  "userAgent": "axios/1.18.1",
  "userId": 669,
  "userUniqueId": "0358f7dd-837d-4e12-bf0c-70c48ec91c3b"
}
[VerifyToken] Request: { method: 'GET', url: '/', hasAuth: true }
[VerifyToken] Token decoded: {
  userUniqueId: '0358f7dd-837d-4e12-bf0c-70c48ec91c3b',
  phoneNumber: '+251974002143',
  roleId: 3,
  iat: 1786191401
}
[VerifyToken] User authenticated: {
  userUniqueId: '0358f7dd-837d-4e12-bf0c-70c48ec91c3b',
  phoneNumber: '+251974002143',
  roleId: undefined
}
15:16:46 [[32minfo[39m]: API Request
{
  "service": "ride-hailing-api",
  "environment": "development",
  "type": "API_REQUEST",
  "method": "GET",
  "url": "/api/finance/paymentStatus",
  "statusCode": 200,
  "responseTime": "NaNms",
  "ip": "127.0.0.1",
  "userAgent": "axios/1.18.1",
  "userId": 669,
  "userUniqueId": "0358f7dd-837d-4e12-bf0c-70c48ec91c3b"
}
[VerifyToken] Request: { method: 'POST', url: '/', hasAuth: true }
[VerifyToken] Token decoded: {
  userUniqueId: '0358f7dd-837d-4e12-bf0c-70c48ec91c3b',
  phoneNumber: '+251974002143',
  roleId: 3,
  iat: 1786191401
}
[VerifyToken] User authenticated: {
  userUniqueId: '0358f7dd-837d-4e12-bf0c-70c48ec91c3b',
  phoneNumber: '+251974002143',
  roleId: undefined
}
15:16:46 [[32minfo[39m]: Transaction committed
{
  "service": "ride-hailing-api",
  "environment": "development",
  "transactionId": "txn_2026-08-08 12:16:46_31wghyvnj",
  "duration": "NaNms"
}
15:16:46 [[32minfo[39m]: API Request
{
  "service": "ride-hailing-api",
  "environment": "development",
  "type": "API_REQUEST",
  "method": "POST",
  "url": "/api/finance/paymentStatus",
  "statusCode": 200,
  "responseTime": "NaNms",
  "ip": "127.0.0.1",
  "userAgent": "axios/1.18.1",
  "userId": 669,
  "userUniqueId": "0358f7dd-837d-4e12-bf0c-70c48ec91c3b"
}
[VerifyToken] Request: { method: 'GET', url: '/', hasAuth: true }
[VerifyToken] Token decoded: {
  userUniqueId: '0358f7dd-837d-4e12-bf0c-70c48ec91c3b',
  phoneNumber: '+251974002143',
  roleId: 3,
  iat: 1786191401
}
[VerifyToken] User authenticated: {
  userUniqueId: '0358f7dd-837d-4e12-bf0c-70c48ec91c3b',
  phoneNumber: '+251974002143',
  roleId: undefined
}
15:16:46 [[32minfo[39m]: API Request
{
  "service": "ride-hailing-api",
  "environment": "development",
  "type": "API_REQUEST",
  "method": "GET",
  "url": "/api/finance/paymentStatus",
  "statusCode": 200,
  "responseTime": "NaNms",
  "ip": "127.0.0.1",
  "userAgent": "axios/1.18.1",
  "userId": 669,
  "userUniqueId": "0358f7dd-837d-4e12-bf0c-70c48ec91c3b"
}
[VerifyToken] Request: {
  method: 'PUT',
  url: '/19f73ef8-67a7-4349-8bbb-35816a2aa794',
  hasAuth: true
}
[VerifyToken] Token decoded: {
  userUniqueId: '0358f7dd-837d-4e12-bf0c-70c48ec91c3b',
  phoneNumber: '+251974002143',
  roleId: 3,
  iat: 1786191401
}
[VerifyToken] User authenticated: {
  userUniqueId: '0358f7dd-837d-4e12-bf0c-70c48ec91c3b',
  phoneNumber: '+251974002143',
  roleId: undefined
}
15:16:46 [[32minfo[39m]: Transaction committed
{
  "service": "ride-hailing-api",
  "environment": "development",
  "transactionId": "txn_2026-08-08 12:16:46_o28hgmyjc",
  "duration": "NaNms"
}
15:16:46 [[32minfo[39m]: API Request
{
  "service": "ride-hailing-api",
  "environment": "development",
  "type": "API_REQUEST",
  "method": "PUT",
  "url": "/api/finance/paymentStatus/19f73ef8-67a7-4349-8bbb-35816a2aa794",
  "statusCode": 200,
  "responseTime": "NaNms",
  "ip": "127.0.0.1",
  "userAgent": "axios/1.18.1",
  "userId": 669,
  "userUniqueId": "0358f7dd-837d-4e12-bf0c-70c48ec91c3b"
}
[VerifyToken] Request: { method: 'GET', url: '/', hasAuth: true }
[VerifyToken] Token decoded: {
  userUniqueId: '0358f7dd-837d-4e12-bf0c-70c48ec91c3b',
  phoneNumber: '+251974002143',
  roleId: 3,
  iat: 1786191401
}
[VerifyToken] User authenticated: {
  userUniqueId: '0358f7dd-837d-4e12-bf0c-70c48ec91c3b',
  phoneNumber: '+251974002143',
  roleId: undefined
}
15:16:46 [[32minfo[39m]: API Request
{
  "service": "ride-hailing-api",
  "environment": "development",
  "type": "API_REQUEST",
  "method": "GET",
  "url": "/api/finance/paymentStatus",
  "statusCode": 200,
  "responseTime": "NaNms",
  "ip": "127.0.0.1",
  "userAgent": "axios/1.18.1",
  "userId": 669,
  "userUniqueId": "0358f7dd-837d-4e12-bf0c-70c48ec91c3b"
}
[VerifyToken] Request: {
  method: 'DELETE',
  url: '/19f73ef8-67a7-4349-8bbb-35816a2aa794',
  hasAuth: true
}
[VerifyToken] Token decoded: {
  userUniqueId: '0358f7dd-837d-4e12-bf0c-70c48ec91c3b',
  phoneNumber: '+251974002143',
  roleId: 3,
  iat: 1786191401
}
[VerifyToken] User authenticated: {
  userUniqueId: '0358f7dd-837d-4e12-bf0c-70c48ec91c3b',
  phoneNumber: '+251974002143',
  roleId: undefined
}
15:16:46 [[32minfo[39m]: Transaction committed
{
  "service": "ride-hailing-api",
  "environment": "development",
  "transactionId": "txn_2026-08-08 12:16:46_14fh8q6e2",
  "duration": "NaNms"
}
15:16:46 [[32minfo[39m]: API Request
{
  "service": "ride-hailing-api",
  "environment": "development",
  "type": "API_REQUEST",
  "method": "DELETE",
  "url": "/api/finance/paymentStatus/19f73ef8-67a7-4349-8bbb-35816a2aa794",
  "statusCode": 200,
  "responseTime": "NaNms",
  "ip": "127.0.0.1",
  "userAgent": "axios/1.18.1",
  "userId": 669,
  "userUniqueId": "0358f7dd-837d-4e12-bf0c-70c48ec91c3b"
}
[VerifyToken] Request: { method: 'GET', url: '/', hasAuth: true }
[VerifyToken] Token decoded: {
  userUniqueId: '0358f7dd-837d-4e12-bf0c-70c48ec91c3b',
  phoneNumber: '+251974002143',
  roleId: 3,
  iat: 1786191401
}
[VerifyToken] User authenticated: {
  userUniqueId: '0358f7dd-837d-4e12-bf0c-70c48ec91c3b',
  phoneNumber: '+251974002143',
  roleId: undefined
}
15:16:46 [[32minfo[39m]: API Request
{
  "service": "ride-hailing-api",
  "environment": "development",
  "type": "API_REQUEST",
  "method": "GET",
  "url": "/api/finance/paymentStatus",
  "statusCode": 200,
  "responseTime": "NaNms",
  "ip": "127.0.0.1",
  "userAgent": "axios/1.18.1",
  "userId": 669,
  "userUniqueId": "0358f7dd-837d-4e12-bf0c-70c48ec91c3b"
}
[VerifyToken] Request: { method: 'GET', url: '/', hasAuth: true }
[VerifyToken] Token decoded: {
  userUniqueId: '0358f7dd-837d-4e12-bf0c-70c48ec91c3b',
  phoneNumber: '+251974002143',
  roleId: 3,
  iat: 1786191401
}
[VerifyToken] User authenticated: {
  userUniqueId: '0358f7dd-837d-4e12-bf0c-70c48ec91c3b',
  phoneNumber: '+251974002143',
  roleId: undefined
}
15:16:46 [[32minfo[39m]: API Request
{
  "service": "ride-hailing-api",
  "environment": "development",
  "type": "API_REQUEST",
  "method": "GET",
  "url": "/api/finance/paymentMethod",
  "statusCode": 200,
  "responseTime": "NaNms",
  "ip": "127.0.0.1",
  "userAgent": "axios/1.18.1",
  "userId": 669,
  "userUniqueId": "0358f7dd-837d-4e12-bf0c-70c48ec91c3b"
}
[VerifyToken] Request: { method: 'POST', url: '/', hasAuth: true }
[VerifyToken] Token decoded: {
  userUniqueId: '0358f7dd-837d-4e12-bf0c-70c48ec91c3b',
  phoneNumber: '+251974002143',
  roleId: 3,
  iat: 1786191401
}
[VerifyToken] User authenticated: {
  userUniqueId: '0358f7dd-837d-4e12-bf0c-70c48ec91c3b',
  phoneNumber: '+251974002143',
  roleId: undefined
}
15:16:46 [[32minfo[39m]: Transaction committed
{
  "service": "ride-hailing-api",
  "environment": "development",
  "transactionId": "txn_2026-08-08 12:16:46_3ziqxcplc",
  "duration": "NaNms"
}
15:16:46 [[32minfo[39m]: API Request
{
  "service": "ride-hailing-api",
  "environment": "development",
  "type": "API_REQUEST",
  "method": "POST",
  "url": "/api/finance/paymentMethod",
  "statusCode": 200,
  "responseTime": "NaNms",
  "ip": "127.0.0.1",
  "userAgent": "axios/1.18.1",
  "userId": 669,
  "userUniqueId": "0358f7dd-837d-4e12-bf0c-70c48ec91c3b"
}
[VerifyToken] Request: { method: 'GET', url: '/', hasAuth: true }
[VerifyToken] Token decoded: {
  userUniqueId: '0358f7dd-837d-4e12-bf0c-70c48ec91c3b',
  phoneNumber: '+251974002143',
  roleId: 3,
  iat: 1786191401
}
[VerifyToken] User authenticated: {
  userUniqueId: '0358f7dd-837d-4e12-bf0c-70c48ec91c3b',
  phoneNumber: '+251974002143',
  roleId: undefined
}
15:16:46 [[32minfo[39m]: API Request
{
  "service": "ride-hailing-api",
  "environment": "development",
  "type": "API_REQUEST",
  "method": "GET",
  "url": "/api/finance/paymentMethod",
  "statusCode": 200,
  "responseTime": "NaNms",
  "ip": "127.0.0.1",
  "userAgent": "axios/1.18.1",
  "userId": 669,
  "userUniqueId": "0358f7dd-837d-4e12-bf0c-70c48ec91c3b"
}
[VerifyToken] Request: {
  method: 'PUT',
  url: '/894a586a-17dc-4cdd-a110-627fab65c1d9',
  hasAuth: true
}
[VerifyToken] Token decoded: {
  userUniqueId: '0358f7dd-837d-4e12-bf0c-70c48ec91c3b',
  phoneNumber: '+251974002143',
  roleId: 3,
  iat: 1786191401
}
[VerifyToken] User authenticated: {
  userUniqueId: '0358f7dd-837d-4e12-bf0c-70c48ec91c3b',
  phoneNumber: '+251974002143',
  roleId: undefined
}
15:16:46 [[32minfo[39m]: Transaction committed
{
  "service": "ride-hailing-api",
  "environment": "development",
  "transactionId": "txn_2026-08-08 12:16:46_ziwezhjao",
  "duration": "NaNms"
}
15:16:46 [[32minfo[39m]: API Request
{
  "service": "ride-hailing-api",
  "environment": "development",
  "type": "API_REQUEST",
  "method": "PUT",
  "url": "/api/finance/paymentMethod/894a586a-17dc-4cdd-a110-627fab65c1d9",
  "statusCode": 200,
  "responseTime": "NaNms",
  "ip": "127.0.0.1",
  "userAgent": "axios/1.18.1",
  "userId": 669,
  "userUniqueId": "0358f7dd-837d-4e12-bf0c-70c48ec91c3b"
}
[VerifyToken] Request: { method: 'GET', url: '/', hasAuth: true }
[VerifyToken] Token decoded: {
  userUniqueId: '0358f7dd-837d-4e12-bf0c-70c48ec91c3b',
  phoneNumber: '+251974002143',
  roleId: 3,
  iat: 1786191401
}
[VerifyToken] User authenticated: {
  userUniqueId: '0358f7dd-837d-4e12-bf0c-70c48ec91c3b',
  phoneNumber: '+251974002143',
  roleId: undefined
}
15:16:46 [[32minfo[39m]: API Request
{
  "service": "ride-hailing-api",
  "environment": "development",
  "type": "API_REQUEST",
  "method": "GET",
  "url": "/api/finance/paymentMethod",
  "statusCode": 200,
  "responseTime": "NaNms",
  "ip": "127.0.0.1",
  "userAgent": "axios/1.18.1",
  "userId": 669,
  "userUniqueId": "0358f7dd-837d-4e12-bf0c-70c48ec91c3b"
}
[VerifyToken] Request: {
  method: 'DELETE',
  url: '/894a586a-17dc-4cdd-a110-627fab65c1d9',
  hasAuth: true
}
[VerifyToken] Token decoded: {
  userUniqueId: '0358f7dd-837d-4e12-bf0c-70c48ec91c3b',
  phoneNumber: '+251974002143',
  roleId: 3,
  iat: 1786191401
}
[VerifyToken] User authenticated: {
  userUniqueId: '0358f7dd-837d-4e12-bf0c-70c48ec91c3b',
  phoneNumber: '+251974002143',
  roleId: undefined
}
15:16:46 [[32minfo[39m]: Transaction committed
{
  "service": "ride-hailing-api",
  "environment": "development",
  "transactionId": "txn_2026-08-08 12:16:46_g25dm1ejz",
  "duration": "NaNms"
}
15:16:46 [[32minfo[39m]: API Request
{
  "service": "ride-hailing-api",
  "environment": "development",
  "type": "API_REQUEST",
  "method": "DELETE",
  "url": "/api/finance/paymentMethod/894a586a-17dc-4cdd-a110-627fab65c1d9",
  "statusCode": 200,
  "responseTime": "NaNms",
  "ip": "127.0.0.1",
  "userAgent": "axios/1.18.1",
  "userId": 669,
  "userUniqueId": "0358f7dd-837d-4e12-bf0c-70c48ec91c3b"
}
[VerifyToken] Request: { method: 'GET', url: '/', hasAuth: true }
[VerifyToken] Token decoded: {
  userUniqueId: '0358f7dd-837d-4e12-bf0c-70c48ec91c3b',
  phoneNumber: '+251974002143',
  roleId: 3,
  iat: 1786191401
}
[VerifyToken] User authenticated: {
  userUniqueId: '0358f7dd-837d-4e12-bf0c-70c48ec91c3b',
  phoneNumber: '+251974002143',
  roleId: undefined
}
15:16:46 [[32minfo[39m]: API Request
{
  "service": "ride-hailing-api",
  "environment": "development",
  "type": "API_REQUEST",
  "method": "GET",
  "url": "/api/finance/paymentMethod",
  "statusCode": 200,
  "responseTime": "NaNms",
  "ip": "127.0.0.1",
  "userAgent": "axios/1.18.1",
  "userId": 669,
  "userUniqueId": "0358f7dd-837d-4e12-bf0c-70c48ec91c3b"
}
[VerifyToken] Request: { method: 'GET', url: '/', hasAuth: true }
[VerifyToken] Token decoded: {
  userUniqueId: '0358f7dd-837d-4e12-bf0c-70c48ec91c3b',
  phoneNumber: '+251974002143',
  roleId: 3,
  iat: 1786191401
}
[VerifyToken] User authenticated: {
  userUniqueId: '0358f7dd-837d-4e12-bf0c-70c48ec91c3b',
  phoneNumber: '+251974002143',
  roleId: undefined
}
15:16:46 [[32minfo[39m]: API Request
{
  "service": "ride-hailing-api",
  "environment": "development",
  "type": "API_REQUEST",
  "method": "GET",
  "url": "/api/finance/commissionRates",
  "statusCode": 200,
  "responseTime": "NaNms",
  "ip": "127.0.0.1",
  "userAgent": "axios/1.18.1",
  "userId": 669,
  "userUniqueId": "0358f7dd-837d-4e12-bf0c-70c48ec91c3b"
}
[VerifyToken] Request: { method: 'POST', url: '/', hasAuth: true }
[VerifyToken] Token decoded: {
  userUniqueId: '0358f7dd-837d-4e12-bf0c-70c48ec91c3b',
  phoneNumber: '+251974002143',
  roleId: 3,
  iat: 1786191401
}
[VerifyToken] User authenticated: {
  userUniqueId: '0358f7dd-837d-4e12-bf0c-70c48ec91c3b',
  phoneNumber: '+251974002143',
  roleId: undefined
}
15:16:46 [[32minfo[39m]: Transaction committed
{
  "service": "ride-hailing-api",
  "environment": "development",
  "transactionId": "txn_2026-08-08 12:16:46_au5eg2ez3",
  "duration": "NaNms"
}
15:16:46 [[32minfo[39m]: API Request
{
  "service": "ride-hailing-api",
  "environment": "development",
  "type": "API_REQUEST",
  "method": "POST",
  "url": "/api/finance/commissionRates",
  "statusCode": 201,
  "responseTime": "NaNms",
  "ip": "127.0.0.1",
  "userAgent": "axios/1.18.1",
  "userId": 669,
  "userUniqueId": "0358f7dd-837d-4e12-bf0c-70c48ec91c3b"
}
[VerifyToken] Request: { method: 'GET', url: '/', hasAuth: true }
[VerifyToken] Token decoded: {
  userUniqueId: '0358f7dd-837d-4e12-bf0c-70c48ec91c3b',
  phoneNumber: '+251974002143',
  roleId: 3,
  iat: 1786191401
}
[VerifyToken] User authenticated: {
  userUniqueId: '0358f7dd-837d-4e12-bf0c-70c48ec91c3b',
  phoneNumber: '+251974002143',
  roleId: undefined
}
15:16:46 [[32minfo[39m]: API Request
{
  "service": "ride-hailing-api",
  "environment": "development",
  "type": "API_REQUEST",
  "method": "GET",
  "url": "/api/finance/commissionRates",
  "statusCode": 200,
  "responseTime": "NaNms",
  "ip": "127.0.0.1",
  "userAgent": "axios/1.18.1",
  "userId": 669,
  "userUniqueId": "0358f7dd-837d-4e12-bf0c-70c48ec91c3b"
}
[VerifyToken] Request: {
  method: 'PUT',
  url: '/bd296bdd-8a49-4c69-92ab-b5df3cdc5654',
  hasAuth: true
}
[VerifyToken] Token decoded: {
  userUniqueId: '0358f7dd-837d-4e12-bf0c-70c48ec91c3b',
  phoneNumber: '+251974002143',
  roleId: 3,
  iat: 1786191401
}
[VerifyToken] User authenticated: {
  userUniqueId: '0358f7dd-837d-4e12-bf0c-70c48ec91c3b',
  phoneNumber: '+251974002143',
  roleId: undefined
}
15:16:46 [[32minfo[39m]: Transaction committed
{
  "service": "ride-hailing-api",
  "environment": "development",
  "transactionId": "txn_2026-08-08 12:16:46_cmrq13wbt",
  "duration": "NaNms"
}
15:16:46 [[32minfo[39m]: API Request
{
  "service": "ride-hailing-api",
  "environment": "development",
  "type": "API_REQUEST",
  "method": "PUT",
  "url": "/api/finance/commissionRates/bd296bdd-8a49-4c69-92ab-b5df3cdc5654",
  "statusCode": 200,
  "responseTime": "NaNms",
  "ip": "127.0.0.1",
  "userAgent": "axios/1.18.1",
  "userId": 669,
  "userUniqueId": "0358f7dd-837d-4e12-bf0c-70c48ec91c3b"
}
[VerifyToken] Request: { method: 'GET', url: '/', hasAuth: true }
[VerifyToken] Token decoded: {
  userUniqueId: '0358f7dd-837d-4e12-bf0c-70c48ec91c3b',
  phoneNumber: '+251974002143',
  roleId: 3,
  iat: 1786191401
}
[VerifyToken] User authenticated: {
  userUniqueId: '0358f7dd-837d-4e12-bf0c-70c48ec91c3b',
  phoneNumber: '+251974002143',
  roleId: undefined
}
15:16:46 [[32minfo[39m]: API Request
{
  "service": "ride-hailing-api",
  "environment": "development",
  "type": "API_REQUEST",
  "method": "GET",
  "url": "/api/finance/commissionRates",
  "statusCode": 200,
  "responseTime": "NaNms",
  "ip": "127.0.0.1",
  "userAgent": "axios/1.18.1",
  "userId": 669,
  "userUniqueId": "0358f7dd-837d-4e12-bf0c-70c48ec91c3b"
}
[VerifyToken] Request: {
  method: 'DELETE',
  url: '/bd296bdd-8a49-4c69-92ab-b5df3cdc5654',
  hasAuth: true
}
[VerifyToken] Token decoded: {
  userUniqueId: '0358f7dd-837d-4e12-bf0c-70c48ec91c3b',
  phoneNumber: '+251974002143',
  roleId: 3,
  iat: 1786191401
}
[VerifyToken] User authenticated: {
  userUniqueId: '0358f7dd-837d-4e12-bf0c-70c48ec91c3b',
  phoneNumber: '+251974002143',
  roleId: undefined
}
15:16:46 [[32minfo[39m]: Transaction committed
{
  "service": "ride-hailing-api",
  "environment": "development",
  "transactionId": "txn_2026-08-08 12:16:46_vxmb847h6",
  "duration": "NaNms"
}
15:16:46 [[32minfo[39m]: API Request
{
  "service": "ride-hailing-api",
  "environment": "development",
  "type": "API_REQUEST",
  "method": "DELETE",
  "url": "/api/finance/commissionRates/bd296bdd-8a49-4c69-92ab-b5df3cdc5654",
  "statusCode": 200,
  "responseTime": "NaNms",
  "ip": "127.0.0.1",
  "userAgent": "axios/1.18.1",
  "userId": 669,
  "userUniqueId": "0358f7dd-837d-4e12-bf0c-70c48ec91c3b"
}
[VerifyToken] Request: { method: 'GET', url: '/', hasAuth: true }
[VerifyToken] Token decoded: {
  userUniqueId: '0358f7dd-837d-4e12-bf0c-70c48ec91c3b',
  phoneNumber: '+251974002143',
  roleId: 3,
  iat: 1786191401
}
[VerifyToken] User authenticated: {
  userUniqueId: '0358f7dd-837d-4e12-bf0c-70c48ec91c3b',
  phoneNumber: '+251974002143',
  roleId: undefined
}
15:16:46 [[32minfo[39m]: API Request
{
  "service": "ride-hailing-api",
  "environment": "development",
  "type": "API_REQUEST",
  "method": "GET",
  "url": "/api/finance/commissionRates",
  "statusCode": 200,
  "responseTime": "NaNms",
  "ip": "127.0.0.1",
  "userAgent": "axios/1.18.1",
  "userId": 669,
  "userUniqueId": "0358f7dd-837d-4e12-bf0c-70c48ec91c3b"
}
[VerifyToken] Request: { method: 'POST', url: '/', hasAuth: true }
[VerifyToken] Token decoded: {
  userUniqueId: '0358f7dd-837d-4e12-bf0c-70c48ec91c3b',
  phoneNumber: '+251974002143',
  roleId: 3,
  iat: 1786191401
}
[VerifyToken] User authenticated: {
  userUniqueId: '0358f7dd-837d-4e12-bf0c-70c48ec91c3b',
  phoneNumber: '+251974002143',
  roleId: undefined
}
15:16:46 [[32minfo[39m]: Transaction committed
{
  "service": "ride-hailing-api",
  "environment": "development",
  "transactionId": "txn_2026-08-08 12:16:46_vty3j6fwu",
  "duration": "NaNms"
}
15:16:46 [[32minfo[39m]: API Request
{
  "service": "ride-hailing-api",
  "environment": "development",
  "type": "API_REQUEST",
  "method": "POST",
  "url": "/api/finance/commissionRates",
  "statusCode": 201,
  "responseTime": "NaNms",
  "ip": "127.0.0.1",
  "userAgent": "axios/1.18.1",
  "userId": 669,
  "userUniqueId": "0358f7dd-837d-4e12-bf0c-70c48ec91c3b"
}
[VerifyToken] Request: { method: 'GET', url: '/', hasAuth: true }
[VerifyToken] Token decoded: {
  userUniqueId: '0358f7dd-837d-4e12-bf0c-70c48ec91c3b',
  phoneNumber: '+251974002143',
  roleId: 3,
  iat: 1786191401
}
[VerifyToken] User authenticated: {
  userUniqueId: '0358f7dd-837d-4e12-bf0c-70c48ec91c3b',
  phoneNumber: '+251974002143',
  roleId: undefined
}
15:16:46 [[32minfo[39m]: API Request
{
  "service": "ride-hailing-api",
  "environment": "development",
  "type": "API_REQUEST",
  "method": "GET",
  "url": "/api/finance/subscriptionPlan",
  "statusCode": 200,
  "responseTime": "NaNms",
  "ip": "127.0.0.1",
  "userAgent": "axios/1.18.1",
  "userId": 669,
  "userUniqueId": "0358f7dd-837d-4e12-bf0c-70c48ec91c3b"
}
[VerifyToken] Request: { method: 'POST', url: '/', hasAuth: true }
[VerifyToken] Token decoded: {
  userUniqueId: '0358f7dd-837d-4e12-bf0c-70c48ec91c3b',
  phoneNumber: '+251974002143',
  roleId: 3,
  iat: 1786191401
}
[VerifyToken] User authenticated: {
  userUniqueId: '0358f7dd-837d-4e12-bf0c-70c48ec91c3b',
  phoneNumber: '+251974002143',
  roleId: undefined
}
15:16:46 [[32minfo[39m]: Transaction committed
{
  "service": "ride-hailing-api",
  "environment": "development",
  "transactionId": "txn_2026-08-08 12:16:46_ywmp1p9cx",
  "duration": "NaNms"
}
15:16:46 [[32minfo[39m]: API Request
{
  "service": "ride-hailing-api",
  "environment": "development",
  "type": "API_REQUEST",
  "method": "POST",
  "url": "/api/finance/subscriptionPlan",
  "statusCode": 200,
  "responseTime": "NaNms",
  "ip": "127.0.0.1",
  "userAgent": "axios/1.18.1",
  "userId": 669,
  "userUniqueId": "0358f7dd-837d-4e12-bf0c-70c48ec91c3b"
}
[VerifyToken] Request: { method: 'GET', url: '/', hasAuth: true }
[VerifyToken] Token decoded: {
  userUniqueId: '0358f7dd-837d-4e12-bf0c-70c48ec91c3b',
  phoneNumber: '+251974002143',
  roleId: 3,
  iat: 1786191401
}
[VerifyToken] User authenticated: {
  userUniqueId: '0358f7dd-837d-4e12-bf0c-70c48ec91c3b',
  phoneNumber: '+251974002143',
  roleId: undefined
}
15:16:46 [[32minfo[39m]: API Request
{
  "service": "ride-hailing-api",
  "environment": "development",
  "type": "API_REQUEST",
  "method": "GET",
  "url": "/api/finance/subscriptionPlan",
  "statusCode": 200,
  "responseTime": "NaNms",
  "ip": "127.0.0.1",
  "userAgent": "axios/1.18.1",
  "userId": 669,
  "userUniqueId": "0358f7dd-837d-4e12-bf0c-70c48ec91c3b"
}
[VerifyToken] Request: {
  method: 'PUT',
  url: '/0486d19b-33ef-4355-8307-106d185ac207',
  hasAuth: true
}
[VerifyToken] Token decoded: {
  userUniqueId: '0358f7dd-837d-4e12-bf0c-70c48ec91c3b',
  phoneNumber: '+251974002143',
  roleId: 3,
  iat: 1786191401
}
[VerifyToken] User authenticated: {
  userUniqueId: '0358f7dd-837d-4e12-bf0c-70c48ec91c3b',
  phoneNumber: '+251974002143',
  roleId: undefined
}
15:16:46 [[32minfo[39m]: Transaction committed
{
  "service": "ride-hailing-api",
  "environment": "development",
  "transactionId": "txn_2026-08-08 12:16:46_7k4b7ab0g",
  "duration": "NaNms"
}
15:16:46 [[32minfo[39m]: API Request
{
  "service": "ride-hailing-api",
  "environment": "development",
  "type": "API_REQUEST",
  "method": "PUT",
  "url": "/api/finance/subscriptionPlan/0486d19b-33ef-4355-8307-106d185ac207",
  "statusCode": 200,
  "responseTime": "NaNms",
  "ip": "127.0.0.1",
  "userAgent": "axios/1.18.1",
  "userId": 669,
  "userUniqueId": "0358f7dd-837d-4e12-bf0c-70c48ec91c3b"
}
[VerifyToken] Request: { method: 'GET', url: '/', hasAuth: true }
[VerifyToken] Token decoded: {
  userUniqueId: '0358f7dd-837d-4e12-bf0c-70c48ec91c3b',
  phoneNumber: '+251974002143',
  roleId: 3,
  iat: 1786191401
}
[VerifyToken] User authenticated: {
  userUniqueId: '0358f7dd-837d-4e12-bf0c-70c48ec91c3b',
  phoneNumber: '+251974002143',
  roleId: undefined
}
15:16:46 [[32minfo[39m]: API Request
{
  "service": "ride-hailing-api",
  "environment": "development",
  "type": "API_REQUEST",
  "method": "GET",
  "url": "/api/finance/subscriptionPlan",
  "statusCode": 200,
  "responseTime": "NaNms",
  "ip": "127.0.0.1",
  "userAgent": "axios/1.18.1",
  "userId": 669,
  "userUniqueId": "0358f7dd-837d-4e12-bf0c-70c48ec91c3b"
}
[VerifyToken] Request: {
  method: 'DELETE',
  url: '/0486d19b-33ef-4355-8307-106d185ac207',
  hasAuth: true
}
[VerifyToken] Token decoded: {
  userUniqueId: '0358f7dd-837d-4e12-bf0c-70c48ec91c3b',
  phoneNumber: '+251974002143',
  roleId: 3,
  iat: 1786191401
}
[VerifyToken] User authenticated: {
  userUniqueId: '0358f7dd-837d-4e12-bf0c-70c48ec91c3b',
  phoneNumber: '+251974002143',
  roleId: undefined
}
15:16:46 [[32minfo[39m]: Transaction committed
{
  "service": "ride-hailing-api",
  "environment": "development",
  "transactionId": "txn_2026-08-08 12:16:46_ki7ax9mtv",
  "duration": "NaNms"
}
15:16:46 [[32minfo[39m]: API Request
{
  "service": "ride-hailing-api",
  "environment": "development",
  "type": "API_REQUEST",
  "method": "DELETE",
  "url": "/api/finance/subscriptionPlan/0486d19b-33ef-4355-8307-106d185ac207",
  "statusCode": 200,
  "responseTime": "NaNms",
  "ip": "127.0.0.1",
  "userAgent": "axios/1.18.1",
  "userId": 669,
  "userUniqueId": "0358f7dd-837d-4e12-bf0c-70c48ec91c3b"
}
[VerifyToken] Request: { method: 'GET', url: '/', hasAuth: true }
[VerifyToken] Token decoded: {
  userUniqueId: '0358f7dd-837d-4e12-bf0c-70c48ec91c3b',
  phoneNumber: '+251974002143',
  roleId: 3,
  iat: 1786191401
}
[VerifyToken] User authenticated: {
  userUniqueId: '0358f7dd-837d-4e12-bf0c-70c48ec91c3b',
  phoneNumber: '+251974002143',
  roleId: undefined
}
15:16:46 [[32minfo[39m]: API Request
{
  "service": "ride-hailing-api",
  "environment": "development",
  "type": "API_REQUEST",
  "method": "GET",
  "url": "/api/finance/subscriptionPlan",
  "statusCode": 200,
  "responseTime": "NaNms",
  "ip": "127.0.0.1",
  "userAgent": "axios/1.18.1",
  "userId": 669,
  "userUniqueId": "0358f7dd-837d-4e12-bf0c-70c48ec91c3b"
}
[VerifyToken] Request: { method: 'POST', url: '/', hasAuth: true }
[VerifyToken] Token decoded: {
  userUniqueId: '0358f7dd-837d-4e12-bf0c-70c48ec91c3b',
  phoneNumber: '+251974002143',
  roleId: 3,
  iat: 1786191401
}
[VerifyToken] User authenticated: {
  userUniqueId: '0358f7dd-837d-4e12-bf0c-70c48ec91c3b',
  phoneNumber: '+251974002143',
  roleId: undefined
}
15:16:46 [[32minfo[39m]: Transaction committed
{
  "service": "ride-hailing-api",
  "environment": "development",
  "transactionId": "txn_2026-08-08 12:16:46_n7utzurj6",
  "duration": "NaNms"
}
15:16:46 [[32minfo[39m]: API Request
{
  "service": "ride-hailing-api",
  "environment": "development",
  "type": "API_REQUEST",
  "method": "POST",
  "url": "/api/finance/subscriptionPlan",
  "statusCode": 200,
  "responseTime": "NaNms",
  "ip": "127.0.0.1",
  "userAgent": "axios/1.18.1",
  "userId": 669,
  "userUniqueId": "0358f7dd-837d-4e12-bf0c-70c48ec91c3b"
}
[VerifyToken] Request: { method: 'POST', url: '/', hasAuth: true }
[VerifyToken] Token decoded: {
  userUniqueId: '0358f7dd-837d-4e12-bf0c-70c48ec91c3b',
  phoneNumber: '+251974002143',
  roleId: 3,
  iat: 1786191401
}
[VerifyToken] User authenticated: {
  userUniqueId: '0358f7dd-837d-4e12-bf0c-70c48ec91c3b',
  phoneNumber: '+251974002143',
  roleId: undefined
}
15:16:46 [[32minfo[39m]: Transaction committed
{
  "service": "ride-hailing-api",
  "environment": "development",
  "transactionId": "txn_2026-08-08 12:16:46_7h38xs314",
  "duration": "NaNms"
}
15:16:46 [[32minfo[39m]: API Request
{
  "service": "ride-hailing-api",
  "environment": "development",
  "type": "API_REQUEST",
  "method": "POST",
  "url": "/api/finance/subscriptionPlanPricing",
  "statusCode": 200,
  "responseTime": "NaNms",
  "ip": "127.0.0.1",
  "userAgent": "axios/1.18.1",
  "userId": 669,
  "userUniqueId": "0358f7dd-837d-4e12-bf0c-70c48ec91c3b"
}
[VerifyToken] Request: { method: 'GET', url: '/', hasAuth: true }
[VerifyToken] Token decoded: {
  userUniqueId: '0358f7dd-837d-4e12-bf0c-70c48ec91c3b',
  phoneNumber: '+251974002143',
  roleId: 3,
  iat: 1786191401
}
[VerifyToken] User authenticated: {
  userUniqueId: '0358f7dd-837d-4e12-bf0c-70c48ec91c3b',
  phoneNumber: '+251974002143',
  roleId: undefined
}
15:16:46 [[32minfo[39m]: API Request
{
  "service": "ride-hailing-api",
  "environment": "development",
  "type": "API_REQUEST",
  "method": "GET",
  "url": "/api/finance/subscriptionPlanPricing",
  "statusCode": 200,
  "responseTime": "NaNms",
  "ip": "127.0.0.1",
  "userAgent": "axios/1.18.1",
  "userId": 669,
  "userUniqueId": "0358f7dd-837d-4e12-bf0c-70c48ec91c3b"
}
[VerifyToken] Request: {
  method: 'PUT',
  url: '/18f5e6f2-3065-4ce7-8950-d4375404c945',
  hasAuth: true
}
[VerifyToken] Token decoded: {
  userUniqueId: '0358f7dd-837d-4e12-bf0c-70c48ec91c3b',
  phoneNumber: '+251974002143',
  roleId: 3,
  iat: 1786191401
}
[VerifyToken] User authenticated: {
  userUniqueId: '0358f7dd-837d-4e12-bf0c-70c48ec91c3b',
  phoneNumber: '+251974002143',
  roleId: undefined
}
15:16:46 [[32minfo[39m]: Transaction committed
{
  "service": "ride-hailing-api",
  "environment": "development",
  "transactionId": "txn_2026-08-08 12:16:46_m9o1mr3j6",
  "duration": "NaNms"
}
15:16:46 [[32minfo[39m]: API Request
{
  "service": "ride-hailing-api",
  "environment": "development",
  "type": "API_REQUEST",
  "method": "PUT",
  "url": "/api/finance/subscriptionPlanPricing/18f5e6f2-3065-4ce7-8950-d4375404c945",
  "statusCode": 200,
  "responseTime": "NaNms",
  "ip": "127.0.0.1",
  "userAgent": "axios/1.18.1",
  "userId": 669,
  "userUniqueId": "0358f7dd-837d-4e12-bf0c-70c48ec91c3b"
}
[VerifyToken] Request: { method: 'GET', url: '/', hasAuth: true }
[VerifyToken] Token decoded: {
  userUniqueId: '0358f7dd-837d-4e12-bf0c-70c48ec91c3b',
  phoneNumber: '+251974002143',
  roleId: 3,
  iat: 1786191401
}
[VerifyToken] User authenticated: {
  userUniqueId: '0358f7dd-837d-4e12-bf0c-70c48ec91c3b',
  phoneNumber: '+251974002143',
  roleId: undefined
}
15:16:46 [[32minfo[39m]: API Request
{
  "service": "ride-hailing-api",
  "environment": "development",
  "type": "API_REQUEST",
  "method": "GET",
  "url": "/api/finance/subscriptionPlanPricing",
  "statusCode": 200,
  "responseTime": "NaNms",
  "ip": "127.0.0.1",
  "userAgent": "axios/1.18.1",
  "userId": 669,
  "userUniqueId": "0358f7dd-837d-4e12-bf0c-70c48ec91c3b"
}
[VerifyToken] Request: {
  method: 'DELETE',
  url: '/18f5e6f2-3065-4ce7-8950-d4375404c945',
  hasAuth: true
}
[VerifyToken] Token decoded: {
  userUniqueId: '0358f7dd-837d-4e12-bf0c-70c48ec91c3b',
  phoneNumber: '+251974002143',
  roleId: 3,
  iat: 1786191401
}
[VerifyToken] User authenticated: {
  userUniqueId: '0358f7dd-837d-4e12-bf0c-70c48ec91c3b',
  phoneNumber: '+251974002143',
  roleId: undefined
}
15:16:46 [[32minfo[39m]: Transaction committed
{
  "service": "ride-hailing-api",
  "environment": "development",
  "transactionId": "txn_2026-08-08 12:16:46_htovqtqwo",
  "duration": "NaNms"
}
15:16:46 [[32minfo[39m]: API Request
{
  "service": "ride-hailing-api",
  "environment": "development",
  "type": "API_REQUEST",
  "method": "DELETE",
  "url": "/api/finance/subscriptionPlanPricing/18f5e6f2-3065-4ce7-8950-d4375404c945",
  "statusCode": 200,
  "responseTime": "NaNms",
  "ip": "127.0.0.1",
  "userAgent": "axios/1.18.1",
  "userId": 669,
  "userUniqueId": "0358f7dd-837d-4e12-bf0c-70c48ec91c3b"
}
[VerifyToken] Request: { method: 'GET', url: '/', hasAuth: true }
[VerifyToken] Token decoded: {
  userUniqueId: '0358f7dd-837d-4e12-bf0c-70c48ec91c3b',
  phoneNumber: '+251974002143',
  roleId: 3,
  iat: 1786191401
}
[VerifyToken] User authenticated: {
  userUniqueId: '0358f7dd-837d-4e12-bf0c-70c48ec91c3b',
  phoneNumber: '+251974002143',
  roleId: undefined
}
15:16:46 [[32minfo[39m]: API Request
{
  "service": "ride-hailing-api",
  "environment": "development",
  "type": "API_REQUEST",
  "method": "GET",
  "url": "/api/finance/subscriptionPlanPricing",
  "statusCode": 200,
  "responseTime": "NaNms",
  "ip": "127.0.0.1",
  "userAgent": "axios/1.18.1",
  "userId": 669,
  "userUniqueId": "0358f7dd-837d-4e12-bf0c-70c48ec91c3b"
}
[VerifyToken] Request: { method: 'GET', url: '/', hasAuth: true }
[VerifyToken] Token decoded: {
  userUniqueId: '0358f7dd-837d-4e12-bf0c-70c48ec91c3b',
  phoneNumber: '+251974002143',
  roleId: 3,
  iat: 1786191401
}
[VerifyToken] User authenticated: {
  userUniqueId: '0358f7dd-837d-4e12-bf0c-70c48ec91c3b',
  phoneNumber: '+251974002143',
  roleId: undefined
}
15:16:46 [[32minfo[39m]: API Request
{
  "service": "ride-hailing-api",
  "environment": "development",
  "type": "API_REQUEST",
  "method": "GET",
  "url": "/api/admin/tariffRateForVehicleType",
  "statusCode": 200,
  "responseTime": "NaNms",
  "ip": "127.0.0.1",
  "userAgent": "axios/1.18.1",
  "userId": 669,
  "userUniqueId": "0358f7dd-837d-4e12-bf0c-70c48ec91c3b"
}
[VerifyToken] Request: { method: 'GET', url: '/', hasAuth: true }
[VerifyToken] Token decoded: {
  userUniqueId: '0358f7dd-837d-4e12-bf0c-70c48ec91c3b',
  phoneNumber: '+251974002143',
  roleId: 3,
  iat: 1786191401
}
[VerifyToken] User authenticated: {
  userUniqueId: '0358f7dd-837d-4e12-bf0c-70c48ec91c3b',
  phoneNumber: '+251974002143',
  roleId: undefined
}
15:16:46 [[32minfo[39m]: API Request
{
  "service": "ride-hailing-api",
  "environment": "development",
  "type": "API_REQUEST",
  "method": "GET",
  "url": "/api/admin/vehicleTypes",
  "statusCode": 200,
  "responseTime": "NaNms",
  "ip": "127.0.0.1",
  "userAgent": "axios/1.18.1",
  "userId": 669,
  "userUniqueId": "0358f7dd-837d-4e12-bf0c-70c48ec91c3b"
}
[VerifyToken] Request: { method: 'GET', url: '/', hasAuth: true }
[VerifyToken] Token decoded: {
  userUniqueId: '0358f7dd-837d-4e12-bf0c-70c48ec91c3b',
  phoneNumber: '+251974002143',
  roleId: 3,
  iat: 1786191401
}
[VerifyToken] User authenticated: {
  userUniqueId: '0358f7dd-837d-4e12-bf0c-70c48ec91c3b',
  phoneNumber: '+251974002143',
  roleId: undefined
}
15:16:46 [[32minfo[39m]: API Request
{
  "service": "ride-hailing-api",
  "environment": "development",
  "type": "API_REQUEST",
  "method": "GET",
  "url": "/api/finance/tariffRate",
  "statusCode": 200,
  "responseTime": "NaNms",
  "ip": "127.0.0.1",
  "userAgent": "axios/1.18.1",
  "userId": 669,
  "userUniqueId": "0358f7dd-837d-4e12-bf0c-70c48ec91c3b"
}
[VerifyToken] Request: { method: 'POST', url: '/', hasAuth: true }
[VerifyToken] Token decoded: {
  userUniqueId: '0358f7dd-837d-4e12-bf0c-70c48ec91c3b',
  phoneNumber: '+251974002143',
  roleId: 3,
  iat: 1786191401
}
[VerifyToken] User authenticated: {
  userUniqueId: '0358f7dd-837d-4e12-bf0c-70c48ec91c3b',
  phoneNumber: '+251974002143',
  roleId: undefined
}
15:16:46 [[32minfo[39m]: Transaction committed
{
  "service": "ride-hailing-api",
  "environment": "development",
  "transactionId": "txn_2026-08-08 12:16:46_8evf37dfl",
  "duration": "NaNms"
}
15:16:46 [[32minfo[39m]: API Request
{
  "service": "ride-hailing-api",
  "environment": "development",
  "type": "API_REQUEST",
  "method": "POST",
  "url": "/api/admin/tariffRateForVehicleType",
  "statusCode": 200,
  "responseTime": "NaNms",
  "ip": "127.0.0.1",
  "userAgent": "axios/1.18.1",
  "userId": 669,
  "userUniqueId": "0358f7dd-837d-4e12-bf0c-70c48ec91c3b"
}
[VerifyToken] Request: { method: 'GET', url: '/', hasAuth: true }
[VerifyToken] Token decoded: {
  userUniqueId: '0358f7dd-837d-4e12-bf0c-70c48ec91c3b',
  phoneNumber: '+251974002143',
  roleId: 3,
  iat: 1786191401
}
[VerifyToken] User authenticated: {
  userUniqueId: '0358f7dd-837d-4e12-bf0c-70c48ec91c3b',
  phoneNumber: '+251974002143',
  roleId: undefined
}
15:16:46 [[32minfo[39m]: API Request
{
  "service": "ride-hailing-api",
  "environment": "development",
  "type": "API_REQUEST",
  "method": "GET",
  "url": "/api/admin/tariffRateForVehicleType",
  "statusCode": 200,
  "responseTime": "NaNms",
  "ip": "127.0.0.1",
  "userAgent": "axios/1.18.1",
  "userId": 669,
  "userUniqueId": "0358f7dd-837d-4e12-bf0c-70c48ec91c3b"
}
[VerifyToken] Request: {
  method: 'PUT',
  url: '/04ac1bd0-f488-4661-8769-92b769633f69',
  hasAuth: true
}
[VerifyToken] Token decoded: {
  userUniqueId: '0358f7dd-837d-4e12-bf0c-70c48ec91c3b',
  phoneNumber: '+251974002143',
  roleId: 3,
  iat: 1786191401
}
[VerifyToken] User authenticated: {
  userUniqueId: '0358f7dd-837d-4e12-bf0c-70c48ec91c3b',
  phoneNumber: '+251974002143',
  roleId: undefined
}
15:16:46 [[32minfo[39m]: Transaction committed
{
  "service": "ride-hailing-api",
  "environment": "development",
  "transactionId": "txn_2026-08-08 12:16:46_cfe56tyoc",
  "duration": "NaNms"
}
15:16:46 [[32minfo[39m]: API Request
{
  "service": "ride-hailing-api",
  "environment": "development",
  "type": "API_REQUEST",
  "method": "PUT",
  "url": "/api/admin/tariffRateForVehicleType/04ac1bd0-f488-4661-8769-92b769633f69",
  "statusCode": 200,
  "responseTime": "NaNms",
  "ip": "127.0.0.1",
  "userAgent": "axios/1.18.1",
  "userId": 669,
  "userUniqueId": "0358f7dd-837d-4e12-bf0c-70c48ec91c3b"
}
[VerifyToken] Request: { method: 'GET', url: '/', hasAuth: true }
[VerifyToken] Token decoded: {
  userUniqueId: '0358f7dd-837d-4e12-bf0c-70c48ec91c3b',
  phoneNumber: '+251974002143',
  roleId: 3,
  iat: 1786191401
}
[VerifyToken] User authenticated: {
  userUniqueId: '0358f7dd-837d-4e12-bf0c-70c48ec91c3b',
  phoneNumber: '+251974002143',
  roleId: undefined
}
15:16:46 [[32minfo[39m]: API Request
{
  "service": "ride-hailing-api",
  "environment": "development",
  "type": "API_REQUEST",
  "method": "GET",
  "url": "/api/admin/tariffRateForVehicleType",
  "statusCode": 200,
  "responseTime": "NaNms",
  "ip": "127.0.0.1",
  "userAgent": "axios/1.18.1",
  "userId": 669,
  "userUniqueId": "0358f7dd-837d-4e12-bf0c-70c48ec91c3b"
}
[VerifyToken] Request: {
  method: 'DELETE',
  url: '/04ac1bd0-f488-4661-8769-92b769633f69',
  hasAuth: true
}
[VerifyToken] Token decoded: {
  userUniqueId: '0358f7dd-837d-4e12-bf0c-70c48ec91c3b',
  phoneNumber: '+251974002143',
  roleId: 3,
  iat: 1786191401
}
[VerifyToken] User authenticated: {
  userUniqueId: '0358f7dd-837d-4e12-bf0c-70c48ec91c3b',
  phoneNumber: '+251974002143',
  roleId: undefined
}
15:16:46 [[32minfo[39m]: Transaction committed
{
  "service": "ride-hailing-api",
  "environment": "development",
  "transactionId": "txn_2026-08-08 12:16:46_7q9wmnuix",
  "duration": "NaNms"
}
15:16:46 [[32minfo[39m]: API Request
{
  "service": "ride-hailing-api",
  "environment": "development",
  "type": "API_REQUEST",
  "method": "DELETE",
  "url": "/api/admin/tariffRateForVehicleType/04ac1bd0-f488-4661-8769-92b769633f69",
  "statusCode": 200,
  "responseTime": "NaNms",
  "ip": "127.0.0.1",
  "userAgent": "axios/1.18.1",
  "userId": 669,
  "userUniqueId": "0358f7dd-837d-4e12-bf0c-70c48ec91c3b"
}
[VerifyToken] Request: { method: 'GET', url: '/', hasAuth: true }
[VerifyToken] Token decoded: {
  userUniqueId: '0358f7dd-837d-4e12-bf0c-70c48ec91c3b',
  phoneNumber: '+251974002143',
  roleId: 3,
  iat: 1786191401
}
[VerifyToken] User authenticated: {
  userUniqueId: '0358f7dd-837d-4e12-bf0c-70c48ec91c3b',
  phoneNumber: '+251974002143',
  roleId: undefined
}
15:16:46 [[32minfo[39m]: API Request
{
  "service": "ride-hailing-api",
  "environment": "development",
  "type": "API_REQUEST",
  "method": "GET",
  "url": "/api/admin/tariffRateForVehicleType",
  "statusCode": 200,
  "responseTime": "NaNms",
  "ip": "127.0.0.1",
  "userAgent": "axios/1.18.1",
  "userId": 669,
  "userUniqueId": "0358f7dd-837d-4e12-bf0c-70c48ec91c3b"
}
[VerifyToken] Request: { method: 'GET', url: '/', hasAuth: true }
[VerifyToken] Token decoded: {
  userUniqueId: '0358f7dd-837d-4e12-bf0c-70c48ec91c3b',
  phoneNumber: '+251974002143',
  roleId: 3,
  iat: 1786191401
}
[VerifyToken] User authenticated: {
  userUniqueId: '0358f7dd-837d-4e12-bf0c-70c48ec91c3b',
  phoneNumber: '+251974002143',
  roleId: undefined
}
15:16:46 [[32minfo[39m]: API Request
{
  "service": "ride-hailing-api",
  "environment": "development",
  "type": "API_REQUEST",
  "method": "GET",
  "url": "/api/admin/roles",
  "statusCode": 200,
  "responseTime": "NaNms",
  "ip": "127.0.0.1",
  "userAgent": "axios/1.18.1",
  "userId": 669,
  "userUniqueId": "0358f7dd-837d-4e12-bf0c-70c48ec91c3b"
}
[VerifyToken] Request: { method: 'POST', url: '/', hasAuth: true }
[VerifyToken] Token decoded: {
  userUniqueId: '0358f7dd-837d-4e12-bf0c-70c48ec91c3b',
  phoneNumber: '+251974002143',
  roleId: 3,
  iat: 1786191401
}
[VerifyToken] User authenticated: {
  userUniqueId: '0358f7dd-837d-4e12-bf0c-70c48ec91c3b',
  phoneNumber: '+251974002143',
  roleId: undefined
}
15:16:46 [[32minfo[39m]: Transaction committed
{
  "service": "ride-hailing-api",
  "environment": "development",
  "transactionId": "txn_2026-08-08 12:16:46_7jxhcxd6u",
  "duration": "NaNms"
}
15:16:46 [[32minfo[39m]: API Request
{
  "service": "ride-hailing-api",
  "environment": "development",
  "type": "API_REQUEST",
  "method": "POST",
  "url": "/api/admin/roles",
  "statusCode": 200,
  "responseTime": "NaNms",
  "ip": "127.0.0.1",
  "userAgent": "axios/1.18.1",
  "userId": 669,
  "userUniqueId": "0358f7dd-837d-4e12-bf0c-70c48ec91c3b"
}
[VerifyToken] Request: {
  method: 'PUT',
  url: '/2c41b35b-846b-474c-a938-05cec19e8120',
  hasAuth: true
}
[VerifyToken] Token decoded: {
  userUniqueId: '0358f7dd-837d-4e12-bf0c-70c48ec91c3b',
  phoneNumber: '+251974002143',
  roleId: 3,
  iat: 1786191401
}
[VerifyToken] User authenticated: {
  userUniqueId: '0358f7dd-837d-4e12-bf0c-70c48ec91c3b',
  phoneNumber: '+251974002143',
  roleId: undefined
}
15:16:46 [[32minfo[39m]: Transaction committed
{
  "service": "ride-hailing-api",
  "environment": "development",
  "transactionId": "txn_2026-08-08 12:16:46_tm9ykjtpz",
  "duration": "NaNms"
}
15:16:46 [[32minfo[39m]: API Request
{
  "service": "ride-hailing-api",
  "environment": "development",
  "type": "API_REQUEST",
  "method": "PUT",
  "url": "/api/admin/roles/2c41b35b-846b-474c-a938-05cec19e8120",
  "statusCode": 200,
  "responseTime": "NaNms",
  "ip": "127.0.0.1",
  "userAgent": "axios/1.18.1",
  "userId": 669,
  "userUniqueId": "0358f7dd-837d-4e12-bf0c-70c48ec91c3b"
}
[VerifyToken] Request: {
  method: 'DELETE',
  url: '/2c41b35b-846b-474c-a938-05cec19e8120',
  hasAuth: true
}
[VerifyToken] Token decoded: {
  userUniqueId: '0358f7dd-837d-4e12-bf0c-70c48ec91c3b',
  phoneNumber: '+251974002143',
  roleId: 3,
  iat: 1786191401
}
[VerifyToken] User authenticated: {
  userUniqueId: '0358f7dd-837d-4e12-bf0c-70c48ec91c3b',
  phoneNumber: '+251974002143',
  roleId: undefined
}
15:16:46 [[32minfo[39m]: Transaction committed
{
  "service": "ride-hailing-api",
  "environment": "development",
  "transactionId": "txn_2026-08-08 12:16:46_ad6etklou",
  "duration": "NaNms"
}
15:16:46 [[32minfo[39m]: API Request
{
  "service": "ride-hailing-api",
  "environment": "development",
  "type": "API_REQUEST",
  "method": "DELETE",
  "url": "/api/admin/roles/2c41b35b-846b-474c-a938-05cec19e8120",
  "statusCode": 200,
  "responseTime": "NaNms",
  "ip": "127.0.0.1",
  "userAgent": "axios/1.18.1",
  "userId": 669,
  "userUniqueId": "0358f7dd-837d-4e12-bf0c-70c48ec91c3b"
}
[VerifyToken] Request: { method: 'GET', url: '/', hasAuth: true }
[VerifyToken] Token decoded: {
  userUniqueId: '0358f7dd-837d-4e12-bf0c-70c48ec91c3b',
  phoneNumber: '+251974002143',
  roleId: 3,
  iat: 1786191401
}
[VerifyToken] User authenticated: {
  userUniqueId: '0358f7dd-837d-4e12-bf0c-70c48ec91c3b',
  phoneNumber: '+251974002143',
  roleId: undefined
}
15:16:46 [[32minfo[39m]: API Request
{
  "service": "ride-hailing-api",
  "environment": "development",
  "type": "API_REQUEST",
  "method": "GET",
  "url": "/api/admin/roles",
  "statusCode": 200,
  "responseTime": "NaNms",
  "ip": "127.0.0.1",
  "userAgent": "axios/1.18.1",
  "userId": 669,
  "userUniqueId": "0358f7dd-837d-4e12-bf0c-70c48ec91c3b"
}
[VerifyToken] Request: { method: 'GET', url: '/smsSender', hasAuth: true }
[VerifyToken] Token decoded: {
  userUniqueId: '0358f7dd-837d-4e12-bf0c-70c48ec91c3b',
  phoneNumber: '+251974002143',
  roleId: 3,
  iat: 1786191401
}
[VerifyToken] User authenticated: {
  userUniqueId: '0358f7dd-837d-4e12-bf0c-70c48ec91c3b',
  phoneNumber: '+251974002143',
  roleId: undefined
}
15:16:46 [[32minfo[39m]: API Request
{
  "service": "ride-hailing-api",
  "environment": "development",
  "type": "API_REQUEST",
  "method": "GET",
  "url": "/smsSender",
  "statusCode": 200,
  "responseTime": "NaNms",
  "ip": "127.0.0.1",
  "userAgent": "axios/1.18.1",
  "userId": 669,
  "userUniqueId": "0358f7dd-837d-4e12-bf0c-70c48ec91c3b"
}
[VerifyToken] Request: { method: 'POST', url: '/smsSender', hasAuth: true }
[VerifyToken] Token decoded: {
  userUniqueId: '0358f7dd-837d-4e12-bf0c-70c48ec91c3b',
  phoneNumber: '+251974002143',
  roleId: 3,
  iat: 1786191401
}
[VerifyToken] User authenticated: {
  userUniqueId: '0358f7dd-837d-4e12-bf0c-70c48ec91c3b',
  phoneNumber: '+251974002143',
  roleId: undefined
}
15:16:46 [[32minfo[39m]: Transaction committed
{
  "service": "ride-hailing-api",
  "environment": "development",
  "transactionId": "txn_2026-08-08 12:16:46_k0qjqlyub",
  "duration": "NaNms"
}
15:16:46 [[32minfo[39m]: API Request
{
  "service": "ride-hailing-api",
  "environment": "development",
  "type": "API_REQUEST",
  "method": "POST",
  "url": "/smsSender",
  "statusCode": 200,
  "responseTime": "NaNms",
  "ip": "127.0.0.1",
  "userAgent": "axios/1.18.1",
  "userId": 669,
  "userUniqueId": "0358f7dd-837d-4e12-bf0c-70c48ec91c3b"
}
[VerifyToken] Request: { method: 'GET', url: '/smsSender', hasAuth: true }
[VerifyToken] Token decoded: {
  userUniqueId: '0358f7dd-837d-4e12-bf0c-70c48ec91c3b',
  phoneNumber: '+251974002143',
  roleId: 3,
  iat: 1786191401
}
[VerifyToken] User authenticated: {
  userUniqueId: '0358f7dd-837d-4e12-bf0c-70c48ec91c3b',
  phoneNumber: '+251974002143',
  roleId: undefined
}
15:16:46 [[32minfo[39m]: API Request
{
  "service": "ride-hailing-api",
  "environment": "development",
  "type": "API_REQUEST",
  "method": "GET",
  "url": "/smsSender",
  "statusCode": 200,
  "responseTime": "NaNms",
  "ip": "127.0.0.1",
  "userAgent": "axios/1.18.1",
  "userId": 669,
  "userUniqueId": "0358f7dd-837d-4e12-bf0c-70c48ec91c3b"
}
[VerifyToken] Request: { method: 'GET', url: '/smsSender/97', hasAuth: true }
[VerifyToken] Token decoded: {
  userUniqueId: '0358f7dd-837d-4e12-bf0c-70c48ec91c3b',
  phoneNumber: '+251974002143',
  roleId: 3,
  iat: 1786191401
}
[VerifyToken] User authenticated: {
  userUniqueId: '0358f7dd-837d-4e12-bf0c-70c48ec91c3b',
  phoneNumber: '+251974002143',
  roleId: undefined
}
15:16:46 [[32minfo[39m]: API Request
{
  "service": "ride-hailing-api",
  "environment": "development",
  "type": "API_REQUEST",
  "method": "GET",
  "url": "/smsSender/97",
  "statusCode": 200,
  "responseTime": "NaNms",
  "ip": "127.0.0.1",
  "userAgent": "axios/1.18.1",
  "userId": 669,
  "userUniqueId": "0358f7dd-837d-4e12-bf0c-70c48ec91c3b"
}
[VerifyToken] Request: { method: 'PUT', url: '/smsSender/97', hasAuth: true }
[VerifyToken] Token decoded: {
  userUniqueId: '0358f7dd-837d-4e12-bf0c-70c48ec91c3b',
  phoneNumber: '+251974002143',
  roleId: 3,
  iat: 1786191401
}
[VerifyToken] User authenticated: {
  userUniqueId: '0358f7dd-837d-4e12-bf0c-70c48ec91c3b',
  phoneNumber: '+251974002143',
  roleId: undefined
}
15:16:46 [[32minfo[39m]: Transaction committed
{
  "service": "ride-hailing-api",
  "environment": "development",
  "transactionId": "txn_2026-08-08 12:16:46_5rrrahrfe",
  "duration": "NaNms"
}
15:16:46 [[32minfo[39m]: API Request
{
  "service": "ride-hailing-api",
  "environment": "development",
  "type": "API_REQUEST",
  "method": "PUT",
  "url": "/smsSender/97",
  "statusCode": 200,
  "responseTime": "NaNms",
  "ip": "127.0.0.1",
  "userAgent": "axios/1.18.1",
  "userId": 669,
  "userUniqueId": "0358f7dd-837d-4e12-bf0c-70c48ec91c3b"
}
[VerifyToken] Request: { method: 'GET', url: '/smsSender', hasAuth: true }
[VerifyToken] Token decoded: {
  userUniqueId: '0358f7dd-837d-4e12-bf0c-70c48ec91c3b',
  phoneNumber: '+251974002143',
  roleId: 3,
  iat: 1786191401
}
[VerifyToken] User authenticated: {
  userUniqueId: '0358f7dd-837d-4e12-bf0c-70c48ec91c3b',
  phoneNumber: '+251974002143',
  roleId: undefined
}
15:16:46 [[32minfo[39m]: API Request
{
  "service": "ride-hailing-api",
  "environment": "development",
  "type": "API_REQUEST",
  "method": "GET",
  "url": "/smsSender",
  "statusCode": 200,
  "responseTime": "NaNms",
  "ip": "127.0.0.1",
  "userAgent": "axios/1.18.1",
  "userId": 669,
  "userUniqueId": "0358f7dd-837d-4e12-bf0c-70c48ec91c3b"
}
[VerifyToken] Request: { method: 'DELETE', url: '/smsSender/97', hasAuth: true }
[VerifyToken] Token decoded: {
  userUniqueId: '0358f7dd-837d-4e12-bf0c-70c48ec91c3b',
  phoneNumber: '+251974002143',
  roleId: 3,
  iat: 1786191401
}
[VerifyToken] User authenticated: {
  userUniqueId: '0358f7dd-837d-4e12-bf0c-70c48ec91c3b',
  phoneNumber: '+251974002143',
  roleId: undefined
}
15:16:46 [[32minfo[39m]: Transaction committed
{
  "service": "ride-hailing-api",
  "environment": "development",
  "transactionId": "txn_2026-08-08 12:16:46_roj5jbwpz",
  "duration": "NaNms"
}
15:16:46 [[32minfo[39m]: API Request
{
  "service": "ride-hailing-api",
  "environment": "development",
  "type": "API_REQUEST",
  "method": "DELETE",
  "url": "/smsSender/97",
  "statusCode": 200,
  "responseTime": "NaNms",
  "ip": "127.0.0.1",
  "userAgent": "axios/1.18.1",
  "userId": 669,
  "userUniqueId": "0358f7dd-837d-4e12-bf0c-70c48ec91c3b"
}
[VerifyToken] Request: { method: 'GET', url: '/smsSender', hasAuth: true }
[VerifyToken] Token decoded: {
  userUniqueId: '0358f7dd-837d-4e12-bf0c-70c48ec91c3b',
  phoneNumber: '+251974002143',
  roleId: 3,
  iat: 1786191401
}
[VerifyToken] User authenticated: {
  userUniqueId: '0358f7dd-837d-4e12-bf0c-70c48ec91c3b',
  phoneNumber: '+251974002143',
  roleId: undefined
}
15:16:46 [[32minfo[39m]: API Request
{
  "service": "ride-hailing-api",
  "environment": "development",
  "type": "API_REQUEST",
  "method": "GET",
  "url": "/smsSender",
  "statusCode": 200,
  "responseTime": "NaNms",
  "ip": "127.0.0.1",
  "userAgent": "axios/1.18.1",
  "userId": 669,
  "userUniqueId": "0358f7dd-837d-4e12-bf0c-70c48ec91c3b"
}
[VerifyToken] Request: { method: 'GET', url: '/', hasAuth: true }
[VerifyToken] Token decoded: {
  userUniqueId: '0358f7dd-837d-4e12-bf0c-70c48ec91c3b',
  phoneNumber: '+251974002143',
  roleId: 3,
  iat: 1786191401
}
[VerifyToken] User authenticated: {
  userUniqueId: '0358f7dd-837d-4e12-bf0c-70c48ec91c3b',
  phoneNumber: '+251974002143',
  roleId: undefined
}
15:16:46 [[32minfo[39m]: API Request
{
  "service": "ride-hailing-api",
  "environment": "development",
  "type": "API_REQUEST",
  "method": "GET",
  "url": "/api/company/roles",
  "statusCode": 200,
  "responseTime": "NaNms",
  "ip": "127.0.0.1",
  "userAgent": "axios/1.18.1",
  "userId": 669,
  "userUniqueId": "0358f7dd-837d-4e12-bf0c-70c48ec91c3b"
}
[VerifyToken] Request: { method: 'POST', url: '/', hasAuth: true }
[VerifyToken] Token decoded: {
  userUniqueId: '0358f7dd-837d-4e12-bf0c-70c48ec91c3b',
  phoneNumber: '+251974002143',
  roleId: 3,
  iat: 1786191401
}
[VerifyToken] User authenticated: {
  userUniqueId: '0358f7dd-837d-4e12-bf0c-70c48ec91c3b',
  phoneNumber: '+251974002143',
  roleId: undefined
}
15:16:46 [[32minfo[39m]: Transaction committed
{
  "service": "ride-hailing-api",
  "environment": "development",
  "transactionId": "txn_2026-08-08 12:16:46_67leziki0",
  "duration": "NaNms"
}
15:16:46 [[32minfo[39m]: API Request
{
  "service": "ride-hailing-api",
  "environment": "development",
  "type": "API_REQUEST",
  "method": "POST",
  "url": "/api/company/roles",
  "statusCode": 200,
  "responseTime": "NaNms",
  "ip": "127.0.0.1",
  "userAgent": "axios/1.18.1",
  "userId": 669,
  "userUniqueId": "0358f7dd-837d-4e12-bf0c-70c48ec91c3b"
}
[VerifyToken] Request: { method: 'GET', url: '/', hasAuth: true }
[VerifyToken] Token decoded: {
  userUniqueId: '0358f7dd-837d-4e12-bf0c-70c48ec91c3b',
  phoneNumber: '+251974002143',
  roleId: 3,
  iat: 1786191401
}
[VerifyToken] User authenticated: {
  userUniqueId: '0358f7dd-837d-4e12-bf0c-70c48ec91c3b',
  phoneNumber: '+251974002143',
  roleId: undefined
}
15:16:46 [[32minfo[39m]: API Request
{
  "service": "ride-hailing-api",
  "environment": "development",
  "type": "API_REQUEST",
  "method": "GET",
  "url": "/api/company/roles",
  "statusCode": 200,
  "responseTime": "NaNms",
  "ip": "127.0.0.1",
  "userAgent": "axios/1.18.1",
  "userId": 669,
  "userUniqueId": "0358f7dd-837d-4e12-bf0c-70c48ec91c3b"
}
[VerifyToken] Request: {
  method: 'GET',
  url: '/c125a848-e42b-42ca-bfb2-1e498ee803a0',
  hasAuth: true
}
[VerifyToken] Token decoded: {
  userUniqueId: '0358f7dd-837d-4e12-bf0c-70c48ec91c3b',
  phoneNumber: '+251974002143',
  roleId: 3,
  iat: 1786191401
}
[VerifyToken] User authenticated: {
  userUniqueId: '0358f7dd-837d-4e12-bf0c-70c48ec91c3b',
  phoneNumber: '+251974002143',
  roleId: undefined
}
15:16:46 [[32minfo[39m]: API Request
{
  "service": "ride-hailing-api",
  "environment": "development",
  "type": "API_REQUEST",
  "method": "GET",
  "url": "/api/company/roles/c125a848-e42b-42ca-bfb2-1e498ee803a0",
  "statusCode": 200,
  "responseTime": "NaNms",
  "ip": "127.0.0.1",
  "userAgent": "axios/1.18.1",
  "userId": 669,
  "userUniqueId": "0358f7dd-837d-4e12-bf0c-70c48ec91c3b"
}
[VerifyToken] Request: {
  method: 'PUT',
  url: '/c125a848-e42b-42ca-bfb2-1e498ee803a0',
  hasAuth: true
}
[VerifyToken] Token decoded: {
  userUniqueId: '0358f7dd-837d-4e12-bf0c-70c48ec91c3b',
  phoneNumber: '+251974002143',
  roleId: 3,
  iat: 1786191401
}
[VerifyToken] User authenticated: {
  userUniqueId: '0358f7dd-837d-4e12-bf0c-70c48ec91c3b',
  phoneNumber: '+251974002143',
  roleId: undefined
}
15:16:46 [[32minfo[39m]: Transaction committed
{
  "service": "ride-hailing-api",
  "environment": "development",
  "transactionId": "txn_2026-08-08 12:16:46_ct1v9u24p",
  "duration": "NaNms"
}
15:16:46 [[32minfo[39m]: API Request
{
  "service": "ride-hailing-api",
  "environment": "development",
  "type": "API_REQUEST",
  "method": "PUT",
  "url": "/api/company/roles/c125a848-e42b-42ca-bfb2-1e498ee803a0",
  "statusCode": 200,
  "responseTime": "NaNms",
  "ip": "127.0.0.1",
  "userAgent": "axios/1.18.1",
  "userId": 669,
  "userUniqueId": "0358f7dd-837d-4e12-bf0c-70c48ec91c3b"
}
[VerifyToken] Request: { method: 'GET', url: '/', hasAuth: true }
[VerifyToken] Token decoded: {
  userUniqueId: '0358f7dd-837d-4e12-bf0c-70c48ec91c3b',
  phoneNumber: '+251974002143',
  roleId: 3,
  iat: 1786191401
}
[VerifyToken] User authenticated: {
  userUniqueId: '0358f7dd-837d-4e12-bf0c-70c48ec91c3b',
  phoneNumber: '+251974002143',
  roleId: undefined
}
15:16:46 [[32minfo[39m]: API Request
{
  "service": "ride-hailing-api",
  "environment": "development",
  "type": "API_REQUEST",
  "method": "GET",
  "url": "/api/company/roles",
  "statusCode": 200,
  "responseTime": "NaNms",
  "ip": "127.0.0.1",
  "userAgent": "axios/1.18.1",
  "userId": 669,
  "userUniqueId": "0358f7dd-837d-4e12-bf0c-70c48ec91c3b"
}
[VerifyToken] Request: {
  method: 'DELETE',
  url: '/c125a848-e42b-42ca-bfb2-1e498ee803a0',
  hasAuth: true
}
[VerifyToken] Token decoded: {
  userUniqueId: '0358f7dd-837d-4e12-bf0c-70c48ec91c3b',
  phoneNumber: '+251974002143',
  roleId: 3,
  iat: 1786191401
}
[VerifyToken] User authenticated: {
  userUniqueId: '0358f7dd-837d-4e12-bf0c-70c48ec91c3b',
  phoneNumber: '+251974002143',
  roleId: undefined
}
15:16:46 [[32minfo[39m]: Transaction committed
{
  "service": "ride-hailing-api",
  "environment": "development",
  "transactionId": "txn_2026-08-08 12:16:46_t0bq9k76w",
  "duration": "NaNms"
}
15:16:46 [[32minfo[39m]: API Request
{
  "service": "ride-hailing-api",
  "environment": "development",
  "type": "API_REQUEST",
  "method": "DELETE",
  "url": "/api/company/roles/c125a848-e42b-42ca-bfb2-1e498ee803a0",
  "statusCode": 200,
  "responseTime": "NaNms",
  "ip": "127.0.0.1",
  "userAgent": "axios/1.18.1",
  "userId": 669,
  "userUniqueId": "0358f7dd-837d-4e12-bf0c-70c48ec91c3b"
}
[VerifyToken] Request: { method: 'GET', url: '/', hasAuth: true }
[VerifyToken] Token decoded: {
  userUniqueId: '0358f7dd-837d-4e12-bf0c-70c48ec91c3b',
  phoneNumber: '+251974002143',
  roleId: 3,
  iat: 1786191401
}
[VerifyToken] User authenticated: {
  userUniqueId: '0358f7dd-837d-4e12-bf0c-70c48ec91c3b',
  phoneNumber: '+251974002143',
  roleId: undefined
}
15:16:46 [[32minfo[39m]: API Request
{
  "service": "ride-hailing-api",
  "environment": "development",
  "type": "API_REQUEST",
  "method": "GET",
  "url": "/api/company/roles",
  "statusCode": 200,
  "responseTime": "NaNms",
  "ip": "127.0.0.1",
  "userAgent": "axios/1.18.1",
  "userId": 669,
  "userUniqueId": "0358f7dd-837d-4e12-bf0c-70c48ec91c3b"
}
[VerifyToken] Request: { method: 'GET', url: '/', hasAuth: true }
[VerifyToken] Token decoded: {
  userUniqueId: '0358f7dd-837d-4e12-bf0c-70c48ec91c3b',
  phoneNumber: '+251974002143',
  roleId: 3,
  iat: 1786191401
}
[VerifyToken] User authenticated: {
  userUniqueId: '0358f7dd-837d-4e12-bf0c-70c48ec91c3b',
  phoneNumber: '+251974002143',
  roleId: undefined
}
15:16:46 [[32minfo[39m]: API Request
{
  "service": "ride-hailing-api",
  "environment": "development",
  "type": "API_REQUEST",
  "method": "GET",
  "url": "/api/vehicleStatus",
  "statusCode": 200,
  "responseTime": "NaNms",
  "ip": "127.0.0.1",
  "userAgent": "axios/1.18.1",
  "userId": 669,
  "userUniqueId": "0358f7dd-837d-4e12-bf0c-70c48ec91c3b"
}
[VerifyToken] Request: { method: 'POST', url: '/', hasAuth: true }
[VerifyToken] Token decoded: {
  userUniqueId: '0358f7dd-837d-4e12-bf0c-70c48ec91c3b',
  phoneNumber: '+251974002143',
  roleId: 3,
  iat: 1786191401
}
[VerifyToken] User authenticated: {
  userUniqueId: '0358f7dd-837d-4e12-bf0c-70c48ec91c3b',
  phoneNumber: '+251974002143',
  roleId: undefined
}
15:16:46 [[32minfo[39m]: Transaction committed
{
  "service": "ride-hailing-api",
  "environment": "development",
  "transactionId": "txn_2026-08-08 12:16:46_93ybjn43k",
  "duration": "NaNms"
}
15:16:46 [[32minfo[39m]: API Request
{
  "service": "ride-hailing-api",
  "environment": "development",
  "type": "API_REQUEST",
  "method": "POST",
  "url": "/api/vehicleStatus",
  "statusCode": 201,
  "responseTime": "NaNms",
  "ip": "127.0.0.1",
  "userAgent": "axios/1.18.1",
  "userId": 669,
  "userUniqueId": "0358f7dd-837d-4e12-bf0c-70c48ec91c3b"
}
[VerifyToken] Request: { method: 'GET', url: '/', hasAuth: true }
[VerifyToken] Token decoded: {
  userUniqueId: '0358f7dd-837d-4e12-bf0c-70c48ec91c3b',
  phoneNumber: '+251974002143',
  roleId: 3,
  iat: 1786191401
}
[VerifyToken] User authenticated: {
  userUniqueId: '0358f7dd-837d-4e12-bf0c-70c48ec91c3b',
  phoneNumber: '+251974002143',
  roleId: undefined
}
15:16:46 [[32minfo[39m]: API Request
{
  "service": "ride-hailing-api",
  "environment": "development",
  "type": "API_REQUEST",
  "method": "GET",
  "url": "/api/vehicleStatus",
  "statusCode": 200,
  "responseTime": "NaNms",
  "ip": "127.0.0.1",
  "userAgent": "axios/1.18.1",
  "userId": 669,
  "userUniqueId": "0358f7dd-837d-4e12-bf0c-70c48ec91c3b"
}
[VerifyToken] Request: {
  method: 'PUT',
  url: '/22762b92-8032-411b-aced-ca76c9596fa6',
  hasAuth: true
}
[VerifyToken] Token decoded: {
  userUniqueId: '0358f7dd-837d-4e12-bf0c-70c48ec91c3b',
  phoneNumber: '+251974002143',
  roleId: 3,
  iat: 1786191401
}
[VerifyToken] User authenticated: {
  userUniqueId: '0358f7dd-837d-4e12-bf0c-70c48ec91c3b',
  phoneNumber: '+251974002143',
  roleId: undefined
}
15:16:46 [[32minfo[39m]: Transaction committed
{
  "service": "ride-hailing-api",
  "environment": "development",
  "transactionId": "txn_2026-08-08 12:16:46_mdaf4m6ek",
  "duration": "NaNms"
}
15:16:46 [[32minfo[39m]: API Request
{
  "service": "ride-hailing-api",
  "environment": "development",
  "type": "API_REQUEST",
  "method": "PUT",
  "url": "/api/vehicleStatus/22762b92-8032-411b-aced-ca76c9596fa6",
  "statusCode": 200,
  "responseTime": "NaNms",
  "ip": "127.0.0.1",
  "userAgent": "axios/1.18.1",
  "userId": 669,
  "userUniqueId": "0358f7dd-837d-4e12-bf0c-70c48ec91c3b"
}
[VerifyToken] Request: { method: 'GET', url: '/', hasAuth: true }
[VerifyToken] Token decoded: {
  userUniqueId: '0358f7dd-837d-4e12-bf0c-70c48ec91c3b',
  phoneNumber: '+251974002143',
  roleId: 3,
  iat: 1786191401
}
[VerifyToken] User authenticated: {
  userUniqueId: '0358f7dd-837d-4e12-bf0c-70c48ec91c3b',
  phoneNumber: '+251974002143',
  roleId: undefined
}
15:16:46 [[32minfo[39m]: API Request
{
  "service": "ride-hailing-api",
  "environment": "development",
  "type": "API_REQUEST",
  "method": "GET",
  "url": "/api/vehicleStatus",
  "statusCode": 200,
  "responseTime": "NaNms",
  "ip": "127.0.0.1",
  "userAgent": "axios/1.18.1",
  "userId": 669,
  "userUniqueId": "0358f7dd-837d-4e12-bf0c-70c48ec91c3b"
}
[VerifyToken] Request: {
  method: 'DELETE',
  url: '/22762b92-8032-411b-aced-ca76c9596fa6',
  hasAuth: true
}
[VerifyToken] Token decoded: {
  userUniqueId: '0358f7dd-837d-4e12-bf0c-70c48ec91c3b',
  phoneNumber: '+251974002143',
  roleId: 3,
  iat: 1786191401
}
[VerifyToken] User authenticated: {
  userUniqueId: '0358f7dd-837d-4e12-bf0c-70c48ec91c3b',
  phoneNumber: '+251974002143',
  roleId: undefined
}
15:16:46 [[32minfo[39m]: Transaction committed
{
  "service": "ride-hailing-api",
  "environment": "development",
  "transactionId": "txn_2026-08-08 12:16:46_wadmxe8el",
  "duration": "NaNms"
}
15:16:46 [[32minfo[39m]: API Request
{
  "service": "ride-hailing-api",
  "environment": "development",
  "type": "API_REQUEST",
  "method": "DELETE",
  "url": "/api/vehicleStatus/22762b92-8032-411b-aced-ca76c9596fa6",
  "statusCode": 200,
  "responseTime": "NaNms",
  "ip": "127.0.0.1",
  "userAgent": "axios/1.18.1",
  "userId": 669,
  "userUniqueId": "0358f7dd-837d-4e12-bf0c-70c48ec91c3b"
}
[VerifyToken] Request: { method: 'GET', url: '/', hasAuth: true }
[VerifyToken] Token decoded: {
  userUniqueId: '0358f7dd-837d-4e12-bf0c-70c48ec91c3b',
  phoneNumber: '+251974002143',
  roleId: 3,
  iat: 1786191401
}
[VerifyToken] User authenticated: {
  userUniqueId: '0358f7dd-837d-4e12-bf0c-70c48ec91c3b',
  phoneNumber: '+251974002143',
  roleId: undefined
}
15:16:46 [[32minfo[39m]: API Request
{
  "service": "ride-hailing-api",
  "environment": "development",
  "type": "API_REQUEST",
  "method": "GET",
  "url": "/api/vehicleStatus",
  "statusCode": 200,
  "responseTime": "NaNms",
  "ip": "127.0.0.1",
  "userAgent": "axios/1.18.1",
  "userId": 669,
  "userUniqueId": "0358f7dd-837d-4e12-bf0c-70c48ec91c3b"
}
[VerifyToken] Request: { method: 'GET', url: '/', hasAuth: true }
[VerifyToken] Token decoded: {
  userUniqueId: '0358f7dd-837d-4e12-bf0c-70c48ec91c3b',
  phoneNumber: '+251974002143',
  roleId: 3,
  iat: 1786191401
}
[VerifyToken] User authenticated: {
  userUniqueId: '0358f7dd-837d-4e12-bf0c-70c48ec91c3b',
  phoneNumber: '+251974002143',
  roleId: undefined
}
15:16:46 [[32minfo[39m]: API Request
{
  "service": "ride-hailing-api",
  "environment": "development",
  "type": "API_REQUEST",
  "method": "GET",
  "url": "/api/finance/userRefund",
  "statusCode": 200,
  "responseTime": "NaNms",
  "ip": "127.0.0.1",
  "userAgent": "axios/1.18.1",
  "userId": 669,
  "userUniqueId": "0358f7dd-837d-4e12-bf0c-70c48ec91c3b"
}
[VerifyToken] Request: {
  method: 'POST',
  url: '/e9cf2beb-c934-4392-89c5-c0d069bf948e',
  hasAuth: true
}
[VerifyToken] Token decoded: {
  userUniqueId: 'e9cf2beb-c934-4392-89c5-c0d069bf948e',
  phoneNumber: '+251994002141',
  roleId: 2,
  iat: 1786191403
}
[VerifyToken] User authenticated: {
  userUniqueId: 'e9cf2beb-c934-4392-89c5-c0d069bf948e',
  phoneNumber: '+251994002141',
  roleId: undefined
}
15:16:46 [[32minfo[39m]: Transaction committed
{
  "service": "ride-hailing-api",
  "environment": "development",
  "transactionId": "txn_2026-08-08 12:16:46_oxd6v59iu",
  "duration": "NaNms"
}
15:16:46 [[32minfo[39m]: API Request
{
  "service": "ride-hailing-api",
  "environment": "development",
  "type": "API_REQUEST",
  "method": "POST",
  "url": "/api/finance/userRefund/e9cf2beb-c934-4392-89c5-c0d069bf948e",
  "statusCode": 200,
  "responseTime": "NaNms",
  "ip": "127.0.0.1",
  "userAgent": "axios/1.18.1",
  "userId": 672,
  "userUniqueId": "e9cf2beb-c934-4392-89c5-c0d069bf948e"
}
[VerifyToken] Request: { method: 'GET', url: '/', hasAuth: true }
[VerifyToken] Token decoded: {
  userUniqueId: '0358f7dd-837d-4e12-bf0c-70c48ec91c3b',
  phoneNumber: '+251974002143',
  roleId: 3,
  iat: 1786191401
}
[VerifyToken] User authenticated: {
  userUniqueId: '0358f7dd-837d-4e12-bf0c-70c48ec91c3b',
  phoneNumber: '+251974002143',
  roleId: undefined
}
15:16:46 [[32minfo[39m]: API Request
{
  "service": "ride-hailing-api",
  "environment": "development",
  "type": "API_REQUEST",
  "method": "GET",
  "url": "/api/finance/userRefund",
  "statusCode": 200,
  "responseTime": "NaNms",
  "ip": "127.0.0.1",
  "userAgent": "axios/1.18.1",
  "userId": 669,
  "userUniqueId": "0358f7dd-837d-4e12-bf0c-70c48ec91c3b"
}
[VerifyToken] Request: {
  method: 'PATCH',
  url: '/dd2b0200-7277-4813-817f-eafc7e7a8640',
  hasAuth: true
}
[VerifyToken] Token decoded: {
  userUniqueId: '0358f7dd-837d-4e12-bf0c-70c48ec91c3b',
  phoneNumber: '+251974002143',
  roleId: 3,
  iat: 1786191401
}
[VerifyToken] User authenticated: {
  userUniqueId: '0358f7dd-837d-4e12-bf0c-70c48ec91c3b',
  phoneNumber: '+251974002143',
  roleId: undefined
}
15:16:46 [[31merror[39m]: Error sending notification to driver
Error: Invalid phone number format
    at sendSocketIONotificationToDriver (/Users/zewedu/Desktop/Projects/transportBackEndNative/Utils/Notifications.js:32:13)
    at Object.updateUserRefundByUniqueId (/Users/zewedu/Desktop/Projects/transportBackEndNative/Services/UserRefund.service.js:286:5)
    at process.processTicksAndRejections (node:internal/process/task_queues:105:5)
    at async /Users/zewedu/Desktop/Projects/transportBackEndNative/Controllers/UserRefund.controller.js:91:14
    at async /Users/zewedu/Desktop/Projects/transportBackEndNative/Utils/DatabaseTransaction.js:101:14
    at async executeInTransaction (/Users/zewedu/Desktop/Projects/transportBackEndNative/Utils/DatabaseTransaction.js:99:20)
    at async exports.updateUserRefundByUniqueId (/Users/zewedu/Desktop/Projects/transportBackEndNative/Controllers/UserRefund.controller.js:90:20)
{
  "service": "ride-hailing-api",
  "environment": "development",
  "error": "Invalid phone number format"
}
15:16:46 [[32minfo[39m]: Transaction committed
{
  "service": "ride-hailing-api",
  "environment": "development",
  "transactionId": "txn_2026-08-08 12:16:46_hodygi06q",
  "duration": "NaNms"
}
15:16:46 [[32minfo[39m]: API Request
{
  "service": "ride-hailing-api",
  "environment": "development",
  "type": "API_REQUEST",
  "method": "PATCH",
  "url": "/api/finance/userRefund/dd2b0200-7277-4813-817f-eafc7e7a8640",
  "statusCode": 200,
  "responseTime": "NaNms",
  "ip": "127.0.0.1",
  "userAgent": "axios/1.18.1",
  "userId": 669,
  "userUniqueId": "0358f7dd-837d-4e12-bf0c-70c48ec91c3b"
}
[VerifyToken] Request: { method: 'GET', url: '/', hasAuth: true }
[VerifyToken] Token decoded: {
  userUniqueId: '0358f7dd-837d-4e12-bf0c-70c48ec91c3b',
  phoneNumber: '+251974002143',
  roleId: 3,
  iat: 1786191401
}
[VerifyToken] User authenticated: {
  userUniqueId: '0358f7dd-837d-4e12-bf0c-70c48ec91c3b',
  phoneNumber: '+251974002143',
  roleId: undefined
}
15:16:46 [[32minfo[39m]: API Request
{
  "service": "ride-hailing-api",
  "environment": "development",
  "type": "API_REQUEST",
  "method": "GET",
  "url": "/api/finance/userRefund",
  "statusCode": 200,
  "responseTime": "NaNms",
  "ip": "127.0.0.1",
  "userAgent": "axios/1.18.1",
  "userId": 669,
  "userUniqueId": "0358f7dd-837d-4e12-bf0c-70c48ec91c3b"
}
[VerifyToken] Request: {
  method: 'DELETE',
  url: '/dd2b0200-7277-4813-817f-eafc7e7a8640',
  hasAuth: true
}
[VerifyToken] Token decoded: {
  userUniqueId: '0358f7dd-837d-4e12-bf0c-70c48ec91c3b',
  phoneNumber: '+251974002143',
  roleId: 3,
  iat: 1786191401
}
[VerifyToken] User authenticated: {
  userUniqueId: '0358f7dd-837d-4e12-bf0c-70c48ec91c3b',
  phoneNumber: '+251974002143',
  roleId: undefined
}
15:16:46 [[32minfo[39m]: Transaction committed
{
  "service": "ride-hailing-api",
  "environment": "development",
  "transactionId": "txn_2026-08-08 12:16:46_24nu0fnc1",
  "duration": "NaNms"
}
15:16:46 [[32minfo[39m]: API Request
{
  "service": "ride-hailing-api",
  "environment": "development",
  "type": "API_REQUEST",
  "method": "DELETE",
  "url": "/api/finance/userRefund/dd2b0200-7277-4813-817f-eafc7e7a8640",
  "statusCode": 200,
  "responseTime": "NaNms",
  "ip": "127.0.0.1",
  "userAgent": "axios/1.18.1",
  "userId": 669,
  "userUniqueId": "0358f7dd-837d-4e12-bf0c-70c48ec91c3b"
}
[VerifyToken] Request: { method: 'GET', url: '/', hasAuth: true }
[VerifyToken] Token decoded: {
  userUniqueId: '0358f7dd-837d-4e12-bf0c-70c48ec91c3b',
  phoneNumber: '+251974002143',
  roleId: 3,
  iat: 1786191401
}
[VerifyToken] User authenticated: {
  userUniqueId: '0358f7dd-837d-4e12-bf0c-70c48ec91c3b',
  phoneNumber: '+251974002143',
  roleId: undefined
}
15:16:46 [[32minfo[39m]: API Request
{
  "service": "ride-hailing-api",
  "environment": "development",
  "type": "API_REQUEST",
  "method": "GET",
  "url": "/api/finance/userRefund",
  "statusCode": 200,
  "responseTime": "NaNms",
  "ip": "127.0.0.1",
  "userAgent": "axios/1.18.1",
  "userId": 669,
  "userUniqueId": "0358f7dd-837d-4e12-bf0c-70c48ec91c3b"
}
[VerifyToken] Request: {
  method: 'GET',
  url: '/?driverUniqueId=e9cf2beb-c934-4392-89c5-c0d069bf948e&limit=10',
  hasAuth: true
}
[VerifyToken] Token decoded: {
  userUniqueId: 'e9cf2beb-c934-4392-89c5-c0d069bf948e',
  phoneNumber: '+251994002141',
  roleId: 2,
  iat: 1786191403
}
[VerifyToken] User authenticated: {
  userUniqueId: 'e9cf2beb-c934-4392-89c5-c0d069bf948e',
  phoneNumber: '+251994002141',
  roleId: undefined
}
15:16:46 [[32minfo[39m]: API Request
{
  "service": "ride-hailing-api",
  "environment": "development",
  "type": "API_REQUEST",
  "method": "GET",
  "url": "/api/finance/driverEarning?driverUniqueId=e9cf2beb-c934-4392-89c5-c0d069bf948e&limit=10",
  "statusCode": 200,
  "responseTime": "NaNms",
  "ip": "127.0.0.1",
  "userAgent": "axios/1.18.1",
  "userId": 672,
  "userUniqueId": "e9cf2beb-c934-4392-89c5-c0d069bf948e"
}
[VerifyToken] Request: {
  method: 'GET',
  url: '/?driverUniqueId=e9cf2beb-c934-4392-89c5-c0d069bf948e&limit=10&fromDate=2026-01-01&toDate=2030-12-31',
  hasAuth: true
}
[VerifyToken] Token decoded: {
  userUniqueId: 'e9cf2beb-c934-4392-89c5-c0d069bf948e',
  phoneNumber: '+251994002141',
  roleId: 2,
  iat: 1786191403
}
[VerifyToken] User authenticated: {
  userUniqueId: 'e9cf2beb-c934-4392-89c5-c0d069bf948e',
  phoneNumber: '+251994002141',
  roleId: undefined
}
15:16:46 [[32minfo[39m]: API Request
{
  "service": "ride-hailing-api",
  "environment": "development",
  "type": "API_REQUEST",
  "method": "GET",
  "url": "/api/finance/driverEarning?driverUniqueId=e9cf2beb-c934-4392-89c5-c0d069bf948e&limit=10&fromDate=2026-01-01&toDate=2030-12-31",
  "statusCode": 200,
  "responseTime": "NaNms",
  "ip": "127.0.0.1",
  "userAgent": "axios/1.18.1",
  "userId": 672,
  "userUniqueId": "e9cf2beb-c934-4392-89c5-c0d069bf948e"
}
[VerifyToken] Request: { method: 'GET', url: '/filter', hasAuth: true }
[VerifyToken] Token decoded: {
  userUniqueId: '0358f7dd-837d-4e12-bf0c-70c48ec91c3b',
  phoneNumber: '+251974002143',
  roleId: 3,
  iat: 1786191401
}
[VerifyToken] User authenticated: {
  userUniqueId: '0358f7dd-837d-4e12-bf0c-70c48ec91c3b',
  phoneNumber: '+251974002143',
  roleId: undefined
}
15:16:46 [[32minfo[39m]: Transaction committed
{
  "service": "ride-hailing-api",
  "environment": "development",
  "transactionId": "txn_2026-08-08 12:16:46_8nou9n667",
  "duration": "NaNms"
}
15:16:46 [[32minfo[39m]: API Request
{
  "service": "ride-hailing-api",
  "environment": "development",
  "type": "API_REQUEST",
  "method": "GET",
  "url": "/api/admin/userRole/filter",
  "statusCode": 200,
  "responseTime": "NaNms",
  "ip": "127.0.0.1",
  "userAgent": "axios/1.18.1",
  "userId": 669,
  "userUniqueId": "0358f7dd-837d-4e12-bf0c-70c48ec91c3b"
}
[VerifyToken] Request: { method: 'POST', url: '/create', hasAuth: true }
[VerifyToken] Token decoded: {
  userUniqueId: 'b4ab823f-c537-4655-ab27-cab33fbd0996',
  phoneNumber: '+251983222221',
  roleId: 6,
  iat: 1786191401
}
[VerifyToken] User authenticated: {
  userUniqueId: 'b4ab823f-c537-4655-ab27-cab33fbd0996',
  phoneNumber: '+251983222221',
  roleId: undefined
}
15:16:46 [[32minfo[39m]: Transaction committed
{
  "service": "ride-hailing-api",
  "environment": "development",
  "transactionId": "txn_2026-08-08 12:16:46_nai5s7tll",
  "duration": "NaNms"
}
15:16:46 [[32minfo[39m]: API Request
{
  "service": "ride-hailing-api",
  "environment": "development",
  "type": "API_REQUEST",
  "method": "POST",
  "url": "/api/admin/userRole/create",
  "statusCode": 200,
  "responseTime": "NaNms",
  "ip": "127.0.0.1",
  "userAgent": "axios/1.18.1",
  "userId": 1,
  "userUniqueId": "b4ab823f-c537-4655-ab27-cab33fbd0996"
}
[VerifyToken] Request: { method: 'GET', url: '/filter', hasAuth: true }
[VerifyToken] Token decoded: {
  userUniqueId: '0358f7dd-837d-4e12-bf0c-70c48ec91c3b',
  phoneNumber: '+251974002143',
  roleId: 3,
  iat: 1786191401
}
[VerifyToken] User authenticated: {
  userUniqueId: '0358f7dd-837d-4e12-bf0c-70c48ec91c3b',
  phoneNumber: '+251974002143',
  roleId: undefined
}
15:16:46 [[32minfo[39m]: Transaction committed
{
  "service": "ride-hailing-api",
  "environment": "development",
  "transactionId": "txn_2026-08-08 12:16:46_cjt7ryhhj",
  "duration": "NaNms"
}
15:16:46 [[32minfo[39m]: API Request
{
  "service": "ride-hailing-api",
  "environment": "development",
  "type": "API_REQUEST",
  "method": "GET",
  "url": "/api/admin/userRole/filter",
  "statusCode": 200,
  "responseTime": "NaNms",
  "ip": "127.0.0.1",
  "userAgent": "axios/1.18.1",
  "userId": 669,
  "userUniqueId": "0358f7dd-837d-4e12-bf0c-70c48ec91c3b"
}
[VerifyToken] Request: {
  method: 'PUT',
  url: '/606e6ee1-74d0-4978-b1dd-343153f482bf',
  hasAuth: true
}
[VerifyToken] Token decoded: {
  userUniqueId: '0358f7dd-837d-4e12-bf0c-70c48ec91c3b',
  phoneNumber: '+251974002143',
  roleId: 3,
  iat: 1786191401
}
[VerifyToken] User authenticated: {
  userUniqueId: '0358f7dd-837d-4e12-bf0c-70c48ec91c3b',
  phoneNumber: '+251974002143',
  roleId: undefined
}
15:16:46 [[32minfo[39m]: Transaction committed
{
  "service": "ride-hailing-api",
  "environment": "development",
  "transactionId": "txn_2026-08-08 12:16:46_0br1dj6yc",
  "duration": "NaNms"
}
15:16:46 [[32minfo[39m]: API Request
{
  "service": "ride-hailing-api",
  "environment": "development",
  "type": "API_REQUEST",
  "method": "PUT",
  "url": "/api/admin/userRole/606e6ee1-74d0-4978-b1dd-343153f482bf",
  "statusCode": 200,
  "responseTime": "NaNms",
  "ip": "127.0.0.1",
  "userAgent": "axios/1.18.1",
  "userId": 669,
  "userUniqueId": "0358f7dd-837d-4e12-bf0c-70c48ec91c3b"
}
[VerifyToken] Request: { method: 'GET', url: '/filter', hasAuth: true }
[VerifyToken] Token decoded: {
  userUniqueId: '0358f7dd-837d-4e12-bf0c-70c48ec91c3b',
  phoneNumber: '+251974002143',
  roleId: 3,
  iat: 1786191401
}
[VerifyToken] User authenticated: {
  userUniqueId: '0358f7dd-837d-4e12-bf0c-70c48ec91c3b',
  phoneNumber: '+251974002143',
  roleId: undefined
}
15:16:46 [[32minfo[39m]: Transaction committed
{
  "service": "ride-hailing-api",
  "environment": "development",
  "transactionId": "txn_2026-08-08 12:16:46_ktziu76tb",
  "duration": "NaNms"
}
15:16:46 [[32minfo[39m]: API Request
{
  "service": "ride-hailing-api",
  "environment": "development",
  "type": "API_REQUEST",
  "method": "GET",
  "url": "/api/admin/userRole/filter",
  "statusCode": 200,
  "responseTime": "NaNms",
  "ip": "127.0.0.1",
  "userAgent": "axios/1.18.1",
  "userId": 669,
  "userUniqueId": "0358f7dd-837d-4e12-bf0c-70c48ec91c3b"
}
[VerifyToken] Request: {
  method: 'DELETE',
  url: '/606e6ee1-74d0-4978-b1dd-343153f482bf',
  hasAuth: true
}
[VerifyToken] Token decoded: {
  userUniqueId: '0358f7dd-837d-4e12-bf0c-70c48ec91c3b',
  phoneNumber: '+251974002143',
  roleId: 3,
  iat: 1786191401
}
[VerifyToken] User authenticated: {
  userUniqueId: '0358f7dd-837d-4e12-bf0c-70c48ec91c3b',
  phoneNumber: '+251974002143',
  roleId: undefined
}
15:16:46 [[32minfo[39m]: Transaction committed
{
  "service": "ride-hailing-api",
  "environment": "development",
  "transactionId": "txn_2026-08-08 12:16:46_6ezidwfx9",
  "duration": "NaNms"
}
15:16:46 [[32minfo[39m]: API Request
{
  "service": "ride-hailing-api",
  "environment": "development",
  "type": "API_REQUEST",
  "method": "DELETE",
  "url": "/api/admin/userRole/606e6ee1-74d0-4978-b1dd-343153f482bf",
  "statusCode": 200,
  "responseTime": "NaNms",
  "ip": "127.0.0.1",
  "userAgent": "axios/1.18.1",
  "userId": 669,
  "userUniqueId": "0358f7dd-837d-4e12-bf0c-70c48ec91c3b"
}
[VerifyToken] Request: { method: 'GET', url: '/filter', hasAuth: true }
[VerifyToken] Token decoded: {
  userUniqueId: '0358f7dd-837d-4e12-bf0c-70c48ec91c3b',
  phoneNumber: '+251974002143',
  roleId: 3,
  iat: 1786191401
}
[VerifyToken] User authenticated: {
  userUniqueId: '0358f7dd-837d-4e12-bf0c-70c48ec91c3b',
  phoneNumber: '+251974002143',
  roleId: undefined
}
15:16:46 [[32minfo[39m]: Transaction committed
{
  "service": "ride-hailing-api",
  "environment": "development",
  "transactionId": "txn_2026-08-08 12:16:46_fbky12aoi",
  "duration": "NaNms"
}
15:16:46 [[32minfo[39m]: API Request
{
  "service": "ride-hailing-api",
  "environment": "development",
  "type": "API_REQUEST",
  "method": "GET",
  "url": "/api/admin/userRole/filter",
  "statusCode": 200,
  "responseTime": "NaNms",
  "ip": "127.0.0.1",
  "userAgent": "axios/1.18.1",
  "userId": 669,
  "userUniqueId": "0358f7dd-837d-4e12-bf0c-70c48ec91c3b"
}
[VerifyToken] Request: { method: 'GET', url: '/api/shipper/account', hasAuth: true }
[VerifyToken] Token decoded: {
  userUniqueId: '58f51152-1d79-47a7-85b1-d57ba09011a4',
  phoneNumber: '+251984002142',
  roleId: 1,
  iat: 1786191403
}
[VerifyToken] User authenticated: {
  userUniqueId: '58f51152-1d79-47a7-85b1-d57ba09011a4',
  phoneNumber: '+251984002142',
  roleId: undefined
}
15:16:46 [[32minfo[39m]: API Request
{
  "service": "ride-hailing-api",
  "environment": "development",
  "type": "API_REQUEST",
  "method": "GET",
  "url": "/api/shipper/account",
  "statusCode": 200,
  "responseTime": "NaNms",
  "ip": "127.0.0.1",
  "userAgent": "axios/1.18.1",
  "userId": 673,
  "userUniqueId": "58f51152-1d79-47a7-85b1-d57ba09011a4"
}
[VerifyToken] Request: {
  method: 'POST',
  url: '/api/user/attachDocuments/self',
  hasAuth: true
}
[VerifyToken] Token decoded: {
  userUniqueId: '58f51152-1d79-47a7-85b1-d57ba09011a4',
  phoneNumber: '+251984002142',
  roleId: 1,
  iat: 1786191403
}
[VerifyToken] User authenticated: {
  userUniqueId: '58f51152-1d79-47a7-85b1-d57ba09011a4',
  phoneNumber: '+251984002142',
  roleId: undefined
}
15:16:46 [[32minfo[39m]: File saved locally
{
  "service": "ride-hailing-api",
  "environment": "development",
  "filePath": "/Users/zewedu/Desktop/Projects/transportBackEndNative/uploads/673_8991eb62-12d4-42b6-9f4a-a0601504f3a3.png",
  "relativePath": "/uploads/673_8991eb62-12d4-42b6-9f4a-a0601504f3a3.png"
}
15:16:46 [[32minfo[39m]: Transaction committed
{
  "service": "ride-hailing-api",
  "environment": "development",
  "transactionId": "txn_2026-08-08 12:16:46_dyijd7mj6",
  "duration": "NaNms"
}
15:16:46 [[32minfo[39m]: API Request
{
  "service": "ride-hailing-api",
  "environment": "development",
  "type": "API_REQUEST",
  "method": "POST",
  "url": "/api/user/attachDocuments/self",
  "statusCode": 200,
  "responseTime": "NaNms",
  "ip": "127.0.0.1",
  "userAgent": "axios/1.18.1",
  "userId": 673,
  "userUniqueId": "58f51152-1d79-47a7-85b1-d57ba09011a4"
}
[VerifyToken] Request: {
  method: 'POST',
  url: '/api/user/attachDocuments/self',
  hasAuth: true
}
[VerifyToken] Token decoded: {
  userUniqueId: '58f51152-1d79-47a7-85b1-d57ba09011a4',
  phoneNumber: '+251984002142',
  roleId: 1,
  iat: 1786191403
}
[VerifyToken] User authenticated: {
  userUniqueId: '58f51152-1d79-47a7-85b1-d57ba09011a4',
  phoneNumber: '+251984002142',
  roleId: undefined
}
15:16:46 [[32minfo[39m]: File saved locally
{
  "service": "ride-hailing-api",
  "environment": "development",
  "filePath": "/Users/zewedu/Desktop/Projects/transportBackEndNative/uploads/673_053443b8-abda-4291-b243-98790d868967.png",
  "relativePath": "/uploads/673_053443b8-abda-4291-b243-98790d868967.png"
}
15:16:46 [[32minfo[39m]: Transaction committed
{
  "service": "ride-hailing-api",
  "environment": "development",
  "transactionId": "txn_2026-08-08 12:16:46_gz25anvxt",
  "duration": "NaNms"
}
15:16:46 [[32minfo[39m]: API Request
{
  "service": "ride-hailing-api",
  "environment": "development",
  "type": "API_REQUEST",
  "method": "POST",
  "url": "/api/user/attachDocuments/self",
  "statusCode": 200,
  "responseTime": "NaNms",
  "ip": "127.0.0.1",
  "userAgent": "axios/1.18.1",
  "userId": 673,
  "userUniqueId": "58f51152-1d79-47a7-85b1-d57ba09011a4"
}
[VerifyToken] Request: { method: 'GET', url: '/', hasAuth: true }
[VerifyToken] Token decoded: {
  userUniqueId: '58f51152-1d79-47a7-85b1-d57ba09011a4',
  phoneNumber: '+251984002142',
  roleId: 1,
  iat: 1786191403
}
[VerifyToken] User authenticated: {
  userUniqueId: '58f51152-1d79-47a7-85b1-d57ba09011a4',
  phoneNumber: '+251984002142',
  roleId: undefined
}
15:16:46 [[32minfo[39m]: API Request
{
  "service": "ride-hailing-api",
  "environment": "development",
  "type": "API_REQUEST",
  "method": "GET",
  "url": "/api/admin/vehicleTypes",
  "statusCode": 200,
  "responseTime": "NaNms",
  "ip": "127.0.0.1",
  "userAgent": "axios/1.18.1",
  "userId": 673,
  "userUniqueId": "58f51152-1d79-47a7-85b1-d57ba09011a4"
}
[VerifyToken] Request: {
  method: 'POST',
  url: '/api/shipperRequest/createRequest',
  hasAuth: true
}
[VerifyToken] Token decoded: {
  userUniqueId: '58f51152-1d79-47a7-85b1-d57ba09011a4',
  phoneNumber: '+251984002142',
  roleId: 1,
  iat: 1786191403
}
[VerifyToken] User authenticated: {
  userUniqueId: '58f51152-1d79-47a7-85b1-d57ba09011a4',
  phoneNumber: '+251984002142',
  roleId: undefined
}
15:16:46 [[33mwarn[39m]: Duplicate JourneyDecision detected (race condition), skipping
{
  "service": "ride-hailing-api",
  "environment": "development",
  "driverRequestId": 23,
  "shipperRequestId": 739,
  "error": "Duplicate entry '23' for key 'journeydecisions.driverRequestId'"
}
15:16:46 [[33mwarn[39m]: Duplicate JourneyDecision detected (race condition), skipping
{
  "service": "ride-hailing-api",
  "environment": "development",
  "driverRequestId": 28,
  "shipperRequestId": 739,
  "error": "Duplicate entry '28' for key 'journeydecisions.driverRequestId'"
}
15:16:46 [[33mwarn[39m]: Duplicate JourneyDecision detected (race condition), skipping
{
  "service": "ride-hailing-api",
  "environment": "development",
  "driverRequestId": 33,
  "shipperRequestId": 739,
  "error": "Duplicate entry '33' for key 'journeydecisions.driverRequestId'"
}
15:16:46 [[33mwarn[39m]: Duplicate JourneyDecision detected (race condition), skipping
{
  "service": "ride-hailing-api",
  "environment": "development",
  "driverRequestId": 48,
  "shipperRequestId": 739,
  "error": "Duplicate entry '48' for key 'journeydecisions.driverRequestId'"
}
15:16:46 [[33mwarn[39m]: Duplicate JourneyDecision detected (race condition), skipping
{
  "service": "ride-hailing-api",
  "environment": "development",
  "driverRequestId": 56,
  "shipperRequestId": 739,
  "error": "Duplicate entry '56' for key 'journeydecisions.driverRequestId'"
}
15:16:46 [[33mwarn[39m]: Duplicate JourneyDecision detected (race condition), skipping
{
  "service": "ride-hailing-api",
  "environment": "development",
  "driverRequestId": 61,
  "shipperRequestId": 739,
  "error": "Duplicate entry '61' for key 'journeydecisions.driverRequestId'"
}
15:16:46 [[33mwarn[39m]: Duplicate JourneyDecision detected (race condition), skipping
{
  "service": "ride-hailing-api",
  "environment": "development",
  "driverRequestId": 83,
  "shipperRequestId": 739,
  "error": "Duplicate entry '83' for key 'journeydecisions.driverRequestId'"
}
15:16:46 [[33mwarn[39m]: Duplicate JourneyDecision detected (race condition), skipping
{
  "service": "ride-hailing-api",
  "environment": "development",
  "driverRequestId": 88,
  "shipperRequestId": 739,
  "error": "Duplicate entry '88' for key 'journeydecisions.driverRequestId'"
}
15:16:46 [[33mwarn[39m]: Duplicate JourneyDecision detected (race condition), skipping
{
  "service": "ride-hailing-api",
  "environment": "development",
  "driverRequestId": 93,
  "shipperRequestId": 739,
  "error": "Duplicate entry '93' for key 'journeydecisions.driverRequestId'"
}
15:16:46 [[33mwarn[39m]: Duplicate JourneyDecision detected (race condition), skipping
{
  "service": "ride-hailing-api",
  "environment": "development",
  "driverRequestId": 106,
  "shipperRequestId": 739,
  "error": "Duplicate entry '106' for key 'journeydecisions.driverRequestId'"
}
15:16:46 [[32minfo[39m]: Transaction committed
{
  "service": "ride-hailing-api",
  "environment": "development",
  "transactionId": "txn_2026-08-08 12:16:46_7hlgb90gw",
  "duration": "NaNms"
}
15:16:46 [[32minfo[39m]: API Request
{
  "service": "ride-hailing-api",
  "environment": "development",
  "type": "API_REQUEST",
  "method": "POST",
  "url": "/api/shipperRequest/createRequest",
  "statusCode": 200,
  "responseTime": "NaNms",
  "ip": "127.0.0.1",
  "userAgent": "axios/1.18.1",
  "userId": 673,
  "userUniqueId": "58f51152-1d79-47a7-85b1-d57ba09011a4"
}
[VerifyToken] Request: {
  method: 'GET',
  url: '/api/shipperRequest/verifyShipperStatus?page=1&pageSize=10',
  hasAuth: true
}
[VerifyToken] Token decoded: {
  userUniqueId: '58f51152-1d79-47a7-85b1-d57ba09011a4',
  phoneNumber: '+251984002142',
  roleId: 1,
  iat: 1786191403
}
[VerifyToken] User authenticated: {
  userUniqueId: '58f51152-1d79-47a7-85b1-d57ba09011a4',
  phoneNumber: '+251984002142',
  roleId: undefined
}
15:16:46 [[32minfo[39m]: API Request
{
  "service": "ride-hailing-api",
  "environment": "development",
  "type": "API_REQUEST",
  "method": "GET",
  "url": "/api/shipperRequest/verifyShipperStatus?page=1&pageSize=10",
  "statusCode": 200,
  "responseTime": "NaNms",
  "ip": "127.0.0.1",
  "userAgent": "axios/1.18.1",
  "userId": 673,
  "userUniqueId": "58f51152-1d79-47a7-85b1-d57ba09011a4"
}
[VerifyToken] Request: { method: 'POST', url: '/api/driver/request', hasAuth: true }
[VerifyToken] Token decoded: {
  userUniqueId: 'e9cf2beb-c934-4392-89c5-c0d069bf948e',
  phoneNumber: '+251994002141',
  roleId: 2,
  iat: 1786191403
}
[VerifyToken] User authenticated: {
  userUniqueId: 'e9cf2beb-c934-4392-89c5-c0d069bf948e',
  phoneNumber: '+251994002141',
  roleId: undefined
}
15:16:46 [[31merror[39m]: API Error Driver in inactive status
Error: Driver in inactive status
    at verifyDriversIdentity (/Users/zewedu/Desktop/Projects/transportBackEndNative/Middleware/VerifyUsersIdentity.js:101:13)
    at process.processTicksAndRejections (node:internal/process/task_queues:105:5)
{
  "service": "ride-hailing-api",
  "environment": "development",
  "type": "API_ERROR",
  "statusCode": 403,
  "path": "/api/driver/request",
  "method": "POST",
  "ip": "127.0.0.1",
  "userId": 672,
  "userUniqueId": "e9cf2beb-c934-4392-89c5-c0d069bf948e",
  "body": {
    "currentLocation": {
      "latitude": 9.03,
      "longitude": 38.74,
      "description": "Addis Ababa, Ethiopia"
    }
  },
  "params": {},
  "query": {}
}
15:16:46 [[32minfo[39m]: API Request
{
  "service": "ride-hailing-api",
  "environment": "development",
  "type": "API_REQUEST",
  "method": "POST",
  "url": "/api/driver/request",
  "statusCode": 403,
  "responseTime": "NaNms",
  "ip": "127.0.0.1",
  "userAgent": "axios/1.18.1",
  "userId": 672,
  "userUniqueId": "e9cf2beb-c934-4392-89c5-c0d069bf948e"
}
[VerifyToken] Request: {
  method: 'GET',
  url: '/api/driver/verifyDriverJourneyStatus',
  hasAuth: true
}
[VerifyToken] Token decoded: {
  userUniqueId: 'e9cf2beb-c934-4392-89c5-c0d069bf948e',
  phoneNumber: '+251994002141',
  roleId: 2,
  iat: 1786191403
}
[VerifyToken] User authenticated: {
  userUniqueId: 'e9cf2beb-c934-4392-89c5-c0d069bf948e',
  phoneNumber: '+251994002141',
  roleId: undefined
}
15:16:46 [[32minfo[39m]: API Request
{
  "service": "ride-hailing-api",
  "environment": "development",
  "type": "API_REQUEST",
  "method": "GET",
  "url": "/api/driver/verifyDriverJourneyStatus",
  "statusCode": 200,
  "responseTime": "NaNms",
  "ip": "127.0.0.1",
  "userAgent": "axios/1.18.1",
  "userId": 672,
  "userUniqueId": "e9cf2beb-c934-4392-89c5-c0d069bf948e"
}
[VerifyToken] Request: { method: 'GET', url: '/api/driver/account', hasAuth: true }
[VerifyToken] Token decoded: {
  userUniqueId: 'e9cf2beb-c934-4392-89c5-c0d069bf948e',
  phoneNumber: '+251994002141',
  roleId: 2,
  iat: 1786191403
}
[VerifyToken] User authenticated: {
  userUniqueId: 'e9cf2beb-c934-4392-89c5-c0d069bf948e',
  phoneNumber: '+251994002141',
  roleId: undefined
}
15:16:46 [[32minfo[39m]: @dataRows
{
  "0": {
    "userBalanceId": 470,
    "userBalanceUniqueId": "385f3cd5-7619-44f3-b00e-adac7c4bc34c",
    "userUniqueId": "e9cf2beb-c934-4392-89c5-c0d069bf948e",
    "transactionType": "Refund",
    "transactionUniqueId": "dd2b0200-7277-4813-817f-eafc7e7a8640",
    "transactionTime": "2026-08-08T09:16:46.000Z",
    "userBalanceAdjustmentType": "creation",
    "netBalance": "650.00",
    "userBalanceCreatedBy": "e9cf2beb-c934-4392-89c5-c0d069bf948e",
    "userBalanceUpdatedBy": null,
    "userBalanceDeletedBy": null,
    "userBalanceCreatedAt": "2026-08-08T09:16:46.000Z",
    "userBalanceUpdatedAt": null,
    "userBalanceDeletedAt": null
  },
  "service": "ride-hailing-api",
  "environment": "development"
}
15:16:46 [[32minfo[39m]: API Request
{
  "service": "ride-hailing-api",
  "environment": "development",
  "type": "API_REQUEST",
  "method": "GET",
  "url": "/api/driver/account",
  "statusCode": 200,
  "responseTime": "NaNms",
  "ip": "127.0.0.1",
  "userAgent": "axios/1.18.1",
  "userId": 672,
  "userUniqueId": "e9cf2beb-c934-4392-89c5-c0d069bf948e"
}
[VerifyToken] Request: {
  method: 'GET',
  url: '/api/driver/verifyDriverJourneyStatus',
  hasAuth: true
}
[VerifyToken] Token decoded: {
  userUniqueId: 'e9cf2beb-c934-4392-89c5-c0d069bf948e',
  phoneNumber: '+251994002141',
  roleId: 2,
  iat: 1786191403
}
[VerifyToken] User authenticated: {
  userUniqueId: 'e9cf2beb-c934-4392-89c5-c0d069bf948e',
  phoneNumber: '+251994002141',
  roleId: undefined
}
15:16:46 [[32minfo[39m]: API Request
{
  "service": "ride-hailing-api",
  "environment": "development",
  "type": "API_REQUEST",
  "method": "GET",
  "url": "/api/driver/verifyDriverJourneyStatus",
  "statusCode": 200,
  "responseTime": "NaNms",
  "ip": "127.0.0.1",
  "userAgent": "axios/1.18.1",
  "userId": 672,
  "userUniqueId": "e9cf2beb-c934-4392-89c5-c0d069bf948e"
}
[VerifyToken] Request: { method: 'POST', url: '/api/driver/takeFromStreet', hasAuth: true }
[VerifyToken] Token decoded: {
  userUniqueId: 'e9cf2beb-c934-4392-89c5-c0d069bf948e',
  phoneNumber: '+251994002141',
  roleId: 2,
  iat: 1786191403
}
[VerifyToken] User authenticated: {
  userUniqueId: 'e9cf2beb-c934-4392-89c5-c0d069bf948e',
  phoneNumber: '+251994002141',
  roleId: undefined
}
15:16:46 [[32minfo[39m]: SMS Configuration Details:
{
  "service": "ride-hailing-api",
  "environment": "development",
  "config": {
    "TOKEN": "eyJhbGciOiJIUzI1NiJ9.eyJpZGVudGlmaWVyIjoiN2dtVldJRHhZdzhWVDlaRzZTWENqZjMyQldJV0pmaWgiLCJleHAiOjE5MzI3OTU1MTcsImlhdCI6MTc3NTAyOTExNywianRpIjoiNTE0ZjNhOWUtNDI3ZS00MWUzLTg0NDAtZTY2NzExMDMzN2VkIn0.6NTM10KG1dJJoHz_ouYZIIONUBmWxo49V_VG9B7QMrg",
    "BASE_URL": "https://api.afromessage.com/api/send",
    "SENDER": "Dynamics.T",
    "FROM": "",
    "CALLBACK": "",
    "OTP_TEMPLATE": "Your OTP code is #OTP#"
  },
  "receiverPhoneNumber": "+251984002142"
}
15:16:48 [[31merror[39m]: Error in accountStatus evaluation
Error: Can't add new command when connection is in closed state
    at performJoinSelect (/Users/zewedu/Desktop/Projects/transportBackEndNative/CRUD/Read/ReadData.core.js:126:42)
    at handleUpdateResponses (/Users/zewedu/Desktop/Projects/transportBackEndNative/Services/UserRoleStatus.service.js:140:26)
    at process.processTicksAndRejections (node:internal/process/task_queues:105:5)
    at async updateUserRoleStatus (/Users/zewedu/Desktop/Projects/transportBackEndNative/Services/UserRoleStatus.service.js:93:10)
    at async accountStatus (/Users/zewedu/Desktop/Projects/transportBackEndNative/Services/Account/accountStatus.service.js:435:7)
    at async Immediate.<anonymous> (/Users/zewedu/Desktop/Projects/transportBackEndNative/Services/AttachedDocuments/update.service.js:297:9)
{
  "service": "ride-hailing-api",
  "environment": "development",
  "error": "Can't add new command when connection is in closed state",
  "params": {
    "ownerUserUniqueId": "e9cf2beb-c934-4392-89c5-c0d069bf948e",
    "user": null,
    "body": {
      "roleId": 2
    }
  }
}
15:16:48 [[31merror[39m]: Error in accountStatus evaluation
Error: Can't add new command when connection is in closed state
    at performJoinSelect (/Users/zewedu/Desktop/Projects/transportBackEndNative/CRUD/Read/ReadData.core.js:126:42)
    at handleUpdateResponses (/Users/zewedu/Desktop/Projects/transportBackEndNative/Services/UserRoleStatus.service.js:140:26)
    at process.processTicksAndRejections (node:internal/process/task_queues:105:5)
    at async updateUserRoleStatus (/Users/zewedu/Desktop/Projects/transportBackEndNative/Services/UserRoleStatus.service.js:93:10)
    at async accountStatus (/Users/zewedu/Desktop/Projects/transportBackEndNative/Services/Account/accountStatus.service.js:435:7)
    at async Immediate.<anonymous> (/Users/zewedu/Desktop/Projects/transportBackEndNative/Services/AttachedDocuments/update.service.js:297:9)
{
  "service": "ride-hailing-api",
  "environment": "development",
  "error": "Can't add new command when connection is in closed state",
  "params": {
    "ownerUserUniqueId": "e9cf2beb-c934-4392-89c5-c0d069bf948e",
    "user": null,
    "body": {
      "roleId": 2
    }
  }
}
15:16:48 [[31merror[39m]: Post-commit: failed to update user status after document action
{
  "service": "ride-hailing-api",
  "environment": "development",
  "error": "An error occurred during account status evaluation: Can't add new command when connection is in closed state",
  "ownerUniqueId": "e9cf2beb-c934-4392-89c5-c0d069bf948e",
  "roleId": 2,
  "action": "ACCEPTED"
}
15:16:48 [[31merror[39m]: Post-commit: failed to update user status after document action
{
  "service": "ride-hailing-api",
  "environment": "development",
  "error": "An error occurred during account status evaluation: Can't add new command when connection is in closed state",
  "ownerUniqueId": "e9cf2beb-c934-4392-89c5-c0d069bf948e",
  "roleId": 2,
  "action": "ACCEPTED"
}
15:16:48 [[32minfo[39m]: SMS API Raw Response:
{
  "service": "ride-hailing-api",
  "environment": "development",
  "status": 200,
  "data": {
    "acknowledge": "error",
    "response": {
      "errors": [
        "+251984002142 is unverified contact number. You need to verify your contacts while beta testing the system. Please verify this contact using the contact verification tool in the system. Goto list of contacts (or search this contact) and click on the verify button to verify this contact."
      ],
      "relatedObject": "/api/send"
    }
  },
  "receiverPhoneNumber": "+251984002142"
}
15:16:48 [[31merror[39m]: SMS API Request Error Details: SMS API returned error: +251984002142 is unverified contact number. You need to verify your contacts while beta testing the system. Please verify this contact using the contact verification tool in the system. Goto list of contacts (or search this contact) and click on the verify button to verify this contact.
{
  "service": "ride-hailing-api",
  "environment": "development",
  "receiverPhoneNumber": "+251984002142"
}
15:16:48 [[33mwarn[39m]: Failed to send SMS in takeFromStreet
{
  "service": "ride-hailing-api",
  "environment": "development",
  "phoneNumber": "+251984002142",
  "error": "SMS API returned error: +251984002142 is unverified contact number. You need to verify your contacts while beta testing the system. Please verify this contact using the contact verification tool in the system. Goto list of contacts (or search this contact) and click on the verify button to verify this contact."
}
15:16:48 [[32minfo[39m]: Transaction committed
{
  "service": "ride-hailing-api",
  "environment": "development",
  "transactionId": "txn_2026-08-08 12:16:46_euc8osale",
  "duration": "NaNms"
}
15:16:48 [[32minfo[39m]: API Request
{
  "service": "ride-hailing-api",
  "environment": "development",
  "type": "API_REQUEST",
  "method": "POST",
  "url": "/api/driver/takeFromStreet",
  "statusCode": 201,
  "responseTime": "NaNms",
  "ip": "127.0.0.1",
  "userAgent": "axios/1.18.1",
  "userId": 672,
  "userUniqueId": "e9cf2beb-c934-4392-89c5-c0d069bf948e"
}
[VerifyToken] Request: {
  method: 'GET',
  url: '/api/driver/verifyDriverJourneyStatus',
  hasAuth: true
}
[VerifyToken] Token decoded: {
  userUniqueId: 'e9cf2beb-c934-4392-89c5-c0d069bf948e',
  phoneNumber: '+251994002141',
  roleId: 2,
  iat: 1786191403
}
[VerifyToken] User authenticated: {
  userUniqueId: 'e9cf2beb-c934-4392-89c5-c0d069bf948e',
  phoneNumber: '+251994002141',
  roleId: undefined
}
15:16:48 [[33mwarn[39m]: No active driver socket found for notification
{
  "service": "ride-hailing-api",
  "environment": "development",
  "phoneNumber": "251994002141"
}
15:16:48 [[33mwarn[39m]: No active driver socket found for notification
{
  "service": "ride-hailing-api",
  "environment": "development",
  "phoneNumber": "251994002141"
}
15:16:48 [[33mwarn[39m]: No active shipper socket found for notification
{
  "service": "ride-hailing-api",
  "environment": "development",
  "phoneNumber": "251984002142"
}
15:16:48 [[32minfo[39m]: API Request
{
  "service": "ride-hailing-api",
  "environment": "development",
  "type": "API_REQUEST",
  "method": "GET",
  "url": "/api/driver/verifyDriverJourneyStatus",
  "statusCode": 200,
  "responseTime": "NaNms",
  "ip": "127.0.0.1",
  "userAgent": "axios/1.18.1",
  "userId": 672,
  "userUniqueId": "e9cf2beb-c934-4392-89c5-c0d069bf948e"
}
[VerifyToken] Request: { method: 'PUT', url: '/api/driver/completeJourney', hasAuth: true }
[VerifyToken] Token decoded: {
  userUniqueId: 'e9cf2beb-c934-4392-89c5-c0d069bf948e',
  phoneNumber: '+251994002141',
  roleId: 2,
  iat: 1786191403
}
[VerifyToken] User authenticated: {
  userUniqueId: 'e9cf2beb-c934-4392-89c5-c0d069bf948e',
  phoneNumber: '+251994002141',
  roleId: undefined
}
15:16:48 [[31merror[39m]: API Error Driver in inactive status
Error: Driver in inactive status
    at verifyDriversIdentity (/Users/zewedu/Desktop/Projects/transportBackEndNative/Middleware/VerifyUsersIdentity.js:101:13)
    at process.processTicksAndRejections (node:internal/process/task_queues:105:5)
{
  "service": "ride-hailing-api",
  "environment": "development",
  "type": "API_ERROR",
  "statusCode": 403,
  "path": "/api/driver/completeJourney",
  "method": "PUT",
  "ip": "127.0.0.1",
  "userId": 672,
  "userUniqueId": "e9cf2beb-c934-4392-89c5-c0d069bf948e",
  "body": {
    "driverRequestUniqueId": "3f610b39-8df2-46f2-9034-29937fed86f5",
    "shipperRequestUniqueId": "424dd9aa-c009-49af-ad59-ec6876862a24",
    "journeyDecisionUniqueId": "815a032d-3f1b-4eca-8e72-b22031bb67bf",
    "journeyUniqueId": "2e046f8a-dab7-42c6-b810-32e91704f07c",
    "latitude": 9.0205,
    "longitude": 38.8025
  },
  "params": {},
  "query": {}
}
15:16:48 [[32minfo[39m]: API Request
{
  "service": "ride-hailing-api",
  "environment": "development",
  "type": "API_REQUEST",
  "method": "PUT",
  "url": "/api/driver/completeJourney",
  "statusCode": 403,
  "responseTime": "NaNms",
  "ip": "127.0.0.1",
  "userAgent": "axios/1.18.1",
  "userId": 672,
  "userUniqueId": "e9cf2beb-c934-4392-89c5-c0d069bf948e"
}
[VerifyToken] Request: {
  method: 'GET',
  url: '/api/driver/verifyDriverJourneyStatus',
  hasAuth: true
}
[VerifyToken] Token decoded: {
  userUniqueId: 'e9cf2beb-c934-4392-89c5-c0d069bf948e',
  phoneNumber: '+251994002141',
  roleId: 2,
  iat: 1786191403
}
[VerifyToken] User authenticated: {
  userUniqueId: 'e9cf2beb-c934-4392-89c5-c0d069bf948e',
  phoneNumber: '+251994002141',
  roleId: undefined
}
15:16:49 [[33mwarn[39m]: No active shipper socket found for notification
{
  "service": "ride-hailing-api",
  "environment": "development",
  "phoneNumber": "251984002142"
}
15:16:49 [[32minfo[39m]: API Request
{
  "service": "ride-hailing-api",
  "environment": "development",
  "type": "API_REQUEST",
  "method": "GET",
  "url": "/api/driver/verifyDriverJourneyStatus",
  "statusCode": 200,
  "responseTime": "NaNms",
  "ip": "127.0.0.1",
  "userAgent": "axios/1.18.1",
  "userId": 672,
  "userUniqueId": "e9cf2beb-c934-4392-89c5-c0d069bf948e"
}
[VerifyToken] Request: { method: 'PUT', url: '/api/user/updateUser/self', hasAuth: true }
[VerifyToken] Token decoded: {
  userUniqueId: '58f51152-1d79-47a7-85b1-d57ba09011a4',
  phoneNumber: '+251984002142',
  roleId: 1,
  iat: 1786191403
}
[VerifyToken] User authenticated: {
  userUniqueId: '58f51152-1d79-47a7-85b1-d57ba09011a4',
  phoneNumber: '+251984002142',
  roleId: undefined
}
15:16:49 [[32minfo[39m]: File saved locally
{
  "service": "ride-hailing-api",
  "environment": "development",
  "filePath": "/Users/zewedu/Desktop/Projects/transportBackEndNative/uploads/673_52607159-93f2-4caf-a47e-91ac8bff7835.png",
  "relativePath": "/uploads/673_52607159-93f2-4caf-a47e-91ac8bff7835.png"
}
15:16:49 [[32minfo[39m]: File deleted locally
{
  "service": "ride-hailing-api",
  "environment": "development",
  "filePath": "/Users/zewedu/Desktop/Projects/transportBackEndNative/uploads/673_8991eb62-12d4-42b6-9f4a-a0601504f3a3.png"
}
15:16:49 [[32minfo[39m]: Transaction committed
{
  "service": "ride-hailing-api",
  "environment": "development",
  "transactionId": "txn_2026-08-08 12:16:49_mcnk27zr1",
  "duration": "NaNms"
}
15:16:49 [[32minfo[39m]: API Request
{
  "service": "ride-hailing-api",
  "environment": "development",
  "type": "API_REQUEST",
  "method": "PUT",
  "url": "/api/user/updateUser/self",
  "statusCode": 200,
  "responseTime": "NaNms",
  "ip": "127.0.0.1",
  "userAgent": "axios/1.18.1",
  "userId": 673,
  "userUniqueId": "58f51152-1d79-47a7-85b1-d57ba09011a4"
}
[VerifyToken] Request: { method: 'GET', url: '/api/shipper/account', hasAuth: true }
[VerifyToken] Token decoded: {
  userUniqueId: '58f51152-1d79-47a7-85b1-d57ba09011a4',
  phoneNumber: '+251984002142',
  roleId: 1,
  iat: 1786191403
}
[VerifyToken] User authenticated: {
  userUniqueId: '58f51152-1d79-47a7-85b1-d57ba09011a4',
  phoneNumber: '+251984002142',
  roleId: undefined
}
15:16:49 [[32minfo[39m]: API Request
{
  "service": "ride-hailing-api",
  "environment": "development",
  "type": "API_REQUEST",
  "method": "GET",
  "url": "/api/shipper/account",
  "statusCode": 200,
  "responseTime": "NaNms",
  "ip": "127.0.0.1",
  "userAgent": "axios/1.18.1",
  "userId": 673,
  "userUniqueId": "58f51152-1d79-47a7-85b1-d57ba09011a4"
}
[VerifyToken] Request: { method: 'GET', url: '/', hasAuth: true }
[VerifyToken] Token decoded: {
  userUniqueId: '58f51152-1d79-47a7-85b1-d57ba09011a4',
  phoneNumber: '+251984002142',
  roleId: 1,
  iat: 1786191403
}
[VerifyToken] User authenticated: {
  userUniqueId: '58f51152-1d79-47a7-85b1-d57ba09011a4',
  phoneNumber: '+251984002142',
  roleId: undefined
}
15:16:49 [[32minfo[39m]: API Request
{
  "service": "ride-hailing-api",
  "environment": "development",
  "type": "API_REQUEST",
  "method": "GET",
  "url": "/api/admin/vehicleTypes",
  "statusCode": 200,
  "responseTime": "NaNms",
  "ip": "127.0.0.1",
  "userAgent": "axios/1.18.1",
  "userId": 673,
  "userUniqueId": "58f51152-1d79-47a7-85b1-d57ba09011a4"
}
[VerifyToken] Request: {
  method: 'POST',
  url: '/api/shipperRequest/createRequest',
  hasAuth: true
}
[VerifyToken] Token decoded: {
  userUniqueId: '58f51152-1d79-47a7-85b1-d57ba09011a4',
  phoneNumber: '+251984002142',
  roleId: 1,
  iat: 1786191403
}
[VerifyToken] User authenticated: {
  userUniqueId: '58f51152-1d79-47a7-85b1-d57ba09011a4',
  phoneNumber: '+251984002142',
  roleId: undefined
}
15:16:49 [[32minfo[39m]: company_target batch created (PR rows deferred to bid acceptance)
{
  "service": "ride-hailing-api",
  "environment": "development",
  "shipperRequestBatchUniqueId": "6806ae24-49c4-428c-9d85-a57c60ecf3ff",
  "totalVehicles": 1,
  "userUniqueId": "58f51152-1d79-47a7-85b1-d57ba09011a4"
}
15:16:49 [[32minfo[39m]: Transaction committed
{
  "service": "ride-hailing-api",
  "environment": "development",
  "transactionId": "txn_2026-08-08 12:16:49_st0w7bgrl",
  "duration": "NaNms"
}
15:16:49 [[32minfo[39m]: API Request
{
  "service": "ride-hailing-api",
  "environment": "development",
  "type": "API_REQUEST",
  "method": "POST",
  "url": "/api/shipperRequest/createRequest",
  "statusCode": 200,
  "responseTime": "NaNms",
  "ip": "127.0.0.1",
  "userAgent": "axios/1.18.1",
  "userId": 673,
  "userUniqueId": "58f51152-1d79-47a7-85b1-d57ba09011a4"
}
[VerifyToken] Request: {
  method: 'GET',
  url: '/api/shipperRequest/verifyShipperStatus?page=1&pageSize=10',
  hasAuth: true
}
[VerifyToken] Token decoded: {
  userUniqueId: '58f51152-1d79-47a7-85b1-d57ba09011a4',
  phoneNumber: '+251984002142',
  roleId: 1,
  iat: 1786191403
}
[VerifyToken] User authenticated: {
  userUniqueId: '58f51152-1d79-47a7-85b1-d57ba09011a4',
  phoneNumber: '+251984002142',
  roleId: undefined
}
15:16:49 [[32minfo[39m]: API Request
{
  "service": "ride-hailing-api",
  "environment": "development",
  "type": "API_REQUEST",
  "method": "GET",
  "url": "/api/shipperRequest/verifyShipperStatus?page=1&pageSize=10",
  "statusCode": 200,
  "responseTime": "NaNms",
  "ip": "127.0.0.1",
  "userAgent": "axios/1.18.1",
  "userId": 673,
  "userUniqueId": "58f51152-1d79-47a7-85b1-d57ba09011a4"
}
[VerifyToken] Request: { method: 'GET', url: '/', hasAuth: true }
[VerifyToken] Token decoded: {
  userUniqueId: '21431be6-bb42-43ad-84a4-b38bbb6365aa',
  phoneNumber: '+251964002144',
  roleId: 7,
  iat: 1786191402
}
[VerifyToken] User authenticated: {
  userUniqueId: '21431be6-bb42-43ad-84a4-b38bbb6365aa',
  phoneNumber: '+251964002144',
  roleId: undefined
}
15:16:49 [[32minfo[39m]: API Request
{
  "service": "ride-hailing-api",
  "environment": "development",
  "type": "API_REQUEST",
  "method": "GET",
  "url": "/api/company/companies",
  "statusCode": 200,
  "responseTime": "NaNms",
  "ip": "127.0.0.1",
  "userAgent": "axios/1.18.1",
  "userId": 670,
  "userUniqueId": "21431be6-bb42-43ad-84a4-b38bbb6365aa"
}
[VerifyToken] Request: { method: 'POST', url: '/', hasAuth: true }
[VerifyToken] Token decoded: {
  userUniqueId: '21431be6-bb42-43ad-84a4-b38bbb6365aa',
  phoneNumber: '+251964002144',
  roleId: 7,
  iat: 1786191402
}
[VerifyToken] User authenticated: {
  userUniqueId: '21431be6-bb42-43ad-84a4-b38bbb6365aa',
  phoneNumber: '+251964002144',
  roleId: undefined
}
15:16:49 [[32minfo[39m]: Transaction committed
{
  "service": "ride-hailing-api",
  "environment": "development",
  "transactionId": "txn_2026-08-08 12:16:49_aj4isq9l6",
  "duration": "NaNms"
}
15:16:49 [[32minfo[39m]: API Request
{
  "service": "ride-hailing-api",
  "environment": "development",
  "type": "API_REQUEST",
  "method": "POST",
  "url": "/api/company/companies",
  "statusCode": 201,
  "responseTime": "NaNms",
  "ip": "127.0.0.1",
  "userAgent": "axios/1.18.1",
  "userId": 670,
  "userUniqueId": "21431be6-bb42-43ad-84a4-b38bbb6365aa"
}
[VerifyToken] Request: { method: 'GET', url: '/', hasAuth: true }
[VerifyToken] Token decoded: {
  userUniqueId: '21431be6-bb42-43ad-84a4-b38bbb6365aa',
  phoneNumber: '+251964002144',
  roleId: 7,
  iat: 1786191402
}
[VerifyToken] User authenticated: {
  userUniqueId: '21431be6-bb42-43ad-84a4-b38bbb6365aa',
  phoneNumber: '+251964002144',
  roleId: undefined
}
15:16:49 [[32minfo[39m]: API Request
{
  "service": "ride-hailing-api",
  "environment": "development",
  "type": "API_REQUEST",
  "method": "GET",
  "url": "/api/company/companies",
  "statusCode": 200,
  "responseTime": "NaNms",
  "ip": "127.0.0.1",
  "userAgent": "axios/1.18.1",
  "userId": 670,
  "userUniqueId": "21431be6-bb42-43ad-84a4-b38bbb6365aa"
}
[VerifyToken] Request: {
  method: 'GET',
  url: '/api/company/attachedDocuments/da3bf85a-cede-4466-b74b-ea7862c99190',
  hasAuth: true
}
[VerifyToken] Token decoded: {
  userUniqueId: '21431be6-bb42-43ad-84a4-b38bbb6365aa',
  phoneNumber: '+251964002144',
  roleId: 7,
  iat: 1786191402
}
[VerifyToken] User authenticated: {
  userUniqueId: '21431be6-bb42-43ad-84a4-b38bbb6365aa',
  phoneNumber: '+251964002144',
  roleId: undefined
}
15:16:49 [[32minfo[39m]: API Request
{
  "service": "ride-hailing-api",
  "environment": "development",
  "type": "API_REQUEST",
  "method": "GET",
  "url": "/api/company/attachedDocuments/da3bf85a-cede-4466-b74b-ea7862c99190",
  "statusCode": 200,
  "responseTime": "NaNms",
  "ip": "127.0.0.1",
  "userAgent": "axios/1.18.1",
  "userId": 670,
  "userUniqueId": "21431be6-bb42-43ad-84a4-b38bbb6365aa"
}
[VerifyToken] Request: { method: 'GET', url: '/?roleId=8', hasAuth: true }
[VerifyToken] Token decoded: {
  userUniqueId: '21431be6-bb42-43ad-84a4-b38bbb6365aa',
  phoneNumber: '+251964002144',
  roleId: 7,
  iat: 1786191402
}
[VerifyToken] User authenticated: {
  userUniqueId: '21431be6-bb42-43ad-84a4-b38bbb6365aa',
  phoneNumber: '+251964002144',
  roleId: undefined
}
15:16:49 [[32minfo[39m]: API Request
{
  "service": "ride-hailing-api",
  "environment": "development",
  "type": "API_REQUEST",
  "method": "GET",
  "url": "/api/RoleDocumentRequirements?roleId=8",
  "statusCode": 200,
  "responseTime": "NaNms",
  "ip": "127.0.0.1",
  "userAgent": "axios/1.18.1",
  "userId": 670,
  "userUniqueId": "21431be6-bb42-43ad-84a4-b38bbb6365aa"
}
[VerifyToken] Request: {
  method: 'POST',
  url: '/api/company/attachDocuments/da3bf85a-cede-4466-b74b-ea7862c99190',
  hasAuth: true
}
[VerifyToken] Token decoded: {
  userUniqueId: '21431be6-bb42-43ad-84a4-b38bbb6365aa',
  phoneNumber: '+251964002144',
  roleId: 7,
  iat: 1786191402
}
[VerifyToken] User authenticated: {
  userUniqueId: '21431be6-bb42-43ad-84a4-b38bbb6365aa',
  phoneNumber: '+251964002144',
  roleId: undefined
}
15:16:49 [[32minfo[39m]: File saved locally
{
  "service": "ride-hailing-api",
  "environment": "development",
  "filePath": "/Users/zewedu/Desktop/Projects/transportBackEndNative/uploads/670_234af088-57c7-434f-9214-5b5fed6dc356.png",
  "relativePath": "/uploads/670_234af088-57c7-434f-9214-5b5fed6dc356.png"
}
15:16:49 [[32minfo[39m]: Transaction committed
{
  "service": "ride-hailing-api",
  "environment": "development",
  "transactionId": "txn_2026-08-08 12:16:49_0155dinhf",
  "duration": "NaNms"
}
15:16:49 [[32minfo[39m]: API Request
{
  "service": "ride-hailing-api",
  "environment": "development",
  "type": "API_REQUEST",
  "method": "POST",
  "url": "/api/company/attachDocuments/da3bf85a-cede-4466-b74b-ea7862c99190",
  "statusCode": 200,
  "responseTime": "NaNms",
  "ip": "127.0.0.1",
  "userAgent": "axios/1.18.1",
  "userId": 670,
  "userUniqueId": "21431be6-bb42-43ad-84a4-b38bbb6365aa"
}
[VerifyToken] Request: {
  method: 'POST',
  url: '/api/company/attachDocuments/da3bf85a-cede-4466-b74b-ea7862c99190',
  hasAuth: true
}
[VerifyToken] Token decoded: {
  userUniqueId: '21431be6-bb42-43ad-84a4-b38bbb6365aa',
  phoneNumber: '+251964002144',
  roleId: 7,
  iat: 1786191402
}
[VerifyToken] User authenticated: {
  userUniqueId: '21431be6-bb42-43ad-84a4-b38bbb6365aa',
  phoneNumber: '+251964002144',
  roleId: undefined
}
15:16:49 [[32minfo[39m]: File saved locally
{
  "service": "ride-hailing-api",
  "environment": "development",
  "filePath": "/Users/zewedu/Desktop/Projects/transportBackEndNative/uploads/670_631bbdfc-c4d5-4e18-9c3e-68ce70a25ce6.png",
  "relativePath": "/uploads/670_631bbdfc-c4d5-4e18-9c3e-68ce70a25ce6.png"
}
15:16:49 [[32minfo[39m]: Transaction committed
{
  "service": "ride-hailing-api",
  "environment": "development",
  "transactionId": "txn_2026-08-08 12:16:49_bw1gavz0i",
  "duration": "NaNms"
}
15:16:49 [[32minfo[39m]: API Request
{
  "service": "ride-hailing-api",
  "environment": "development",
  "type": "API_REQUEST",
  "method": "POST",
  "url": "/api/company/attachDocuments/da3bf85a-cede-4466-b74b-ea7862c99190",
  "statusCode": 200,
  "responseTime": "NaNms",
  "ip": "127.0.0.1",
  "userAgent": "axios/1.18.1",
  "userId": 670,
  "userUniqueId": "21431be6-bb42-43ad-84a4-b38bbb6365aa"
}
[VerifyToken] Request: {
  method: 'POST',
  url: '/api/company/attachDocuments/da3bf85a-cede-4466-b74b-ea7862c99190',
  hasAuth: true
}
[VerifyToken] Token decoded: {
  userUniqueId: '21431be6-bb42-43ad-84a4-b38bbb6365aa',
  phoneNumber: '+251964002144',
  roleId: 7,
  iat: 1786191402
}
[VerifyToken] User authenticated: {
  userUniqueId: '21431be6-bb42-43ad-84a4-b38bbb6365aa',
  phoneNumber: '+251964002144',
  roleId: undefined
}
15:16:49 [[32minfo[39m]: File saved locally
{
  "service": "ride-hailing-api",
  "environment": "development",
  "filePath": "/Users/zewedu/Desktop/Projects/transportBackEndNative/uploads/670_ec506715-a7b6-4354-8f9b-36dce6f595ac.png",
  "relativePath": "/uploads/670_ec506715-a7b6-4354-8f9b-36dce6f595ac.png"
}
15:16:49 [[32minfo[39m]: Transaction committed
{
  "service": "ride-hailing-api",
  "environment": "development",
  "transactionId": "txn_2026-08-08 12:16:49_d2c845e9v",
  "duration": "NaNms"
}
15:16:49 [[32minfo[39m]: API Request
{
  "service": "ride-hailing-api",
  "environment": "development",
  "type": "API_REQUEST",
  "method": "POST",
  "url": "/api/company/attachDocuments/da3bf85a-cede-4466-b74b-ea7862c99190",
  "statusCode": 200,
  "responseTime": "NaNms",
  "ip": "127.0.0.1",
  "userAgent": "axios/1.18.1",
  "userId": 670,
  "userUniqueId": "21431be6-bb42-43ad-84a4-b38bbb6365aa"
}
[VerifyToken] Request: {
  method: 'POST',
  url: '/api/company/attachDocuments/da3bf85a-cede-4466-b74b-ea7862c99190',
  hasAuth: true
}
[VerifyToken] Token decoded: {
  userUniqueId: '21431be6-bb42-43ad-84a4-b38bbb6365aa',
  phoneNumber: '+251964002144',
  roleId: 7,
  iat: 1786191402
}
[VerifyToken] User authenticated: {
  userUniqueId: '21431be6-bb42-43ad-84a4-b38bbb6365aa',
  phoneNumber: '+251964002144',
  roleId: undefined
}
15:16:49 [[32minfo[39m]: File saved locally
{
  "service": "ride-hailing-api",
  "environment": "development",
  "filePath": "/Users/zewedu/Desktop/Projects/transportBackEndNative/uploads/670_ac24d981-9ed7-4547-b4ec-9d7a47dc3b86.png",
  "relativePath": "/uploads/670_ac24d981-9ed7-4547-b4ec-9d7a47dc3b86.png"
}
15:16:49 [[32minfo[39m]: Transaction committed
{
  "service": "ride-hailing-api",
  "environment": "development",
  "transactionId": "txn_2026-08-08 12:16:49_ujp10p0tx",
  "duration": "NaNms"
}
15:16:49 [[32minfo[39m]: API Request
{
  "service": "ride-hailing-api",
  "environment": "development",
  "type": "API_REQUEST",
  "method": "POST",
  "url": "/api/company/attachDocuments/da3bf85a-cede-4466-b74b-ea7862c99190",
  "statusCode": 200,
  "responseTime": "NaNms",
  "ip": "127.0.0.1",
  "userAgent": "axios/1.18.1",
  "userId": 670,
  "userUniqueId": "21431be6-bb42-43ad-84a4-b38bbb6365aa"
}
[VerifyToken] Request: {
  method: 'GET',
  url: '/api/company/attachedDocuments/da3bf85a-cede-4466-b74b-ea7862c99190',
  hasAuth: true
}
[VerifyToken] Token decoded: {
  userUniqueId: '21431be6-bb42-43ad-84a4-b38bbb6365aa',
  phoneNumber: '+251964002144',
  roleId: 7,
  iat: 1786191402
}
[VerifyToken] User authenticated: {
  userUniqueId: '21431be6-bb42-43ad-84a4-b38bbb6365aa',
  phoneNumber: '+251964002144',
  roleId: undefined
}
15:16:49 [[32minfo[39m]: API Request
{
  "service": "ride-hailing-api",
  "environment": "development",
  "type": "API_REQUEST",
  "method": "GET",
  "url": "/api/company/attachedDocuments/da3bf85a-cede-4466-b74b-ea7862c99190",
  "statusCode": 200,
  "responseTime": "NaNms",
  "ip": "127.0.0.1",
  "userAgent": "axios/1.18.1",
  "userId": 670,
  "userUniqueId": "21431be6-bb42-43ad-84a4-b38bbb6365aa"
}
[VerifyToken] Request: {
  method: 'PUT',
  url: '/api/admin/acceptRejectAttachedDocuments',
  hasAuth: true
}
[VerifyToken] Token decoded: {
  userUniqueId: '0358f7dd-837d-4e12-bf0c-70c48ec91c3b',
  phoneNumber: '+251974002143',
  roleId: 3,
  iat: 1786191401
}
[VerifyToken] Request: {
  method: 'PUT',
  url: '/api/admin/acceptRejectAttachedDocuments',
  hasAuth: true
}
[VerifyToken] Token decoded: {
  userUniqueId: '0358f7dd-837d-4e12-bf0c-70c48ec91c3b',
  phoneNumber: '+251974002143',
  roleId: 3,
  iat: 1786191401
}
[VerifyToken] Request: {
  method: 'PUT',
  url: '/api/admin/acceptRejectAttachedDocuments',
  hasAuth: true
}
[VerifyToken] Token decoded: {
  userUniqueId: '0358f7dd-837d-4e12-bf0c-70c48ec91c3b',
  phoneNumber: '+251974002143',
  roleId: 3,
  iat: 1786191401
}
[VerifyToken] Request: {
  method: 'PUT',
  url: '/api/admin/acceptRejectAttachedDocuments',
  hasAuth: true
}
[VerifyToken] Token decoded: {
  userUniqueId: '0358f7dd-837d-4e12-bf0c-70c48ec91c3b',
  phoneNumber: '+251974002143',
  roleId: 3,
  iat: 1786191401
}
[VerifyToken] User authenticated: {
  userUniqueId: '0358f7dd-837d-4e12-bf0c-70c48ec91c3b',
  phoneNumber: '+251974002143',
  roleId: undefined
}
[VerifyToken] User authenticated: {
  userUniqueId: '0358f7dd-837d-4e12-bf0c-70c48ec91c3b',
  phoneNumber: '+251974002143',
  roleId: undefined
}
[VerifyToken] User authenticated: {
  userUniqueId: '0358f7dd-837d-4e12-bf0c-70c48ec91c3b',
  phoneNumber: '+251974002143',
  roleId: undefined
}
[VerifyToken] User authenticated: {
  userUniqueId: '0358f7dd-837d-4e12-bf0c-70c48ec91c3b',
  phoneNumber: '+251974002143',
  roleId: undefined
}
15:16:49 [[32minfo[39m]: Transaction committed
{
  "service": "ride-hailing-api",
  "environment": "development",
  "transactionId": "txn_2026-08-08 12:16:49_p85lip5br",
  "duration": "NaNms"
}
15:16:49 [[32minfo[39m]: API Request
{
  "service": "ride-hailing-api",
  "environment": "development",
  "type": "API_REQUEST",
  "method": "PUT",
  "url": "/api/admin/acceptRejectAttachedDocuments",
  "statusCode": 200,
  "responseTime": "NaNms",
  "ip": "127.0.0.1",
  "userAgent": "axios/1.18.1",
  "userId": 669,
  "userUniqueId": "0358f7dd-837d-4e12-bf0c-70c48ec91c3b"
}
15:16:49 [[32minfo[39m]: Transaction committed
{
  "service": "ride-hailing-api",
  "environment": "development",
  "transactionId": "txn_2026-08-08 12:16:49_texvmpdij",
  "duration": "NaNms"
}
15:16:49 [[32minfo[39m]: API Request
{
  "service": "ride-hailing-api",
  "environment": "development",
  "type": "API_REQUEST",
  "method": "PUT",
  "url": "/api/admin/acceptRejectAttachedDocuments",
  "statusCode": 200,
  "responseTime": "NaNms",
  "ip": "127.0.0.1",
  "userAgent": "axios/1.18.1",
  "userId": 669,
  "userUniqueId": "0358f7dd-837d-4e12-bf0c-70c48ec91c3b"
}
15:16:49 [[32minfo[39m]: Transaction committed
{
  "service": "ride-hailing-api",
  "environment": "development",
  "transactionId": "txn_2026-08-08 12:16:49_lbbjju5t4",
  "duration": "NaNms"
}
15:16:49 [[32minfo[39m]: API Request
{
  "service": "ride-hailing-api",
  "environment": "development",
  "type": "API_REQUEST",
  "method": "PUT",
  "url": "/api/admin/acceptRejectAttachedDocuments",
  "statusCode": 200,
  "responseTime": "NaNms",
  "ip": "127.0.0.1",
  "userAgent": "axios/1.18.1",
  "userId": 669,
  "userUniqueId": "0358f7dd-837d-4e12-bf0c-70c48ec91c3b"
}
15:16:49 [[32minfo[39m]: Transaction committed
{
  "service": "ride-hailing-api",
  "environment": "development",
  "transactionId": "txn_2026-08-08 12:16:49_wo1lrk63p",
  "duration": "NaNms"
}
15:16:49 [[32minfo[39m]: API Request
{
  "service": "ride-hailing-api",
  "environment": "development",
  "type": "API_REQUEST",
  "method": "PUT",
  "url": "/api/admin/acceptRejectAttachedDocuments",
  "statusCode": 200,
  "responseTime": "NaNms",
  "ip": "127.0.0.1",
  "userAgent": "axios/1.18.1",
  "userId": 669,
  "userUniqueId": "0358f7dd-837d-4e12-bf0c-70c48ec91c3b"
}
[VerifyToken] Request: {
  method: 'PATCH',
  url: '/da3bf85a-cede-4466-b74b-ea7862c99190/approve',
  hasAuth: true
}
[VerifyToken] Token decoded: {
  userUniqueId: '0358f7dd-837d-4e12-bf0c-70c48ec91c3b',
  phoneNumber: '+251974002143',
  roleId: 3,
  iat: 1786191401
}
[VerifyToken] User authenticated: {
  userUniqueId: '0358f7dd-837d-4e12-bf0c-70c48ec91c3b',
  phoneNumber: '+251974002143',
  roleId: undefined
}
15:16:49 [[32minfo[39m]: Transaction committed
{
  "service": "ride-hailing-api",
  "environment": "development",
  "transactionId": "txn_2026-08-08 12:16:49_4nh9a7bpr",
  "duration": "NaNms"
}
15:16:49 [[32minfo[39m]: API Request
{
  "service": "ride-hailing-api",
  "environment": "development",
  "type": "API_REQUEST",
  "method": "PATCH",
  "url": "/api/company/companies/da3bf85a-cede-4466-b74b-ea7862c99190/approve",
  "statusCode": 200,
  "responseTime": "NaNms",
  "ip": "127.0.0.1",
  "userAgent": "axios/1.18.1",
  "userId": 669,
  "userUniqueId": "0358f7dd-837d-4e12-bf0c-70c48ec91c3b"
}
[VerifyToken] Request: {
  method: 'GET',
  url: '/?target=available&companyUniqueId=da3bf85a-cede-4466-b74b-ea7862c99190',
  hasAuth: true
}
[VerifyToken] Token decoded: {
  userUniqueId: '21431be6-bb42-43ad-84a4-b38bbb6365aa',
  phoneNumber: '+251964002144',
  roleId: 7,
  iat: 1786191402
}
[VerifyToken] User authenticated: {
  userUniqueId: '21431be6-bb42-43ad-84a4-b38bbb6365aa',
  phoneNumber: '+251964002144',
  roleId: undefined
}
15:16:49 [[32minfo[39m]: API Request
{
  "service": "ride-hailing-api",
  "environment": "development",
  "type": "API_REQUEST",
  "method": "GET",
  "url": "/api/company/bids?target=available&companyUniqueId=da3bf85a-cede-4466-b74b-ea7862c99190",
  "statusCode": 200,
  "responseTime": "NaNms",
  "ip": "127.0.0.1",
  "userAgent": "axios/1.18.1",
  "userId": 670,
  "userUniqueId": "21431be6-bb42-43ad-84a4-b38bbb6365aa"
}
[VerifyToken] Request: { method: 'POST', url: '/', hasAuth: true }
[VerifyToken] Token decoded: {
  userUniqueId: '21431be6-bb42-43ad-84a4-b38bbb6365aa',
  phoneNumber: '+251964002144',
  roleId: 7,
  iat: 1786191402
}
[VerifyToken] User authenticated: {
  userUniqueId: '21431be6-bb42-43ad-84a4-b38bbb6365aa',
  phoneNumber: '+251964002144',
  roleId: undefined
}
15:16:49 [[32minfo[39m]: Transaction committed
{
  "service": "ride-hailing-api",
  "environment": "development",
  "transactionId": "txn_2026-08-08 12:16:49_n21epi8g8",
  "duration": "NaNms"
}
15:16:49 [[32minfo[39m]: API Request
{
  "service": "ride-hailing-api",
  "environment": "development",
  "type": "API_REQUEST",
  "method": "POST",
  "url": "/api/company/bids",
  "statusCode": 201,
  "responseTime": "NaNms",
  "ip": "127.0.0.1",
  "userAgent": "axios/1.18.1",
  "userId": 670,
  "userUniqueId": "21431be6-bb42-43ad-84a4-b38bbb6365aa"
}
[VerifyToken] Request: {
  method: 'GET',
  url: '/?companyUniqueId=da3bf85a-cede-4466-b74b-ea7862c99190&bidStatus=submitted',
  hasAuth: true
}
[VerifyToken] Token decoded: {
  userUniqueId: '21431be6-bb42-43ad-84a4-b38bbb6365aa',
  phoneNumber: '+251964002144',
  roleId: 7,
  iat: 1786191402
}
[VerifyToken] User authenticated: {
  userUniqueId: '21431be6-bb42-43ad-84a4-b38bbb6365aa',
  phoneNumber: '+251964002144',
  roleId: undefined
}
15:16:49 [[32minfo[39m]: API Request
{
  "service": "ride-hailing-api",
  "environment": "development",
  "type": "API_REQUEST",
  "method": "GET",
  "url": "/api/company/bids?companyUniqueId=da3bf85a-cede-4466-b74b-ea7862c99190&bidStatus=submitted",
  "statusCode": 200,
  "responseTime": "NaNms",
  "ip": "127.0.0.1",
  "userAgent": "axios/1.18.1",
  "userId": 670,
  "userUniqueId": "21431be6-bb42-43ad-84a4-b38bbb6365aa"
}
[VerifyToken] Request: {
  method: 'PATCH',
  url: '/069fe075-e3b3-4896-bb91-169010c50c75/status',
  hasAuth: true
}
[VerifyToken] Token decoded: {
  userUniqueId: '58f51152-1d79-47a7-85b1-d57ba09011a4',
  phoneNumber: '+251984002142',
  roleId: 1,
  iat: 1786191403
}
[VerifyToken] User authenticated: {
  userUniqueId: '58f51152-1d79-47a7-85b1-d57ba09011a4',
  phoneNumber: '+251984002142',
  roleId: undefined
}
15:16:49 [[32minfo[39m]: company_target bid accepted — 1 ShipperRequest rows created
{
  "service": "ride-hailing-api",
  "environment": "development",
  "batchUniqueId": "6806ae24-49c4-428c-9d85-a57c60ecf3ff",
  "bidUniqueId": "069fe075-e3b3-4896-bb91-169010c50c75",
  "totalVehicles": 1
}
15:16:49 [[32minfo[39m]: Transaction committed
{
  "service": "ride-hailing-api",
  "environment": "development",
  "transactionId": "txn_2026-08-08 12:16:49_5uzjxurnd",
  "duration": "NaNms"
}
15:16:49 [[32minfo[39m]: API Request
{
  "service": "ride-hailing-api",
  "environment": "development",
  "type": "API_REQUEST",
  "method": "PATCH",
  "url": "/api/company/bids/069fe075-e3b3-4896-bb91-169010c50c75/status",
  "statusCode": 200,
  "responseTime": "NaNms",
  "ip": "127.0.0.1",
  "userAgent": "axios/1.18.1",
  "userId": 673,
  "userUniqueId": "58f51152-1d79-47a7-85b1-d57ba09011a4"
}
[VerifyToken] Request: {
  method: 'GET',
  url: '/?companyUniqueId=da3bf85a-cede-4466-b74b-ea7862c99190&bidStatus=accepted_by_shipper',
  hasAuth: true
}
[VerifyToken] Token decoded: {
  userUniqueId: '21431be6-bb42-43ad-84a4-b38bbb6365aa',
  phoneNumber: '+251964002144',
  roleId: 7,
  iat: 1786191402
}
[VerifyToken] User authenticated: {
  userUniqueId: '21431be6-bb42-43ad-84a4-b38bbb6365aa',
  phoneNumber: '+251964002144',
  roleId: undefined
}
15:16:49 [[32minfo[39m]: API Request
{
  "service": "ride-hailing-api",
  "environment": "development",
  "type": "API_REQUEST",
  "method": "GET",
  "url": "/api/company/bids?companyUniqueId=da3bf85a-cede-4466-b74b-ea7862c99190&bidStatus=accepted_by_shipper",
  "statusCode": 200,
  "responseTime": "NaNms",
  "ip": "127.0.0.1",
  "userAgent": "axios/1.18.1",
  "userId": 670,
  "userUniqueId": "21431be6-bb42-43ad-84a4-b38bbb6365aa"
}
[VerifyToken] Request: {
  method: 'GET',
  url: '/?companyUniqueId=da3bf85a-cede-4466-b74b-ea7862c99190&assignmentStatus=active',
  hasAuth: true
}
[VerifyToken] Token decoded: {
  userUniqueId: '21431be6-bb42-43ad-84a4-b38bbb6365aa',
  phoneNumber: '+251964002144',
  roleId: 7,
  iat: 1786191402
}
[VerifyToken] User authenticated: {
  userUniqueId: '21431be6-bb42-43ad-84a4-b38bbb6365aa',
  phoneNumber: '+251964002144',
  roleId: undefined
}
15:16:49 [[32minfo[39m]: API Request
{
  "service": "ride-hailing-api",
  "environment": "development",
  "type": "API_REQUEST",
  "method": "GET",
  "url": "/api/company/fleet?companyUniqueId=da3bf85a-cede-4466-b74b-ea7862c99190&assignmentStatus=active",
  "statusCode": 200,
  "responseTime": "NaNms",
  "ip": "127.0.0.1",
  "userAgent": "axios/1.18.1",
  "userId": 670,
  "userUniqueId": "21431be6-bb42-43ad-84a4-b38bbb6365aa"
}
[VerifyToken] Request: { method: 'POST', url: '/', hasAuth: true }
[VerifyToken] Token decoded: {
  userUniqueId: '21431be6-bb42-43ad-84a4-b38bbb6365aa',
  phoneNumber: '+251964002144',
  roleId: 7,
  iat: 1786191402
}
[VerifyToken] User authenticated: {
  userUniqueId: '21431be6-bb42-43ad-84a4-b38bbb6365aa',
  phoneNumber: '+251964002144',
  roleId: undefined
}
15:16:49 [[32minfo[39m]: Transaction committed
{
  "service": "ride-hailing-api",
  "environment": "development",
  "transactionId": "txn_2026-08-08 12:16:49_p7hkn4thz",
  "duration": "NaNms"
}
15:16:49 [[32minfo[39m]: API Request
{
  "service": "ride-hailing-api",
  "environment": "development",
  "type": "API_REQUEST",
  "method": "POST",
  "url": "/api/company/fleet",
  "statusCode": 201,
  "responseTime": "NaNms",
  "ip": "127.0.0.1",
  "userAgent": "axios/1.18.1",
  "userId": 670,
  "userUniqueId": "21431be6-bb42-43ad-84a4-b38bbb6365aa"
}
[VerifyToken] Request: { method: 'POST', url: '/auto', hasAuth: true }
[VerifyToken] Token decoded: {
  userUniqueId: '21431be6-bb42-43ad-84a4-b38bbb6365aa',
  phoneNumber: '+251964002144',
  roleId: 7,
  iat: 1786191402
}
[VerifyToken] User authenticated: {
  userUniqueId: '21431be6-bb42-43ad-84a4-b38bbb6365aa',
  phoneNumber: '+251964002144',
  roleId: undefined
}
15:16:49 [[32minfo[39m]: Transaction committed
{
  "service": "ride-hailing-api",
  "environment": "development",
  "transactionId": "txn_2026-08-08 12:16:49_9o4o6qtjh",
  "duration": "NaNms"
}
15:16:49 [[32minfo[39m]: API Request
{
  "service": "ride-hailing-api",
  "environment": "development",
  "type": "API_REQUEST",
  "method": "POST",
  "url": "/api/company/assignments/auto",
  "statusCode": 201,
  "responseTime": "NaNms",
  "ip": "127.0.0.1",
  "userAgent": "axios/1.18.1",
  "userId": 670,
  "userUniqueId": "21431be6-bb42-43ad-84a4-b38bbb6365aa"
}
[VerifyToken] Request: {
  method: 'GET',
  url: '/api/driver/verifyDriverJourneyStatus',
  hasAuth: true
}
[VerifyToken] Token decoded: {
  userUniqueId: 'e9cf2beb-c934-4392-89c5-c0d069bf948e',
  phoneNumber: '+251994002141',
  roleId: 2,
  iat: 1786191403
}
[VerifyToken] User authenticated: {
  userUniqueId: 'e9cf2beb-c934-4392-89c5-c0d069bf948e',
  phoneNumber: '+251994002141',
  roleId: undefined
}
15:16:50 [[33mwarn[39m]: No active shipper socket found for notification
{
  "service": "ride-hailing-api",
  "environment": "development",
  "phoneNumber": "251984002142"
}
15:16:50 [[33mwarn[39m]: No active shipper socket found for notification
{
  "service": "ride-hailing-api",
  "environment": "development",
  "phoneNumber": "251984002142"
}
15:16:50 [[33mwarn[39m]: No active shipper socket found for notification
{
  "service": "ride-hailing-api",
  "environment": "development",
  "phoneNumber": "251984002142"
}
15:16:50 [[33mwarn[39m]: No active shipper socket found for notification
{
  "service": "ride-hailing-api",
  "environment": "development",
  "phoneNumber": "251984002142"
}
15:16:50 [[32minfo[39m]: API Request
{
  "service": "ride-hailing-api",
  "environment": "development",
  "type": "API_REQUEST",
  "method": "GET",
  "url": "/api/driver/verifyDriverJourneyStatus",
  "statusCode": 200,
  "responseTime": "NaNms",
  "ip": "127.0.0.1",
  "userAgent": "axios/1.18.1",
  "userId": 672,
  "userUniqueId": "e9cf2beb-c934-4392-89c5-c0d069bf948e"
}
[VerifyToken] Request: {
  method: 'PATCH',
  url: '/86f21ca8-09fd-4213-8170-acf44458e602/status',
  hasAuth: true
}
[VerifyToken] Token decoded: {
  userUniqueId: 'e9cf2beb-c934-4392-89c5-c0d069bf948e',
  phoneNumber: '+251994002141',
  roleId: 2,
  iat: 1786191403
}
[VerifyToken] User authenticated: {
  userUniqueId: 'e9cf2beb-c934-4392-89c5-c0d069bf948e',
  phoneNumber: '+251994002141',
  roleId: undefined
}
15:16:50 [[32minfo[39m]: Transaction committed
{
  "service": "ride-hailing-api",
  "environment": "development",
  "transactionId": "txn_2026-08-08 12:16:50_fdykuzp13",
  "duration": "NaNms"
}
15:16:50 [[32minfo[39m]: API Request
{
  "service": "ride-hailing-api",
  "environment": "development",
  "type": "API_REQUEST",
  "method": "PATCH",
  "url": "/api/company/assignments/86f21ca8-09fd-4213-8170-acf44458e602/status",
  "statusCode": 200,
  "responseTime": "NaNms",
  "ip": "127.0.0.1",
  "userAgent": "axios/1.18.1",
  "userId": 672,
  "userUniqueId": "e9cf2beb-c934-4392-89c5-c0d069bf948e"
}
[VerifyToken] Request: {
  method: 'GET',
  url: '/api/driver/verifyDriverJourneyStatus',
  hasAuth: true
}
[VerifyToken] Token decoded: {
  userUniqueId: 'e9cf2beb-c934-4392-89c5-c0d069bf948e',
  phoneNumber: '+251994002141',
  roleId: 2,
  iat: 1786191403
}
[VerifyToken] User authenticated: {
  userUniqueId: 'e9cf2beb-c934-4392-89c5-c0d069bf948e',
  phoneNumber: '+251994002141',
  roleId: undefined
}
15:16:50 [[32minfo[39m]: API Request
{
  "service": "ride-hailing-api",
  "environment": "development",
  "type": "API_REQUEST",
  "method": "GET",
  "url": "/api/driver/verifyDriverJourneyStatus",
  "statusCode": 200,
  "responseTime": "NaNms",
  "ip": "127.0.0.1",
  "userAgent": "axios/1.18.1",
  "userId": 672,
  "userUniqueId": "e9cf2beb-c934-4392-89c5-c0d069bf948e"
}
[VerifyToken] Request: { method: 'PUT', url: '/api/driver/startJourney', hasAuth: true }
[VerifyToken] Token decoded: {
  userUniqueId: 'e9cf2beb-c934-4392-89c5-c0d069bf948e',
  phoneNumber: '+251994002141',
  roleId: 2,
  iat: 1786191403
}
[VerifyToken] User authenticated: {
  userUniqueId: 'e9cf2beb-c934-4392-89c5-c0d069bf948e',
  phoneNumber: '+251994002141',
  roleId: undefined
}
15:16:50 [[31merror[39m]: API Error Driver in inactive status
Error: Driver in inactive status
    at verifyDriversIdentity (/Users/zewedu/Desktop/Projects/transportBackEndNative/Middleware/VerifyUsersIdentity.js:101:13)
    at process.processTicksAndRejections (node:internal/process/task_queues:105:5)
{
  "service": "ride-hailing-api",
  "environment": "development",
  "type": "API_ERROR",
  "statusCode": 403,
  "path": "/api/driver/startJourney",
  "method": "PUT",
  "ip": "127.0.0.1",
  "userId": 672,
  "userUniqueId": "e9cf2beb-c934-4392-89c5-c0d069bf948e",
  "body": {
    "driverRequestUniqueId": "3f610b39-8df2-46f2-9034-29937fed86f5",
    "shipperRequestUniqueId": "424dd9aa-c009-49af-ad59-ec6876862a24",
    "journeyDecisionUniqueId": "815a032d-3f1b-4eca-8e72-b22031bb67bf",
    "latitude": 9.0205,
    "longitude": 38.8025
  },
  "params": {},
  "query": {}
}
15:16:50 [[32minfo[39m]: API Request
{
  "service": "ride-hailing-api",
  "environment": "development",
  "type": "API_REQUEST",
  "method": "PUT",
  "url": "/api/driver/startJourney",
  "statusCode": 403,
  "responseTime": "NaNms",
  "ip": "127.0.0.1",
  "userAgent": "axios/1.18.1",
  "userId": 672,
  "userUniqueId": "e9cf2beb-c934-4392-89c5-c0d069bf948e"
}
[VerifyToken] Request: {
  method: 'GET',
  url: '/api/driver/verifyDriverJourneyStatus',
  hasAuth: true
}
[VerifyToken] Token decoded: {
  userUniqueId: 'e9cf2beb-c934-4392-89c5-c0d069bf948e',
  phoneNumber: '+251994002141',
  roleId: 2,
  iat: 1786191403
}
[VerifyToken] User authenticated: {
  userUniqueId: 'e9cf2beb-c934-4392-89c5-c0d069bf948e',
  phoneNumber: '+251994002141',
  roleId: undefined
}
15:16:50 [[32minfo[39m]: API Request
{
  "service": "ride-hailing-api",
  "environment": "development",
  "type": "API_REQUEST",
  "method": "GET",
  "url": "/api/driver/verifyDriverJourneyStatus",
  "statusCode": 200,
  "responseTime": "NaNms",
  "ip": "127.0.0.1",
  "userAgent": "axios/1.18.1",
  "userId": 672,
  "userUniqueId": "e9cf2beb-c934-4392-89c5-c0d069bf948e"
}
[VerifyToken] Request: { method: 'GET', url: '/api/journey?roleId=2', hasAuth: true }
[VerifyToken] Token decoded: {
  userUniqueId: 'e9cf2beb-c934-4392-89c5-c0d069bf948e',
  phoneNumber: '+251994002141',
  roleId: 2,
  iat: 1786191403
}
[VerifyToken] User authenticated: {
  userUniqueId: 'e9cf2beb-c934-4392-89c5-c0d069bf948e',
  phoneNumber: '+251994002141',
  roleId: undefined
}
15:16:50 [[32minfo[39m]: API Request
{
  "service": "ride-hailing-api",
  "environment": "development",
  "type": "API_REQUEST",
  "method": "GET",
  "url": "/api/journey?roleId=2",
  "statusCode": 200,
  "responseTime": "NaNms",
  "ip": "127.0.0.1",
  "userAgent": "axios/1.18.1",
  "userId": 672,
  "userUniqueId": "e9cf2beb-c934-4392-89c5-c0d069bf948e"
}
[VerifyToken] Request: { method: 'GET', url: '/api/user/getOngoingJourney', hasAuth: true }
[VerifyToken] Token decoded: {
  userUniqueId: 'e9cf2beb-c934-4392-89c5-c0d069bf948e',
  phoneNumber: '+251994002141',
  roleId: 2,
  iat: 1786191403
}
[VerifyToken] User authenticated: {
  userUniqueId: 'e9cf2beb-c934-4392-89c5-c0d069bf948e',
  phoneNumber: '+251994002141',
  roleId: undefined
}
15:16:50 [[32minfo[39m]: API Request
{
  "service": "ride-hailing-api",
  "environment": "development",
  "type": "API_REQUEST",
  "method": "GET",
  "url": "/api/user/getOngoingJourney",
  "statusCode": 200,
  "responseTime": "NaNms",
  "ip": "127.0.0.1",
  "userAgent": "axios/1.18.1",
  "userId": 672,
  "userUniqueId": "e9cf2beb-c934-4392-89c5-c0d069bf948e"
}
[VerifyToken] Request: {
  method: 'GET',
  url: '/api/journey/2e046f8a-dab7-42c6-b810-32e91704f07c',
  hasAuth: true
}
[VerifyToken] Token decoded: {
  userUniqueId: 'e9cf2beb-c934-4392-89c5-c0d069bf948e',
  phoneNumber: '+251994002141',
  roleId: 2,
  iat: 1786191403
}
[VerifyToken] User authenticated: {
  userUniqueId: 'e9cf2beb-c934-4392-89c5-c0d069bf948e',
  phoneNumber: '+251994002141',
  roleId: undefined
}
15:16:50 [[32minfo[39m]: API Request
{
  "service": "ride-hailing-api",
  "environment": "development",
  "type": "API_REQUEST",
  "method": "GET",
  "url": "/api/journey/2e046f8a-dab7-42c6-b810-32e91704f07c",
  "statusCode": 200,
  "responseTime": "NaNms",
  "ip": "127.0.0.1",
  "userAgent": "axios/1.18.1",
  "userId": 672,
  "userUniqueId": "e9cf2beb-c934-4392-89c5-c0d069bf948e"
}
[VerifyToken] Request: {
  method: 'PUT',
  url: '/api/journey/2e046f8a-dab7-42c6-b810-32e91704f07c',
  hasAuth: true
}
[VerifyToken] Token decoded: {
  userUniqueId: '0358f7dd-837d-4e12-bf0c-70c48ec91c3b',
  phoneNumber: '+251974002143',
  roleId: 3,
  iat: 1786191401
}
[VerifyToken] User authenticated: {
  userUniqueId: '0358f7dd-837d-4e12-bf0c-70c48ec91c3b',
  phoneNumber: '+251974002143',
  roleId: undefined
}
15:16:50 [[32minfo[39m]: Transaction committed
{
  "service": "ride-hailing-api",
  "environment": "development",
  "transactionId": "txn_2026-08-08 12:16:50_qm7k5q7pq",
  "duration": "NaNms"
}
15:16:50 [[32minfo[39m]: API Request
{
  "service": "ride-hailing-api",
  "environment": "development",
  "type": "API_REQUEST",
  "method": "PUT",
  "url": "/api/journey/2e046f8a-dab7-42c6-b810-32e91704f07c",
  "statusCode": 200,
  "responseTime": "NaNms",
  "ip": "127.0.0.1",
  "userAgent": "axios/1.18.1",
  "userId": 669,
  "userUniqueId": "0358f7dd-837d-4e12-bf0c-70c48ec91c3b"
}
[VerifyToken] Request: { method: 'GET', url: '/api/journey?roleId=2', hasAuth: true }
[VerifyToken] Token decoded: {
  userUniqueId: 'e9cf2beb-c934-4392-89c5-c0d069bf948e',
  phoneNumber: '+251994002141',
  roleId: 2,
  iat: 1786191403
}
[VerifyToken] User authenticated: {
  userUniqueId: 'e9cf2beb-c934-4392-89c5-c0d069bf948e',
  phoneNumber: '+251994002141',
  roleId: undefined
}
15:16:50 [[32minfo[39m]: API Request
{
  "service": "ride-hailing-api",
  "environment": "development",
  "type": "API_REQUEST",
  "method": "GET",
  "url": "/api/journey?roleId=2",
  "statusCode": 200,
  "responseTime": "NaNms",
  "ip": "127.0.0.1",
  "userAgent": "axios/1.18.1",
  "userId": 672,
  "userUniqueId": "e9cf2beb-c934-4392-89c5-c0d069bf948e"
}
[VerifyToken] Request: {
  method: 'DELETE',
  url: '/api/journey/2e046f8a-dab7-42c6-b810-32e91704f07c',
  hasAuth: true
}
[VerifyToken] Token decoded: {
  userUniqueId: '0358f7dd-837d-4e12-bf0c-70c48ec91c3b',
  phoneNumber: '+251974002143',
  roleId: 3,
  iat: 1786191401
}
[VerifyToken] User authenticated: {
  userUniqueId: '0358f7dd-837d-4e12-bf0c-70c48ec91c3b',
  phoneNumber: '+251974002143',
  roleId: undefined
}
15:16:50 [[32minfo[39m]: Transaction committed
{
  "service": "ride-hailing-api",
  "environment": "development",
  "transactionId": "txn_2026-08-08 12:16:50_29xgpikte",
  "duration": "NaNms"
}
15:16:50 [[32minfo[39m]: API Request
{
  "service": "ride-hailing-api",
  "environment": "development",
  "type": "API_REQUEST",
  "method": "DELETE",
  "url": "/api/journey/2e046f8a-dab7-42c6-b810-32e91704f07c",
  "statusCode": 200,
  "responseTime": "NaNms",
  "ip": "127.0.0.1",
  "userAgent": "axios/1.18.1",
  "userId": 669,
  "userUniqueId": "0358f7dd-837d-4e12-bf0c-70c48ec91c3b"
}
[VerifyToken] Request: {
  method: 'GET',
  url: '/api/driver/getAllCompletedJourney',
  hasAuth: true
}
[VerifyToken] Token decoded: {
  userUniqueId: 'e9cf2beb-c934-4392-89c5-c0d069bf948e',
  phoneNumber: '+251994002141',
  roleId: 2,
  iat: 1786191403
}
[VerifyToken] User authenticated: {
  userUniqueId: 'e9cf2beb-c934-4392-89c5-c0d069bf948e',
  phoneNumber: '+251994002141',
  roleId: undefined
}
15:16:50 [[32minfo[39m]: API Request
{
  "service": "ride-hailing-api",
  "environment": "development",
  "type": "API_REQUEST",
  "method": "GET",
  "url": "/api/driver/getAllCompletedJourney",
  "statusCode": 200,
  "responseTime": "NaNms",
  "ip": "127.0.0.1",
  "userAgent": "axios/1.18.1",
  "userId": 672,
  "userUniqueId": "e9cf2beb-c934-4392-89c5-c0d069bf948e"
}
[VerifyToken] Request: {
  method: 'GET',
  url: '/api/user/getJourneyDecision4AllOrSingleUser',
  hasAuth: true
}
[VerifyToken] Token decoded: {
  userUniqueId: '0358f7dd-837d-4e12-bf0c-70c48ec91c3b',
  phoneNumber: '+251974002143',
  roleId: 3,
  iat: 1786191401
}
[VerifyToken] User authenticated: {
  userUniqueId: '0358f7dd-837d-4e12-bf0c-70c48ec91c3b',
  phoneNumber: '+251974002143',
  roleId: undefined
}
15:16:50 [[32minfo[39m]: API Request
{
  "service": "ride-hailing-api",
  "environment": "development",
  "type": "API_REQUEST",
  "method": "GET",
  "url": "/api/user/getJourneyDecision4AllOrSingleUser",
  "statusCode": 200,
  "responseTime": "NaNms",
  "ip": "127.0.0.1",
  "userAgent": "axios/1.18.1",
  "userId": 669,
  "userUniqueId": "0358f7dd-837d-4e12-bf0c-70c48ec91c3b"
}
[VerifyToken] Request: {
  method: 'GET',
  url: '/api/user/getJourneyDecision4AllOrSingleUser?ownerUserUniqueId=e9cf2beb-c934-4392-89c5-c0d069bf948e&roleId=2',
  hasAuth: true
}
[VerifyToken] Token decoded: {
  userUniqueId: '0358f7dd-837d-4e12-bf0c-70c48ec91c3b',
  phoneNumber: '+251974002143',
  roleId: 3,
  iat: 1786191401
}
[VerifyToken] User authenticated: {
  userUniqueId: '0358f7dd-837d-4e12-bf0c-70c48ec91c3b',
  phoneNumber: '+251974002143',
  roleId: undefined
}
15:16:50 [[32minfo[39m]: API Request
{
  "service": "ride-hailing-api",
  "environment": "development",
  "type": "API_REQUEST",
  "method": "GET",
  "url": "/api/user/getJourneyDecision4AllOrSingleUser?ownerUserUniqueId=e9cf2beb-c934-4392-89c5-c0d069bf948e&roleId=2",
  "statusCode": 200,
  "responseTime": "NaNms",
  "ip": "127.0.0.1",
  "userAgent": "axios/1.18.1",
  "userId": 669,
  "userUniqueId": "0358f7dd-837d-4e12-bf0c-70c48ec91c3b"
}
[VerifyToken] Request: { method: 'PUT', url: '/api/journeyDecisions', hasAuth: true }
[VerifyToken] Token decoded: {
  userUniqueId: '0358f7dd-837d-4e12-bf0c-70c48ec91c3b',
  phoneNumber: '+251974002143',
  roleId: 3,
  iat: 1786191401
}
[VerifyToken] User authenticated: {
  userUniqueId: '0358f7dd-837d-4e12-bf0c-70c48ec91c3b',
  phoneNumber: '+251974002143',
  roleId: undefined
}
15:16:50 [[31merror[39m]: Transaction rolled back
Error: No journey decision found matching the conditions
    at exports.updateJourneyDecision (/Users/zewedu/Desktop/Projects/transportBackEndNative/Services/JourneyDecisions.service.js:539:11)
    at process.processTicksAndRejections (node:internal/process/task_queues:105:5)
    at async /Users/zewedu/Desktop/Projects/transportBackEndNative/Controllers/JourneyDecisions.controller.js:201:14
    at async /Users/zewedu/Desktop/Projects/transportBackEndNative/Utils/DatabaseTransaction.js:101:14
    at async executeInTransaction (/Users/zewedu/Desktop/Projects/transportBackEndNative/Utils/DatabaseTransaction.js:99:20)
    at async exports.updateJourneyDecision (/Users/zewedu/Desktop/Projects/transportBackEndNative/Controllers/JourneyDecisions.controller.js:200:20)
{
  "service": "ride-hailing-api",
  "environment": "development",
  "transactionId": "txn_2026-08-08 12:16:50_p9a1qrbex",
  "duration": "NaNms",
  "error": "No journey decision found matching the conditions"
}
15:16:50 [[31merror[39m]: API Error No journey decision found matching the conditions
Error: No journey decision found matching the conditions
    at exports.updateJourneyDecision (/Users/zewedu/Desktop/Projects/transportBackEndNative/Services/JourneyDecisions.service.js:539:11)
    at process.processTicksAndRejections (node:internal/process/task_queues:105:5)
    at async /Users/zewedu/Desktop/Projects/transportBackEndNative/Controllers/JourneyDecisions.controller.js:201:14
    at async /Users/zewedu/Desktop/Projects/transportBackEndNative/Utils/DatabaseTransaction.js:101:14
    at async executeInTransaction (/Users/zewedu/Desktop/Projects/transportBackEndNative/Utils/DatabaseTransaction.js:99:20)
    at async exports.updateJourneyDecision (/Users/zewedu/Desktop/Projects/transportBackEndNative/Controllers/JourneyDecisions.controller.js:200:20)
{
  "service": "ride-hailing-api",
  "environment": "development",
  "type": "API_ERROR",
  "statusCode": 404,
  "path": "/api/journeyDecisions",
  "method": "PUT",
  "ip": "127.0.0.1",
  "userId": 669,
  "userUniqueId": "0358f7dd-837d-4e12-bf0c-70c48ec91c3b",
  "body": {
    "conditions": {
      "journeyDecisionUniqueId": "815a032d-3f1b-4eca-8e72-b22031bb67bf"
    },
    "updateValues": {
      "isRejectionByShipperSeenByDriver": "not seen by driver yet"
    }
  },
  "params": {},
  "query": {}
}
15:16:50 [[32minfo[39m]: API Request
{
  "service": "ride-hailing-api",
  "environment": "development",
  "type": "API_REQUEST",
  "method": "PUT",
  "url": "/api/journeyDecisions",
  "statusCode": 404,
  "responseTime": "NaNms",
  "ip": "127.0.0.1",
  "userAgent": "axios/1.18.1",
  "userId": 669,
  "userUniqueId": "0358f7dd-837d-4e12-bf0c-70c48ec91c3b"
}
[VerifyToken] Request: { method: 'GET', url: '/', hasAuth: true }
[VerifyToken] Token decoded: {
  userUniqueId: '0358f7dd-837d-4e12-bf0c-70c48ec91c3b',
  phoneNumber: '+251974002143',
  roleId: 3,
  iat: 1786191401
}
[VerifyToken] User authenticated: {
  userUniqueId: '0358f7dd-837d-4e12-bf0c-70c48ec91c3b',
  phoneNumber: '+251974002143',
  roleId: undefined
}
15:16:50 [[32minfo[39m]: API Request
{
  "service": "ride-hailing-api",
  "environment": "development",
  "type": "API_REQUEST",
  "method": "GET",
  "url": "/api/admin/userDelinquency/",
  "statusCode": 200,
  "responseTime": "NaNms",
  "ip": "127.0.0.1",
  "userAgent": "axios/1.18.1",
  "userId": 669,
  "userUniqueId": "0358f7dd-837d-4e12-bf0c-70c48ec91c3b"
}
[VerifyToken] Request: { method: 'POST', url: '/', hasAuth: true }
[VerifyToken] Token decoded: {
  userUniqueId: '0358f7dd-837d-4e12-bf0c-70c48ec91c3b',
  phoneNumber: '+251974002143',
  roleId: 3,
  iat: 1786191401
}
[VerifyToken] User authenticated: {
  userUniqueId: '0358f7dd-837d-4e12-bf0c-70c48ec91c3b',
  phoneNumber: '+251974002143',
  roleId: undefined
}
15:16:50 [[32minfo[39m]: Transaction committed
{
  "service": "ride-hailing-api",
  "environment": "development",
  "transactionId": "txn_2026-08-08 12:16:50_7kdb1q7mx",
  "duration": "NaNms"
}
15:16:50 [[32minfo[39m]: API Request
{
  "service": "ride-hailing-api",
  "environment": "development",
  "type": "API_REQUEST",
  "method": "POST",
  "url": "/api/admin/userDelinquency/",
  "statusCode": 200,
  "responseTime": "NaNms",
  "ip": "127.0.0.1",
  "userAgent": "axios/1.18.1",
  "userId": 669,
  "userUniqueId": "0358f7dd-837d-4e12-bf0c-70c48ec91c3b"
}
[VerifyToken] Request: { method: 'GET', url: '/', hasAuth: true }
[VerifyToken] Token decoded: {
  userUniqueId: '0358f7dd-837d-4e12-bf0c-70c48ec91c3b',
  phoneNumber: '+251974002143',
  roleId: 3,
  iat: 1786191401
}
[VerifyToken] User authenticated: {
  userUniqueId: '0358f7dd-837d-4e12-bf0c-70c48ec91c3b',
  phoneNumber: '+251974002143',
  roleId: undefined
}
15:16:50 [[32minfo[39m]: API Request
{
  "service": "ride-hailing-api",
  "environment": "development",
  "type": "API_REQUEST",
  "method": "GET",
  "url": "/api/admin/userDelinquency/",
  "statusCode": 200,
  "responseTime": "NaNms",
  "ip": "127.0.0.1",
  "userAgent": "axios/1.18.1",
  "userId": 669,
  "userUniqueId": "0358f7dd-837d-4e12-bf0c-70c48ec91c3b"
}
[VerifyToken] Request: {
  method: 'PUT',
  url: '/77af893c-8183-468c-ba74-fb8115b58394',
  hasAuth: true
}
[VerifyToken] Token decoded: {
  userUniqueId: '0358f7dd-837d-4e12-bf0c-70c48ec91c3b',
  phoneNumber: '+251974002143',
  roleId: 3,
  iat: 1786191401
}
[VerifyToken] User authenticated: {
  userUniqueId: '0358f7dd-837d-4e12-bf0c-70c48ec91c3b',
  phoneNumber: '+251974002143',
  roleId: undefined
}
15:16:50 [[32minfo[39m]: Transaction committed
{
  "service": "ride-hailing-api",
  "environment": "development",
  "transactionId": "txn_2026-08-08 12:16:50_70tc38ucf",
  "duration": "NaNms"
}
15:16:50 [[32minfo[39m]: API Request
{
  "service": "ride-hailing-api",
  "environment": "development",
  "type": "API_REQUEST",
  "method": "PUT",
  "url": "/api/admin/userDelinquency/77af893c-8183-468c-ba74-fb8115b58394",
  "statusCode": 200,
  "responseTime": "NaNms",
  "ip": "127.0.0.1",
  "userAgent": "axios/1.18.1",
  "userId": 669,
  "userUniqueId": "0358f7dd-837d-4e12-bf0c-70c48ec91c3b"
}
[VerifyToken] Request: { method: 'GET', url: '/', hasAuth: true }
[VerifyToken] Token decoded: {
  userUniqueId: '0358f7dd-837d-4e12-bf0c-70c48ec91c3b',
  phoneNumber: '+251974002143',
  roleId: 3,
  iat: 1786191401
}
[VerifyToken] User authenticated: {
  userUniqueId: '0358f7dd-837d-4e12-bf0c-70c48ec91c3b',
  phoneNumber: '+251974002143',
  roleId: undefined
}
15:16:50 [[32minfo[39m]: API Request
{
  "service": "ride-hailing-api",
  "environment": "development",
  "type": "API_REQUEST",
  "method": "GET",
  "url": "/api/admin/userDelinquency/",
  "statusCode": 200,
  "responseTime": "NaNms",
  "ip": "127.0.0.1",
  "userAgent": "axios/1.18.1",
  "userId": 669,
  "userUniqueId": "0358f7dd-837d-4e12-bf0c-70c48ec91c3b"
}
[VerifyToken] Request: {
  method: 'DELETE',
  url: '/77af893c-8183-468c-ba74-fb8115b58394',
  hasAuth: true
}
[VerifyToken] Token decoded: {
  userUniqueId: '0358f7dd-837d-4e12-bf0c-70c48ec91c3b',
  phoneNumber: '+251974002143',
  roleId: 3,
  iat: 1786191401
}
[VerifyToken] User authenticated: {
  userUniqueId: '0358f7dd-837d-4e12-bf0c-70c48ec91c3b',
  phoneNumber: '+251974002143',
  roleId: undefined
}
15:16:50 [[32minfo[39m]: Transaction committed
{
  "service": "ride-hailing-api",
  "environment": "development",
  "transactionId": "txn_2026-08-08 12:16:50_1gjnthza5",
  "duration": "NaNms"
}
15:16:50 [[32minfo[39m]: API Request
{
  "service": "ride-hailing-api",
  "environment": "development",
  "type": "API_REQUEST",
  "method": "DELETE",
  "url": "/api/admin/userDelinquency/77af893c-8183-468c-ba74-fb8115b58394",
  "statusCode": 200,
  "responseTime": "NaNms",
  "ip": "127.0.0.1",
  "userAgent": "axios/1.18.1",
  "userId": 669,
  "userUniqueId": "0358f7dd-837d-4e12-bf0c-70c48ec91c3b"
}
[VerifyToken] Request: { method: 'GET', url: '/', hasAuth: true }
[VerifyToken] Token decoded: {
  userUniqueId: '0358f7dd-837d-4e12-bf0c-70c48ec91c3b',
  phoneNumber: '+251974002143',
  roleId: 3,
  iat: 1786191401
}
[VerifyToken] User authenticated: {
  userUniqueId: '0358f7dd-837d-4e12-bf0c-70c48ec91c3b',
  phoneNumber: '+251974002143',
  roleId: undefined
}
15:16:50 [[32minfo[39m]: API Request
{
  "service": "ride-hailing-api",
  "environment": "development",
  "type": "API_REQUEST",
  "method": "GET",
  "url": "/api/admin/userDelinquency/",
  "statusCode": 200,
  "responseTime": "NaNms",
  "ip": "127.0.0.1",
  "userAgent": "axios/1.18.1",
  "userId": 669,
  "userUniqueId": "0358f7dd-837d-4e12-bf0c-70c48ec91c3b"
}
[VerifyToken] Request: { method: 'POST', url: '/', hasAuth: true }
[VerifyToken] Token decoded: {
  userUniqueId: '0358f7dd-837d-4e12-bf0c-70c48ec91c3b',
  phoneNumber: '+251974002143',
  roleId: 3,
  iat: 1786191401
}
[VerifyToken] User authenticated: {
  userUniqueId: '0358f7dd-837d-4e12-bf0c-70c48ec91c3b',
  phoneNumber: '+251974002143',
  roleId: undefined
}
15:16:50 [[32minfo[39m]: Transaction committed
{
  "service": "ride-hailing-api",
  "environment": "development",
  "transactionId": "txn_2026-08-08 12:16:50_pscbhskln",
  "duration": "NaNms"
}
15:16:50 [[32minfo[39m]: API Request
{
  "service": "ride-hailing-api",
  "environment": "development",
  "type": "API_REQUEST",
  "method": "POST",
  "url": "/api/admin/userDelinquency/",
  "statusCode": 200,
  "responseTime": "NaNms",
  "ip": "127.0.0.1",
  "userAgent": "axios/1.18.1",
  "userId": 669,
  "userUniqueId": "0358f7dd-837d-4e12-bf0c-70c48ec91c3b"
}
[VerifyToken] Request: {
  method: 'GET',
  url: '/response?userDelinquencyUniqueId=fdcae0e7-e09f-464c-99eb-1aa11b2acffc',
  hasAuth: true
}
[VerifyToken] Token decoded: {
  userUniqueId: 'e9cf2beb-c934-4392-89c5-c0d069bf948e',
  phoneNumber: '+251994002141',
  roleId: 2,
  iat: 1786191403
}
[VerifyToken] User authenticated: {
  userUniqueId: 'e9cf2beb-c934-4392-89c5-c0d069bf948e',
  phoneNumber: '+251994002141',
  roleId: undefined
}
15:16:50 [[32minfo[39m]: API Request
{
  "service": "ride-hailing-api",
  "environment": "development",
  "type": "API_REQUEST",
  "method": "GET",
  "url": "/api/user/delinquencyResponse/response?userDelinquencyUniqueId=fdcae0e7-e09f-464c-99eb-1aa11b2acffc",
  "statusCode": 200,
  "responseTime": "NaNms",
  "ip": "127.0.0.1",
  "userAgent": "axios/1.18.1",
  "userId": 672,
  "userUniqueId": "e9cf2beb-c934-4392-89c5-c0d069bf948e"
}
[VerifyToken] Request: { method: 'POST', url: '/response', hasAuth: true }
[VerifyToken] Token decoded: {
  userUniqueId: 'e9cf2beb-c934-4392-89c5-c0d069bf948e',
  phoneNumber: '+251994002141',
  roleId: 2,
  iat: 1786191403
}
[VerifyToken] User authenticated: {
  userUniqueId: 'e9cf2beb-c934-4392-89c5-c0d069bf948e',
  phoneNumber: '+251994002141',
  roleId: undefined
}
15:16:50 [[32minfo[39m]: Transaction committed
{
  "service": "ride-hailing-api",
  "environment": "development",
  "transactionId": "txn_2026-08-08 12:16:50_js641cqgl",
  "duration": "NaNms"
}
15:16:50 [[32minfo[39m]: API Request
{
  "service": "ride-hailing-api",
  "environment": "development",
  "type": "API_REQUEST",
  "method": "POST",
  "url": "/api/user/delinquencyResponse/response",
  "statusCode": 200,
  "responseTime": "NaNms",
  "ip": "127.0.0.1",
  "userAgent": "axios/1.18.1",
  "userId": 672,
  "userUniqueId": "e9cf2beb-c934-4392-89c5-c0d069bf948e"
}
[VerifyToken] Request: {
  method: 'PUT',
  url: '/d34ddd21-c90a-49d0-91e6-a1af4c054b26',
  hasAuth: true
}
[VerifyToken] Token decoded: {
  userUniqueId: 'e9cf2beb-c934-4392-89c5-c0d069bf948e',
  phoneNumber: '+251994002141',
  roleId: 2,
  iat: 1786191403
}
[VerifyToken] User authenticated: {
  userUniqueId: 'e9cf2beb-c934-4392-89c5-c0d069bf948e',
  phoneNumber: '+251994002141',
  roleId: undefined
}
15:16:50 [[32minfo[39m]: Transaction committed
{
  "service": "ride-hailing-api",
  "environment": "development",
  "transactionId": "txn_2026-08-08 12:16:50_b86xpkyun",
  "duration": "NaNms"
}
15:16:50 [[32minfo[39m]: API Request
{
  "service": "ride-hailing-api",
  "environment": "development",
  "type": "API_REQUEST",
  "method": "PUT",
  "url": "/api/user/delinquencyResponse/d34ddd21-c90a-49d0-91e6-a1af4c054b26",
  "statusCode": 200,
  "responseTime": "NaNms",
  "ip": "127.0.0.1",
  "userAgent": "axios/1.18.1",
  "userId": 672,
  "userUniqueId": "e9cf2beb-c934-4392-89c5-c0d069bf948e"
}
[VerifyToken] Request: {
  method: 'GET',
  url: '/response?userDelinquencyUniqueId=fdcae0e7-e09f-464c-99eb-1aa11b2acffc',
  hasAuth: true
}
[VerifyToken] Token decoded: {
  userUniqueId: 'e9cf2beb-c934-4392-89c5-c0d069bf948e',
  phoneNumber: '+251994002141',
  roleId: 2,
  iat: 1786191403
}
[VerifyToken] User authenticated: {
  userUniqueId: 'e9cf2beb-c934-4392-89c5-c0d069bf948e',
  phoneNumber: '+251994002141',
  roleId: undefined
}
15:16:50 [[32minfo[39m]: API Request
{
  "service": "ride-hailing-api",
  "environment": "development",
  "type": "API_REQUEST",
  "method": "GET",
  "url": "/api/user/delinquencyResponse/response?userDelinquencyUniqueId=fdcae0e7-e09f-464c-99eb-1aa11b2acffc",
  "statusCode": 200,
  "responseTime": "NaNms",
  "ip": "127.0.0.1",
  "userAgent": "axios/1.18.1",
  "userId": 672,
  "userUniqueId": "e9cf2beb-c934-4392-89c5-c0d069bf948e"
}
[VerifyToken] Request: {
  method: 'DELETE',
  url: '/d34ddd21-c90a-49d0-91e6-a1af4c054b26',
  hasAuth: true
}
[VerifyToken] Token decoded: {
  userUniqueId: 'e9cf2beb-c934-4392-89c5-c0d069bf948e',
  phoneNumber: '+251994002141',
  roleId: 2,
  iat: 1786191403
}
[VerifyToken] User authenticated: {
  userUniqueId: 'e9cf2beb-c934-4392-89c5-c0d069bf948e',
  phoneNumber: '+251994002141',
  roleId: undefined
}
15:16:50 [[32minfo[39m]: Transaction committed
{
  "service": "ride-hailing-api",
  "environment": "development",
  "transactionId": "txn_2026-08-08 12:16:50_yvzzrz03h",
  "duration": "NaNms"
}
15:16:50 [[32minfo[39m]: API Request
{
  "service": "ride-hailing-api",
  "environment": "development",
  "type": "API_REQUEST",
  "method": "DELETE",
  "url": "/api/user/delinquencyResponse/d34ddd21-c90a-49d0-91e6-a1af4c054b26",
  "statusCode": 200,
  "responseTime": "NaNms",
  "ip": "127.0.0.1",
  "userAgent": "axios/1.18.1",
  "userId": 672,
  "userUniqueId": "e9cf2beb-c934-4392-89c5-c0d069bf948e"
}
[VerifyToken] Request: {
  method: 'GET',
  url: '/response?userDelinquencyUniqueId=fdcae0e7-e09f-464c-99eb-1aa11b2acffc',
  hasAuth: true
}
[VerifyToken] Token decoded: {
  userUniqueId: 'e9cf2beb-c934-4392-89c5-c0d069bf948e',
  phoneNumber: '+251994002141',
  roleId: 2,
  iat: 1786191403
}
[VerifyToken] User authenticated: {
  userUniqueId: 'e9cf2beb-c934-4392-89c5-c0d069bf948e',
  phoneNumber: '+251994002141',
  roleId: undefined
}
15:16:50 [[32minfo[39m]: API Request
{
  "service": "ride-hailing-api",
  "environment": "development",
  "type": "API_REQUEST",
  "method": "GET",
  "url": "/api/user/delinquencyResponse/response?userDelinquencyUniqueId=fdcae0e7-e09f-464c-99eb-1aa11b2acffc",
  "statusCode": 200,
  "responseTime": "NaNms",
  "ip": "127.0.0.1",
  "userAgent": "axios/1.18.1",
  "userId": 672,
  "userUniqueId": "e9cf2beb-c934-4392-89c5-c0d069bf948e"
}
[VerifyToken] Request: { method: 'POST', url: '/', hasAuth: true }
[VerifyToken] Token decoded: {
  userUniqueId: '0358f7dd-837d-4e12-bf0c-70c48ec91c3b',
  phoneNumber: '+251974002143',
  roleId: 3,
  iat: 1786191401
}
[VerifyToken] User authenticated: {
  userUniqueId: '0358f7dd-837d-4e12-bf0c-70c48ec91c3b',
  phoneNumber: '+251974002143',
  roleId: undefined
}
15:16:50 [[32minfo[39m]: Transaction committed
{
  "service": "ride-hailing-api",
  "environment": "development",
  "transactionId": "txn_2026-08-08 12:16:50_1tf3yzt7x",
  "duration": "NaNms"
}
15:16:50 [[32minfo[39m]: API Request
{
  "service": "ride-hailing-api",
  "environment": "development",
  "type": "API_REQUEST",
  "method": "POST",
  "url": "/api/admin/userDelinquency/",
  "statusCode": 200,
  "responseTime": "NaNms",
  "ip": "127.0.0.1",
  "userAgent": "axios/1.18.1",
  "userId": 669,
  "userUniqueId": "0358f7dd-837d-4e12-bf0c-70c48ec91c3b"
}
[VerifyToken] Request: {
  method: 'GET',
  url: '/?userDelinquencyUniqueId=07d423ed-083d-4927-b238-4bff6d6d06fe',
  hasAuth: true
}
[VerifyToken] Token decoded: {
  userUniqueId: '0358f7dd-837d-4e12-bf0c-70c48ec91c3b',
  phoneNumber: '+251974002143',
  roleId: 3,
  iat: 1786191401
}
[VerifyToken] User authenticated: {
  userUniqueId: '0358f7dd-837d-4e12-bf0c-70c48ec91c3b',
  phoneNumber: '+251974002143',
  roleId: undefined
}
15:16:50 [[32minfo[39m]: API Request
{
  "service": "ride-hailing-api",
  "environment": "development",
  "type": "API_REQUEST",
  "method": "GET",
  "url": "/api/admin/userDelinquencyDecisions?userDelinquencyUniqueId=07d423ed-083d-4927-b238-4bff6d6d06fe",
  "statusCode": 200,
  "responseTime": "NaNms",
  "ip": "127.0.0.1",
  "userAgent": "axios/1.18.1",
  "userId": 669,
  "userUniqueId": "0358f7dd-837d-4e12-bf0c-70c48ec91c3b"
}
[VerifyToken] Request: { method: 'POST', url: '/', hasAuth: true }
[VerifyToken] Token decoded: {
  userUniqueId: '0358f7dd-837d-4e12-bf0c-70c48ec91c3b',
  phoneNumber: '+251974002143',
  roleId: 3,
  iat: 1786191401
}
[VerifyToken] User authenticated: {
  userUniqueId: '0358f7dd-837d-4e12-bf0c-70c48ec91c3b',
  phoneNumber: '+251974002143',
  roleId: undefined
}
15:16:50 [[32minfo[39m]: User accusation UPHELD — auto-ban check executed
{
  "service": "ride-hailing-api",
  "environment": "development",
  "userUniqueId": "e9cf2beb-c934-4392-89c5-c0d069bf948e",
  "roleId": 2,
  "banResult": {
    "action": "none",
    "reason": "No ban threshold met",
    "totalPoints": 2
  }
}
15:16:50 [[32minfo[39m]: Transaction committed
{
  "service": "ride-hailing-api",
  "environment": "development",
  "transactionId": "txn_2026-08-08 12:16:50_wq0uz13t1",
  "duration": "NaNms"
}
15:16:50 [[32minfo[39m]: API Request
{
  "service": "ride-hailing-api",
  "environment": "development",
  "type": "API_REQUEST",
  "method": "POST",
  "url": "/api/admin/userDelinquencyDecisions",
  "statusCode": 200,
  "responseTime": "NaNms",
  "ip": "127.0.0.1",
  "userAgent": "axios/1.18.1",
  "userId": 669,
  "userUniqueId": "0358f7dd-837d-4e12-bf0c-70c48ec91c3b"
}
[VerifyToken] Request: {
  method: 'GET',
  url: '/?userDelinquencyUniqueId=07d423ed-083d-4927-b238-4bff6d6d06fe',
  hasAuth: true
}
[VerifyToken] Token decoded: {
  userUniqueId: '0358f7dd-837d-4e12-bf0c-70c48ec91c3b',
  phoneNumber: '+251974002143',
  roleId: 3,
  iat: 1786191401
}
[VerifyToken] User authenticated: {
  userUniqueId: '0358f7dd-837d-4e12-bf0c-70c48ec91c3b',
  phoneNumber: '+251974002143',
  roleId: undefined
}
15:16:50 [[32minfo[39m]: API Request
{
  "service": "ride-hailing-api",
  "environment": "development",
  "type": "API_REQUEST",
  "method": "GET",
  "url": "/api/admin/userDelinquencyDecisions?userDelinquencyUniqueId=07d423ed-083d-4927-b238-4bff6d6d06fe",
  "statusCode": 200,
  "responseTime": "NaNms",
  "ip": "127.0.0.1",
  "userAgent": "axios/1.18.1",
  "userId": 669,
  "userUniqueId": "0358f7dd-837d-4e12-bf0c-70c48ec91c3b"
}
[VerifyToken] Request: { method: 'GET', url: '/', hasAuth: true }
[VerifyToken] Token decoded: {
  userUniqueId: '0358f7dd-837d-4e12-bf0c-70c48ec91c3b',
  phoneNumber: '+251974002143',
  roleId: 3,
  iat: 1786191401
}
[VerifyToken] User authenticated: {
  userUniqueId: '0358f7dd-837d-4e12-bf0c-70c48ec91c3b',
  phoneNumber: '+251974002143',
  roleId: undefined
}
15:16:50 [[32minfo[39m]: API Request
{
  "service": "ride-hailing-api",
  "environment": "development",
  "type": "API_REQUEST",
  "method": "GET",
  "url": "/api/admin/bannedUsers",
  "statusCode": 200,
  "responseTime": "NaNms",
  "ip": "127.0.0.1",
  "userAgent": "axios/1.18.1",
  "userId": 669,
  "userUniqueId": "0358f7dd-837d-4e12-bf0c-70c48ec91c3b"
}
[VerifyToken] Request: { method: 'POST', url: '/', hasAuth: true }
[VerifyToken] Token decoded: {
  userUniqueId: '0358f7dd-837d-4e12-bf0c-70c48ec91c3b',
  phoneNumber: '+251974002143',
  roleId: 3,
  iat: 1786191401
}
[VerifyToken] User authenticated: {
  userUniqueId: '0358f7dd-837d-4e12-bf0c-70c48ec91c3b',
  phoneNumber: '+251974002143',
  roleId: undefined
}
15:16:50 [[32minfo[39m]: Transaction committed
{
  "service": "ride-hailing-api",
  "environment": "development",
  "transactionId": "txn_2026-08-08 12:16:50_nqwywx7h1",
  "duration": "NaNms"
}
15:16:50 [[32minfo[39m]: API Request
{
  "service": "ride-hailing-api",
  "environment": "development",
  "type": "API_REQUEST",
  "method": "POST",
  "url": "/api/admin/bannedUsers",
  "statusCode": 200,
  "responseTime": "NaNms",
  "ip": "127.0.0.1",
  "userAgent": "axios/1.18.1",
  "userId": 669,
  "userUniqueId": "0358f7dd-837d-4e12-bf0c-70c48ec91c3b"
}
[VerifyToken] Request: { method: 'GET', url: '/', hasAuth: true }
[VerifyToken] Token decoded: {
  userUniqueId: '0358f7dd-837d-4e12-bf0c-70c48ec91c3b',
  phoneNumber: '+251974002143',
  roleId: 3,
  iat: 1786191401
}
[VerifyToken] User authenticated: {
  userUniqueId: '0358f7dd-837d-4e12-bf0c-70c48ec91c3b',
  phoneNumber: '+251974002143',
  roleId: undefined
}
15:16:50 [[32minfo[39m]: API Request
{
  "service": "ride-hailing-api",
  "environment": "development",
  "type": "API_REQUEST",
  "method": "GET",
  "url": "/api/admin/bannedUsers",
  "statusCode": 200,
  "responseTime": "NaNms",
  "ip": "127.0.0.1",
  "userAgent": "axios/1.18.1",
  "userId": 669,
  "userUniqueId": "0358f7dd-837d-4e12-bf0c-70c48ec91c3b"
}
[VerifyToken] Request: {
  method: 'PUT',
  url: '/6005c352-9f2b-4967-890c-94fc72191b5b',
  hasAuth: true
}
[VerifyToken] Token decoded: {
  userUniqueId: '0358f7dd-837d-4e12-bf0c-70c48ec91c3b',
  phoneNumber: '+251974002143',
  roleId: 3,
  iat: 1786191401
}
[VerifyToken] User authenticated: {
  userUniqueId: '0358f7dd-837d-4e12-bf0c-70c48ec91c3b',
  phoneNumber: '+251974002143',
  roleId: undefined
}
15:16:50 [[32minfo[39m]: Transaction committed
{
  "service": "ride-hailing-api",
  "environment": "development",
  "transactionId": "txn_2026-08-08 12:16:50_7cuqmvadx",
  "duration": "NaNms"
}
15:16:50 [[32minfo[39m]: API Request
{
  "service": "ride-hailing-api",
  "environment": "development",
  "type": "API_REQUEST",
  "method": "PUT",
  "url": "/api/admin/bannedUsers/6005c352-9f2b-4967-890c-94fc72191b5b",
  "statusCode": 200,
  "responseTime": "NaNms",
  "ip": "127.0.0.1",
  "userAgent": "axios/1.18.1",
  "userId": 669,
  "userUniqueId": "0358f7dd-837d-4e12-bf0c-70c48ec91c3b"
}
[VerifyToken] Request: { method: 'GET', url: '/', hasAuth: true }
[VerifyToken] Token decoded: {
  userUniqueId: '0358f7dd-837d-4e12-bf0c-70c48ec91c3b',
  phoneNumber: '+251974002143',
  roleId: 3,
  iat: 1786191401
}
[VerifyToken] User authenticated: {
  userUniqueId: '0358f7dd-837d-4e12-bf0c-70c48ec91c3b',
  phoneNumber: '+251974002143',
  roleId: undefined
}
15:16:50 [[32minfo[39m]: API Request
{
  "service": "ride-hailing-api",
  "environment": "development",
  "type": "API_REQUEST",
  "method": "GET",
  "url": "/api/admin/bannedUsers",
  "statusCode": 200,
  "responseTime": "NaNms",
  "ip": "127.0.0.1",
  "userAgent": "axios/1.18.1",
  "userId": 669,
  "userUniqueId": "0358f7dd-837d-4e12-bf0c-70c48ec91c3b"
}
[VerifyToken] Request: {
  method: 'PATCH',
  url: '/6005c352-9f2b-4967-890c-94fc72191b5b/deactivate',
  hasAuth: true
}
[VerifyToken] Token decoded: {
  userUniqueId: '0358f7dd-837d-4e12-bf0c-70c48ec91c3b',
  phoneNumber: '+251974002143',
  roleId: 3,
  iat: 1786191401
}
[VerifyToken] User authenticated: {
  userUniqueId: '0358f7dd-837d-4e12-bf0c-70c48ec91c3b',
  phoneNumber: '+251974002143',
  roleId: undefined
}
15:16:50 [[32minfo[39m]: Transaction committed
{
  "service": "ride-hailing-api",
  "environment": "development",
  "transactionId": "txn_2026-08-08 12:16:50_j5kckn0kk",
  "duration": "NaNms"
}
15:16:50 [[32minfo[39m]: API Request
{
  "service": "ride-hailing-api",
  "environment": "development",
  "type": "API_REQUEST",
  "method": "PATCH",
  "url": "/api/admin/bannedUsers/6005c352-9f2b-4967-890c-94fc72191b5b/deactivate",
  "statusCode": 200,
  "responseTime": "NaNms",
  "ip": "127.0.0.1",
  "userAgent": "axios/1.18.1",
  "userId": 669,
  "userUniqueId": "0358f7dd-837d-4e12-bf0c-70c48ec91c3b"
}
[VerifyToken] Request: { method: 'GET', url: '/', hasAuth: true }
[VerifyToken] Token decoded: {
  userUniqueId: '0358f7dd-837d-4e12-bf0c-70c48ec91c3b',
  phoneNumber: '+251974002143',
  roleId: 3,
  iat: 1786191401
}
[VerifyToken] User authenticated: {
  userUniqueId: '0358f7dd-837d-4e12-bf0c-70c48ec91c3b',
  phoneNumber: '+251974002143',
  roleId: undefined
}
15:16:50 [[32minfo[39m]: API Request
{
  "service": "ride-hailing-api",
  "environment": "development",
  "type": "API_REQUEST",
  "method": "GET",
  "url": "/api/company/admin/delinquency",
  "statusCode": 200,
  "responseTime": "NaNms",
  "ip": "127.0.0.1",
  "userAgent": "axios/1.18.1",
  "userId": 669,
  "userUniqueId": "0358f7dd-837d-4e12-bf0c-70c48ec91c3b"
}
[VerifyToken] Request: {
  method: 'GET',
  url: '/pending?companyUniqueId=da3bf85a-cede-4466-b74b-ea7862c99190',
  hasAuth: true
}
[VerifyToken] Token decoded: {
  userUniqueId: '21431be6-bb42-43ad-84a4-b38bbb6365aa',
  phoneNumber: '+251964002144',
  roleId: 7,
  iat: 1786191402
}
[VerifyToken] User authenticated: {
  userUniqueId: '21431be6-bb42-43ad-84a4-b38bbb6365aa',
  phoneNumber: '+251964002144',
  roleId: undefined
}
15:16:50 [[32minfo[39m]: API Request
{
  "service": "ride-hailing-api",
  "environment": "development",
  "type": "API_REQUEST",
  "method": "GET",
  "url": "/api/company/delinquency-response/pending?companyUniqueId=da3bf85a-cede-4466-b74b-ea7862c99190",
  "statusCode": 200,
  "responseTime": "NaNms",
  "ip": "127.0.0.1",
  "userAgent": "axios/1.18.1",
  "userId": 670,
  "userUniqueId": "21431be6-bb42-43ad-84a4-b38bbb6365aa"
}
[VerifyToken] Request: { method: 'POST', url: '/', hasAuth: true }
[VerifyToken] Token decoded: {
  userUniqueId: '0358f7dd-837d-4e12-bf0c-70c48ec91c3b',
  phoneNumber: '+251974002143',
  roleId: 3,
  iat: 1786191401
}
[VerifyToken] User authenticated: {
  userUniqueId: '0358f7dd-837d-4e12-bf0c-70c48ec91c3b',
  phoneNumber: '+251974002143',
  roleId: undefined
}
15:16:50 [[32minfo[39m]: Transaction committed
{
  "service": "ride-hailing-api",
  "environment": "development",
  "transactionId": "txn_2026-08-08 12:16:50_8fz919to7",
  "duration": "NaNms"
}
15:16:50 [[32minfo[39m]: API Request
{
  "service": "ride-hailing-api",
  "environment": "development",
  "type": "API_REQUEST",
  "method": "POST",
  "url": "/api/company/admin/delinquency",
  "statusCode": 200,
  "responseTime": "NaNms",
  "ip": "127.0.0.1",
  "userAgent": "axios/1.18.1",
  "userId": 669,
  "userUniqueId": "0358f7dd-837d-4e12-bf0c-70c48ec91c3b"
}
[VerifyToken] Request: { method: 'GET', url: '/', hasAuth: true }
[VerifyToken] Token decoded: {
  userUniqueId: '0358f7dd-837d-4e12-bf0c-70c48ec91c3b',
  phoneNumber: '+251974002143',
  roleId: 3,
  iat: 1786191401
}
[VerifyToken] User authenticated: {
  userUniqueId: '0358f7dd-837d-4e12-bf0c-70c48ec91c3b',
  phoneNumber: '+251974002143',
  roleId: undefined
}
15:16:50 [[32minfo[39m]: API Request
{
  "service": "ride-hailing-api",
  "environment": "development",
  "type": "API_REQUEST",
  "method": "GET",
  "url": "/api/company/admin/delinquency",
  "statusCode": 200,
  "responseTime": "NaNms",
  "ip": "127.0.0.1",
  "userAgent": "axios/1.18.1",
  "userId": 669,
  "userUniqueId": "0358f7dd-837d-4e12-bf0c-70c48ec91c3b"
}
[VerifyToken] Request: { method: 'POST', url: '/response', hasAuth: true }
[VerifyToken] Token decoded: {
  userUniqueId: '21431be6-bb42-43ad-84a4-b38bbb6365aa',
  phoneNumber: '+251964002144',
  roleId: 7,
  iat: 1786191402
}
[VerifyToken] User authenticated: {
  userUniqueId: '21431be6-bb42-43ad-84a4-b38bbb6365aa',
  phoneNumber: '+251964002144',
  roleId: undefined
}
15:16:50 [[32minfo[39m]: Transaction committed
{
  "service": "ride-hailing-api",
  "environment": "development",
  "transactionId": "txn_2026-08-08 12:16:50_jwaio3hog",
  "duration": "NaNms"
}
15:16:50 [[32minfo[39m]: API Request
{
  "service": "ride-hailing-api",
  "environment": "development",
  "type": "API_REQUEST",
  "method": "POST",
  "url": "/api/company/delinquency-response/response",
  "statusCode": 200,
  "responseTime": "NaNms",
  "ip": "127.0.0.1",
  "userAgent": "axios/1.18.1",
  "userId": 670,
  "userUniqueId": "21431be6-bb42-43ad-84a4-b38bbb6365aa"
}
[VerifyToken] Request: { method: 'GET', url: '/response', hasAuth: true }
[VerifyToken] Token decoded: {
  userUniqueId: '21431be6-bb42-43ad-84a4-b38bbb6365aa',
  phoneNumber: '+251964002144',
  roleId: 7,
  iat: 1786191402
}
[VerifyToken] User authenticated: {
  userUniqueId: '21431be6-bb42-43ad-84a4-b38bbb6365aa',
  phoneNumber: '+251964002144',
  roleId: undefined
}
15:16:50 [[32minfo[39m]: API Request
{
  "service": "ride-hailing-api",
  "environment": "development",
  "type": "API_REQUEST",
  "method": "GET",
  "url": "/api/company/delinquency-response/response",
  "statusCode": 200,
  "responseTime": "NaNms",
  "ip": "127.0.0.1",
  "userAgent": "axios/1.18.1",
  "userId": 670,
  "userUniqueId": "21431be6-bb42-43ad-84a4-b38bbb6365aa"
}
[VerifyToken] Request: {
  method: 'DELETE',
  url: '/d7c531a7-0b26-4d31-a787-cff0fc918fd5',
  hasAuth: true
}
[VerifyToken] Token decoded: {
  userUniqueId: '0358f7dd-837d-4e12-bf0c-70c48ec91c3b',
  phoneNumber: '+251974002143',
  roleId: 3,
  iat: 1786191401
}
[VerifyToken] User authenticated: {
  userUniqueId: '0358f7dd-837d-4e12-bf0c-70c48ec91c3b',
  phoneNumber: '+251974002143',
  roleId: undefined
}
15:16:50 [[32minfo[39m]: Transaction committed
{
  "service": "ride-hailing-api",
  "environment": "development",
  "transactionId": "txn_2026-08-08 12:16:50_0m9taq5l0",
  "duration": "NaNms"
}
15:16:50 [[32minfo[39m]: API Request
{
  "service": "ride-hailing-api",
  "environment": "development",
  "type": "API_REQUEST",
  "method": "DELETE",
  "url": "/api/company/admin/delinquency/d7c531a7-0b26-4d31-a787-cff0fc918fd5",
  "statusCode": 200,
  "responseTime": "NaNms",
  "ip": "127.0.0.1",
  "userAgent": "axios/1.18.1",
  "userId": 669,
  "userUniqueId": "0358f7dd-837d-4e12-bf0c-70c48ec91c3b"
}
[VerifyToken] Request: { method: 'GET', url: '/', hasAuth: true }
[VerifyToken] Token decoded: {
  userUniqueId: '0358f7dd-837d-4e12-bf0c-70c48ec91c3b',
  phoneNumber: '+251974002143',
  roleId: 3,
  iat: 1786191401
}
[VerifyToken] User authenticated: {
  userUniqueId: '0358f7dd-837d-4e12-bf0c-70c48ec91c3b',
  phoneNumber: '+251974002143',
  roleId: undefined
}
15:16:50 [[32minfo[39m]: API Request
{
  "service": "ride-hailing-api",
  "environment": "development",
  "type": "API_REQUEST",
  "method": "GET",
  "url": "/api/company/admin/delinquency",
  "statusCode": 200,
  "responseTime": "NaNms",
  "ip": "127.0.0.1",
  "userAgent": "axios/1.18.1",
  "userId": 669,
  "userUniqueId": "0358f7dd-837d-4e12-bf0c-70c48ec91c3b"
}
[VerifyToken] Request: {
  method: 'GET',
  url: '/api/user/getCanceledJourneyCountsByDate?fromDate=2020-01-01&toDate=2026-08-08',
  hasAuth: true
}
[VerifyToken] Token decoded: {
  userUniqueId: '0358f7dd-837d-4e12-bf0c-70c48ec91c3b',
  phoneNumber: '+251974002143',
  roleId: 3,
  iat: 1786191401
}
[VerifyToken] User authenticated: {
  userUniqueId: '0358f7dd-837d-4e12-bf0c-70c48ec91c3b',
  phoneNumber: '+251974002143',
  roleId: undefined
}
15:16:50 [[32minfo[39m]: API Request
{
  "service": "ride-hailing-api",
  "environment": "development",
  "type": "API_REQUEST",
  "method": "GET",
  "url": "/api/user/getCanceledJourneyCountsByDate?fromDate=2020-01-01&toDate=2026-08-08",
  "statusCode": 200,
  "responseTime": "NaNms",
  "ip": "127.0.0.1",
  "userAgent": "axios/1.18.1",
  "userId": 669,
  "userUniqueId": "0358f7dd-837d-4e12-bf0c-70c48ec91c3b"
}
[VerifyToken] Request: {
  method: 'GET',
  url: '/api/user/getCanceledJourneyCountsByReason',
  hasAuth: true
}
[VerifyToken] Token decoded: {
  userUniqueId: '0358f7dd-837d-4e12-bf0c-70c48ec91c3b',
  phoneNumber: '+251974002143',
  roleId: 3,
  iat: 1786191401
}
[VerifyToken] User authenticated: {
  userUniqueId: '0358f7dd-837d-4e12-bf0c-70c48ec91c3b',
  phoneNumber: '+251974002143',
  roleId: undefined
}
15:16:50 [[32minfo[39m]: API Request
{
  "service": "ride-hailing-api",
  "environment": "development",
  "type": "API_REQUEST",
  "method": "GET",
  "url": "/api/user/getCanceledJourneyCountsByReason",
  "statusCode": 200,
  "responseTime": "NaNms",
  "ip": "127.0.0.1",
  "userAgent": "axios/1.18.1",
  "userId": 669,
  "userUniqueId": "0358f7dd-837d-4e12-bf0c-70c48ec91c3b"
}
[VerifyToken] Request: {
  method: 'GET',
  url: '/api/admin/getCanceledJourneyByFilter',
  hasAuth: true
}
[VerifyToken] Token decoded: {
  userUniqueId: '0358f7dd-837d-4e12-bf0c-70c48ec91c3b',
  phoneNumber: '+251974002143',
  roleId: 3,
  iat: 1786191401
}
[VerifyToken] User authenticated: {
  userUniqueId: '0358f7dd-837d-4e12-bf0c-70c48ec91c3b',
  phoneNumber: '+251974002143',
  roleId: undefined
}
15:16:50 [[32minfo[39m]: API Request
{
  "service": "ride-hailing-api",
  "environment": "development",
  "type": "API_REQUEST",
  "method": "GET",
  "url": "/api/admin/getCanceledJourneyByFilter",
  "statusCode": 200,
  "responseTime": "NaNms",
  "ip": "127.0.0.1",
  "userAgent": "axios/1.18.1",
  "userId": 669,
  "userUniqueId": "0358f7dd-837d-4e12-bf0c-70c48ec91c3b"
}
[VerifyToken] Request: {
  method: 'GET',
  url: '/api/admin/getUserByFilterDetailed',
  hasAuth: true
}
[VerifyToken] Token decoded: {
  userUniqueId: '0358f7dd-837d-4e12-bf0c-70c48ec91c3b',
  phoneNumber: '+251974002143',
  roleId: 3,
  iat: 1786191401
}
[VerifyToken] User authenticated: {
  userUniqueId: '0358f7dd-837d-4e12-bf0c-70c48ec91c3b',
  phoneNumber: '+251974002143',
  roleId: undefined
}
15:16:50 [[32minfo[39m]: API Request
{
  "service": "ride-hailing-api",
  "environment": "development",
  "type": "API_REQUEST",
  "method": "GET",
  "url": "/api/admin/getUserByFilterDetailed",
  "statusCode": 200,
  "responseTime": "NaNms",
  "ip": "127.0.0.1",
  "userAgent": "axios/1.18.1",
  "userId": 669,
  "userUniqueId": "0358f7dd-837d-4e12-bf0c-70c48ec91c3b"
}
[VerifyToken] Request: { method: 'GET', url: '/api/admin/getOnlineDrivers', hasAuth: true }
[VerifyToken] Token decoded: {
  userUniqueId: '0358f7dd-837d-4e12-bf0c-70c48ec91c3b',
  phoneNumber: '+251974002143',
  roleId: 3,
  iat: 1786191401
}
[VerifyToken] User authenticated: {
  userUniqueId: '0358f7dd-837d-4e12-bf0c-70c48ec91c3b',
  phoneNumber: '+251974002143',
  roleId: undefined
}
15:16:50 [[32minfo[39m]: API Request
{
  "service": "ride-hailing-api",
  "environment": "development",
  "type": "API_REQUEST",
  "method": "GET",
  "url": "/api/admin/getOnlineDrivers",
  "statusCode": 200,
  "responseTime": "NaNms",
  "ip": "127.0.0.1",
  "userAgent": "axios/1.18.1",
  "userId": 669,
  "userUniqueId": "0358f7dd-837d-4e12-bf0c-70c48ec91c3b"
}
[VerifyToken] Request: { method: 'GET', url: '/api/admin/getOfflineDrivers', hasAuth: true }
[VerifyToken] Token decoded: {
  userUniqueId: '0358f7dd-837d-4e12-bf0c-70c48ec91c3b',
  phoneNumber: '+251974002143',
  roleId: 3,
  iat: 1786191401
}
[VerifyToken] User authenticated: {
  userUniqueId: '0358f7dd-837d-4e12-bf0c-70c48ec91c3b',
  phoneNumber: '+251974002143',
  roleId: undefined
}
15:16:50 [[32minfo[39m]: API Request
{
  "service": "ride-hailing-api",
  "environment": "development",
  "type": "API_REQUEST",
  "method": "GET",
  "url": "/api/admin/getOfflineDrivers",
  "statusCode": 200,
  "responseTime": "NaNms",
  "ip": "127.0.0.1",
  "userAgent": "axios/1.18.1",
  "userId": 669,
  "userUniqueId": "0358f7dd-837d-4e12-bf0c-70c48ec91c3b"
}
[VerifyToken] Request: { method: 'GET', url: '/api/admin/getAllActiveDrivers', hasAuth: true }
[VerifyToken] Token decoded: {
  userUniqueId: '0358f7dd-837d-4e12-bf0c-70c48ec91c3b',
  phoneNumber: '+251974002143',
  roleId: 3,
  iat: 1786191401
}
[VerifyToken] User authenticated: {
  userUniqueId: '0358f7dd-837d-4e12-bf0c-70c48ec91c3b',
  phoneNumber: '+251974002143',
  roleId: undefined
}
15:16:50 [[32minfo[39m]: API Request
{
  "service": "ride-hailing-api",
  "environment": "development",
  "type": "API_REQUEST",
  "method": "GET",
  "url": "/api/admin/getAllActiveDrivers",
  "statusCode": 200,
  "responseTime": "NaNms",
  "ip": "127.0.0.1",
  "userAgent": "axios/1.18.1",
  "userId": 669,
  "userUniqueId": "0358f7dd-837d-4e12-bf0c-70c48ec91c3b"
}
15:16:50 [[32minfo[39m]: API Request
{
  "service": "ride-hailing-api",
  "environment": "development",
  "type": "API_REQUEST",
  "method": "GET",
  "url": "/api/health",
  "statusCode": 200,
  "responseTime": "NaNms",
  "ip": "127.0.0.1",
  "userAgent": "axios/1.18.1"
}
15:16:50 [[32minfo[39m]: API Request
{
  "service": "ride-hailing-api",
  "environment": "development",
  "type": "API_REQUEST",
  "method": "GET",
  "url": "/api/health/database",
  "statusCode": 200,
  "responseTime": "NaNms",
  "ip": "127.0.0.1",
  "userAgent": "axios/1.18.1"
}
15:16:50 [[32minfo[39m]: API Request
{
  "service": "ride-hailing-api",
  "environment": "development",
  "type": "API_REQUEST",
  "method": "GET",
  "url": "/api/admin/database/stats",
  "statusCode": 200,
  "responseTime": "NaNms",
  "ip": "127.0.0.1",
  "userAgent": "axios/1.18.1"
}
[VerifyToken] Request: { method: 'GET', url: '/api/admin/dashboard', hasAuth: false }
[VerifyToken] No auth header
15:16:50 [[31merror[39m]: API Error Authorization header missing
Error: Authorization header missing
    at verifyTokenOfAxios (/Users/zewedu/Desktop/Projects/transportBackEndNative/Middleware/VerifyToken.js:14:17)
    at Layer.handleRequest (/Users/zewedu/Desktop/Projects/transportBackEndNative/node_modules/router/lib/layer.js:152:17)
    at next (/Users/zewedu/Desktop/Projects/transportBackEndNative/node_modules/router/lib/route.js:157:13)
    at Route.dispatch (/Users/zewedu/Desktop/Projects/transportBackEndNative/node_modules/router/lib/route.js:117:3)
    at handle (/Users/zewedu/Desktop/Projects/transportBackEndNative/node_modules/router/index.js:435:11)
    at Layer.handleRequest (/Users/zewedu/Desktop/Projects/transportBackEndNative/node_modules/router/lib/layer.js:152:17)
    at /Users/zewedu/Desktop/Projects/transportBackEndNative/node_modules/router/index.js:295:15
    at processParams (/Users/zewedu/Desktop/Projects/transportBackEndNative/node_modules/router/index.js:582:12)
    at next (/Users/zewedu/Desktop/Projects/transportBackEndNative/node_modules/router/index.js:291:5)
    at router.handle (/Users/zewedu/Desktop/Projects/transportBackEndNative/node_modules/router/index.js:186:3)
{
  "service": "ride-hailing-api",
  "environment": "development",
  "type": "API_ERROR",
  "statusCode": 401,
  "path": "/api/admin/dashboard",
  "method": "GET",
  "ip": "127.0.0.1",
  "params": {},
  "query": {}
}
15:16:50 [[32minfo[39m]: API Request
{
  "service": "ride-hailing-api",
  "environment": "development",
  "type": "API_REQUEST",
  "method": "GET",
  "url": "/api/admin/dashboard",
  "statusCode": 401,
  "responseTime": "NaNms",
  "ip": "127.0.0.1",
  "userAgent": "axios/1.18.1"
}
[VerifyToken] Request: { method: 'GET', url: '/api/admin/dashboard', hasAuth: true }
[VerifyToken] Token decoded: {
  userUniqueId: '0358f7dd-837d-4e12-bf0c-70c48ec91c3b',
  phoneNumber: '+251974002143',
  roleId: 3,
  iat: 1786191401
}
[VerifyToken] User authenticated: {
  userUniqueId: '0358f7dd-837d-4e12-bf0c-70c48ec91c3b',
  phoneNumber: '+251974002143',
  roleId: undefined
}
15:16:50 [[32minfo[39m]: API Request
{
  "service": "ride-hailing-api",
  "environment": "development",
  "type": "API_REQUEST",
  "method": "GET",
  "url": "/api/admin/dashboard",
  "statusCode": 200,
  "responseTime": "NaNms",
  "ip": "127.0.0.1",
  "userAgent": "axios/1.18.1",
  "userId": 669,
  "userUniqueId": "0358f7dd-837d-4e12-bf0c-70c48ec91c3b"
}
[VerifyToken] Request: { method: 'GET', url: '/api/admin/dashboard', hasAuth: true }
[VerifyToken] Token decoded: {
  userUniqueId: '0358f7dd-837d-4e12-bf0c-70c48ec91c3b',
  phoneNumber: '+251974002143',
  roleId: 3,
  iat: 1786191401
}
[VerifyToken] User authenticated: {
  userUniqueId: '0358f7dd-837d-4e12-bf0c-70c48ec91c3b',
  phoneNumber: '+251974002143',
  roleId: undefined
}
15:16:50 [[32minfo[39m]: API Request
{
  "service": "ride-hailing-api",
  "environment": "development",
  "type": "API_REQUEST",
  "method": "GET",
  "url": "/api/admin/dashboard",
  "statusCode": 200,
  "responseTime": "NaNms",
  "ip": "127.0.0.1",
  "userAgent": "axios/1.18.1",
  "userId": 669,
  "userUniqueId": "0358f7dd-837d-4e12-bf0c-70c48ec91c3b"
}
[VerifyToken] Request: { method: 'GET', url: '/api/admin/dashboard', hasAuth: true }
[VerifyToken] Token decoded: {
  userUniqueId: '0358f7dd-837d-4e12-bf0c-70c48ec91c3b',
  phoneNumber: '+251974002143',
  roleId: 3,
  iat: 1786191401
}
[VerifyToken] User authenticated: {
  userUniqueId: '0358f7dd-837d-4e12-bf0c-70c48ec91c3b',
  phoneNumber: '+251974002143',
  roleId: undefined
}
15:16:50 [[32minfo[39m]: API Request
{
  "service": "ride-hailing-api",
  "environment": "development",
  "type": "API_REQUEST",
  "method": "GET",
  "url": "/api/admin/dashboard",
  "statusCode": 200,
  "responseTime": "NaNms",
  "ip": "127.0.0.1",
  "userAgent": "axios/1.18.1",
  "userId": 669,
  "userUniqueId": "0358f7dd-837d-4e12-bf0c-70c48ec91c3b"
}
[VerifyToken] Request: { method: 'GET', url: '/', hasAuth: true }
[VerifyToken] Token decoded: {
  userUniqueId: '58f51152-1d79-47a7-85b1-d57ba09011a4',
  phoneNumber: '+251984002142',
  roleId: 1,
  iat: 1786191403
}
[VerifyToken] User authenticated: {
  userUniqueId: '58f51152-1d79-47a7-85b1-d57ba09011a4',
  phoneNumber: '+251984002142',
  roleId: undefined
}
15:16:50 [[32minfo[39m]: API Request
{
  "service": "ride-hailing-api",
  "environment": "development",
  "type": "API_REQUEST",
  "method": "GET",
  "url": "/api/admin/vehicleTypes",
  "statusCode": 200,
  "responseTime": "NaNms",
  "ip": "127.0.0.1",
  "userAgent": "axios/1.18.1",
  "userId": 673,
  "userUniqueId": "58f51152-1d79-47a7-85b1-d57ba09011a4"
}
[VerifyToken] Request: {
  method: 'POST',
  url: '/api/shipperRequest/createRequest',
  hasAuth: true
}
[VerifyToken] Token decoded: {
  userUniqueId: '58f51152-1d79-47a7-85b1-d57ba09011a4',
  phoneNumber: '+251984002142',
  roleId: 1,
  iat: 1786191403
}
[VerifyToken] User authenticated: {
  userUniqueId: '58f51152-1d79-47a7-85b1-d57ba09011a4',
  phoneNumber: '+251984002142',
  roleId: undefined
}
15:16:50 [[33mwarn[39m]: Duplicate JourneyDecision detected (race condition), skipping
{
  "service": "ride-hailing-api",
  "environment": "development",
  "driverRequestId": 23,
  "shipperRequestId": 742,
  "error": "Duplicate entry '23' for key 'journeydecisions.driverRequestId'"
}
15:16:50 [[33mwarn[39m]: Duplicate JourneyDecision detected (race condition), skipping
{
  "service": "ride-hailing-api",
  "environment": "development",
  "driverRequestId": 28,
  "shipperRequestId": 742,
  "error": "Duplicate entry '28' for key 'journeydecisions.driverRequestId'"
}
15:16:50 [[33mwarn[39m]: Duplicate JourneyDecision detected (race condition), skipping
{
  "service": "ride-hailing-api",
  "environment": "development",
  "driverRequestId": 33,
  "shipperRequestId": 742,
  "error": "Duplicate entry '33' for key 'journeydecisions.driverRequestId'"
}
15:16:50 [[33mwarn[39m]: Duplicate JourneyDecision detected (race condition), skipping
{
  "service": "ride-hailing-api",
  "environment": "development",
  "driverRequestId": 48,
  "shipperRequestId": 742,
  "error": "Duplicate entry '48' for key 'journeydecisions.driverRequestId'"
}
15:16:50 [[33mwarn[39m]: Duplicate JourneyDecision detected (race condition), skipping
{
  "service": "ride-hailing-api",
  "environment": "development",
  "driverRequestId": 56,
  "shipperRequestId": 742,
  "error": "Duplicate entry '56' for key 'journeydecisions.driverRequestId'"
}
15:16:50 [[33mwarn[39m]: Duplicate JourneyDecision detected (race condition), skipping
{
  "service": "ride-hailing-api",
  "environment": "development",
  "driverRequestId": 61,
  "shipperRequestId": 742,
  "error": "Duplicate entry '61' for key 'journeydecisions.driverRequestId'"
}
15:16:50 [[33mwarn[39m]: Duplicate JourneyDecision detected (race condition), skipping
{
  "service": "ride-hailing-api",
  "environment": "development",
  "driverRequestId": 83,
  "shipperRequestId": 742,
  "error": "Duplicate entry '83' for key 'journeydecisions.driverRequestId'"
}
15:16:50 [[33mwarn[39m]: Duplicate JourneyDecision detected (race condition), skipping
{
  "service": "ride-hailing-api",
  "environment": "development",
  "driverRequestId": 88,
  "shipperRequestId": 742,
  "error": "Duplicate entry '88' for key 'journeydecisions.driverRequestId'"
}
15:16:50 [[33mwarn[39m]: Duplicate JourneyDecision detected (race condition), skipping
{
  "service": "ride-hailing-api",
  "environment": "development",
  "driverRequestId": 93,
  "shipperRequestId": 742,
  "error": "Duplicate entry '93' for key 'journeydecisions.driverRequestId'"
}
15:16:50 [[33mwarn[39m]: Duplicate JourneyDecision detected (race condition), skipping
{
  "service": "ride-hailing-api",
  "environment": "development",
  "driverRequestId": 106,
  "shipperRequestId": 742,
  "error": "Duplicate entry '106' for key 'journeydecisions.driverRequestId'"
}
15:16:50 [[32minfo[39m]: Transaction committed
{
  "service": "ride-hailing-api",
  "environment": "development",
  "transactionId": "txn_2026-08-08 12:16:50_bhqcxlml1",
  "duration": "NaNms"
}
15:16:50 [[32minfo[39m]: API Request
{
  "service": "ride-hailing-api",
  "environment": "development",
  "type": "API_REQUEST",
  "method": "POST",
  "url": "/api/shipperRequest/createRequest",
  "statusCode": 200,
  "responseTime": "NaNms",
  "ip": "127.0.0.1",
  "userAgent": "axios/1.18.1",
  "userId": 673,
  "userUniqueId": "58f51152-1d79-47a7-85b1-d57ba09011a4"
}
15:16:50 [[32minfo[39m]: Socket connection attempt
{
  "service": "ride-hailing-api",
  "environment": "development",
  "socketId": "tUJ0klqWIzUScdjWAAAB",
  "handshake": {
    "phoneNumber": "251984002142",
    "user": "shipper",
    "token": "Bearer eyJhbGciOiJIUzI1NiIsInR5cCI6IkpXVCJ9.eyJkYXRhIjp7InVzZXJVbmlxdWVJZCI6IjU4ZjUxMTUyLTFkNzktNDdhNy04NWIxLWQ1N2JhMDkwMTFhNCIsInBob25lTnVtYmVyIjoiKzI1MTk4NDAwMjE0MiIsInJvbGVJZCI6MX0sImlhdCI6MTc4NjE5MTQwM30.I9xpqbdsg81kVYAtmWYWY7g1jbBr4ac7T7yp7xkWB6A"
  }
}
15:16:50 [[33mwarn[39m]: No active driver socket found for notification
{
  "service": "ride-hailing-api",
  "environment": "development",
  "phoneNumber": "251994002141"
}
15:16:50 [[33mwarn[39m]: No active shipper socket found for notification
{
  "service": "ride-hailing-api",
  "environment": "development",
  "phoneNumber": "251984002142"
}
[VerifyToken] Request: { method: 'POST', url: '/api/driver/request', hasAuth: true }
[VerifyToken] Token decoded: {
  userUniqueId: 'e9cf2beb-c934-4392-89c5-c0d069bf948e',
  phoneNumber: '+251994002141',
  roleId: 2,
  iat: 1786191403
}
[VerifyToken] User authenticated: {
  userUniqueId: 'e9cf2beb-c934-4392-89c5-c0d069bf948e',
  phoneNumber: '+251994002141',
  roleId: undefined
}
15:16:50 [[32minfo[39m]: Transaction committed
{
  "service": "ride-hailing-api",
  "environment": "development",
  "transactionId": "txn_2026-08-08 12:16:50_2mdbzzlu7",
  "duration": "NaNms"
}
15:16:50 [[32minfo[39m]: API Request
{
  "service": "ride-hailing-api",
  "environment": "development",
  "type": "API_REQUEST",
  "method": "POST",
  "url": "/api/driver/request",
  "statusCode": 201,
  "responseTime": "NaNms",
  "ip": "127.0.0.1",
  "userAgent": "axios/1.18.1",
  "userId": 672,
  "userUniqueId": "e9cf2beb-c934-4392-89c5-c0d069bf948e"
}
15:16:50 [[32minfo[39m]: Socket connection attempt
{
  "service": "ride-hailing-api",
  "environment": "development",
  "socketId": "nzJGYBpE3h_Kkny3AAAD",
  "handshake": {
    "phoneNumber": "251994002141",
    "user": "driver",
    "token": "Bearer eyJhbGciOiJIUzI1NiIsInR5cCI6IkpXVCJ9.eyJkYXRhIjp7InVzZXJVbmlxdWVJZCI6ImU5Y2YyYmViLWM5MzQtNDM5Mi04OWM1LWMwZDA2OWJmOTQ4ZSIsInBob25lTnVtYmVyIjoiKzI1MTk5NDAwMjE0MSIsInJvbGVJZCI6Mn0sImlhdCI6MTc4NjE5MTQwM30.zJ8l0776Wk31diHDY7D3oZrKn66E6nNEC1u5VXTRli4"
  }
}
[VerifyToken] Request: {
  method: 'PUT',
  url: '/api/driver/acceptShipperRequest',
  hasAuth: true
}
[VerifyToken] Token decoded: {
  userUniqueId: 'e9cf2beb-c934-4392-89c5-c0d069bf948e',
  phoneNumber: '+251994002141',
  roleId: 2,
  iat: 1786191403
}
[VerifyToken] User authenticated: {
  userUniqueId: 'e9cf2beb-c934-4392-89c5-c0d069bf948e',
  phoneNumber: '+251994002141',
  roleId: undefined
}
15:16:51 [[33mwarn[39m]: Journey table NOT updated - journeyUniqueId missing
{
  "service": "ride-hailing-api",
  "environment": "development",
  "providedParams": {
    "journeyDecisionUniqueId": "ba427328-5b8d-4222-a2ca-0085b93629a1",
    "shipperRequestUniqueId": "49bf7cfd-614b-4593-a7fe-e9cbcbd46a8a",
    "driverRequestUniqueId": "d8b557ad-b937-49c8-b980-8fbaf0da158d",
    "journeyStatusId": 3
  }
}
15:16:51 [[32minfo[39m]: Journey status update completed
{
  "service": "ride-hailing-api",
  "environment": "development",
  "journeyStatusId": 3,
  "tablesUpdated": {
    "journey": false,
    "shipperRequest": true,
    "journeyDecision": true,
    "driverRequest": true
  },
  "totalUpdates": 4
}
15:16:51 [[32minfo[39m]: Transaction committed
{
  "service": "ride-hailing-api",
  "environment": "development",
  "transactionId": "txn_2026-08-08 12:16:51_6cfwt0o6h",
  "duration": "NaNms"
}
15:16:51 [[32minfo[39m]: API Request
{
  "service": "ride-hailing-api",
  "environment": "development",
  "type": "API_REQUEST",
  "method": "PUT",
  "url": "/api/driver/acceptShipperRequest",
  "statusCode": 200,
  "responseTime": "NaNms",
  "ip": "127.0.0.1",
  "userAgent": "axios/1.18.1",
  "userId": 672,
  "userUniqueId": "e9cf2beb-c934-4392-89c5-c0d069bf948e"
}
[VerifyToken] Request: {
  method: 'GET',
  url: '/api/user/getShipperRequest4allOrSingleUser?journeyStatusId=3',
  hasAuth: true
}
[VerifyToken] Token decoded: {
  userUniqueId: '58f51152-1d79-47a7-85b1-d57ba09011a4',
  phoneNumber: '+251984002142',
  roleId: 1,
  iat: 1786191403
}
[VerifyToken] User authenticated: {
  userUniqueId: '58f51152-1d79-47a7-85b1-d57ba09011a4',
  phoneNumber: '+251984002142',
  roleId: undefined
}
15:16:51 [[32minfo[39m]: Transaction committed
{
  "service": "ride-hailing-api",
  "environment": "development",
  "transactionId": "txn_2026-08-08 12:16:51_cf498vm8w",
  "duration": "NaNms"
}
15:16:51 [[32minfo[39m]: API Request
{
  "service": "ride-hailing-api",
  "environment": "development",
  "type": "API_REQUEST",
  "method": "GET",
  "url": "/api/user/getShipperRequest4allOrSingleUser?journeyStatusId=3",
  "statusCode": 200,
  "responseTime": "NaNms",
  "ip": "127.0.0.1",
  "userAgent": "axios/1.18.1",
  "userId": 673,
  "userUniqueId": "58f51152-1d79-47a7-85b1-d57ba09011a4"
}
[VerifyToken] Request: {
  method: 'PUT',
  url: '/api/shipper/acceptDriverRequest',
  hasAuth: true
}
[VerifyToken] Token decoded: {
  userUniqueId: '58f51152-1d79-47a7-85b1-d57ba09011a4',
  phoneNumber: '+251984002142',
  roleId: 1,
  iat: 1786191403
}
[VerifyToken] User authenticated: {
  userUniqueId: '58f51152-1d79-47a7-85b1-d57ba09011a4',
  phoneNumber: '+251984002142',
  roleId: undefined
}
15:16:51 [[33mwarn[39m]: Journey table NOT updated - journeyUniqueId missing
{
  "service": "ride-hailing-api",
  "environment": "development",
  "providedParams": {
    "journeyDecisionUniqueId": "ba427328-5b8d-4222-a2ca-0085b93629a1",
    "shipperRequestUniqueId": "49bf7cfd-614b-4593-a7fe-e9cbcbd46a8a",
    "driverRequestUniqueId": "d8b557ad-b937-49c8-b980-8fbaf0da158d",
    "journeyStatusId": 4
  }
}
15:16:51 [[32minfo[39m]: Journey status update completed
{
  "service": "ride-hailing-api",
  "environment": "development",
  "journeyStatusId": 4,
  "tablesUpdated": {
    "journey": false,
    "shipperRequest": true,
    "journeyDecision": true,
    "driverRequest": true
  },
  "totalUpdates": 4
}
15:16:51 [[32minfo[39m]: Transaction committed
{
  "service": "ride-hailing-api",
  "environment": "development",
  "transactionId": "txn_2026-08-08 12:16:51_mw0g1tp46",
  "duration": "NaNms"
}
15:16:51 [[32minfo[39m]: API Request
{
  "service": "ride-hailing-api",
  "environment": "development",
  "type": "API_REQUEST",
  "method": "PUT",
  "url": "/api/shipper/acceptDriverRequest",
  "statusCode": 200,
  "responseTime": "NaNms",
  "ip": "127.0.0.1",
  "userAgent": "axios/1.18.1",
  "userId": 673,
  "userUniqueId": "58f51152-1d79-47a7-85b1-d57ba09011a4"
}
15:16:51 [[32minfo[39m]: Socket disconnected
{
  "service": "ride-hailing-api",
  "environment": "development",
  "socketId": "nzJGYBpE3h_Kkny3AAAD",
  "reason": "client namespace disconnect",
  "userType": "driver",
  "identifier": "251994002141"
}
15:16:51 [[32minfo[39m]: Socket disconnected
{
  "service": "ride-hailing-api",
  "environment": "development",
  "socketId": "tUJ0klqWIzUScdjWAAAB",
  "reason": "client namespace disconnect",
  "userType": "shipper",
  "identifier": "251984002142"
}
[VerifyToken] Request: { method: 'GET', url: '/', hasAuth: true }
[VerifyToken] Token decoded: {
  userUniqueId: '58f51152-1d79-47a7-85b1-d57ba09011a4',
  phoneNumber: '+251984002142',
  roleId: 1,
  iat: 1786191403
}
[VerifyToken] User authenticated: {
  userUniqueId: '58f51152-1d79-47a7-85b1-d57ba09011a4',
  phoneNumber: '+251984002142',
  roleId: undefined
}
15:16:51 [[32minfo[39m]: API Request
{
  "service": "ride-hailing-api",
  "environment": "development",
  "type": "API_REQUEST",
  "method": "GET",
  "url": "/api/admin/vehicleTypes",
  "statusCode": 200,
  "responseTime": "NaNms",
  "ip": "127.0.0.1",
  "userAgent": "axios/1.18.1",
  "userId": 673,
  "userUniqueId": "58f51152-1d79-47a7-85b1-d57ba09011a4"
}
15:16:51 [[32minfo[39m]: Socket connection attempt
{
  "service": "ride-hailing-api",
  "environment": "development",
  "socketId": "H-T8BKcp2gJdfUWAAAAF",
  "handshake": {
    "phoneNumber": "251964002144",
    "user": "company",
    "token": "Bearer eyJhbGciOiJIUzI1NiIsInR5cCI6IkpXVCJ9.eyJkYXRhIjp7InVzZXJVbmlxdWVJZCI6IjIxNDMxYmU2LWJiNDItNDNhZC04NGE0LWIzOGJiYjYzNjVhYSIsInBob25lTnVtYmVyIjoiKzI1MTk2NDAwMjE0NCIsInJvbGVJZCI6N30sImlhdCI6MTc4NjE5MTQwMn0.52rdkxEINTyW2ccg283vLO7rvmgOFhGY6KQWdnFGKkQ"
  }
}
[VerifyToken] Request: {
  method: 'POST',
  url: '/api/shipperRequest/createRequest',
  hasAuth: true
}
[VerifyToken] Token decoded: {
  userUniqueId: '58f51152-1d79-47a7-85b1-d57ba09011a4',
  phoneNumber: '+251984002142',
  roleId: 1,
  iat: 1786191403
}
[VerifyToken] User authenticated: {
  userUniqueId: '58f51152-1d79-47a7-85b1-d57ba09011a4',
  phoneNumber: '+251984002142',
  roleId: undefined
}
15:16:52 [[32minfo[39m]: company_target batch created (PR rows deferred to bid acceptance)
{
  "service": "ride-hailing-api",
  "environment": "development",
  "shipperRequestBatchUniqueId": "0fd9dde0-ec51-40a2-9950-8977ff14ee01",
  "totalVehicles": 1,
  "userUniqueId": "58f51152-1d79-47a7-85b1-d57ba09011a4"
}
15:16:52 [[32minfo[39m]: Transaction committed
{
  "service": "ride-hailing-api",
  "environment": "development",
  "transactionId": "txn_2026-08-08 12:16:52_qy2y90etz",
  "duration": "NaNms"
}
15:16:52 [[32minfo[39m]: API Request
{
  "service": "ride-hailing-api",
  "environment": "development",
  "type": "API_REQUEST",
  "method": "POST",
  "url": "/api/shipperRequest/createRequest",
  "statusCode": 200,
  "responseTime": "NaNms",
  "ip": "127.0.0.1",
  "userAgent": "axios/1.18.1",
  "userId": 673,
  "userUniqueId": "58f51152-1d79-47a7-85b1-d57ba09011a4"
}
15:16:52 [[32minfo[39m]: Socket connection attempt
{
  "service": "ride-hailing-api",
  "environment": "development",
  "socketId": "DPqNJjTamcqAMKeTAAAH",
  "handshake": {
    "phoneNumber": "251984002142",
    "user": "shipper",
    "token": "Bearer eyJhbGciOiJIUzI1NiIsInR5cCI6IkpXVCJ9.eyJkYXRhIjp7InVzZXJVbmlxdWVJZCI6IjU4ZjUxMTUyLTFkNzktNDdhNy04NWIxLWQ1N2JhMDkwMTFhNCIsInBob25lTnVtYmVyIjoiKzI1MTk4NDAwMjE0MiIsInJvbGVJZCI6MX0sImlhdCI6MTc4NjE5MTQwM30.I9xpqbdsg81kVYAtmWYWY7g1jbBr4ac7T7yp7xkWB6A"
  }
}
[VerifyToken] Request: { method: 'POST', url: '/', hasAuth: true }
[VerifyToken] Token decoded: {
  userUniqueId: '21431be6-bb42-43ad-84a4-b38bbb6365aa',
  phoneNumber: '+251964002144',
  roleId: 7,
  iat: 1786191402
}
[VerifyToken] User authenticated: {
  userUniqueId: '21431be6-bb42-43ad-84a4-b38bbb6365aa',
  phoneNumber: '+251964002144',
  roleId: undefined
}
15:16:52 [[32minfo[39m]: Transaction committed
{
  "service": "ride-hailing-api",
  "environment": "development",
  "transactionId": "txn_2026-08-08 12:16:52_r984noofh",
  "duration": "NaNms"
}
15:16:52 [[32minfo[39m]: API Request
{
  "service": "ride-hailing-api",
  "environment": "development",
  "type": "API_REQUEST",
  "method": "POST",
  "url": "/api/company/bids",
  "statusCode": 201,
  "responseTime": "NaNms",
  "ip": "127.0.0.1",
  "userAgent": "axios/1.18.1",
  "userId": 670,
  "userUniqueId": "21431be6-bb42-43ad-84a4-b38bbb6365aa"
}
[VerifyToken] Request: {
  method: 'PATCH',
  url: '/de2b5fec-adc1-48ca-b4f7-05d68b8ee962/status',
  hasAuth: true
}
[VerifyToken] Token decoded: {
  userUniqueId: '58f51152-1d79-47a7-85b1-d57ba09011a4',
  phoneNumber: '+251984002142',
  roleId: 1,
  iat: 1786191403
}
[VerifyToken] User authenticated: {
  userUniqueId: '58f51152-1d79-47a7-85b1-d57ba09011a4',
  phoneNumber: '+251984002142',
  roleId: undefined
}
15:16:52 [[32minfo[39m]: company_target bid accepted — 1 ShipperRequest rows created
{
  "service": "ride-hailing-api",
  "environment": "development",
  "batchUniqueId": "0fd9dde0-ec51-40a2-9950-8977ff14ee01",
  "bidUniqueId": "de2b5fec-adc1-48ca-b4f7-05d68b8ee962",
  "totalVehicles": 1
}
15:16:52 [[32minfo[39m]: Transaction committed
{
  "service": "ride-hailing-api",
  "environment": "development",
  "transactionId": "txn_2026-08-08 12:16:52_wuhmeanxp",
  "duration": "NaNms"
}
15:16:52 [[32minfo[39m]: API Request
{
  "service": "ride-hailing-api",
  "environment": "development",
  "type": "API_REQUEST",
  "method": "PATCH",
  "url": "/api/company/bids/de2b5fec-adc1-48ca-b4f7-05d68b8ee962/status",
  "statusCode": 200,
  "responseTime": "NaNms",
  "ip": "127.0.0.1",
  "userAgent": "axios/1.18.1",
  "userId": 673,
  "userUniqueId": "58f51152-1d79-47a7-85b1-d57ba09011a4"
}
15:16:52 [[32minfo[39m]: Socket connection attempt
{
  "service": "ride-hailing-api",
  "environment": "development",
  "socketId": "Z3g_W6p28chZd26HAAAJ",
  "handshake": {
    "phoneNumber": "251994002141",
    "user": "driver",
    "token": "Bearer eyJhbGciOiJIUzI1NiIsInR5cCI6IkpXVCJ9.eyJkYXRhIjp7InVzZXJVbmlxdWVJZCI6ImU5Y2YyYmViLWM5MzQtNDM5Mi04OWM1LWMwZDA2OWJmOTQ4ZSIsInBob25lTnVtYmVyIjoiKzI1MTk5NDAwMjE0MSIsInJvbGVJZCI6Mn0sImlhdCI6MTc4NjE5MTQwM30.zJ8l0776Wk31diHDY7D3oZrKn66E6nNEC1u5VXTRli4"
  }
}
[VerifyToken] Request: { method: 'POST', url: '/auto', hasAuth: true }
[VerifyToken] Token decoded: {
  userUniqueId: '21431be6-bb42-43ad-84a4-b38bbb6365aa',
  phoneNumber: '+251964002144',
  roleId: 7,
  iat: 1786191402
}
[VerifyToken] User authenticated: {
  userUniqueId: '21431be6-bb42-43ad-84a4-b38bbb6365aa',
  phoneNumber: '+251964002144',
  roleId: undefined
}
15:16:53 [[32minfo[39m]: Transaction committed
{
  "service": "ride-hailing-api",
  "environment": "development",
  "transactionId": "txn_2026-08-08 12:16:53_5gz8xw413",
  "duration": "NaNms"
}
15:16:53 [[32minfo[39m]: API Request
{
  "service": "ride-hailing-api",
  "environment": "development",
  "type": "API_REQUEST",
  "method": "POST",
  "url": "/api/company/assignments/auto",
  "statusCode": 201,
  "responseTime": "NaNms",
  "ip": "127.0.0.1",
  "userAgent": "axios/1.18.1",
  "userId": 670,
  "userUniqueId": "21431be6-bb42-43ad-84a4-b38bbb6365aa"
}
[VerifyToken] Request: {
  method: 'GET',
  url: '/api/driver/verifyDriverJourneyStatus',
  hasAuth: true
}
[VerifyToken] Token decoded: {
  userUniqueId: 'e9cf2beb-c934-4392-89c5-c0d069bf948e',
  phoneNumber: '+251994002141',
  roleId: 2,
  iat: 1786191403
}
[VerifyToken] User authenticated: {
  userUniqueId: 'e9cf2beb-c934-4392-89c5-c0d069bf948e',
  phoneNumber: '+251994002141',
  roleId: undefined
}
15:16:53 [[32minfo[39m]: API Request
{
  "service": "ride-hailing-api",
  "environment": "development",
  "type": "API_REQUEST",
  "method": "GET",
  "url": "/api/driver/verifyDriverJourneyStatus",
  "statusCode": 200,
  "responseTime": "NaNms",
  "ip": "127.0.0.1",
  "userAgent": "axios/1.18.1",
  "userId": 672,
  "userUniqueId": "e9cf2beb-c934-4392-89c5-c0d069bf948e"
}
[VerifyToken] Request: {
  method: 'PATCH',
  url: '/a16b6d26-79a5-4a0a-b299-3d0a1b5eb5b8/status',
  hasAuth: true
}
[VerifyToken] Token decoded: {
  userUniqueId: 'e9cf2beb-c934-4392-89c5-c0d069bf948e',
  phoneNumber: '+251994002141',
  roleId: 2,
  iat: 1786191403
}
[VerifyToken] User authenticated: {
  userUniqueId: 'e9cf2beb-c934-4392-89c5-c0d069bf948e',
  phoneNumber: '+251994002141',
  roleId: undefined
}
15:16:53 [[32minfo[39m]: Transaction committed
{
  "service": "ride-hailing-api",
  "environment": "development",
  "transactionId": "txn_2026-08-08 12:16:53_r82m0ewbt",
  "duration": "NaNms"
}
15:16:53 [[32minfo[39m]: API Request
{
  "service": "ride-hailing-api",
  "environment": "development",
  "type": "API_REQUEST",
  "method": "PATCH",
  "url": "/api/company/assignments/a16b6d26-79a5-4a0a-b299-3d0a1b5eb5b8/status",
  "statusCode": 200,
  "responseTime": "NaNms",
  "ip": "127.0.0.1",
  "userAgent": "axios/1.18.1",
  "userId": 672,
  "userUniqueId": "e9cf2beb-c934-4392-89c5-c0d069bf948e"
}
[VerifyToken] Request: {
  method: 'GET',
  url: '/api/driver/verifyDriverJourneyStatus',
  hasAuth: true
}
[VerifyToken] Token decoded: {
  userUniqueId: 'e9cf2beb-c934-4392-89c5-c0d069bf948e',
  phoneNumber: '+251994002141',
  roleId: 2,
  iat: 1786191403
}
[VerifyToken] User authenticated: {
  userUniqueId: 'e9cf2beb-c934-4392-89c5-c0d069bf948e',
  phoneNumber: '+251994002141',
  roleId: undefined
}
15:16:53 [[32minfo[39m]: API Request
{
  "service": "ride-hailing-api",
  "environment": "development",
  "type": "API_REQUEST",
  "method": "GET",
  "url": "/api/driver/verifyDriverJourneyStatus",
  "statusCode": 200,
  "responseTime": "NaNms",
  "ip": "127.0.0.1",
  "userAgent": "axios/1.18.1",
  "userId": 672,
  "userUniqueId": "e9cf2beb-c934-4392-89c5-c0d069bf948e"
}
[VerifyToken] Request: { method: 'PUT', url: '/api/driver/startJourney', hasAuth: true }
[VerifyToken] Token decoded: {
  userUniqueId: 'e9cf2beb-c934-4392-89c5-c0d069bf948e',
  phoneNumber: '+251994002141',
  roleId: 2,
  iat: 1786191403
}
[VerifyToken] User authenticated: {
  userUniqueId: 'e9cf2beb-c934-4392-89c5-c0d069bf948e',
  phoneNumber: '+251994002141',
  roleId: undefined
}
15:16:53 [[32minfo[39m]: Updating Journey table
{
  "service": "ride-hailing-api",
  "environment": "development",
  "journeyUniqueId": "65b796c3-4e9e-4b9c-af92-686e0961f7e4",
  "journeyStatusId": 5,
  "updateValues": {
    "journeyStatusId": 5
  },
  "hasConnection": true
}
15:16:53 [[32minfo[39m]: Journey table update result
{
  "service": "ride-hailing-api",
  "environment": "development",
  "journeyUniqueId": "65b796c3-4e9e-4b9c-af92-686e0961f7e4",
  "affectedRows": 1,
  "changedRows": 0
}
15:16:53 [[32minfo[39m]: Journey status update completed
{
  "service": "ride-hailing-api",
  "environment": "development",
  "journeyUniqueId": "65b796c3-4e9e-4b9c-af92-686e0961f7e4",
  "journeyStatusId": 5,
  "tablesUpdated": {
    "journey": true,
    "shipperRequest": true,
    "journeyDecision": true,
    "driverRequest": true
  },
  "totalUpdates": 5
}
15:16:53 [[32minfo[39m]: Transaction committed
{
  "service": "ride-hailing-api",
  "environment": "development",
  "transactionId": "txn_2026-08-08 12:16:53_bdsf56yod",
  "duration": "NaNms"
}
15:16:53 [[32minfo[39m]: API Request
{
  "service": "ride-hailing-api",
  "environment": "development",
  "type": "API_REQUEST",
  "method": "PUT",
  "url": "/api/driver/startJourney",
  "statusCode": 200,
  "responseTime": "NaNms",
  "ip": "127.0.0.1",
  "userAgent": "axios/1.18.1",
  "userId": 672,
  "userUniqueId": "e9cf2beb-c934-4392-89c5-c0d069bf948e"
}
[VerifyToken] Request: {
  method: 'GET',
  url: '/api/driver/verifyDriverJourneyStatus',
  hasAuth: true
}
[VerifyToken] Token decoded: {
  userUniqueId: 'e9cf2beb-c934-4392-89c5-c0d069bf948e',
  phoneNumber: '+251994002141',
  roleId: 2,
  iat: 1786191403
}
[VerifyToken] User authenticated: {
  userUniqueId: 'e9cf2beb-c934-4392-89c5-c0d069bf948e',
  phoneNumber: '+251994002141',
  roleId: undefined
}
15:16:53 [[32minfo[39m]: API Request
{
  "service": "ride-hailing-api",
  "environment": "development",
  "type": "API_REQUEST",
  "method": "GET",
  "url": "/api/driver/verifyDriverJourneyStatus",
  "statusCode": 200,
  "responseTime": "NaNms",
  "ip": "127.0.0.1",
  "userAgent": "axios/1.18.1",
  "userId": 672,
  "userUniqueId": "e9cf2beb-c934-4392-89c5-c0d069bf948e"
}
[VerifyToken] Request: { method: 'PUT', url: '/api/driver/completeJourney', hasAuth: true }
[VerifyToken] Token decoded: {
  userUniqueId: 'e9cf2beb-c934-4392-89c5-c0d069bf948e',
  phoneNumber: '+251994002141',
  roleId: 2,
  iat: 1786191403
}
[VerifyToken] User authenticated: {
  userUniqueId: 'e9cf2beb-c934-4392-89c5-c0d069bf948e',
  phoneNumber: '+251994002141',
  roleId: undefined
}
15:16:53 [[32minfo[39m]: Updating Journey table
{
  "service": "ride-hailing-api",
  "environment": "development",
  "journeyUniqueId": "65b796c3-4e9e-4b9c-af92-686e0961f7e4",
  "journeyStatusId": 6,
  "updateValues": {
    "journeyStatusId": 6,
    "endTime": "2026-08-08 12:16:53"
  },
  "hasConnection": true
}
15:16:53 [[32minfo[39m]: Journey table update result
{
  "service": "ride-hailing-api",
  "environment": "development",
  "journeyUniqueId": "65b796c3-4e9e-4b9c-af92-686e0961f7e4",
  "affectedRows": 1,
  "changedRows": 1
}
15:16:53 [[32minfo[39m]: Journey status update completed
{
  "service": "ride-hailing-api",
  "environment": "development",
  "journeyUniqueId": "65b796c3-4e9e-4b9c-af92-686e0961f7e4",
  "journeyStatusId": 6,
  "tablesUpdated": {
    "journey": true,
    "shipperRequest": true,
    "journeyDecision": true,
    "driverRequest": true
  },
  "totalUpdates": 6
}
15:16:53 [[32minfo[39m]: Transaction committed
{
  "service": "ride-hailing-api",
  "environment": "development",
  "transactionId": "txn_2026-08-08 12:16:53_62ijr72hx",
  "duration": "NaNms"
}
15:16:53 [[32minfo[39m]: API Request
{
  "service": "ride-hailing-api",
  "environment": "development",
  "type": "API_REQUEST",
  "method": "PUT",
  "url": "/api/driver/completeJourney",
  "statusCode": 200,
  "responseTime": "NaNms",
  "ip": "127.0.0.1",
  "userAgent": "axios/1.18.1",
  "userId": 672,
  "userUniqueId": "e9cf2beb-c934-4392-89c5-c0d069bf948e"
}
[VerifyToken] Request: {
  method: 'PATCH',
  url: '/a16b6d26-79a5-4a0a-b299-3d0a1b5eb5b8/status',
  hasAuth: true
}
[VerifyToken] Token decoded: {
  userUniqueId: 'e9cf2beb-c934-4392-89c5-c0d069bf948e',
  phoneNumber: '+251994002141',
  roleId: 2,
  iat: 1786191403
}
[VerifyToken] User authenticated: {
  userUniqueId: 'e9cf2beb-c934-4392-89c5-c0d069bf948e',
  phoneNumber: '+251994002141',
  roleId: undefined
}
15:16:53 [[32minfo[39m]: Batch auto-completed: all slots delivered
{
  "service": "ride-hailing-api",
  "environment": "development",
  "companyBidRequestUniqueId": "de2b5fec-adc1-48ca-b4f7-05d68b8ee962",
  "completedSlots": 1,
  "totalSlots": 1
}
15:16:53 [[32minfo[39m]: Transaction committed
{
  "service": "ride-hailing-api",
  "environment": "development",
  "transactionId": "txn_2026-08-08 12:16:53_iycv7vqiu",
  "duration": "NaNms"
}
15:16:53 [[32minfo[39m]: API Request
{
  "service": "ride-hailing-api",
  "environment": "development",
  "type": "API_REQUEST",
  "method": "PATCH",
  "url": "/api/company/assignments/a16b6d26-79a5-4a0a-b299-3d0a1b5eb5b8/status",
  "statusCode": 200,
  "responseTime": "NaNms",
  "ip": "127.0.0.1",
  "userAgent": "axios/1.18.1",
  "userId": 672,
  "userUniqueId": "e9cf2beb-c934-4392-89c5-c0d069bf948e"
}
15:16:53 [[32minfo[39m]: Socket disconnected
{
  "service": "ride-hailing-api",
  "environment": "development",
  "socketId": "DPqNJjTamcqAMKeTAAAH",
  "reason": "client namespace disconnect",
  "userType": "shipper",
  "identifier": "251984002142"
}
15:16:53 [[32minfo[39m]: Socket disconnected
{
  "service": "ride-hailing-api",
  "environment": "development",
  "socketId": "H-T8BKcp2gJdfUWAAAAF",
  "reason": "client namespace disconnect",
  "userType": "company",
  "identifier": "251964002144"
}
15:16:53 [[32minfo[39m]: Socket disconnected
{
  "service": "ride-hailing-api",
  "environment": "development",
  "socketId": "Z3g_W6p28chZd26HAAAJ",
  "reason": "client namespace disconnect",
  "userType": "driver",
  "identifier": "251994002141"
}
[VerifyToken] Request: { method: 'GET', url: '/', hasAuth: true }
[VerifyToken] Token decoded: {
  userUniqueId: '58f51152-1d79-47a7-85b1-d57ba09011a4',
  phoneNumber: '+251984002142',
  roleId: 1,
  iat: 1786191403
}
[VerifyToken] User authenticated: {
  userUniqueId: '58f51152-1d79-47a7-85b1-d57ba09011a4',
  phoneNumber: '+251984002142',
  roleId: undefined
}
15:16:53 [[32minfo[39m]: API Request
{
  "service": "ride-hailing-api",
  "environment": "development",
  "type": "API_REQUEST",
  "method": "GET",
  "url": "/api/admin/vehicleTypes",
  "statusCode": 200,
  "responseTime": "NaNms",
  "ip": "127.0.0.1",
  "userAgent": "axios/1.18.1",
  "userId": 673,
  "userUniqueId": "58f51152-1d79-47a7-85b1-d57ba09011a4"
}
[VerifyToken] Request: {
  method: 'POST',
  url: '/api/shipperRequest/createRequest',
  hasAuth: true
}
[VerifyToken] Token decoded: {
  userUniqueId: '58f51152-1d79-47a7-85b1-d57ba09011a4',
  phoneNumber: '+251984002142',
  roleId: 1,
  iat: 1786191403
}
[VerifyToken] User authenticated: {
  userUniqueId: '58f51152-1d79-47a7-85b1-d57ba09011a4',
  phoneNumber: '+251984002142',
  roleId: undefined
}
15:16:53 [[33mwarn[39m]: Duplicate JourneyDecision detected (race condition), skipping
{
  "service": "ride-hailing-api",
  "environment": "development",
  "driverRequestId": 23,
  "shipperRequestId": 744,
  "error": "Duplicate entry '23' for key 'journeydecisions.driverRequestId'"
}
15:16:53 [[33mwarn[39m]: Duplicate JourneyDecision detected (race condition), skipping
{
  "service": "ride-hailing-api",
  "environment": "development",
  "driverRequestId": 28,
  "shipperRequestId": 744,
  "error": "Duplicate entry '28' for key 'journeydecisions.driverRequestId'"
}
15:16:53 [[33mwarn[39m]: Duplicate JourneyDecision detected (race condition), skipping
{
  "service": "ride-hailing-api",
  "environment": "development",
  "driverRequestId": 33,
  "shipperRequestId": 744,
  "error": "Duplicate entry '33' for key 'journeydecisions.driverRequestId'"
}
15:16:53 [[33mwarn[39m]: Duplicate JourneyDecision detected (race condition), skipping
{
  "service": "ride-hailing-api",
  "environment": "development",
  "driverRequestId": 48,
  "shipperRequestId": 744,
  "error": "Duplicate entry '48' for key 'journeydecisions.driverRequestId'"
}
15:16:53 [[33mwarn[39m]: Duplicate JourneyDecision detected (race condition), skipping
{
  "service": "ride-hailing-api",
  "environment": "development",
  "driverRequestId": 56,
  "shipperRequestId": 744,
  "error": "Duplicate entry '56' for key 'journeydecisions.driverRequestId'"
}
15:16:53 [[33mwarn[39m]: Duplicate JourneyDecision detected (race condition), skipping
{
  "service": "ride-hailing-api",
  "environment": "development",
  "driverRequestId": 61,
  "shipperRequestId": 744,
  "error": "Duplicate entry '61' for key 'journeydecisions.driverRequestId'"
}
15:16:53 [[33mwarn[39m]: Duplicate JourneyDecision detected (race condition), skipping
{
  "service": "ride-hailing-api",
  "environment": "development",
  "driverRequestId": 83,
  "shipperRequestId": 744,
  "error": "Duplicate entry '83' for key 'journeydecisions.driverRequestId'"
}
15:16:53 [[33mwarn[39m]: Duplicate JourneyDecision detected (race condition), skipping
{
  "service": "ride-hailing-api",
  "environment": "development",
  "driverRequestId": 88,
  "shipperRequestId": 744,
  "error": "Duplicate entry '88' for key 'journeydecisions.driverRequestId'"
}
15:16:53 [[33mwarn[39m]: Duplicate JourneyDecision detected (race condition), skipping
{
  "service": "ride-hailing-api",
  "environment": "development",
  "driverRequestId": 93,
  "shipperRequestId": 744,
  "error": "Duplicate entry '93' for key 'journeydecisions.driverRequestId'"
}
15:16:53 [[33mwarn[39m]: Duplicate JourneyDecision detected (race condition), skipping
{
  "service": "ride-hailing-api",
  "environment": "development",
  "driverRequestId": 106,
  "shipperRequestId": 744,
  "error": "Duplicate entry '106' for key 'journeydecisions.driverRequestId'"
}
15:16:53 [[32minfo[39m]: Transaction committed
{
  "service": "ride-hailing-api",
  "environment": "development",
  "transactionId": "txn_2026-08-08 12:16:53_4rfdhm8mt",
  "duration": "NaNms"
}
15:16:53 [[32minfo[39m]: API Request
{
  "service": "ride-hailing-api",
  "environment": "development",
  "type": "API_REQUEST",
  "method": "POST",
  "url": "/api/shipperRequest/createRequest",
  "statusCode": 200,
  "responseTime": "NaNms",
  "ip": "127.0.0.1",
  "userAgent": "axios/1.18.1",
  "userId": 673,
  "userUniqueId": "58f51152-1d79-47a7-85b1-d57ba09011a4"
}
15:16:53 [[32minfo[39m]: Socket connection attempt
{
  "service": "ride-hailing-api",
  "environment": "development",
  "socketId": "R9kIS8S8Jr_DSGrUAAAL",
  "handshake": {
    "phoneNumber": "251984002142",
    "user": "shipper",
    "token": "Bearer eyJhbGciOiJIUzI1NiIsInR5cCI6IkpXVCJ9.eyJkYXRhIjp7InVzZXJVbmlxdWVJZCI6IjU4ZjUxMTUyLTFkNzktNDdhNy04NWIxLWQ1N2JhMDkwMTFhNCIsInBob25lTnVtYmVyIjoiKzI1MTk4NDAwMjE0MiIsInJvbGVJZCI6MX0sImlhdCI6MTc4NjE5MTQwM30.I9xpqbdsg81kVYAtmWYWY7g1jbBr4ac7T7yp7xkWB6A"
  }
}
[VerifyToken] Request: { method: 'POST', url: '/api/driver/request', hasAuth: true }
[VerifyToken] Token decoded: {
  userUniqueId: 'e9cf2beb-c934-4392-89c5-c0d069bf948e',
  phoneNumber: '+251994002141',
  roleId: 2,
  iat: 1786191403
}
[VerifyToken] User authenticated: {
  userUniqueId: 'e9cf2beb-c934-4392-89c5-c0d069bf948e',
  phoneNumber: '+251994002141',
  roleId: undefined
}
15:16:53 [[32minfo[39m]: Transaction committed
{
  "service": "ride-hailing-api",
  "environment": "development",
  "transactionId": "txn_2026-08-08 12:16:53_zaqtct4p3",
  "duration": "NaNms"
}
15:16:53 [[32minfo[39m]: API Request
{
  "service": "ride-hailing-api",
  "environment": "development",
  "type": "API_REQUEST",
  "method": "POST",
  "url": "/api/driver/request",
  "statusCode": 201,
  "responseTime": "NaNms",
  "ip": "127.0.0.1",
  "userAgent": "axios/1.18.1",
  "userId": 672,
  "userUniqueId": "e9cf2beb-c934-4392-89c5-c0d069bf948e"
}
15:16:53 [[32minfo[39m]: Socket connection attempt
{
  "service": "ride-hailing-api",
  "environment": "development",
  "socketId": "g50NCvau-DpHiHNhAAAN",
  "handshake": {
    "phoneNumber": "251994002141",
    "user": "driver",
    "token": "Bearer eyJhbGciOiJIUzI1NiIsInR5cCI6IkpXVCJ9.eyJkYXRhIjp7InVzZXJVbmlxdWVJZCI6ImU5Y2YyYmViLWM5MzQtNDM5Mi04OWM1LWMwZDA2OWJmOTQ4ZSIsInBob25lTnVtYmVyIjoiKzI1MTk5NDAwMjE0MSIsInJvbGVJZCI6Mn0sImlhdCI6MTc4NjE5MTQwM30.zJ8l0776Wk31diHDY7D3oZrKn66E6nNEC1u5VXTRli4"
  }
}
[VerifyToken] Request: {
  method: 'GET',
  url: '/api/driver/verifyDriverJourneyStatus',
  hasAuth: true
}
[VerifyToken] Token decoded: {
  userUniqueId: 'e9cf2beb-c934-4392-89c5-c0d069bf948e',
  phoneNumber: '+251994002141',
  roleId: 2,
  iat: 1786191403
}
[VerifyToken] User authenticated: {
  userUniqueId: 'e9cf2beb-c934-4392-89c5-c0d069bf948e',
  phoneNumber: '+251994002141',
  roleId: undefined
}
15:16:54 [[32minfo[39m]: API Request
{
  "service": "ride-hailing-api",
  "environment": "development",
  "type": "API_REQUEST",
  "method": "GET",
  "url": "/api/driver/verifyDriverJourneyStatus",
  "statusCode": 200,
  "responseTime": "NaNms",
  "ip": "127.0.0.1",
  "userAgent": "axios/1.18.1",
  "userId": 672,
  "userUniqueId": "e9cf2beb-c934-4392-89c5-c0d069bf948e"
}
[VerifyToken] Request: {
  method: 'PUT',
  url: '/api/driver/cancelDriverRequest?ownerUserUniqueId=self&roleId=2&cancellationReasonsTypeId=2',
  hasAuth: true
}
[VerifyToken] Token decoded: {
  userUniqueId: 'e9cf2beb-c934-4392-89c5-c0d069bf948e',
  phoneNumber: '+251994002141',
  roleId: 2,
  iat: 1786191403
}
[VerifyToken] User authenticated: {
  userUniqueId: 'e9cf2beb-c934-4392-89c5-c0d069bf948e',
  phoneNumber: '+251994002141',
  roleId: undefined
}
15:16:54 [[32minfo[39m]: Transaction committed
{
  "service": "ride-hailing-api",
  "environment": "development",
  "transactionId": "txn_2026-08-08 12:16:54_prr77n4h0",
  "duration": "NaNms"
}
15:16:54 [[32minfo[39m]: API Request
{
  "service": "ride-hailing-api",
  "environment": "development",
  "type": "API_REQUEST",
  "method": "PUT",
  "url": "/api/driver/cancelDriverRequest?ownerUserUniqueId=self&roleId=2&cancellationReasonsTypeId=2",
  "statusCode": 200,
  "responseTime": "NaNms",
  "ip": "127.0.0.1",
  "userAgent": "axios/1.18.1",
  "userId": 672,
  "userUniqueId": "e9cf2beb-c934-4392-89c5-c0d069bf948e"
}
[VerifyToken] Request: {
  method: 'GET',
  url: '/api/driver/verifyDriverJourneyStatus',
  hasAuth: true
}
[VerifyToken] Token decoded: {
  userUniqueId: 'e9cf2beb-c934-4392-89c5-c0d069bf948e',
  phoneNumber: '+251994002141',
  roleId: 2,
  iat: 1786191403
}
[VerifyToken] User authenticated: {
  userUniqueId: 'e9cf2beb-c934-4392-89c5-c0d069bf948e',
  phoneNumber: '+251994002141',
  roleId: undefined
}
15:16:54 [[32minfo[39m]: API Request
{
  "service": "ride-hailing-api",
  "environment": "development",
  "type": "API_REQUEST",
  "method": "GET",
  "url": "/api/driver/verifyDriverJourneyStatus",
  "statusCode": 200,
  "responseTime": "NaNms",
  "ip": "127.0.0.1",
  "userAgent": "axios/1.18.1",
  "userId": 672,
  "userUniqueId": "e9cf2beb-c934-4392-89c5-c0d069bf948e"
}
[VerifyToken] Request: { method: 'POST', url: '/api/driver/request', hasAuth: true }
[VerifyToken] Token decoded: {
  userUniqueId: 'e9cf2beb-c934-4392-89c5-c0d069bf948e',
  phoneNumber: '+251994002141',
  roleId: 2,
  iat: 1786191403
}
[VerifyToken] User authenticated: {
  userUniqueId: 'e9cf2beb-c934-4392-89c5-c0d069bf948e',
  phoneNumber: '+251994002141',
  roleId: undefined
}
15:16:54 [[32minfo[39m]: Transaction committed
{
  "service": "ride-hailing-api",
  "environment": "development",
  "transactionId": "txn_2026-08-08 12:16:54_6xbojjdxe",
  "duration": "NaNms"
}
15:16:54 [[32minfo[39m]: API Request
{
  "service": "ride-hailing-api",
  "environment": "development",
  "type": "API_REQUEST",
  "method": "POST",
  "url": "/api/driver/request",
  "statusCode": 201,
  "responseTime": "NaNms",
  "ip": "127.0.0.1",
  "userAgent": "axios/1.18.1",
  "userId": 672,
  "userUniqueId": "e9cf2beb-c934-4392-89c5-c0d069bf948e"
}
15:16:54 [[32minfo[39m]: Socket disconnected
{
  "service": "ride-hailing-api",
  "environment": "development",
  "socketId": "g50NCvau-DpHiHNhAAAN",
  "reason": "client namespace disconnect",
  "userType": "driver",
  "identifier": "251994002141"
}
15:16:54 [[32minfo[39m]: Socket disconnected
{
  "service": "ride-hailing-api",
  "environment": "development",
  "socketId": "R9kIS8S8Jr_DSGrUAAAL",
  "reason": "client namespace disconnect",
  "userType": "shipper",
  "identifier": "251984002142"
}
[VerifyToken] Request: { method: 'GET', url: '/', hasAuth: true }
[VerifyToken] Token decoded: {
  userUniqueId: '58f51152-1d79-47a7-85b1-d57ba09011a4',
  phoneNumber: '+251984002142',
  roleId: 1,
  iat: 1786191403
}
[VerifyToken] User authenticated: {
  userUniqueId: '58f51152-1d79-47a7-85b1-d57ba09011a4',
  phoneNumber: '+251984002142',
  roleId: undefined
}
15:16:54 [[32minfo[39m]: API Request
{
  "service": "ride-hailing-api",
  "environment": "development",
  "type": "API_REQUEST",
  "method": "GET",
  "url": "/api/admin/vehicleTypes",
  "statusCode": 200,
  "responseTime": "NaNms",
  "ip": "127.0.0.1",
  "userAgent": "axios/1.18.1",
  "userId": 673,
  "userUniqueId": "58f51152-1d79-47a7-85b1-d57ba09011a4"
}
[VerifyToken] Request: {
  method: 'POST',
  url: '/api/shipperRequest/createRequest',
  hasAuth: true
}
[VerifyToken] Token decoded: {
  userUniqueId: '58f51152-1d79-47a7-85b1-d57ba09011a4',
  phoneNumber: '+251984002142',
  roleId: 1,
  iat: 1786191403
}
[VerifyToken] User authenticated: {
  userUniqueId: '58f51152-1d79-47a7-85b1-d57ba09011a4',
  phoneNumber: '+251984002142',
  roleId: undefined
}
15:16:54 [[32minfo[39m]: company_target batch created (PR rows deferred to bid acceptance)
{
  "service": "ride-hailing-api",
  "environment": "development",
  "shipperRequestBatchUniqueId": "c2f9014b-854c-4c3a-b878-d114d8097585",
  "totalVehicles": 1,
  "userUniqueId": "58f51152-1d79-47a7-85b1-d57ba09011a4"
}
15:16:54 [[32minfo[39m]: Transaction committed
{
  "service": "ride-hailing-api",
  "environment": "development",
  "transactionId": "txn_2026-08-08 12:16:54_8mrh74783",
  "duration": "NaNms"
}
15:16:54 [[32minfo[39m]: API Request
{
  "service": "ride-hailing-api",
  "environment": "development",
  "type": "API_REQUEST",
  "method": "POST",
  "url": "/api/shipperRequest/createRequest",
  "statusCode": 200,
  "responseTime": "NaNms",
  "ip": "127.0.0.1",
  "userAgent": "axios/1.18.1",
  "userId": 673,
  "userUniqueId": "58f51152-1d79-47a7-85b1-d57ba09011a4"
}
[VerifyToken] Request: {
  method: 'GET',
  url: '/?target=available&companyUniqueId=da3bf85a-cede-4466-b74b-ea7862c99190',
  hasAuth: true
}
[VerifyToken] Token decoded: {
  userUniqueId: '21431be6-bb42-43ad-84a4-b38bbb6365aa',
  phoneNumber: '+251964002144',
  roleId: 7,
  iat: 1786191402
}
[VerifyToken] User authenticated: {
  userUniqueId: '21431be6-bb42-43ad-84a4-b38bbb6365aa',
  phoneNumber: '+251964002144',
  roleId: undefined
}
15:16:54 [[32minfo[39m]: API Request
{
  "service": "ride-hailing-api",
  "environment": "development",
  "type": "API_REQUEST",
  "method": "GET",
  "url": "/api/company/bids?target=available&companyUniqueId=da3bf85a-cede-4466-b74b-ea7862c99190",
  "statusCode": 200,
  "responseTime": "NaNms",
  "ip": "127.0.0.1",
  "userAgent": "axios/1.18.1",
  "userId": 670,
  "userUniqueId": "21431be6-bb42-43ad-84a4-b38bbb6365aa"
}
[VerifyToken] Request: { method: 'POST', url: '/', hasAuth: true }
[VerifyToken] Token decoded: {
  userUniqueId: '21431be6-bb42-43ad-84a4-b38bbb6365aa',
  phoneNumber: '+251964002144',
  roleId: 7,
  iat: 1786191402
}
[VerifyToken] User authenticated: {
  userUniqueId: '21431be6-bb42-43ad-84a4-b38bbb6365aa',
  phoneNumber: '+251964002144',
  roleId: undefined
}
15:16:54 [[32minfo[39m]: Transaction committed
{
  "service": "ride-hailing-api",
  "environment": "development",
  "transactionId": "txn_2026-08-08 12:16:54_bem4h9vn3",
  "duration": "NaNms"
}
15:16:54 [[32minfo[39m]: API Request
{
  "service": "ride-hailing-api",
  "environment": "development",
  "type": "API_REQUEST",
  "method": "POST",
  "url": "/api/company/bids",
  "statusCode": 201,
  "responseTime": "NaNms",
  "ip": "127.0.0.1",
  "userAgent": "axios/1.18.1",
  "userId": 670,
  "userUniqueId": "21431be6-bb42-43ad-84a4-b38bbb6365aa"
}
[VerifyToken] Request: {
  method: 'GET',
  url: '/?companyUniqueId=da3bf85a-cede-4466-b74b-ea7862c99190&bidStatus=submitted',
  hasAuth: true
}
[VerifyToken] Token decoded: {
  userUniqueId: '21431be6-bb42-43ad-84a4-b38bbb6365aa',
  phoneNumber: '+251964002144',
  roleId: 7,
  iat: 1786191402
}
[VerifyToken] User authenticated: {
  userUniqueId: '21431be6-bb42-43ad-84a4-b38bbb6365aa',
  phoneNumber: '+251964002144',
  roleId: undefined
}
15:16:54 [[32minfo[39m]: API Request
{
  "service": "ride-hailing-api",
  "environment": "development",
  "type": "API_REQUEST",
  "method": "GET",
  "url": "/api/company/bids?companyUniqueId=da3bf85a-cede-4466-b74b-ea7862c99190&bidStatus=submitted",
  "statusCode": 200,
  "responseTime": "NaNms",
  "ip": "127.0.0.1",
  "userAgent": "axios/1.18.1",
  "userId": 670,
  "userUniqueId": "21431be6-bb42-43ad-84a4-b38bbb6365aa"
}
[VerifyToken] Request: {
  method: 'PATCH',
  url: '/6d4cd762-7dba-4626-9669-f82998df7d3a/status',
  hasAuth: true
}
[VerifyToken] Token decoded: {
  userUniqueId: '58f51152-1d79-47a7-85b1-d57ba09011a4',
  phoneNumber: '+251984002142',
  roleId: 1,
  iat: 1786191403
}
[VerifyToken] User authenticated: {
  userUniqueId: '58f51152-1d79-47a7-85b1-d57ba09011a4',
  phoneNumber: '+251984002142',
  roleId: undefined
}
15:16:54 [[32minfo[39m]: company_target bid accepted — 1 ShipperRequest rows created
{
  "service": "ride-hailing-api",
  "environment": "development",
  "batchUniqueId": "c2f9014b-854c-4c3a-b878-d114d8097585",
  "bidUniqueId": "6d4cd762-7dba-4626-9669-f82998df7d3a",
  "totalVehicles": 1
}
15:16:54 [[32minfo[39m]: Transaction committed
{
  "service": "ride-hailing-api",
  "environment": "development",
  "transactionId": "txn_2026-08-08 12:16:54_0sxhyyqhl",
  "duration": "NaNms"
}
15:16:54 [[32minfo[39m]: API Request
{
  "service": "ride-hailing-api",
  "environment": "development",
  "type": "API_REQUEST",
  "method": "PATCH",
  "url": "/api/company/bids/6d4cd762-7dba-4626-9669-f82998df7d3a/status",
  "statusCode": 200,
  "responseTime": "NaNms",
  "ip": "127.0.0.1",
  "userAgent": "axios/1.18.1",
  "userId": 673,
  "userUniqueId": "58f51152-1d79-47a7-85b1-d57ba09011a4"
}
[VerifyToken] Request: {
  method: 'GET',
  url: '/?companyUniqueId=da3bf85a-cede-4466-b74b-ea7862c99190&assignmentStatus=active',
  hasAuth: true
}
[VerifyToken] Token decoded: {
  userUniqueId: '21431be6-bb42-43ad-84a4-b38bbb6365aa',
  phoneNumber: '+251964002144',
  roleId: 7,
  iat: 1786191402
}
[VerifyToken] User authenticated: {
  userUniqueId: '21431be6-bb42-43ad-84a4-b38bbb6365aa',
  phoneNumber: '+251964002144',
  roleId: undefined
}
15:16:54 [[32minfo[39m]: API Request
{
  "service": "ride-hailing-api",
  "environment": "development",
  "type": "API_REQUEST",
  "method": "GET",
  "url": "/api/company/fleet?companyUniqueId=da3bf85a-cede-4466-b74b-ea7862c99190&assignmentStatus=active",
  "statusCode": 200,
  "responseTime": "NaNms",
  "ip": "127.0.0.1",
  "userAgent": "axios/1.18.1",
  "userId": 670,
  "userUniqueId": "21431be6-bb42-43ad-84a4-b38bbb6365aa"
}
[VerifyToken] Request: { method: 'POST', url: '/auto', hasAuth: true }
[VerifyToken] Token decoded: {
  userUniqueId: '21431be6-bb42-43ad-84a4-b38bbb6365aa',
  phoneNumber: '+251964002144',
  roleId: 7,
  iat: 1786191402
}
[VerifyToken] User authenticated: {
  userUniqueId: '21431be6-bb42-43ad-84a4-b38bbb6365aa',
  phoneNumber: '+251964002144',
  roleId: undefined
}
15:16:54 [[32minfo[39m]: JourneyDecision created at assignment time
{
  "service": "ride-hailing-api",
  "environment": "development",
  "journeyDecisionUniqueId": "0754e4da-2f39-4533-8a05-7774057d388a",
  "shipperRequestUniqueId": "c961d36c-1250-4233-b5d2-97d99bad9828",
  "driverRequestUniqueId": "c472acf3-cc1e-471c-b825-71edac988de7",
  "journeyStatusId": 2
}
15:16:54 [[32minfo[39m]: Transaction committed
{
  "service": "ride-hailing-api",
  "environment": "development",
  "transactionId": "txn_2026-08-08 12:16:54_sgqmtcoxr",
  "duration": "NaNms"
}
15:16:54 [[32minfo[39m]: API Request
{
  "service": "ride-hailing-api",
  "environment": "development",
  "type": "API_REQUEST",
  "method": "POST",
  "url": "/api/company/assignments/auto",
  "statusCode": 201,
  "responseTime": "NaNms",
  "ip": "127.0.0.1",
  "userAgent": "axios/1.18.1",
  "userId": 670,
  "userUniqueId": "21431be6-bb42-43ad-84a4-b38bbb6365aa"
}
[VerifyToken] Request: {
  method: 'GET',
  url: '/api/driver/verifyDriverJourneyStatus',
  hasAuth: true
}
[VerifyToken] Token decoded: {
  userUniqueId: 'e9cf2beb-c934-4392-89c5-c0d069bf948e',
  phoneNumber: '+251994002141',
  roleId: 2,
  iat: 1786191403
}
[VerifyToken] User authenticated: {
  userUniqueId: 'e9cf2beb-c934-4392-89c5-c0d069bf948e',
  phoneNumber: '+251994002141',
  roleId: undefined
}
15:16:54 [[33mwarn[39m]: No active shipper socket found for notification
{
  "service": "ride-hailing-api",
  "environment": "development",
  "phoneNumber": "251984002142"
}
15:16:54 [[33mwarn[39m]: No active shipper socket found for notification
{
  "service": "ride-hailing-api",
  "environment": "development",
  "phoneNumber": "251984002142"
}
15:16:55 [[33mwarn[39m]: No active shipper socket found for notification
{
  "service": "ride-hailing-api",
  "environment": "development",
  "phoneNumber": "251984002142"
}
15:16:55 [[33mwarn[39m]: No active shipper socket found for notification
{
  "service": "ride-hailing-api",
  "environment": "development",
  "phoneNumber": "251984002142"
}
15:16:55 [[32minfo[39m]: API Request
{
  "service": "ride-hailing-api",
  "environment": "development",
  "type": "API_REQUEST",
  "method": "GET",
  "url": "/api/driver/verifyDriverJourneyStatus",
  "statusCode": 200,
  "responseTime": "NaNms",
  "ip": "127.0.0.1",
  "userAgent": "axios/1.18.1",
  "userId": 672,
  "userUniqueId": "e9cf2beb-c934-4392-89c5-c0d069bf948e"
}
15:16:55 [[32minfo[39m]: Socket connection attempt
{
  "service": "ride-hailing-api",
  "environment": "development",
  "socketId": "Nrmc45HKWnvIxIoaAAAP",
  "handshake": {
    "phoneNumber": "251964002144",
    "user": "company",
    "token": "Bearer eyJhbGciOiJIUzI1NiIsInR5cCI6IkpXVCJ9.eyJkYXRhIjp7InVzZXJVbmlxdWVJZCI6IjIxNDMxYmU2LWJiNDItNDNhZC04NGE0LWIzOGJiYjYzNjVhYSIsInBob25lTnVtYmVyIjoiKzI1MTk2NDAwMjE0NCIsInJvbGVJZCI6N30sImlhdCI6MTc4NjE5MTQwMn0.52rdkxEINTyW2ccg283vLO7rvmgOFhGY6KQWdnFGKkQ"
  }
}
15:16:55 [[33mwarn[39m]: No active driver socket found for notification
{
  "service": "ride-hailing-api",
  "environment": "development",
  "phoneNumber": "251994002141"
}
15:16:55 [[32minfo[39m]: Socket connection attempt
{
  "service": "ride-hailing-api",
  "environment": "development",
  "socketId": "sBGsAAW_2cjujKvVAAAR",
  "handshake": {
    "phoneNumber": "251994002141",
    "user": "driver",
    "token": "Bearer eyJhbGciOiJIUzI1NiIsInR5cCI6IkpXVCJ9.eyJkYXRhIjp7InVzZXJVbmlxdWVJZCI6ImU5Y2YyYmViLWM5MzQtNDM5Mi04OWM1LWMwZDA2OWJmOTQ4ZSIsInBob25lTnVtYmVyIjoiKzI1MTk5NDAwMjE0MSIsInJvbGVJZCI6Mn0sImlhdCI6MTc4NjE5MTQwM30.zJ8l0776Wk31diHDY7D3oZrKn66E6nNEC1u5VXTRli4"
  }
}
[VerifyToken] Request: {
  method: 'PATCH',
  url: '/b36bb082-13f3-443e-a6ad-4cdc2022dc50/status',
  hasAuth: true
}
[VerifyToken] Token decoded: {
  userUniqueId: 'e9cf2beb-c934-4392-89c5-c0d069bf948e',
  phoneNumber: '+251994002141',
  roleId: 2,
  iat: 1786191403
}
[VerifyToken] User authenticated: {
  userUniqueId: 'e9cf2beb-c934-4392-89c5-c0d069bf948e',
  phoneNumber: '+251994002141',
  roleId: undefined
}
15:16:56 [[32minfo[39m]: Assignment rejected — slot open for reassignment
{
  "service": "ride-hailing-api",
  "environment": "development",
  "assignmentUniqueId": "b36bb082-13f3-443e-a6ad-4cdc2022dc50",
  "companyBidRequestUniqueId": "6d4cd762-7dba-4626-9669-f82998df7d3a"
}
15:16:56 [[32minfo[39m]: Transaction committed
{
  "service": "ride-hailing-api",
  "environment": "development",
  "transactionId": "txn_2026-08-08 12:16:56_j6f7nzkqa",
  "duration": "NaNms"
}
15:16:56 [[32minfo[39m]: API Request
{
  "service": "ride-hailing-api",
  "environment": "development",
  "type": "API_REQUEST",
  "method": "PATCH",
  "url": "/api/company/assignments/b36bb082-13f3-443e-a6ad-4cdc2022dc50/status",
  "statusCode": 200,
  "responseTime": "NaNms",
  "ip": "127.0.0.1",
  "userAgent": "axios/1.18.1",
  "userId": 672,
  "userUniqueId": "e9cf2beb-c934-4392-89c5-c0d069bf948e"
}
[VerifyToken] Request: {
  method: 'GET',
  url: '/?assignmentUniqueId=b36bb082-13f3-443e-a6ad-4cdc2022dc50',
  hasAuth: true
}
[VerifyToken] Token decoded: {
  userUniqueId: '21431be6-bb42-43ad-84a4-b38bbb6365aa',
  phoneNumber: '+251964002144',
  roleId: 7,
  iat: 1786191402
}
[VerifyToken] User authenticated: {
  userUniqueId: '21431be6-bb42-43ad-84a4-b38bbb6365aa',
  phoneNumber: '+251964002144',
  roleId: undefined
}
15:16:56 [[32minfo[39m]: API Request
{
  "service": "ride-hailing-api",
  "environment": "development",
  "type": "API_REQUEST",
  "method": "GET",
  "url": "/api/company/assignments?assignmentUniqueId=b36bb082-13f3-443e-a6ad-4cdc2022dc50",
  "statusCode": 200,
  "responseTime": "NaNms",
  "ip": "127.0.0.1",
  "userAgent": "axios/1.18.1",
  "userId": 670,
  "userUniqueId": "21431be6-bb42-43ad-84a4-b38bbb6365aa"
}
[VerifyToken] Request: {
  method: 'GET',
  url: '/api/driver/verifyDriverJourneyStatus',
  hasAuth: true
}
[VerifyToken] Token decoded: {
  userUniqueId: 'e9cf2beb-c934-4392-89c5-c0d069bf948e',
  phoneNumber: '+251994002141',
  roleId: 2,
  iat: 1786191403
}
[VerifyToken] User authenticated: {
  userUniqueId: 'e9cf2beb-c934-4392-89c5-c0d069bf948e',
  phoneNumber: '+251994002141',
  roleId: undefined
}
15:16:56 [[32minfo[39m]: API Request
{
  "service": "ride-hailing-api",
  "environment": "development",
  "type": "API_REQUEST",
  "method": "GET",
  "url": "/api/driver/verifyDriverJourneyStatus",
  "statusCode": 200,
  "responseTime": "NaNms",
  "ip": "127.0.0.1",
  "userAgent": "axios/1.18.1",
  "userId": 672,
  "userUniqueId": "e9cf2beb-c934-4392-89c5-c0d069bf948e"
}
15:16:56 [[32minfo[39m]: Socket disconnected
{
  "service": "ride-hailing-api",
  "environment": "development",
  "socketId": "Nrmc45HKWnvIxIoaAAAP",
  "reason": "client namespace disconnect",
  "userType": "company",
  "identifier": "251964002144"
}
15:16:56 [[32minfo[39m]: Socket disconnected
{
  "service": "ride-hailing-api",
  "environment": "development",
  "socketId": "sBGsAAW_2cjujKvVAAAR",
  "reason": "client namespace disconnect",
  "userType": "driver",
  "identifier": "251994002141"
}
[VerifyToken] Request: {
  method: 'GET',
  url: '/api/user/getCompletedJourneyCountsByDate?fromDate=2026-01-01&toDate=2026-12-31',
  hasAuth: true
}
[VerifyToken] Token decoded: {
  userUniqueId: '0358f7dd-837d-4e12-bf0c-70c48ec91c3b',
  phoneNumber: '+251974002143',
  roleId: 3,
  iat: 1786191401
}
[VerifyToken] User authenticated: {
  userUniqueId: '0358f7dd-837d-4e12-bf0c-70c48ec91c3b',
  phoneNumber: '+251974002143',
  roleId: undefined
}
15:16:56 [[32minfo[39m]: API Request
{
  "service": "ride-hailing-api",
  "environment": "development",
  "type": "API_REQUEST",
  "method": "GET",
  "url": "/api/user/getCompletedJourneyCountsByDate?fromDate=2026-01-01&toDate=2026-12-31",
  "statusCode": 200,
  "responseTime": "NaNms",
  "ip": "127.0.0.1",
  "userAgent": "axios/1.18.1",
  "userId": 669,
  "userUniqueId": "0358f7dd-837d-4e12-bf0c-70c48ec91c3b"
}
[VerifyToken] Request: {
  method: 'GET',
  url: '/api/user/getCanceledJourneyCountsByDate?fromDate=2026-01-01&toDate=2026-12-31',
  hasAuth: true
}
[VerifyToken] Token decoded: {
  userUniqueId: '0358f7dd-837d-4e12-bf0c-70c48ec91c3b',
  phoneNumber: '+251974002143',
  roleId: 3,
  iat: 1786191401
}
[VerifyToken] User authenticated: {
  userUniqueId: '0358f7dd-837d-4e12-bf0c-70c48ec91c3b',
  phoneNumber: '+251974002143',
  roleId: undefined
}
15:16:56 [[32minfo[39m]: API Request
{
  "service": "ride-hailing-api",
  "environment": "development",
  "type": "API_REQUEST",
  "method": "GET",
  "url": "/api/user/getCanceledJourneyCountsByDate?fromDate=2026-01-01&toDate=2026-12-31",
  "statusCode": 200,
  "responseTime": "NaNms",
  "ip": "127.0.0.1",
  "userAgent": "axios/1.18.1",
  "userId": 669,
  "userUniqueId": "0358f7dd-837d-4e12-bf0c-70c48ec91c3b"
}
[VerifyToken] Request: {
  method: 'GET',
  url: '/api/user/getCanceledJourneyCountsByReason',
  hasAuth: true
}
[VerifyToken] Token decoded: {
  userUniqueId: '0358f7dd-837d-4e12-bf0c-70c48ec91c3b',
  phoneNumber: '+251974002143',
  roleId: 3,
  iat: 1786191401
}
[VerifyToken] User authenticated: {
  userUniqueId: '0358f7dd-837d-4e12-bf0c-70c48ec91c3b',
  phoneNumber: '+251974002143',
  roleId: undefined
}
15:16:56 [[32minfo[39m]: API Request
{
  "service": "ride-hailing-api",
  "environment": "development",
  "type": "API_REQUEST",
  "method": "GET",
  "url": "/api/user/getCanceledJourneyCountsByReason",
  "statusCode": 200,
  "responseTime": "NaNms",
  "ip": "127.0.0.1",
  "userAgent": "axios/1.18.1",
  "userId": 669,
  "userUniqueId": "0358f7dd-837d-4e12-bf0c-70c48ec91c3b"
}
[VerifyToken] Request: {
  method: 'GET',
  url: '/api/admin/getCanceledJourneyByFilter',
  hasAuth: true
}
[VerifyToken] Token decoded: {
  userUniqueId: '0358f7dd-837d-4e12-bf0c-70c48ec91c3b',
  phoneNumber: '+251974002143',
  roleId: 3,
  iat: 1786191401
}
[VerifyToken] User authenticated: {
  userUniqueId: '0358f7dd-837d-4e12-bf0c-70c48ec91c3b',
  phoneNumber: '+251974002143',
  roleId: undefined
}
15:16:56 [[32minfo[39m]: API Request
{
  "service": "ride-hailing-api",
  "environment": "development",
  "type": "API_REQUEST",
  "method": "GET",
  "url": "/api/admin/getCanceledJourneyByFilter",
  "statusCode": 200,
  "responseTime": "NaNms",
  "ip": "127.0.0.1",
  "userAgent": "axios/1.18.1",
  "userId": 669,
  "userUniqueId": "0358f7dd-837d-4e12-bf0c-70c48ec91c3b"
}
[VerifyToken] Request: {
  method: 'GET',
  url: '/api/user/searchCompletedJourneyByUserData?phoneOrEmail=%2B251994002141&roleId=2',
  hasAuth: true
}
[VerifyToken] Token decoded: {
  userUniqueId: '0358f7dd-837d-4e12-bf0c-70c48ec91c3b',
  phoneNumber: '+251974002143',
  roleId: 3,
  iat: 1786191401
}
[VerifyToken] User authenticated: {
  userUniqueId: '0358f7dd-837d-4e12-bf0c-70c48ec91c3b',
  phoneNumber: '+251974002143',
  roleId: undefined
}
15:16:56 [[32minfo[39m]: API Request
{
  "service": "ride-hailing-api",
  "environment": "development",
  "type": "API_REQUEST",
  "method": "GET",
  "url": "/api/user/searchCompletedJourneyByUserData?phoneOrEmail=%2B251994002141&roleId=2",
  "statusCode": 200,
  "responseTime": "NaNms",
  "ip": "127.0.0.1",
  "userAgent": "axios/1.18.1",
  "userId": 669,
  "userUniqueId": "0358f7dd-837d-4e12-bf0c-70c48ec91c3b"
}
15:16:56 [[32minfo[39m]: API Request
{
  "service": "ride-hailing-api",
  "environment": "development",
  "type": "API_REQUEST",
  "method": "GET",
  "url": "/api/admin/database/stats",
  "statusCode": 200,
  "responseTime": "NaNms",
  "ip": "127.0.0.1",
  "userAgent": "axios/1.18.1"
}
[VerifyToken] Request: { method: 'GET', url: '/api/admin/system/logs', hasAuth: true }
[VerifyToken] Token decoded: {
  userUniqueId: '0358f7dd-837d-4e12-bf0c-70c48ec91c3b',
  phoneNumber: '+251974002143',
  roleId: 3,
  iat: 1786191401
}
[VerifyToken] User authenticated: {
  userUniqueId: '0358f7dd-837d-4e12-bf0c-70c48ec91c3b',
  phoneNumber: '+251974002143',
  roleId: undefined
}
15:16:56 [[32minfo[39m]: API Request
{
  "service": "ride-hailing-api",
  "environment": "development",
  "type": "API_REQUEST",
  "method": "GET",
  "url": "/api/admin/system/logs",
  "statusCode": 200,
  "responseTime": "NaNms",
  "ip": "127.0.0.1",
  "userAgent": "axios/1.18.1",
  "userId": 669,
  "userUniqueId": "0358f7dd-837d-4e12-bf0c-70c48ec91c3b"
}
[VerifyToken] Request: { method: 'GET', url: '/api/admin/system/uploads', hasAuth: true }
[VerifyToken] Token decoded: {
  userUniqueId: '0358f7dd-837d-4e12-bf0c-70c48ec91c3b',
  phoneNumber: '+251974002143',
  roleId: 3,
  iat: 1786191401
}
[VerifyToken] User authenticated: {
  userUniqueId: '0358f7dd-837d-4e12-bf0c-70c48ec91c3b',
  phoneNumber: '+251974002143',
  roleId: undefined
}
15:16:56 [[32minfo[39m]: API Request
{
  "service": "ride-hailing-api",
  "environment": "development",
  "type": "API_REQUEST",
  "method": "GET",
  "url": "/api/admin/system/uploads",
  "statusCode": 200,
  "responseTime": "NaNms",
  "ip": "127.0.0.1",
  "userAgent": "axios/1.18.1",
  "userId": 669,
  "userUniqueId": "0358f7dd-837d-4e12-bf0c-70c48ec91c3b"
}
[VerifyToken] Request: { method: 'GET', url: '/api/admin/getOnlineDrivers', hasAuth: true }
[VerifyToken] Token decoded: {
  userUniqueId: '0358f7dd-837d-4e12-bf0c-70c48ec91c3b',
  phoneNumber: '+251974002143',
  roleId: 3,
  iat: 1786191401
}
[VerifyToken] User authenticated: {
  userUniqueId: '0358f7dd-837d-4e12-bf0c-70c48ec91c3b',
  phoneNumber: '+251974002143',
  roleId: undefined
}
15:16:56 [[32minfo[39m]: API Request
{
  "service": "ride-hailing-api",
  "environment": "development",
  "type": "API_REQUEST",
  "method": "GET",
  "url": "/api/admin/getOnlineDrivers",
  "statusCode": 200,
  "responseTime": "NaNms",
  "ip": "127.0.0.1",
  "userAgent": "axios/1.18.1",
  "userId": 669,
  "userUniqueId": "0358f7dd-837d-4e12-bf0c-70c48ec91c3b"
}
[VerifyToken] Request: { method: 'GET', url: '/api/admin/getOfflineDrivers', hasAuth: true }
[VerifyToken] Token decoded: {
  userUniqueId: '0358f7dd-837d-4e12-bf0c-70c48ec91c3b',
  phoneNumber: '+251974002143',
  roleId: 3,
  iat: 1786191401
}
[VerifyToken] User authenticated: {
  userUniqueId: '0358f7dd-837d-4e12-bf0c-70c48ec91c3b',
  phoneNumber: '+251974002143',
  roleId: undefined
}
15:16:56 [[32minfo[39m]: API Request
{
  "service": "ride-hailing-api",
  "environment": "development",
  "type": "API_REQUEST",
  "method": "GET",
  "url": "/api/admin/getOfflineDrivers",
  "statusCode": 200,
  "responseTime": "NaNms",
  "ip": "127.0.0.1",
  "userAgent": "axios/1.18.1",
  "userId": 669,
  "userUniqueId": "0358f7dd-837d-4e12-bf0c-70c48ec91c3b"
}
[VerifyToken] Request: { method: 'GET', url: '/api/admin/getAllActiveDrivers', hasAuth: true }
[VerifyToken] Token decoded: {
  userUniqueId: '0358f7dd-837d-4e12-bf0c-70c48ec91c3b',
  phoneNumber: '+251974002143',
  roleId: 3,
  iat: 1786191401
}
[VerifyToken] User authenticated: {
  userUniqueId: '0358f7dd-837d-4e12-bf0c-70c48ec91c3b',
  phoneNumber: '+251974002143',
  roleId: undefined
}
15:16:56 [[32minfo[39m]: API Request
{
  "service": "ride-hailing-api",
  "environment": "development",
  "type": "API_REQUEST",
  "method": "GET",
  "url": "/api/admin/getAllActiveDrivers",
  "statusCode": 200,
  "responseTime": "NaNms",
  "ip": "127.0.0.1",
  "userAgent": "axios/1.18.1",
  "userId": 669,
  "userUniqueId": "0358f7dd-837d-4e12-bf0c-70c48ec91c3b"
}
[VerifyToken] Request: {
  method: 'GET',
  url: '/api/admin/getUnAuthorizedDriver',
  hasAuth: true
}
[VerifyToken] Token decoded: {
  userUniqueId: '0358f7dd-837d-4e12-bf0c-70c48ec91c3b',
  phoneNumber: '+251974002143',
  roleId: 3,
  iat: 1786191401
}
[VerifyToken] User authenticated: {
  userUniqueId: '0358f7dd-837d-4e12-bf0c-70c48ec91c3b',
  phoneNumber: '+251974002143',
  roleId: undefined
}
15:16:56 [[32minfo[39m]: @dataRows
{
  "0": {
    "userBalanceId": 432,
    "userBalanceUniqueId": "3100e16c-92d9-4542-bc98-31c1bb24b302",
    "userUniqueId": "149aebcc-646e-45ce-983c-cbd43291ccf2",
    "transactionType": "Subscription",
    "transactionUniqueId": "c5c97629-8717-4547-9160-06dfcaa1251a",
    "transactionTime": "2026-08-08T05:50:10.000Z",
    "userBalanceAdjustmentType": "creation",
    "netBalance": "700.00",
    "userBalanceCreatedBy": "149aebcc-646e-45ce-983c-cbd43291ccf2",
    "userBalanceUpdatedBy": null,
    "userBalanceDeletedBy": null,
    "userBalanceCreatedAt": "2026-08-08T05:50:10.000Z",
    "userBalanceUpdatedAt": null,
    "userBalanceDeletedAt": null
  },
  "service": "ride-hailing-api",
  "environment": "development"
}
15:16:56 [[32minfo[39m]: @dataRows
{
  "0": {
    "userBalanceId": 433,
    "userBalanceUniqueId": "8b36320e-2fd4-4a3e-810c-2746c93690c8",
    "userUniqueId": "e25c9cf3-6b24-4696-b036-f6206118e54b",
    "transactionType": "Subscription",
    "transactionUniqueId": "2e1cf25e-aebe-41dc-94aa-5f249691b633",
    "transactionTime": "2026-08-08T05:50:10.000Z",
    "userBalanceAdjustmentType": "creation",
    "netBalance": "700.00",
    "userBalanceCreatedBy": "e25c9cf3-6b24-4696-b036-f6206118e54b",
    "userBalanceUpdatedBy": null,
    "userBalanceDeletedBy": null,
    "userBalanceCreatedAt": "2026-08-08T05:50:10.000Z",
    "userBalanceUpdatedAt": null,
    "userBalanceDeletedAt": null
  },
  "service": "ride-hailing-api",
  "environment": "development"
}
15:16:56 [[32minfo[39m]: @dataRows
{
  "0": {
    "userBalanceId": 384,
    "userBalanceUniqueId": "e9dbaf45-90c1-4b9a-b12a-a2acbcd16673",
    "userUniqueId": "b8071542-1bab-4330-816d-3e65f7b8cb76",
    "transactionType": "Subscription",
    "transactionUniqueId": "0c876da3-e4bd-454e-9dd3-f06e1f3ef3a1",
    "transactionTime": "2026-08-08T02:34:13.000Z",
    "userBalanceAdjustmentType": "creation",
    "netBalance": "700.00",
    "userBalanceCreatedBy": "b8071542-1bab-4330-816d-3e65f7b8cb76",
    "userBalanceUpdatedBy": null,
    "userBalanceDeletedBy": null,
    "userBalanceCreatedAt": "2026-08-08T02:34:13.000Z",
    "userBalanceUpdatedAt": null,
    "userBalanceDeletedAt": null
  },
  "service": "ride-hailing-api",
  "environment": "development"
}
15:16:56 [[32minfo[39m]: @dataRows
{
  "0": {
    "userBalanceId": 382,
    "userBalanceUniqueId": "6d58f2e5-abfa-4cee-a89a-ba23c41a24f9",
    "userUniqueId": "831578a3-c29e-4b26-a089-e01a5d64dd12",
    "transactionType": "Subscription",
    "transactionUniqueId": "e171d355-4a88-49b3-a324-8db710fa7bd7",
    "transactionTime": "2026-08-08T02:34:12.000Z",
    "userBalanceAdjustmentType": "creation",
    "netBalance": "700.00",
    "userBalanceCreatedBy": "831578a3-c29e-4b26-a089-e01a5d64dd12",
    "userBalanceUpdatedBy": null,
    "userBalanceDeletedBy": null,
    "userBalanceCreatedAt": "2026-08-08T02:34:12.000Z",
    "userBalanceUpdatedAt": null,
    "userBalanceDeletedAt": null
  },
  "service": "ride-hailing-api",
  "environment": "development"
}
15:16:56 [[32minfo[39m]: @dataRows
{
  "0": {
    "userBalanceId": 385,
    "userBalanceUniqueId": "8bcb7ce6-e3c1-4dc0-a86c-f192bc8a61f8",
    "userUniqueId": "bc9b0f71-b5f7-455a-83df-47fa92dd4a2a",
    "transactionType": "Subscription",
    "transactionUniqueId": "e2da5eeb-d9e6-40d2-be6f-cf412e3d5554",
    "transactionTime": "2026-08-08T02:34:13.000Z",
    "userBalanceAdjustmentType": "creation",
    "netBalance": "700.00",
    "userBalanceCreatedBy": "bc9b0f71-b5f7-455a-83df-47fa92dd4a2a",
    "userBalanceUpdatedBy": null,
    "userBalanceDeletedBy": null,
    "userBalanceCreatedAt": "2026-08-08T02:34:13.000Z",
    "userBalanceUpdatedAt": null,
    "userBalanceDeletedAt": null
  },
  "service": "ride-hailing-api",
  "environment": "development"
}
15:16:56 [[32minfo[39m]: @dataRows
{
  "0": {
    "userBalanceId": 434,
    "userBalanceUniqueId": "19ccf19c-d5ff-4fae-95fd-3d8967c2e572",
    "userUniqueId": "90ee3a41-216d-4295-bf1a-36636a0e6eef",
    "transactionType": "Subscription",
    "transactionUniqueId": "b799bb82-0e73-4689-8e6e-4dc144532c64",
    "transactionTime": "2026-08-08T05:50:10.000Z",
    "userBalanceAdjustmentType": "creation",
    "netBalance": "700.00",
    "userBalanceCreatedBy": "90ee3a41-216d-4295-bf1a-36636a0e6eef",
    "userBalanceUpdatedBy": null,
    "userBalanceDeletedBy": null,
    "userBalanceCreatedAt": "2026-08-08T05:50:10.000Z",
    "userBalanceUpdatedAt": null,
    "userBalanceDeletedAt": null
  },
  "service": "ride-hailing-api",
  "environment": "development"
}
15:16:56 [[32minfo[39m]: @dataRows
{
  "0": {
    "userBalanceId": 383,
    "userBalanceUniqueId": "e67fdb4a-f094-4240-ba0a-7f9018de40cd",
    "userUniqueId": "96ef101b-8b95-46dd-8cd1-eebef2467fdb",
    "transactionType": "Subscription",
    "transactionUniqueId": "bfe6e252-f0d8-4f06-9c06-e7df5a2547ca",
    "transactionTime": "2026-08-08T02:34:12.000Z",
    "userBalanceAdjustmentType": "creation",
    "netBalance": "700.00",
    "userBalanceCreatedBy": "96ef101b-8b95-46dd-8cd1-eebef2467fdb",
    "userBalanceUpdatedBy": null,
    "userBalanceDeletedBy": null,
    "userBalanceCreatedAt": "2026-08-08T02:34:12.000Z",
    "userBalanceUpdatedAt": null,
    "userBalanceDeletedAt": null
  },
  "service": "ride-hailing-api",
  "environment": "development"
}
15:16:56 [[32minfo[39m]: @dataRows
{
  "0": {
    "userBalanceId": 228,
    "userBalanceUniqueId": "b7064209-c30a-471f-8b4f-84ad2857ef35",
    "userUniqueId": "abfe6f3b-5d08-45e1-8f62-b2ff9e11e081",
    "transactionType": "Subscription",
    "transactionUniqueId": "4aacc158-0de7-47a9-9384-28ed7eb95a4a",
    "transactionTime": "2026-07-29T01:44:16.000Z",
    "userBalanceAdjustmentType": "creation",
    "netBalance": "700.00",
    "userBalanceCreatedBy": "abfe6f3b-5d08-45e1-8f62-b2ff9e11e081",
    "userBalanceUpdatedBy": null,
    "userBalanceDeletedBy": null,
    "userBalanceCreatedAt": "2026-07-29T01:44:16.000Z",
    "userBalanceUpdatedAt": null,
    "userBalanceDeletedAt": null
  },
  "service": "ride-hailing-api",
  "environment": "development"
}
15:16:56 [[32minfo[39m]: @dataRows
{
  "0": {
    "userBalanceId": 330,
    "userBalanceUniqueId": "dbf0c088-497e-4f53-a794-acaea32998fe",
    "userUniqueId": "434ace3b-8e6e-4e31-b3f1-c2e75c7a1ca1",
    "transactionType": "Subscription",
    "transactionUniqueId": "bc5a1bde-7ffa-40ff-ab57-d5db5e46bcec",
    "transactionTime": "2026-07-29T02:41:49.000Z",
    "userBalanceAdjustmentType": "creation",
    "netBalance": "700.00",
    "userBalanceCreatedBy": "434ace3b-8e6e-4e31-b3f1-c2e75c7a1ca1",
    "userBalanceUpdatedBy": null,
    "userBalanceDeletedBy": null,
    "userBalanceCreatedAt": "2026-07-29T02:41:49.000Z",
    "userBalanceUpdatedAt": null,
    "userBalanceDeletedAt": null
  },
  "service": "ride-hailing-api",
  "environment": "development"
}
15:16:56 [[32minfo[39m]: @dataRows
{
  "0": {
    "userBalanceId": 110,
    "userBalanceUniqueId": "8b680e00-c1ac-444d-b84f-56c5a78a0f5f",
    "userUniqueId": "307a3214-480f-4ff3-b2de-c518b4ef75a4",
    "transactionType": "Subscription",
    "transactionUniqueId": "113b23ee-3ded-4780-a847-3ee5d8170432",
    "transactionTime": "2026-07-28T11:01:13.000Z",
    "userBalanceAdjustmentType": "creation",
    "netBalance": "700.00",
    "userBalanceCreatedBy": "307a3214-480f-4ff3-b2de-c518b4ef75a4",
    "userBalanceUpdatedBy": null,
    "userBalanceDeletedBy": null,
    "userBalanceCreatedAt": "2026-07-28T11:01:13.000Z",
    "userBalanceUpdatedAt": null,
    "userBalanceDeletedAt": null
  },
  "service": "ride-hailing-api",
  "environment": "development"
}
15:16:56 [[32minfo[39m]: API Request
{
  "service": "ride-hailing-api",
  "environment": "development",
  "type": "API_REQUEST",
  "method": "GET",
  "url": "/api/admin/getUnAuthorizedDriver",
  "statusCode": 200,
  "responseTime": "NaNms",
  "ip": "127.0.0.1",
  "userAgent": "axios/1.18.1",
  "userId": 669,
  "userUniqueId": "0358f7dd-837d-4e12-bf0c-70c48ec91c3b"
}
[VerifyToken] Request: {
  method: 'GET',
  url: '/api/admin/getUserByFilterDetailed',
  hasAuth: true
}
[VerifyToken] Token decoded: {
  userUniqueId: '0358f7dd-837d-4e12-bf0c-70c48ec91c3b',
  phoneNumber: '+251974002143',
  roleId: 3,
  iat: 1786191401
}
[VerifyToken] User authenticated: {
  userUniqueId: '0358f7dd-837d-4e12-bf0c-70c48ec91c3b',
  phoneNumber: '+251974002143',
  roleId: undefined
}
15:16:56 [[32minfo[39m]: API Request
{
  "service": "ride-hailing-api",
  "environment": "development",
  "type": "API_REQUEST",
  "method": "GET",
  "url": "/api/admin/getUserByFilterDetailed",
  "statusCode": 200,
  "responseTime": "NaNms",
  "ip": "127.0.0.1",
  "userAgent": "axios/1.18.1",
  "userId": 669,
  "userUniqueId": "0358f7dd-837d-4e12-bf0c-70c48ec91c3b"
}
15:16:56 [[32minfo[39m]: API Request
{
  "service": "ride-hailing-api",
  "environment": "development",
  "type": "API_REQUEST",
  "method": "GET",
  "url": "/api/utils/clear-cache",
  "statusCode": 200,
  "responseTime": "NaNms",
  "ip": "127.0.0.1",
  "userAgent": "axios/1.18.1"
}
[VerifyToken] Request: {
  method: 'POST',
  url: '/api/admin/createUserByAdminOrSuperAdmin',
  hasAuth: true
}
[VerifyToken] Token decoded: {
  userUniqueId: '0358f7dd-837d-4e12-bf0c-70c48ec91c3b',
  phoneNumber: '+251974002143',
  roleId: 3,
  iat: 1786191401
}
[VerifyToken] User authenticated: {
  userUniqueId: '0358f7dd-837d-4e12-bf0c-70c48ec91c3b',
  phoneNumber: '+251974002143',
  roleId: undefined
}
15:16:56 [[33mwarn[39m]: No active shipper socket found for notification
{
  "service": "ride-hailing-api",
  "environment": "development",
  "phoneNumber": "251984002142"
}
15:16:56 [[32minfo[39m]: Transaction committed
{
  "service": "ride-hailing-api",
  "environment": "development",
  "transactionId": "txn_2026-08-08 12:16:56_zfsr0pbwb",
  "duration": "NaNms"
}
15:16:56 [[32minfo[39m]: API Request
{
  "service": "ride-hailing-api",
  "environment": "development",
  "type": "API_REQUEST",
  "method": "POST",
  "url": "/api/admin/createUserByAdminOrSuperAdmin",
  "statusCode": 200,
  "responseTime": "NaNms",
  "ip": "127.0.0.1",
  "userAgent": "axios/1.18.1",
  "userId": 669,
  "userUniqueId": "0358f7dd-837d-4e12-bf0c-70c48ec91c3b"
}
[VerifyToken] Request: {
  method: 'POST',
  url: '/api/notifications/send-to-user',
  hasAuth: true
}
[VerifyToken] Token decoded: {
  userUniqueId: '0358f7dd-837d-4e12-bf0c-70c48ec91c3b',
  phoneNumber: '+251974002143',
  roleId: 3,
  iat: 1786191401
}
[VerifyToken] User authenticated: {
  userUniqueId: '0358f7dd-837d-4e12-bf0c-70c48ec91c3b',
  phoneNumber: '+251974002143',
  roleId: undefined
}
15:16:56 [[31merror[39m]: API Error notification must contain title and body
Error: notification must contain title and body
    at sendFCMNotificationToUser (/Users/zewedu/Desktop/Projects/transportBackEndNative/Controllers/Firebase.controller.js:101:11)
    at Layer.handleRequest (/Users/zewedu/Desktop/Projects/transportBackEndNative/node_modules/router/lib/layer.js:152:17)
    at next (/Users/zewedu/Desktop/Projects/transportBackEndNative/node_modules/router/lib/route.js:157:13)
    at /Users/zewedu/Desktop/Projects/transportBackEndNative/Middleware/Validator.js:72:5
    at Layer.handleRequest (/Users/zewedu/Desktop/Projects/transportBackEndNative/node_modules/router/lib/layer.js:152:17)
    at next (/Users/zewedu/Desktop/Projects/transportBackEndNative/node_modules/router/lib/route.js:157:13)
    at verifyTokenOfAxios (/Users/zewedu/Desktop/Projects/transportBackEndNative/Middleware/VerifyToken.js:47:5)
    at process.processTicksAndRejections (node:internal/process/task_queues:105:5)
{
  "service": "ride-hailing-api",
  "environment": "development",
  "type": "API_ERROR",
  "statusCode": 400,
  "path": "/api/notifications/send-to-user",
  "method": "POST",
  "ip": "127.0.0.1",
  "userId": 669,
  "userUniqueId": "0358f7dd-837d-4e12-bf0c-70c48ec91c3b",
  "body": {
    "title": "E2E Test",
    "body": "Test notification",
    "userUniqueId": "31c52a5f-cd62-43b5-a874-af33f2319b22"
  },
  "params": {},
  "query": {}
}
15:16:56 [[32minfo[39m]: API Request
{
  "service": "ride-hailing-api",
  "environment": "development",
  "type": "API_REQUEST",
  "method": "POST",
  "url": "/api/notifications/send-to-user",
  "statusCode": 400,
  "responseTime": "NaNms",
  "ip": "127.0.0.1",
  "userAgent": "axios/1.18.1",
  "userId": 669,
  "userUniqueId": "0358f7dd-837d-4e12-bf0c-70c48ec91c3b"
}
[VerifyToken] Request: {
  method: 'POST',
  url: '/api/notifications/send-to-tokens',
  hasAuth: true
}
[VerifyToken] Token decoded: {
  userUniqueId: '0358f7dd-837d-4e12-bf0c-70c48ec91c3b',
  phoneNumber: '+251974002143',
  roleId: 3,
  iat: 1786191401
}
[VerifyToken] User authenticated: {
  userUniqueId: '0358f7dd-837d-4e12-bf0c-70c48ec91c3b',
  phoneNumber: '+251974002143',
  roleId: undefined
}
15:16:57 [[32minfo[39m]: Transaction committed
{
  "service": "ride-hailing-api",
  "environment": "development",
  "transactionId": "txn_2026-08-08 12:16:56_sw3avjjhk",
  "duration": "NaNms"
}
15:16:57 [[32minfo[39m]: API Request
{
  "service": "ride-hailing-api",
  "environment": "development",
  "type": "API_REQUEST",
  "method": "POST",
  "url": "/api/notifications/send-to-tokens",
  "statusCode": 200,
  "responseTime": "NaNms",
  "ip": "127.0.0.1",
  "userAgent": "axios/1.18.1",
  "userId": 669,
  "userUniqueId": "0358f7dd-837d-4e12-bf0c-70c48ec91c3b"
}
[VerifyToken] Request: { method: 'GET', url: '/1', hasAuth: true }
[VerifyToken] Token decoded: {
  userUniqueId: '0358f7dd-837d-4e12-bf0c-70c48ec91c3b',
  phoneNumber: '+251974002143',
  roleId: 3,
  iat: 1786191401
}
[VerifyToken] User authenticated: {
  userUniqueId: '0358f7dd-837d-4e12-bf0c-70c48ec91c3b',
  phoneNumber: '+251974002143',
  roleId: undefined
}
15:16:57 [[31merror[39m]: Database query error
{
  "service": "ride-hailing-api",
  "environment": "development",
  "executionTime": "NaNms",
  "error": "Table 'transportcompanytest.userstatuses' doesn't exist",
  "code": "ER_NO_SUCH_TABLE",
  "sql": "SELECT * FROM UserStatuses WHERE userStatusUniqueId = ?"
}
15:16:57 [[31merror[39m]: API Error Table 'transportcompanytest.userstatuses' doesn't exist
Error: Table 'transportcompanytest.userstatuses' doesn't exist
    at pool.query (/Users/zewedu/Desktop/Projects/transportBackEndNative/Middleware/QueryPerformance.js:55:28)
    at getData (/Users/zewedu/Desktop/Projects/transportBackEndNative/CRUD/Read/ReadData.core.js:70:42)
    at Object.getUserStatusById (/Users/zewedu/Desktop/Projects/transportBackEndNative/Services/UserStatus.service.js:42:25)
    at getUserStatusById (/Users/zewedu/Desktop/Projects/transportBackEndNative/Controllers/UserStatus.controller.js:28:46)
    at Layer.handleRequest (/Users/zewedu/Desktop/Projects/transportBackEndNative/node_modules/router/lib/layer.js:152:17)
    at next (/Users/zewedu/Desktop/Projects/transportBackEndNative/node_modules/router/lib/route.js:157:13)
    at /Users/zewedu/Desktop/Projects/transportBackEndNative/Middleware/Validator.js:72:5
    at Layer.handleRequest (/Users/zewedu/Desktop/Projects/transportBackEndNative/node_modules/router/lib/layer.js:152:17)
    at next (/Users/zewedu/Desktop/Projects/transportBackEndNative/node_modules/router/lib/route.js:157:13)
    at verifyTokenOfAxios (/Users/zewedu/Desktop/Projects/transportBackEndNative/Middleware/VerifyToken.js:47:5)
{
  "service": "ride-hailing-api",
  "environment": "development",
  "type": "API_ERROR",
  "code": "ER_NO_SUCH_TABLE",
  "statusCode": 500,
  "path": "/api/admin/userStatuses/1",
  "method": "GET",
  "ip": "127.0.0.1",
  "userId": 669,
  "userUniqueId": "0358f7dd-837d-4e12-bf0c-70c48ec91c3b",
  "params": {},
  "query": {}
}
15:16:57 [[32minfo[39m]: API Request
{
  "service": "ride-hailing-api",
  "environment": "development",
  "type": "API_REQUEST",
  "method": "GET",
  "url": "/api/admin/userStatuses/1",
  "statusCode": 500,
  "responseTime": "NaNms",
  "ip": "127.0.0.1",
  "userAgent": "axios/1.18.1",
  "userId": 669,
  "userUniqueId": "0358f7dd-837d-4e12-bf0c-70c48ec91c3b"
}
[VerifyToken] Request: {
  method: 'GET',
  url: '/byPhone?phoneNumber=%2B251994002141',
  hasAuth: true
}
[VerifyToken] Token decoded: {
  userUniqueId: '0358f7dd-837d-4e12-bf0c-70c48ec91c3b',
  phoneNumber: '+251974002143',
  roleId: 3,
  iat: 1786191401
}
[VerifyToken] User authenticated: {
  userUniqueId: '0358f7dd-837d-4e12-bf0c-70c48ec91c3b',
  phoneNumber: '+251974002143',
  roleId: undefined
}
15:16:57 [[32minfo[39m]: API Request
{
  "service": "ride-hailing-api",
  "environment": "development",
  "type": "API_REQUEST",
  "method": "GET",
  "url": "/api/admin/userRoleStatus/byPhone?phoneNumber=%2B251994002141",
  "statusCode": 200,
  "responseTime": "NaNms",
  "ip": "127.0.0.1",
  "userAgent": "axios/1.18.1",
  "userId": 669,
  "userUniqueId": "0358f7dd-837d-4e12-bf0c-70c48ec91c3b"
}
[VerifyToken] Request: {
  method: 'GET',
  url: '/api/admin/userRoleStatusCurrent',
  hasAuth: true
}
[VerifyToken] Token decoded: {
  userUniqueId: '0358f7dd-837d-4e12-bf0c-70c48ec91c3b',
  phoneNumber: '+251974002143',
  roleId: 3,
  iat: 1786191401
}
[VerifyToken] User authenticated: {
  userUniqueId: '0358f7dd-837d-4e12-bf0c-70c48ec91c3b',
  phoneNumber: '+251974002143',
  roleId: undefined
}
15:16:57 [[32minfo[39m]: API Request
{
  "service": "ride-hailing-api",
  "environment": "development",
  "type": "API_REQUEST",
  "method": "GET",
  "url": "/api/admin/userRoleStatusCurrent",
  "statusCode": 200,
  "responseTime": "NaNms",
  "ip": "127.0.0.1",
  "userAgent": "axios/1.18.1",
  "userId": 669,
  "userUniqueId": "0358f7dd-837d-4e12-bf0c-70c48ec91c3b"
}
[VerifyToken] Request: { method: 'GET', url: '/tableColumns/Users', hasAuth: true }
[VerifyToken] Token decoded: {
  userUniqueId: '0358f7dd-837d-4e12-bf0c-70c48ec91c3b',
  phoneNumber: '+251974002143',
  roleId: 3,
  iat: 1786191401
}
[VerifyToken] User authenticated: {
  userUniqueId: '0358f7dd-837d-4e12-bf0c-70c48ec91c3b',
  phoneNumber: '+251974002143',
  roleId: undefined
}
15:16:57 [[32minfo[39m]: API Request
{
  "service": "ride-hailing-api",
  "environment": "development",
  "type": "API_REQUEST",
  "method": "GET",
  "url": "/tableColumns/Users",
  "statusCode": 200,
  "responseTime": "NaNms",
  "ip": "127.0.0.1",
  "userAgent": "axios/1.18.1",
  "userId": 669,
  "userUniqueId": "0358f7dd-837d-4e12-bf0c-70c48ec91c3b"
}
[VerifyToken] Request: {
  method: 'PUT',
  url: '/api/admin/acceptRejectAttachedDocuments',
  hasAuth: true
}
[VerifyToken] Token decoded: {
  userUniqueId: '0358f7dd-837d-4e12-bf0c-70c48ec91c3b',
  phoneNumber: '+251974002143',
  roleId: 3,
  iat: 1786191401
}
[VerifyToken] User authenticated: {
  userUniqueId: '0358f7dd-837d-4e12-bf0c-70c48ec91c3b',
  phoneNumber: '+251974002143',
  roleId: undefined
}
15:16:57 [[33mwarn[39m]: @validator schema.validate failed "action" is required
{
  "service": "ride-hailing-api",
  "environment": "development",
  "method": "PUT",
  "path": "/api/admin/acceptRejectAttachedDocuments",
  "source": "body",
  "details": [
    {
      "field": "action",
      "message": "\"action\" is required"
    }
  ]
}
15:16:57 [[31merror[39m]: API Error "action" is required
Error: "action" is required
    at /Users/zewedu/Desktop/Projects/transportBackEndNative/Middleware/Validator.js:52:9
    at Layer.handleRequest (/Users/zewedu/Desktop/Projects/transportBackEndNative/node_modules/router/lib/layer.js:152:17)
    at next (/Users/zewedu/Desktop/Projects/transportBackEndNative/node_modules/router/lib/route.js:157:13)
    at verifyAdminsIdentity (/Users/zewedu/Desktop/Projects/transportBackEndNative/Middleware/VerifyUsersIdentity.js:52:5)
    at process.processTicksAndRejections (node:internal/process/task_queues:105:5)
{
  "service": "ride-hailing-api",
  "environment": "development",
  "type": "API_ERROR",
  "code": "VALIDATION_ERROR",
  "statusCode": 400,
  "path": "/api/admin/acceptRejectAttachedDocuments",
  "method": "PUT",
  "ip": "127.0.0.1",
  "userId": 669,
  "userUniqueId": "0358f7dd-837d-4e12-bf0c-70c48ec91c3b",
  "body": {
    "attachedDocumentUniqueId": "3b0aedb9-39c3-469f-a8ea-807ce5f049b8",
    "status": "approved"
  },
  "params": {},
  "query": {}
}
15:16:57 [[32minfo[39m]: API Request
{
  "service": "ride-hailing-api",
  "environment": "development",
  "type": "API_REQUEST",
  "method": "PUT",
  "url": "/api/admin/acceptRejectAttachedDocuments",
  "statusCode": 400,
  "responseTime": "NaNms",
  "ip": "127.0.0.1",
  "userAgent": "axios/1.18.1",
  "userId": 669,
  "userUniqueId": "0358f7dd-837d-4e12-bf0c-70c48ec91c3b"
}
[VerifyToken] Request: {
  method: 'POST',
  url: '/api/admin/canceledJourneyBySystem',
  hasAuth: true
}
[VerifyToken] Token decoded: {
  userUniqueId: '0358f7dd-837d-4e12-bf0c-70c48ec91c3b',
  phoneNumber: '+251974002143',
  roleId: 3,
  iat: 1786191401
}
[VerifyToken] User authenticated: {
  userUniqueId: '0358f7dd-837d-4e12-bf0c-70c48ec91c3b',
  phoneNumber: '+251974002143',
  roleId: undefined
}
15:16:57 [[33mwarn[39m]: @validator schema.validate failed "reason" is required
{
  "service": "ride-hailing-api",
  "environment": "development",
  "method": "POST",
  "path": "/api/admin/canceledJourneyBySystem",
  "source": "body",
  "details": [
    {
      "field": "reason",
      "message": "\"reason\" is required"
    }
  ]
}
15:16:57 [[31merror[39m]: API Error "reason" is required
Error: "reason" is required
    at /Users/zewedu/Desktop/Projects/transportBackEndNative/Middleware/Validator.js:52:9
    at Layer.handleRequest (/Users/zewedu/Desktop/Projects/transportBackEndNative/node_modules/router/lib/layer.js:152:17)
    at next (/Users/zewedu/Desktop/Projects/transportBackEndNative/node_modules/router/lib/route.js:157:13)
    at verifyTokenOfAxios (/Users/zewedu/Desktop/Projects/transportBackEndNative/Middleware/VerifyToken.js:47:5)
    at process.processTicksAndRejections (node:internal/process/task_queues:105:5)
{
  "service": "ride-hailing-api",
  "environment": "development",
  "type": "API_ERROR",
  "code": "VALIDATION_ERROR",
  "statusCode": 400,
  "path": "/api/admin/canceledJourneyBySystem",
  "method": "POST",
  "ip": "127.0.0.1",
  "userId": 669,
  "userUniqueId": "0358f7dd-837d-4e12-bf0c-70c48ec91c3b",
  "body": {
    "journeyUniqueId": "01902330-89f7-4973-a9b5-0386fa88ef89"
  },
  "params": {},
  "query": {}
}
15:16:57 [[32minfo[39m]: API Request
{
  "service": "ride-hailing-api",
  "environment": "development",
  "type": "API_REQUEST",
  "method": "POST",
  "url": "/api/admin/canceledJourneyBySystem",
  "statusCode": 400,
  "responseTime": "NaNms",
  "ip": "127.0.0.1",
  "userAgent": "axios/1.18.1",
  "userId": 669,
  "userUniqueId": "0358f7dd-837d-4e12-bf0c-70c48ec91c3b"
}
15:16:57 [[32minfo[39m]: API Request
{
  "service": "ride-hailing-api",
  "environment": "development",
  "type": "API_REQUEST",
  "method": "GET",
  "url": "/api/admin/check-automatic-ban/213b79f4-9e59-4bdd-be90-1e624fc2999a",
  "statusCode": 404,
  "responseTime": "NaNms",
  "ip": "127.0.0.1",
  "userAgent": "axios/1.18.1"
}
[VerifyToken] Request: { method: 'GET', url: '/api/admin/tables', hasAuth: true }
[VerifyToken] Token decoded: {
  userUniqueId: '0358f7dd-837d-4e12-bf0c-70c48ec91c3b',
  phoneNumber: '+251974002143',
  roleId: 3,
  iat: 1786191401
}
[VerifyToken] User authenticated: {
  userUniqueId: '0358f7dd-837d-4e12-bf0c-70c48ec91c3b',
  phoneNumber: '+251974002143',
  roleId: undefined
}
15:16:57 [[32minfo[39m]: API Request
{
  "service": "ride-hailing-api",
  "environment": "development",
  "type": "API_REQUEST",
  "method": "GET",
  "url": "/api/admin/tables",
  "statusCode": 200,
  "responseTime": "NaNms",
  "ip": "127.0.0.1",
  "userAgent": "axios/1.18.1",
  "userId": 669,
  "userUniqueId": "0358f7dd-837d-4e12-bf0c-70c48ec91c3b"
}
[VerifyToken] Request: {
  method: 'PUT',
  url: '/api/shipper/noAnswerFromDriver',
  hasAuth: true
}
[VerifyToken] Token decoded: {
  userUniqueId: '58f51152-1d79-47a7-85b1-d57ba09011a4',
  phoneNumber: '+251984002142',
  roleId: 1,
  iat: 1786191403
}
[VerifyToken] User authenticated: {
  userUniqueId: '58f51152-1d79-47a7-85b1-d57ba09011a4',
  phoneNumber: '+251984002142',
  roleId: undefined
}
15:16:57 [[32minfo[39m]: Transaction committed
{
  "service": "ride-hailing-api",
  "environment": "development",
  "transactionId": "txn_2026-08-08 12:16:57_ho5ig9rya",
  "duration": "NaNms"
}
15:16:57 [[31merror[39m]: API Error Request not found
Error: Request not found
    at getDriverRequestByRequestUniqueId (/Users/zewedu/Desktop/Projects/transportBackEndNative/CRUD/Read/ReadData.driver.js:81:11)
    at process.processTicksAndRejections (node:internal/process/task_queues:105:5)
    at async Object.noAnswerFromDriver (/Users/zewedu/Desktop/Projects/transportBackEndNative/Services/DriverRequest/actionNoAnswerFromDriver.service.js:57:25)
    at async noAnswerFromDriver (/Users/zewedu/Desktop/Projects/transportBackEndNative/Controllers/Driver.controller.js:199:20)
{
  "service": "ride-hailing-api",
  "environment": "development",
  "type": "API_ERROR",
  "statusCode": 404,
  "path": "/api/shipper/noAnswerFromDriver",
  "method": "PUT",
  "ip": "127.0.0.1",
  "userId": 673,
  "userUniqueId": "58f51152-1d79-47a7-85b1-d57ba09011a4",
  "body": {
    "shipperRequestUniqueId": "d5e0c657-f300-47c5-8438-8d8788dd8b57",
    "userUniqueId": "58f51152-1d79-47a7-85b1-d57ba09011a4",
    "journeyStatusId": 13,
    "previousStatusId": 2
  },
  "params": {},
  "query": {}
}
15:16:57 [[32minfo[39m]: API Request
{
  "service": "ride-hailing-api",
  "environment": "development",
  "type": "API_REQUEST",
  "method": "PUT",
  "url": "/api/shipper/noAnswerFromDriver",
  "statusCode": 404,
  "responseTime": "NaNms",
  "ip": "127.0.0.1",
  "userAgent": "axios/1.18.1",
  "userId": 673,
  "userUniqueId": "58f51152-1d79-47a7-85b1-d57ba09011a4"
}
[VerifyToken] Request: {
  method: 'PUT',
  url: '/api/shipperRequest/getById/02828dbb-33d2-4602-b2c5-f29624440609',
  hasAuth: true
}
[VerifyToken] Token decoded: {
  userUniqueId: '58f51152-1d79-47a7-85b1-d57ba09011a4',
  phoneNumber: '+251984002142',
  roleId: 1,
  iat: 1786191403
}
[VerifyToken] User authenticated: {
  userUniqueId: '58f51152-1d79-47a7-85b1-d57ba09011a4',
  phoneNumber: '+251984002142',
  roleId: undefined
}
15:16:57 [[31merror[39m]: Unable to update request
Error: You have an error in your SQL syntax; check the manual that corresponds to your MySQL server version for the right syntax to use near 'WHERE shipperRequestId = '02828dbb-33d2-4602-b2c5-f29624440609'' at line 1
    at updateData (/Users/zewedu/Desktop/Projects/transportBackEndNative/CRUD/Update/Data.update.js:41:42)
    at Object.updateRequestById (/Users/zewedu/Desktop/Projects/transportBackEndNative/Services/ShipperRequest/update.service.js:72:26)
    at /Users/zewedu/Desktop/Projects/transportBackEndNative/Controllers/ShipperRequest.controller.js:213:35
    at /Users/zewedu/Desktop/Projects/transportBackEndNative/Utils/DatabaseTransaction.js:101:34
    at AsyncLocalStorage.run (node:internal/async_local_storage/async_context_frame:63:14)
    at executeInTransaction (/Users/zewedu/Desktop/Projects/transportBackEndNative/Utils/DatabaseTransaction.js:99:45)
    at process.processTicksAndRejections (node:internal/process/task_queues:105:5)
    at async updateRequestById (/Users/zewedu/Desktop/Projects/transportBackEndNative/Controllers/ShipperRequest.controller.js:212:20)
{
  "service": "ride-hailing-api",
  "environment": "development",
  "error": "You have an error in your SQL syntax; check the manual that corresponds to your MySQL server version for the right syntax to use near 'WHERE shipperRequestId = '02828dbb-33d2-4602-b2c5-f29624440609'' at line 1"
}
15:16:57 [[31merror[39m]: Transaction rolled back
Error: Unable to update request
    at Object.updateRequestById (/Users/zewedu/Desktop/Projects/transportBackEndNative/Services/ShipperRequest/update.service.js:92:11)
    at process.processTicksAndRejections (node:internal/process/task_queues:105:5)
    at async /Users/zewedu/Desktop/Projects/transportBackEndNative/Controllers/ShipperRequest.controller.js:213:14
    at async /Users/zewedu/Desktop/Projects/transportBackEndNative/Utils/DatabaseTransaction.js:101:14
    at async executeInTransaction (/Users/zewedu/Desktop/Projects/transportBackEndNative/Utils/DatabaseTransaction.js:99:20)
    at async updateRequestById (/Users/zewedu/Desktop/Projects/transportBackEndNative/Controllers/ShipperRequest.controller.js:212:20)
{
  "service": "ride-hailing-api",
  "environment": "development",
  "transactionId": "txn_2026-08-08 12:16:57_vncf7c8wy",
  "duration": "NaNms",
  "error": "Unable to update request"
}
15:16:57 [[31merror[39m]: API Error Unable to update request
Error: Unable to update request
    at Object.updateRequestById (/Users/zewedu/Desktop/Projects/transportBackEndNative/Services/ShipperRequest/update.service.js:92:11)
    at process.processTicksAndRejections (node:internal/process/task_queues:105:5)
    at async /Users/zewedu/Desktop/Projects/transportBackEndNative/Controllers/ShipperRequest.controller.js:213:14
    at async /Users/zewedu/Desktop/Projects/transportBackEndNative/Utils/DatabaseTransaction.js:101:14
    at async executeInTransaction (/Users/zewedu/Desktop/Projects/transportBackEndNative/Utils/DatabaseTransaction.js:99:20)
    at async updateRequestById (/Users/zewedu/Desktop/Projects/transportBackEndNative/Controllers/ShipperRequest.controller.js:212:20)
{
  "service": "ride-hailing-api",
  "environment": "development",
  "type": "API_ERROR",
  "statusCode": 500,
  "path": "/api/shipperRequest/getById/02828dbb-33d2-4602-b2c5-f29624440609",
  "method": "PUT",
  "ip": "127.0.0.1",
  "userId": 673,
  "userUniqueId": "58f51152-1d79-47a7-85b1-d57ba09011a4",
  "body": {},
  "params": {},
  "query": {}
}
15:16:57 [[32minfo[39m]: API Request
{
  "service": "ride-hailing-api",
  "environment": "development",
  "type": "API_REQUEST",
  "method": "PUT",
  "url": "/api/shipperRequest/getById/02828dbb-33d2-4602-b2c5-f29624440609",
  "statusCode": 500,
  "responseTime": "NaNms",
  "ip": "127.0.0.1",
  "userAgent": "axios/1.18.1",
  "userId": 673,
  "userUniqueId": "58f51152-1d79-47a7-85b1-d57ba09011a4"
}
[VerifyToken] Request: {
  method: 'DELETE',
  url: '/api/shipperRequest/getById/d70c55ea-7be7-4f8f-9174-a08537de2904',
  hasAuth: true
}
[VerifyToken] Token decoded: {
  userUniqueId: '58f51152-1d79-47a7-85b1-d57ba09011a4',
  phoneNumber: '+251984002142',
  roleId: 1,
  iat: 1786191403
}
[VerifyToken] User authenticated: {
  userUniqueId: '58f51152-1d79-47a7-85b1-d57ba09011a4',
  phoneNumber: '+251984002142',
  roleId: undefined
}
15:16:57 [[31merror[39m]: Unable to delete request
TypeError: deleteData is not a function
    at Object.deleteRequest (/Users/zewedu/Desktop/Projects/transportBackEndNative/Services/ShipperRequest/delete.service.js:71:26)
    at /Users/zewedu/Desktop/Projects/transportBackEndNative/Controllers/ShipperRequest.controller.js:224:35
    at /Users/zewedu/Desktop/Projects/transportBackEndNative/Utils/DatabaseTransaction.js:101:34
    at AsyncLocalStorage.run (node:internal/async_local_storage/async_context_frame:63:14)
    at executeInTransaction (/Users/zewedu/Desktop/Projects/transportBackEndNative/Utils/DatabaseTransaction.js:99:45)
    at process.processTicksAndRejections (node:internal/process/task_queues:105:5)
    at async deleteRequest (/Users/zewedu/Desktop/Projects/transportBackEndNative/Controllers/ShipperRequest.controller.js:223:20)
{
  "service": "ride-hailing-api",
  "environment": "development",
  "error": "deleteData is not a function"
}
15:16:57 [[31merror[39m]: Transaction rolled back
Error: Unable to delete request
    at Object.deleteRequest (/Users/zewedu/Desktop/Projects/transportBackEndNative/Services/ShipperRequest/delete.service.js:90:11)
    at /Users/zewedu/Desktop/Projects/transportBackEndNative/Controllers/ShipperRequest.controller.js:224:35
    at /Users/zewedu/Desktop/Projects/transportBackEndNative/Utils/DatabaseTransaction.js:101:34
    at AsyncLocalStorage.run (node:internal/async_local_storage/async_context_frame:63:14)
    at executeInTransaction (/Users/zewedu/Desktop/Projects/transportBackEndNative/Utils/DatabaseTransaction.js:99:45)
    at process.processTicksAndRejections (node:internal/process/task_queues:105:5)
    at async deleteRequest (/Users/zewedu/Desktop/Projects/transportBackEndNative/Controllers/ShipperRequest.controller.js:223:20)
{
  "service": "ride-hailing-api",
  "environment": "development",
  "transactionId": "txn_2026-08-08 12:16:57_3u1vatk1o",
  "duration": "NaNms",
  "error": "Unable to delete request"
}
15:16:57 [[31merror[39m]: API Error Unable to delete request
Error: Unable to delete request
    at Object.deleteRequest (/Users/zewedu/Desktop/Projects/transportBackEndNative/Services/ShipperRequest/delete.service.js:90:11)
    at /Users/zewedu/Desktop/Projects/transportBackEndNative/Controllers/ShipperRequest.controller.js:224:35
    at /Users/zewedu/Desktop/Projects/transportBackEndNative/Utils/DatabaseTransaction.js:101:34
    at AsyncLocalStorage.run (node:internal/async_local_storage/async_context_frame:63:14)
    at executeInTransaction (/Users/zewedu/Desktop/Projects/transportBackEndNative/Utils/DatabaseTransaction.js:99:45)
    at process.processTicksAndRejections (node:internal/process/task_queues:105:5)
    at async deleteRequest (/Users/zewedu/Desktop/Projects/transportBackEndNative/Controllers/ShipperRequest.controller.js:223:20)
{
  "service": "ride-hailing-api",
  "environment": "development",
  "type": "API_ERROR",
  "statusCode": 500,
  "path": "/api/shipperRequest/getById/d70c55ea-7be7-4f8f-9174-a08537de2904",
  "method": "DELETE",
  "ip": "127.0.0.1",
  "userId": 673,
  "userUniqueId": "58f51152-1d79-47a7-85b1-d57ba09011a4",
  "params": {},
  "query": {}
}
15:16:57 [[32minfo[39m]: API Request
{
  "service": "ride-hailing-api",
  "environment": "development",
  "type": "API_REQUEST",
  "method": "DELETE",
  "url": "/api/shipperRequest/getById/d70c55ea-7be7-4f8f-9174-a08537de2904",
  "statusCode": 500,
  "responseTime": "NaNms",
  "ip": "127.0.0.1",
  "userAgent": "axios/1.18.1",
  "userId": 673,
  "userUniqueId": "58f51152-1d79-47a7-85b1-d57ba09011a4"
}
[VerifyToken] Request: {
  method: 'GET',
  url: '/da3bf85a-cede-4466-b74b-ea7862c99190/profileHistory',
  hasAuth: true
}
[VerifyToken] Token decoded: {
  userUniqueId: '21431be6-bb42-43ad-84a4-b38bbb6365aa',
  phoneNumber: '+251964002144',
  roleId: 7,
  iat: 1786191402
}
[VerifyToken] User authenticated: {
  userUniqueId: '21431be6-bb42-43ad-84a4-b38bbb6365aa',
  phoneNumber: '+251964002144',
  roleId: undefined
}
15:16:57 [[32minfo[39m]: API Request
{
  "service": "ride-hailing-api",
  "environment": "development",
  "type": "API_REQUEST",
  "method": "GET",
  "url": "/api/company/companies/da3bf85a-cede-4466-b74b-ea7862c99190/profileHistory",
  "statusCode": 200,
  "responseTime": "NaNms",
  "ip": "127.0.0.1",
  "userAgent": "axios/1.18.1",
  "userId": 670,
  "userUniqueId": "21431be6-bb42-43ad-84a4-b38bbb6365aa"
}
[VerifyToken] Request: { method: 'POST', url: '/', hasAuth: true }
[VerifyToken] Token decoded: {
  userUniqueId: '0358f7dd-837d-4e12-bf0c-70c48ec91c3b',
  phoneNumber: '+251974002143',
  roleId: 3,
  iat: 1786191401
}
[VerifyToken] User authenticated: {
  userUniqueId: '0358f7dd-837d-4e12-bf0c-70c48ec91c3b',
  phoneNumber: '+251974002143',
  roleId: undefined
}
15:16:57 [[33mwarn[39m]: @validator schema.validate failed "amount" is required. "driverUniqueId" is required
{
  "service": "ride-hailing-api",
  "environment": "development",
  "method": "POST",
  "path": "/",
  "source": "body",
  "details": [
    {
      "field": "amount",
      "message": "\"amount\" is required"
    },
    {
      "field": "driverUniqueId",
      "message": "\"driverUniqueId\" is required"
    }
  ]
}
15:16:57 [[31merror[39m]: API Error "amount" is required; "driverUniqueId" is required
Error: "amount" is required; "driverUniqueId" is required
    at /Users/zewedu/Desktop/Projects/transportBackEndNative/Middleware/Validator.js:52:9
    at Layer.handleRequest (/Users/zewedu/Desktop/Projects/transportBackEndNative/node_modules/router/lib/layer.js:152:17)
    at next (/Users/zewedu/Desktop/Projects/transportBackEndNative/node_modules/router/lib/route.js:157:13)
    at verifyTokenOfAxios (/Users/zewedu/Desktop/Projects/transportBackEndNative/Middleware/VerifyToken.js:47:5)
    at process.processTicksAndRejections (node:internal/process/task_queues:105:5)
{
  "service": "ride-hailing-api",
  "environment": "development",
  "type": "API_ERROR",
  "code": "VALIDATION_ERROR",
  "statusCode": 400,
  "path": "/api/finance/userBalance",
  "method": "POST",
  "ip": "127.0.0.1",
  "userId": 669,
  "userUniqueId": "0358f7dd-837d-4e12-bf0c-70c48ec91c3b",
  "body": {
    "userUniqueId": "e9cf2beb-c934-4392-89c5-c0d069bf948e",
    "balance": 1000
  },
  "params": {},
  "query": {}
}
15:16:57 [[32minfo[39m]: API Request
{
  "service": "ride-hailing-api",
  "environment": "development",
  "type": "API_REQUEST",
  "method": "POST",
  "url": "/api/finance/userBalance",
  "statusCode": 400,
  "responseTime": "NaNms",
  "ip": "127.0.0.1",
  "userAgent": "axios/1.18.1",
  "userId": 669,
  "userUniqueId": "0358f7dd-837d-4e12-bf0c-70c48ec91c3b"
}
[VerifyToken] Request: { method: 'GET', url: '/', hasAuth: true }
[VerifyToken] Token decoded: {
  userUniqueId: 'e9cf2beb-c934-4392-89c5-c0d069bf948e',
  phoneNumber: '+251994002141',
  roleId: 2,
  iat: 1786191403
}
[VerifyToken] User authenticated: {
  userUniqueId: 'e9cf2beb-c934-4392-89c5-c0d069bf948e',
  phoneNumber: '+251994002141',
  roleId: undefined
}
15:16:57 [[32minfo[39m]: @dataRows
{
  "0": {
    "userBalanceId": 470,
    "userBalanceUniqueId": "385f3cd5-7619-44f3-b00e-adac7c4bc34c",
    "userUniqueId": "e9cf2beb-c934-4392-89c5-c0d069bf948e",
    "transactionType": "Refund",
    "transactionUniqueId": "dd2b0200-7277-4813-817f-eafc7e7a8640",
    "transactionTime": "2026-08-08T09:16:46.000Z",
    "userBalanceAdjustmentType": "creation",
    "netBalance": "650.00",
    "userBalanceCreatedBy": "e9cf2beb-c934-4392-89c5-c0d069bf948e",
    "userBalanceUpdatedBy": null,
    "userBalanceDeletedBy": null,
    "userBalanceCreatedAt": "2026-08-08T09:16:46.000Z",
    "userBalanceUpdatedAt": null,
    "userBalanceDeletedAt": null
  },
  "1": {
    "userBalanceId": 469,
    "userBalanceUniqueId": "8af91a0e-a6b4-4496-b858-d2bba96c3ac9",
    "userUniqueId": "e9cf2beb-c934-4392-89c5-c0d069bf948e",
    "transactionType": "Transfer",
    "transactionUniqueId": "4874e0ef-8791-48f9-b4f6-c4e965055147",
    "transactionTime": "2026-08-08T09:16:46.000Z",
    "userBalanceAdjustmentType": "creation",
    "netBalance": "700.00",
    "userBalanceCreatedBy": "e9cf2beb-c934-4392-89c5-c0d069bf948e",
    "userBalanceUpdatedBy": null,
    "userBalanceDeletedBy": null,
    "userBalanceCreatedAt": "2026-08-08T09:16:46.000Z",
    "userBalanceUpdatedAt": null,
    "userBalanceDeletedAt": null
  },
  "2": {
    "userBalanceId": 468,
    "userBalanceUniqueId": "fb1f1579-95a5-476c-bfe0-693f1bd39d86",
    "userUniqueId": "e9cf2beb-c934-4392-89c5-c0d069bf948e",
    "transactionType": "Transfer",
    "transactionUniqueId": "4874e0ef-8791-48f9-b4f6-c4e965055147",
    "transactionTime": "2026-08-08T09:16:46.000Z",
    "userBalanceAdjustmentType": "creation",
    "netBalance": "600.00",
    "userBalanceCreatedBy": "e9cf2beb-c934-4392-89c5-c0d069bf948e",
    "userBalanceUpdatedBy": null,
    "userBalanceDeletedBy": null,
    "userBalanceCreatedAt": "2026-08-08T09:16:46.000Z",
    "userBalanceUpdatedAt": null,
    "userBalanceDeletedAt": null
  },
  "3": {
    "userBalanceId": 467,
    "userBalanceUniqueId": "c7537900-f9bd-496a-9680-d9dc7aa2a4d5",
    "userUniqueId": "e9cf2beb-c934-4392-89c5-c0d069bf948e",
    "transactionType": "Subscription",
    "transactionUniqueId": "d68868b3-5460-4332-9a34-20d49ac64fc5",
    "transactionTime": "2026-08-08T09:16:43.000Z",
    "userBalanceAdjustmentType": "creation",
    "netBalance": "700.00",
    "userBalanceCreatedBy": "e9cf2beb-c934-4392-89c5-c0d069bf948e",
    "userBalanceUpdatedBy": null,
    "userBalanceDeletedBy": null,
    "userBalanceCreatedAt": "2026-08-08T09:16:43.000Z",
    "userBalanceUpdatedAt": null,
    "userBalanceDeletedAt": null
  },
  "4": {
    "userBalanceId": 465,
    "userBalanceUniqueId": "933678d9-df72-45ae-b62c-d83010ba63a1",
    "userUniqueId": "c1c9705f-027b-4488-8d37-57b2a160a6e9",
    "transactionType": "Transfer",
    "transactionUniqueId": "28854638-4269-4973-b382-0438f673d78b",
    "transactionTime": "2026-08-08T08:46:57.000Z",
    "userBalanceAdjustmentType": "creation",
    "netBalance": "700.00",
    "userBalanceCreatedBy": "c1c9705f-027b-4488-8d37-57b2a160a6e9",
    "userBalanceUpdatedBy": null,
    "userBalanceDeletedBy": null,
    "userBalanceCreatedAt": "2026-08-08T08:46:57.000Z",
    "userBalanceUpdatedAt": null,
    "userBalanceDeletedAt": null
  },
  "5": {
    "userBalanceId": 464,
    "userBalanceUniqueId": "fac5defe-2f08-45e7-b194-868c714730fd",
    "userUniqueId": "c1c9705f-027b-4488-8d37-57b2a160a6e9",
    "transactionType": "Transfer",
    "transactionUniqueId": "28854638-4269-4973-b382-0438f673d78b",
    "transactionTime": "2026-08-08T08:46:57.000Z",
    "userBalanceAdjustmentType": "creation",
    "netBalance": "600.00",
    "userBalanceCreatedBy": "c1c9705f-027b-4488-8d37-57b2a160a6e9",
    "userBalanceUpdatedBy": null,
    "userBalanceDeletedBy": null,
    "userBalanceCreatedAt": "2026-08-08T08:46:57.000Z",
    "userBalanceUpdatedAt": null,
    "userBalanceDeletedAt": null
  },
  "6": {
    "userBalanceId": 463,
    "userBalanceUniqueId": "d41aa585-4c97-470c-9d68-0b93640e6912",
    "userUniqueId": "c1c9705f-027b-4488-8d37-57b2a160a6e9",
    "transactionType": "Subscription",
    "transactionUniqueId": "e88a14ed-5f6b-4819-a61a-9edde66f553c",
    "transactionTime": "2026-08-08T08:46:55.000Z",
    "userBalanceAdjustmentType": "creation",
    "netBalance": "700.00",
    "userBalanceCreatedBy": "c1c9705f-027b-4488-8d37-57b2a160a6e9",
    "userBalanceUpdatedBy": null,
    "userBalanceDeletedBy": null,
    "userBalanceCreatedAt": "2026-08-08T08:46:55.000Z",
    "userBalanceUpdatedAt": null,
    "userBalanceDeletedAt": null
  },
  "7": {
    "userBalanceId": 462,
    "userBalanceUniqueId": "d31373c1-b370-4d1a-a0c5-4b84f7b0caa7",
    "userUniqueId": "27f72dad-f307-474f-9092-4fb48c9ea0ab",
    "transactionType": "Transfer",
    "transactionUniqueId": "9bfd03c9-e0f9-41a7-b1b2-1c312416fd06",
    "transactionTime": "2026-08-08T08:31:27.000Z",
    "userBalanceAdjustmentType": "creation",
    "netBalance": "700.00",
    "userBalanceCreatedBy": "27f72dad-f307-474f-9092-4fb48c9ea0ab",
    "userBalanceUpdatedBy": null,
    "userBalanceDeletedBy": null,
    "userBalanceCreatedAt": "2026-08-08T08:31:27.000Z",
    "userBalanceUpdatedAt": null,
    "userBalanceDeletedAt": null
  },
  "8": {
    "userBalanceId": 461,
    "userBalanceUniqueId": "5e2126e4-3780-4ba6-b637-baa2e46552dc",
    "userUniqueId": "27f72dad-f307-474f-9092-4fb48c9ea0ab",
    "transactionType": "Transfer",
    "transactionUniqueId": "9bfd03c9-e0f9-41a7-b1b2-1c312416fd06",
    "transactionTime": "2026-08-08T08:31:27.000Z",
    "userBalanceAdjustmentType": "creation",
    "netBalance": "600.00",
    "userBalanceCreatedBy": "27f72dad-f307-474f-9092-4fb48c9ea0ab",
    "userBalanceUpdatedBy": null,
    "userBalanceDeletedBy": null,
    "userBalanceCreatedAt": "2026-08-08T08:31:27.000Z",
    "userBalanceUpdatedAt": null,
    "userBalanceDeletedAt": null
  },
  "9": {
    "userBalanceId": 460,
    "userBalanceUniqueId": "af3835d6-21ed-470e-9ea6-15d9d06bbb3d",
    "userUniqueId": "27f72dad-f307-474f-9092-4fb48c9ea0ab",
    "transactionType": "Subscription",
    "transactionUniqueId": "1a19ea1a-9a98-4f86-bb14-ff8ac0ae50b5",
    "transactionTime": "2026-08-08T08:31:25.000Z",
    "userBalanceAdjustmentType": "creation",
    "netBalance": "700.00",
    "userBalanceCreatedBy": "27f72dad-f307-474f-9092-4fb48c9ea0ab",
    "userBalanceUpdatedBy": null,
    "userBalanceDeletedBy": null,
    "userBalanceCreatedAt": "2026-08-08T08:31:26.000Z",
    "userBalanceUpdatedAt": null,
    "userBalanceDeletedAt": null
  },
  "service": "ride-hailing-api",
  "environment": "development"
}
15:16:58 [[32minfo[39m]: API Request
{
  "service": "ride-hailing-api",
  "environment": "development",
  "type": "API_REQUEST",
  "method": "GET",
  "url": "/api/finance/userBalance",
  "statusCode": 200,
  "responseTime": "NaNms",
  "ip": "127.0.0.1",
  "userAgent": "axios/1.18.1",
  "userId": 672,
  "userUniqueId": "e9cf2beb-c934-4392-89c5-c0d069bf948e"
}
[VerifyToken] Request: { method: 'POST', url: '/', hasAuth: true }
[VerifyToken] Token decoded: {
  userUniqueId: '0358f7dd-837d-4e12-bf0c-70c48ec91c3b',
  phoneNumber: '+251974002143',
  roleId: 3,
  iat: 1786191401
}
[VerifyToken] User authenticated: {
  userUniqueId: '0358f7dd-837d-4e12-bf0c-70c48ec91c3b',
  phoneNumber: '+251974002143',
  roleId: undefined
}
15:16:58 [[33mwarn[39m]: @validator schema.validate failed "userStatusName" is required
{
  "service": "ride-hailing-api",
  "environment": "development",
  "method": "POST",
  "path": "/",
  "source": "body",
  "details": [
    {
      "field": "userStatusName",
      "message": "\"userStatusName\" is required"
    }
  ]
}
15:16:58 [[31merror[39m]: API Error "userStatusName" is required
Error: "userStatusName" is required
    at /Users/zewedu/Desktop/Projects/transportBackEndNative/Middleware/Validator.js:52:9
    at Layer.handleRequest (/Users/zewedu/Desktop/Projects/transportBackEndNative/node_modules/router/lib/layer.js:152:17)
    at next (/Users/zewedu/Desktop/Projects/transportBackEndNative/node_modules/router/lib/route.js:157:13)
    at verifyTokenOfAxios (/Users/zewedu/Desktop/Projects/transportBackEndNative/Middleware/VerifyToken.js:47:5)
    at process.processTicksAndRejections (node:internal/process/task_queues:105:5)
{
  "service": "ride-hailing-api",
  "environment": "development",
  "type": "API_ERROR",
  "code": "VALIDATION_ERROR",
  "statusCode": 400,
  "path": "/api/admin/userStatuses",
  "method": "POST",
  "ip": "127.0.0.1",
  "userId": 669,
  "userUniqueId": "0358f7dd-837d-4e12-bf0c-70c48ec91c3b",
  "body": {
    "statusName": "E2E Test Status 1786191418003"
  },
  "params": {},
  "query": {}
}
15:16:58 [[32minfo[39m]: API Request
{
  "service": "ride-hailing-api",
  "environment": "development",
  "type": "API_REQUEST",
  "method": "POST",
  "url": "/api/admin/userStatuses",
  "statusCode": 400,
  "responseTime": "NaNms",
  "ip": "127.0.0.1",
  "userAgent": "axios/1.18.1",
  "userId": 669,
  "userUniqueId": "0358f7dd-837d-4e12-bf0c-70c48ec91c3b"
}
[VerifyToken] Request: { method: 'GET', url: '/', hasAuth: true }
[VerifyToken] Token decoded: {
  userUniqueId: '0358f7dd-837d-4e12-bf0c-70c48ec91c3b',
  phoneNumber: '+251974002143',
  roleId: 3,
  iat: 1786191401
}
[VerifyToken] User authenticated: {
  userUniqueId: '0358f7dd-837d-4e12-bf0c-70c48ec91c3b',
  phoneNumber: '+251974002143',
  roleId: undefined
}
15:16:58 [[32minfo[39m]: API Request
{
  "service": "ride-hailing-api",
  "environment": "development",
  "type": "API_REQUEST",
  "method": "GET",
  "url": "/api/admin/delinquencyTypes",
  "statusCode": 200,
  "responseTime": "NaNms",
  "ip": "127.0.0.1",
  "userAgent": "axios/1.18.1",
  "userId": 669,
  "userUniqueId": "0358f7dd-837d-4e12-bf0c-70c48ec91c3b"
}
[VerifyToken] Request: {
  method: 'PATCH',
  url: '/09550bac-0a43-4691-90cf-5cd9f8ec3a34/toggle-active',
  hasAuth: true
}
[VerifyToken] Token decoded: {
  userUniqueId: '0358f7dd-837d-4e12-bf0c-70c48ec91c3b',
  phoneNumber: '+251974002143',
  roleId: 3,
  iat: 1786191401
}
[VerifyToken] User authenticated: {
  userUniqueId: '0358f7dd-837d-4e12-bf0c-70c48ec91c3b',
  phoneNumber: '+251974002143',
  roleId: undefined
}
15:16:58 [[32minfo[39m]: Transaction committed
{
  "service": "ride-hailing-api",
  "environment": "development",
  "transactionId": "txn_2026-08-08 12:16:58_r5kg6o64j",
  "duration": "NaNms"
}
15:16:58 [[32minfo[39m]: API Request
{
  "service": "ride-hailing-api",
  "environment": "development",
  "type": "API_REQUEST",
  "method": "PATCH",
  "url": "/api/admin/delinquencyTypes/09550bac-0a43-4691-90cf-5cd9f8ec3a34/toggle-active",
  "statusCode": 200,
  "responseTime": "NaNms",
  "ip": "127.0.0.1",
  "userAgent": "axios/1.18.1",
  "userId": 669,
  "userUniqueId": "0358f7dd-837d-4e12-bf0c-70c48ec91c3b"
}
[VerifyToken] Request: { method: 'GET', url: '/role/2', hasAuth: true }
[VerifyToken] Token decoded: {
  userUniqueId: '0358f7dd-837d-4e12-bf0c-70c48ec91c3b',
  phoneNumber: '+251974002143',
  roleId: 3,
  iat: 1786191401
}
[VerifyToken] User authenticated: {
  userUniqueId: '0358f7dd-837d-4e12-bf0c-70c48ec91c3b',
  phoneNumber: '+251974002143',
  roleId: undefined
}
15:16:58 [[32minfo[39m]: API Request
{
  "service": "ride-hailing-api",
  "environment": "development",
  "type": "API_REQUEST",
  "method": "GET",
  "url": "/api/admin/delinquencyTypes/role/2",
  "statusCode": 200,
  "responseTime": "NaNms",
  "ip": "127.0.0.1",
  "userAgent": "axios/1.18.1",
  "userId": 669,
  "userUniqueId": "0358f7dd-837d-4e12-bf0c-70c48ec91c3b"
}
[VerifyToken] Request: { method: 'GET', url: '/pending', hasAuth: true }
[VerifyToken] Token decoded: {
  userUniqueId: 'e9cf2beb-c934-4392-89c5-c0d069bf948e',
  phoneNumber: '+251994002141',
  roleId: 2,
  iat: 1786191403
}
[VerifyToken] User authenticated: {
  userUniqueId: 'e9cf2beb-c934-4392-89c5-c0d069bf948e',
  phoneNumber: '+251994002141',
  roleId: undefined
}
15:16:58 [[33mwarn[39m]: @validator schema.validate failed "userUniqueId" is required. "roleId" is required
{
  "service": "ride-hailing-api",
  "environment": "development",
  "method": "GET",
  "path": "/pending",
  "source": "query",
  "details": [
    {
      "field": "userUniqueId",
      "message": "\"userUniqueId\" is required"
    },
    {
      "field": "roleId",
      "message": "\"roleId\" is required"
    }
  ]
}
15:16:58 [[31merror[39m]: API Error "userUniqueId" is required; "roleId" is required
Error: "userUniqueId" is required; "roleId" is required
    at /Users/zewedu/Desktop/Projects/transportBackEndNative/Middleware/Validator.js:52:9
    at Layer.handleRequest (/Users/zewedu/Desktop/Projects/transportBackEndNative/node_modules/router/lib/layer.js:152:17)
    at next (/Users/zewedu/Desktop/Projects/transportBackEndNative/node_modules/router/lib/route.js:157:13)
    at verifyTokenOfAxios (/Users/zewedu/Desktop/Projects/transportBackEndNative/Middleware/VerifyToken.js:47:5)
    at process.processTicksAndRejections (node:internal/process/task_queues:105:5)
{
  "service": "ride-hailing-api",
  "environment": "development",
  "type": "API_ERROR",
  "code": "VALIDATION_ERROR",
  "statusCode": 400,
  "path": "/api/user/delinquencyResponse/pending",
  "method": "GET",
  "ip": "127.0.0.1",
  "userId": 672,
  "userUniqueId": "e9cf2beb-c934-4392-89c5-c0d069bf948e",
  "params": {},
  "query": {}
}
15:16:58 [[32minfo[39m]: API Request
{
  "service": "ride-hailing-api",
  "environment": "development",
  "type": "API_REQUEST",
  "method": "GET",
  "url": "/api/user/delinquencyResponse/pending",
  "statusCode": 400,
  "responseTime": "NaNms",
  "ip": "127.0.0.1",
  "userAgent": "axios/1.18.1",
  "userId": 672,
  "userUniqueId": "e9cf2beb-c934-4392-89c5-c0d069bf948e"
}
15:16:58 [[32minfo[39m]: API Request
{
  "service": "ride-hailing-api",
  "environment": "development",
  "type": "API_REQUEST",
  "method": "GET",
  "url": "/api/user/verify-email?token=e2e-test-token",
  "statusCode": 400,
  "responseTime": "NaNms",
  "ip": "127.0.0.1",
  "userAgent": "axios/1.18.1"
}
15:16:58 [[31merror[39m]: API Error Verification token is required
Error: Verification token is required
    at Object.verifyPhoneByToken (/Users/zewedu/Desktop/Projects/transportBackEndNative/Services/User/auth/phoneVerification.service.js:69:11)
    at verifyPhone (/Users/zewedu/Desktop/Projects/transportBackEndNative/Controllers/Auth/auth.controller.js:271:37)
    at Layer.handleRequest (/Users/zewedu/Desktop/Projects/transportBackEndNative/node_modules/router/lib/layer.js:152:17)
    at next (/Users/zewedu/Desktop/Projects/transportBackEndNative/node_modules/router/lib/route.js:157:13)
    at Route.dispatch (/Users/zewedu/Desktop/Projects/transportBackEndNative/node_modules/router/lib/route.js:117:3)
    at handle (/Users/zewedu/Desktop/Projects/transportBackEndNative/node_modules/router/index.js:435:11)
    at Layer.handleRequest (/Users/zewedu/Desktop/Projects/transportBackEndNative/node_modules/router/lib/layer.js:152:17)
    at /Users/zewedu/Desktop/Projects/transportBackEndNative/node_modules/router/index.js:295:15
    at processParams (/Users/zewedu/Desktop/Projects/transportBackEndNative/node_modules/router/index.js:582:12)
    at next (/Users/zewedu/Desktop/Projects/transportBackEndNative/node_modules/router/index.js:291:5)
{
  "service": "ride-hailing-api",
  "environment": "development",
  "type": "API_ERROR",
  "statusCode": 400,
  "path": "/api/user/verify-phone?phone=%2B251910000000&code=101010",
  "method": "GET",
  "ip": "127.0.0.1",
  "params": {},
  "query": {
    "phone": "+251910000000",
    "code": "101010"
  }
}
15:16:58 [[32minfo[39m]: API Request
{
  "service": "ride-hailing-api",
  "environment": "development",
  "type": "API_REQUEST",
  "method": "GET",
  "url": "/api/user/verify-phone?phone=%2B251910000000&code=101010",
  "statusCode": 400,
  "responseTime": "NaNms",
  "ip": "127.0.0.1",
  "userAgent": "axios/1.18.1"
}
15:16:58 [[31merror[39m]: API Error Verification token is required
Error: Verification token is required
    at Object.verifyPhoneByToken (/Users/zewedu/Desktop/Projects/transportBackEndNative/Services/User/auth/phoneVerification.service.js:69:11)
    at verifyPhone (/Users/zewedu/Desktop/Projects/transportBackEndNative/Controllers/Auth/auth.controller.js:271:37)
    at Layer.handleRequest (/Users/zewedu/Desktop/Projects/transportBackEndNative/node_modules/router/lib/layer.js:152:17)
    at next (/Users/zewedu/Desktop/Projects/transportBackEndNative/node_modules/router/lib/route.js:157:13)
    at Route.dispatch (/Users/zewedu/Desktop/Projects/transportBackEndNative/node_modules/router/lib/route.js:117:3)
    at handle (/Users/zewedu/Desktop/Projects/transportBackEndNative/node_modules/router/index.js:435:11)
    at Layer.handleRequest (/Users/zewedu/Desktop/Projects/transportBackEndNative/node_modules/router/lib/layer.js:152:17)
    at /Users/zewedu/Desktop/Projects/transportBackEndNative/node_modules/router/index.js:295:15
    at processParams (/Users/zewedu/Desktop/Projects/transportBackEndNative/node_modules/router/index.js:582:12)
    at next (/Users/zewedu/Desktop/Projects/transportBackEndNative/node_modules/router/index.js:291:5)
{
  "service": "ride-hailing-api",
  "environment": "development",
  "type": "API_ERROR",
  "statusCode": 400,
  "path": "/api/user/verify-phone",
  "method": "POST",
  "ip": "127.0.0.1",
  "body": {
    "phone": "+251994002141",
    "code": 101010
  },
  "params": {},
  "query": {}
}
15:16:58 [[32minfo[39m]: API Request
{
  "service": "ride-hailing-api",
  "environment": "development",
  "type": "API_REQUEST",
  "method": "POST",
  "url": "/api/user/verify-phone",
  "statusCode": 400,
  "responseTime": "NaNms",
  "ip": "127.0.0.1",
  "userAgent": "axios/1.18.1"
}
[VerifyToken] Request: {
  method: 'PATCH',
  url: '/da3bf85a-cede-4466-b74b-ea7862c99190',
  hasAuth: true
}
[VerifyToken] Token decoded: {
  userUniqueId: '21431be6-bb42-43ad-84a4-b38bbb6365aa',
  phoneNumber: '+251964002144',
  roleId: 7,
  iat: 1786191402
}
[VerifyToken] User authenticated: {
  userUniqueId: '21431be6-bb42-43ad-84a4-b38bbb6365aa',
  phoneNumber: '+251964002144',
  roleId: undefined
}
15:16:58 [[32minfo[39m]: Transaction committed
{
  "service": "ride-hailing-api",
  "environment": "development",
  "transactionId": "txn_2026-08-08 12:16:58_d5b8k4zek",
  "duration": "NaNms"
}
15:16:58 [[32minfo[39m]: API Request
{
  "service": "ride-hailing-api",
  "environment": "development",
  "type": "API_REQUEST",
  "method": "PATCH",
  "url": "/api/company/companies/da3bf85a-cede-4466-b74b-ea7862c99190",
  "statusCode": 200,
  "responseTime": "NaNms",
  "ip": "127.0.0.1",
  "userAgent": "axios/1.18.1",
  "userId": 670,
  "userUniqueId": "21431be6-bb42-43ad-84a4-b38bbb6365aa"
}
[VerifyToken] Request: { method: 'POST', url: '/', hasAuth: true }
[VerifyToken] Token decoded: {
  userUniqueId: '21431be6-bb42-43ad-84a4-b38bbb6365aa',
  phoneNumber: '+251964002144',
  roleId: 7,
  iat: 1786191402
}
[VerifyToken] User authenticated: {
  userUniqueId: '21431be6-bb42-43ad-84a4-b38bbb6365aa',
  phoneNumber: '+251964002144',
  roleId: undefined
}
15:16:58 [[32minfo[39m]: Transaction committed
{
  "service": "ride-hailing-api",
  "environment": "development",
  "transactionId": "txn_2026-08-08 12:16:58_mxfdedxlf",
  "duration": "NaNms"
}
15:16:58 [[32minfo[39m]: API Request
{
  "service": "ride-hailing-api",
  "environment": "development",
  "type": "API_REQUEST",
  "method": "POST",
  "url": "/api/company/companies",
  "statusCode": 201,
  "responseTime": "NaNms",
  "ip": "127.0.0.1",
  "userAgent": "axios/1.18.1",
  "userId": 670,
  "userUniqueId": "21431be6-bb42-43ad-84a4-b38bbb6365aa"
}
[VerifyToken] Request: {
  method: 'DELETE',
  url: '/a9bc6db6-14b2-4ddf-bdb7-ceb791956de9',
  hasAuth: true
}
[VerifyToken] Token decoded: {
  userUniqueId: '0358f7dd-837d-4e12-bf0c-70c48ec91c3b',
  phoneNumber: '+251974002143',
  roleId: 3,
  iat: 1786191401
}
[VerifyToken] User authenticated: {
  userUniqueId: '0358f7dd-837d-4e12-bf0c-70c48ec91c3b',
  phoneNumber: '+251974002143',
  roleId: undefined
}
15:16:58 [[32minfo[39m]: Transaction committed
{
  "service": "ride-hailing-api",
  "environment": "development",
  "transactionId": "txn_2026-08-08 12:16:58_0x40e75bd",
  "duration": "NaNms"
}
15:16:58 [[32minfo[39m]: API Request
{
  "service": "ride-hailing-api",
  "environment": "development",
  "type": "API_REQUEST",
  "method": "DELETE",
  "url": "/api/company/companies/a9bc6db6-14b2-4ddf-bdb7-ceb791956de9",
  "statusCode": 200,
  "responseTime": "NaNms",
  "ip": "127.0.0.1",
  "userAgent": "axios/1.18.1",
  "userId": 669,
  "userUniqueId": "0358f7dd-837d-4e12-bf0c-70c48ec91c3b"
}
[VerifyToken] Request: {
  method: 'GET',
  url: '/?requestMode=company_target&limit=1',
  hasAuth: true
}
[VerifyToken] Token decoded: {
  userUniqueId: '58f51152-1d79-47a7-85b1-d57ba09011a4',
  phoneNumber: '+251984002142',
  roleId: 1,
  iat: 1786191403
}
[VerifyToken] User authenticated: {
  userUniqueId: '58f51152-1d79-47a7-85b1-d57ba09011a4',
  phoneNumber: '+251984002142',
  roleId: undefined
}
15:16:58 [[32minfo[39m]: API Request
{
  "service": "ride-hailing-api",
  "environment": "development",
  "type": "API_REQUEST",
  "method": "GET",
  "url": "/api/shipperRequestBatch?requestMode=company_target&limit=1",
  "statusCode": 200,
  "responseTime": "NaNms",
  "ip": "127.0.0.1",
  "userAgent": "axios/1.18.1",
  "userId": 673,
  "userUniqueId": "58f51152-1d79-47a7-85b1-d57ba09011a4"
}
[VerifyToken] Request: {
  method: 'PATCH',
  url: '/c2f9014b-854c-4c3a-b878-d114d8097585',
  hasAuth: true
}
[VerifyToken] Token decoded: {
  userUniqueId: '58f51152-1d79-47a7-85b1-d57ba09011a4',
  phoneNumber: '+251984002142',
  roleId: 1,
  iat: 1786191403
}
[VerifyToken] User authenticated: {
  userUniqueId: '58f51152-1d79-47a7-85b1-d57ba09011a4',
  phoneNumber: '+251984002142',
  roleId: undefined
}
15:16:58 [[32minfo[39m]: Transaction committed
{
  "service": "ride-hailing-api",
  "environment": "development",
  "transactionId": "txn_2026-08-08 12:16:58_2xxcdgnjm",
  "duration": "NaNms"
}
15:16:58 [[32minfo[39m]: API Request
{
  "service": "ride-hailing-api",
  "environment": "development",
  "type": "API_REQUEST",
  "method": "PATCH",
  "url": "/api/shipperRequestBatch/c2f9014b-854c-4c3a-b878-d114d8097585",
  "statusCode": 200,
  "responseTime": "NaNms",
  "ip": "127.0.0.1",
  "userAgent": "axios/1.18.1",
  "userId": 673,
  "userUniqueId": "58f51152-1d79-47a7-85b1-d57ba09011a4"
}
[VerifyToken] Request: {
  method: 'GET',
  url: '/?requestMode=company_target&limit=1',
  hasAuth: true
}
[VerifyToken] Token decoded: {
  userUniqueId: '58f51152-1d79-47a7-85b1-d57ba09011a4',
  phoneNumber: '+251984002142',
  roleId: 1,
  iat: 1786191403
}
[VerifyToken] User authenticated: {
  userUniqueId: '58f51152-1d79-47a7-85b1-d57ba09011a4',
  phoneNumber: '+251984002142',
  roleId: undefined
}
15:16:58 [[32minfo[39m]: API Request
{
  "service": "ride-hailing-api",
  "environment": "development",
  "type": "API_REQUEST",
  "method": "GET",
  "url": "/api/shipperRequestBatch?requestMode=company_target&limit=1",
  "statusCode": 200,
  "responseTime": "NaNms",
  "ip": "127.0.0.1",
  "userAgent": "axios/1.18.1",
  "userId": 673,
  "userUniqueId": "58f51152-1d79-47a7-85b1-d57ba09011a4"
}
[VerifyToken] Request: {
  method: 'DELETE',
  url: '/c2f9014b-854c-4c3a-b878-d114d8097585',
  hasAuth: true
}
[VerifyToken] Token decoded: {
  userUniqueId: '58f51152-1d79-47a7-85b1-d57ba09011a4',
  phoneNumber: '+251984002142',
  roleId: 1,
  iat: 1786191403
}
[VerifyToken] User authenticated: {
  userUniqueId: '58f51152-1d79-47a7-85b1-d57ba09011a4',
  phoneNumber: '+251984002142',
  roleId: undefined
}
15:16:58 [[32minfo[39m]: Transaction committed
{
  "service": "ride-hailing-api",
  "environment": "development",
  "transactionId": "txn_2026-08-08 12:16:58_s8fhbcsxy",
  "duration": "NaNms"
}
15:16:58 [[32minfo[39m]: API Request
{
  "service": "ride-hailing-api",
  "environment": "development",
  "type": "API_REQUEST",
  "method": "DELETE",
  "url": "/api/shipperRequestBatch/c2f9014b-854c-4c3a-b878-d114d8097585",
  "statusCode": 200,
  "responseTime": "NaNms",
  "ip": "127.0.0.1",
  "userAgent": "axios/1.18.1",
  "userId": 673,
  "userUniqueId": "58f51152-1d79-47a7-85b1-d57ba09011a4"
}
[VerifyToken] Request: {
  method: 'POST',
  url: '/api/vehicle/attachDocuments/84232694-c4c4-4cd4-8533-65c1f2ac80f9',
  hasAuth: true
}
[VerifyToken] Token decoded: {
  userUniqueId: 'e9cf2beb-c934-4392-89c5-c0d069bf948e',
  phoneNumber: '+251994002141',
  roleId: 2,
  iat: 1786191403
}
[VerifyToken] User authenticated: {
  userUniqueId: 'e9cf2beb-c934-4392-89c5-c0d069bf948e',
  phoneNumber: '+251994002141',
  roleId: undefined
}
15:16:58 [[32minfo[39m]: File saved locally
{
  "service": "ride-hailing-api",
  "environment": "development",
  "filePath": "/Users/zewedu/Desktop/Projects/transportBackEndNative/uploads/672_18687382-f47c-4e11-94c7-3d2463231e93.png",
  "relativePath": "/uploads/672_18687382-f47c-4e11-94c7-3d2463231e93.png"
}
15:16:58 [[32minfo[39m]: Transaction committed
{
  "service": "ride-hailing-api",
  "environment": "development",
  "transactionId": "txn_2026-08-08 12:16:58_48pjrs30h",
  "duration": "NaNms"
}
15:16:58 [[32minfo[39m]: API Request
{
  "service": "ride-hailing-api",
  "environment": "development",
  "type": "API_REQUEST",
  "method": "POST",
  "url": "/api/vehicle/attachDocuments/84232694-c4c4-4cd4-8533-65c1f2ac80f9",
  "statusCode": 200,
  "responseTime": "NaNms",
  "ip": "127.0.0.1",
  "userAgent": "axios/1.18.1",
  "userId": 672,
  "userUniqueId": "e9cf2beb-c934-4392-89c5-c0d069bf948e"
}
[VerifyToken] Request: {
  method: 'DELETE',
  url: '/api/user/users/e9cf2beb-c934-4392-89c5-c0d069bf948e',
  hasAuth: true
}
[VerifyToken] Token decoded: {
  userUniqueId: '0358f7dd-837d-4e12-bf0c-70c48ec91c3b',
  phoneNumber: '+251974002143',
  roleId: 3,
  iat: 1786191401
}
[VerifyToken] User authenticated: {
  userUniqueId: '0358f7dd-837d-4e12-bf0c-70c48ec91c3b',
  phoneNumber: '+251974002143',
  roleId: undefined
}
15:16:58 [[32minfo[39m]: Transaction committed
{
  "service": "ride-hailing-api",
  "environment": "development",
  "transactionId": "txn_2026-08-08 12:16:58_jn2u8aa0u",
  "duration": "NaNms"
}
15:16:58 [[32minfo[39m]: API Request
{
  "service": "ride-hailing-api",
  "environment": "development",
  "type": "API_REQUEST",
  "method": "DELETE",
  "url": "/api/user/users/e9cf2beb-c934-4392-89c5-c0d069bf948e",
  "statusCode": 200,
  "responseTime": "NaNms",
  "ip": "127.0.0.1",
  "userAgent": "axios/1.18.1",
  "userId": 669,
  "userUniqueId": "0358f7dd-837d-4e12-bf0c-70c48ec91c3b"
}
15:18:25 [[32minfo[39m]: Starting automatic timeout check
{
  "service": "ride-hailing-api",
  "environment": "development",
  "timeoutMinutes": 5
}
15:18:25 [[32minfo[39m]: No timed-out driver requests found
{
  "service": "ride-hailing-api",
  "environment": "development"
}
15:20:25 [[32minfo[39m]: Starting automatic timeout check
{
  "service": "ride-hailing-api",
  "environment": "development",
  "timeoutMinutes": 5
}
15:20:25 [[32minfo[39m]: No timed-out driver requests found
{
  "service": "ride-hailing-api",
  "environment": "development"
}
