◇ injected env (41) from .env // tip: ⌘ custom filepath { path: '/custom/path/.env' }
16:49:34 [[32minfo[39m]: MySQL pool created
{
  "service": "ride-hailing-api",
  "environment": "development",
  "host": "localhost",
  "database": "transport",
  "port": 8889,
  "socketPath": "/Applications/MAMP/tmp/mysql/mysql.sock"
}
16:49:34 [[32minfo[39m]: Server running at:
{
  "service": "ride-hailing-api",
  "environment": "development"
}
16:49:34 [[32minfo[39m]:    Local:   http://localhost:3000
{
  "service": "ride-hailing-api",
  "environment": "development"
}
16:49:34 [[32minfo[39m]:    Network: http://192.168.1.2:3000
{
  "service": "ride-hailing-api",
  "environment": "development"
}
16:49:34 [[32minfo[39m]:    Env:     development
{
  "service": "ride-hailing-api",
  "environment": "development"
}
16:49:34 [[32minfo[39m]: Server is running on http://192.168.1.2:3000
{
  "service": "ride-hailing-api",
  "environment": "development",
  "port": 3000,
  "nodeEnv": "development",
  "pid": 6755
}
16:49:34 [[32minfo[39m]: Query performance monitoring initialized
{
  "service": "ride-hailing-api",
  "environment": "development",
  "slowQueryThreshold": "100ms",
  "queryLoggingEnabled": true
}
16:49:34 [[32minfo[39m]: Starting Automatic Timeout Detection Service
{
  "service": "ride-hailing-api",
  "environment": "development",
  "intervalSeconds": 120,
  "timeoutMinutes": 5,
  "runImmediately": true
}
16:49:34 [[32minfo[39m]: Starting automatic timeout check
{
  "service": "ride-hailing-api",
  "environment": "development",
  "timeoutMinutes": 5
}
16:49:34 [[32minfo[39m]: Automatic Timeout Detection Service started
{
  "service": "ride-hailing-api",
  "environment": "development",
  "intervalSeconds": 120,
  "timeoutMinutes": 5
}
16:49:34 [[32minfo[39m]: Telegram bot polling started (callback-query approvals)
{
  "service": "ride-hailing-api",
  "environment": "development"
}
16:49:34 [[32minfo[39m]: MySQL connectivity check succeeded
{
  "service": "ride-hailing-api",
  "environment": "development"
}
16:49:34 [[32minfo[39m]: DeliveryConfirmations schema migration ensured
{
  "service": "ride-hailing-api",
  "environment": "development"
}
16:49:34 [[32minfo[39m]: No timed-out driver requests found
{
  "service": "ride-hailing-api",
  "environment": "development"
}
[VerifyToken] Request: {
  method: 'POST',
  url: '/api/shipperRequest/createRequest',
  hasAuth: true
}
[VerifyToken] Token decoded: {
  userUniqueId: '55547eed-e853-44af-8e46-682cae46b000',
  phoneNumber: '+251911889404',
  roleId: 11,
  iat: 1788757792
}
[VerifyToken] User authenticated: {
  userUniqueId: '55547eed-e853-44af-8e46-682cae46b000',
  phoneNumber: '+251911889404',
  roleId: undefined
}
16:49:38 [[33mwarn[39m]: No active driver socket found for notification
{
  "service": "ride-hailing-api",
  "environment": "development",
  "phoneNumber": "251992729551"
}
16:49:38 [[33mwarn[39m]: No active driver socket found for notification
{
  "service": "ride-hailing-api",
  "environment": "development",
  "phoneNumber": "251990759451"
}
16:49:39 [[33mwarn[39m]: No active driver socket found for notification
{
  "service": "ride-hailing-api",
  "environment": "development",
  "phoneNumber": "251907594502"
}
16:49:39 [[33mwarn[39m]: Redis adapter initialization skipped - Redis unavailable (continuing in single-server mode)
{
  "service": "ride-hailing-api",
  "environment": "development",
  "error": "Pub client connection timeout",
  "name": "Error"
}
16:49:39 [[33mwarn[39m]: No active driver socket found for notification
{
  "service": "ride-hailing-api",
  "environment": "development",
  "phoneNumber": "251990049181"
}
[VerifyToken] Request: { method: 'GET', url: '/status', hasAuth: false }
[VerifyToken] No auth header
16:49:39 [[33mwarn[39m]: API Error Authorization header missing
Error: Authorization header missing
    at verifyTokenOfAxios (/Users/zewedu/Desktop/Projects/transportBackEndNative/Middleware/VerifyToken.js:14:17)
    at Layer.handleRequest (/Users/zewedu/Desktop/Projects/transportBackEndNative/node_modules/router/lib/layer.js:152:17)
    at trimPrefix (/Users/zewedu/Desktop/Projects/transportBackEndNative/node_modules/router/index.js:342:13)
    at /Users/zewedu/Desktop/Projects/transportBackEndNative/node_modules/router/index.js:297:9
    at processParams (/Users/zewedu/Desktop/Projects/transportBackEndNative/node_modules/router/index.js:582:12)
    at next (/Users/zewedu/Desktop/Projects/transportBackEndNative/node_modules/router/index.js:291:5)
    at router.handle (/Users/zewedu/Desktop/Projects/transportBackEndNative/node_modules/router/index.js:186:3)
    at router (/Users/zewedu/Desktop/Projects/transportBackEndNative/node_modules/router/index.js:60:12)
    at Layer.handleRequest (/Users/zewedu/Desktop/Projects/transportBackEndNative/node_modules/router/lib/layer.js:152:17)
    at trimPrefix (/Users/zewedu/Desktop/Projects/transportBackEndNative/node_modules/router/index.js:342:13)
{
  "service": "ride-hailing-api",
  "environment": "development",
  "type": "API_ERROR",
  "statusCode": 401,
  "path": "/api/queue/status",
  "method": "GET",
  "ip": "127.0.0.1",
  "requestId": "89a2fcb4-7311-4daf-b068-3270e9a7ad43",
  "params": {},
  "query": {}
}
16:49:39 [[32minfo[39m]: API Request
{
  "service": "ride-hailing-api",
  "environment": "development",
  "type": "API_REQUEST",
  "method": "GET",
  "url": "/api/queue/status",
  "statusCode": 401,
  "responseTime": "11ms",
  "ip": "127.0.0.1",
  "userAgent": "curl/8.7.1"
}
16:49:40 [[33mwarn[39m]: No active driver socket found for notification
{
  "service": "ride-hailing-api",
  "environment": "development",
  "phoneNumber": "251900491802"
}
16:49:40 [[33mwarn[39m]: No active driver socket found for notification
{
  "service": "ride-hailing-api",
  "environment": "development",
  "phoneNumber": "251994061101"
}
16:49:40 [[32minfo[39m]: Transaction committed
{
  "service": "ride-hailing-api",
  "environment": "development",
  "transactionId": "txn_2026-09-09 16:49:37_4yuc7o3o0",
  "duration": "2913ms"
}
16:49:40 [[32minfo[39m]: API Request
{
  "service": "ride-hailing-api",
  "environment": "development",
  "type": "API_REQUEST",
  "method": "POST",
  "url": "/api/shipperRequest/createRequest",
  "statusCode": 200,
  "responseTime": "2922ms",
  "ip": "127.0.0.1",
  "userAgent": "PostmanRuntime/7.56.1",
  "userId": 3,
  "userUniqueId": "55547eed-e853-44af-8e46-682cae46b000"
}
16:49:40 [[33mwarn[39m]: Slow Request
{
  "service": "ride-hailing-api",
  "environment": "development",
  "type": "SLOW_REQUEST",
  "method": "POST",
  "url": "/api/shipperRequest/createRequest",
  "responseTime": "2922ms",
  "threshold": "1000ms"
}
16:49:51 [[32minfo[39m]: Transaction committed
{
  "service": "ride-hailing-api",
  "environment": "development",
  "transactionId": "txn_2026-09-09 16:49:50_k99i55juo",
  "duration": "80ms"
}
16:49:51 [[32minfo[39m]: API Request
{
  "service": "ride-hailing-api",
  "environment": "development",
  "type": "API_REQUEST",
  "method": "POST",
  "url": "/api/user/verifyUserByOTP",
  "statusCode": 200,
  "responseTime": "84ms",
  "ip": "127.0.0.1",
  "userAgent": "axios/1.20.0"
}
16:49:51 [[32minfo[39m]: API Request
{
  "service": "ride-hailing-api",
  "environment": "development",
  "type": "API_REQUEST",
  "method": "POST",
  "url": "/api/user/loginUser",
  "statusCode": 200,
  "responseTime": "89ms",
  "ip": "127.0.0.1",
  "userAgent": "axios/1.20.0"
}
16:49:51 [[32minfo[39m]: Transaction committed
{
  "service": "ride-hailing-api",
  "environment": "development",
  "transactionId": "txn_2026-09-09 16:49:51_ema9sp2uz",
  "duration": "80ms"
}
16:49:51 [[32minfo[39m]: API Request
{
  "service": "ride-hailing-api",
  "environment": "development",
  "type": "API_REQUEST",
  "method": "POST",
  "url": "/api/user/verifyUserByOTP",
  "statusCode": 200,
  "responseTime": "82ms",
  "ip": "127.0.0.1",
  "userAgent": "axios/1.20.0"
}
16:49:51 [[32minfo[39m]: API Request
{
  "service": "ride-hailing-api",
  "environment": "development",
  "type": "API_REQUEST",
  "method": "POST",
  "url": "/api/user/loginUser",
  "statusCode": 200,
  "responseTime": "76ms",
  "ip": "127.0.0.1",
  "userAgent": "axios/1.20.0"
}
16:49:51 [[33mwarn[39m]: Transaction rolled back
Error: user not found
    at Object.verifyUserByOTP (/Users/zewedu/Desktop/Projects/transportBackEndNative/Services/User/auth/otp.service.js:67:11)
    at process.processTicksAndRejections (node:internal/process/task_queues:105:5)
    at async /Users/zewedu/Desktop/Projects/transportBackEndNative/Controllers/Auth/auth.controller.js:217:14
    at async /Users/zewedu/Desktop/Projects/transportBackEndNative/Utils/DatabaseTransaction.js:107:16
    at async executeInTransaction (/Users/zewedu/Desktop/Projects/transportBackEndNative/Utils/DatabaseTransaction.js:105:22)
    at async verifyUserByOTP (/Users/zewedu/Desktop/Projects/transportBackEndNative/Controllers/Auth/auth.controller.js:216:20)
{
  "service": "ride-hailing-api",
  "environment": "development",
  "transactionId": "txn_2026-09-09 16:49:51_7pashkbmx",
  "duration": "0ms",
  "error": "user not found"
}
16:49:51 [[31merror[39m]: Error in verifyUserByOTP user not found
Error: user not found
    at Object.verifyUserByOTP (/Users/zewedu/Desktop/Projects/transportBackEndNative/Services/User/auth/otp.service.js:67:11)
    at process.processTicksAndRejections (node:internal/process/task_queues:105:5)
    at async /Users/zewedu/Desktop/Projects/transportBackEndNative/Controllers/Auth/auth.controller.js:217:14
    at async /Users/zewedu/Desktop/Projects/transportBackEndNative/Utils/DatabaseTransaction.js:107:16
    at async executeInTransaction (/Users/zewedu/Desktop/Projects/transportBackEndNative/Utils/DatabaseTransaction.js:105:22)
    at async verifyUserByOTP (/Users/zewedu/Desktop/Projects/transportBackEndNative/Controllers/Auth/auth.controller.js:216:20)
{
  "service": "ride-hailing-api",
  "environment": "development",
  "statusCode": 404,
  "status": "fail",
  "isOperational": true
}
16:49:51 [[33mwarn[39m]: API Error user not found
Error: user not found
    at Object.verifyUserByOTP (/Users/zewedu/Desktop/Projects/transportBackEndNative/Services/User/auth/otp.service.js:67:11)
    at process.processTicksAndRejections (node:internal/process/task_queues:105:5)
    at async /Users/zewedu/Desktop/Projects/transportBackEndNative/Controllers/Auth/auth.controller.js:217:14
    at async /Users/zewedu/Desktop/Projects/transportBackEndNative/Utils/DatabaseTransaction.js:107:16
    at async executeInTransaction (/Users/zewedu/Desktop/Projects/transportBackEndNative/Utils/DatabaseTransaction.js:105:22)
    at async verifyUserByOTP (/Users/zewedu/Desktop/Projects/transportBackEndNative/Controllers/Auth/auth.controller.js:216:20)
{
  "service": "ride-hailing-api",
  "environment": "development",
  "type": "API_ERROR",
  "statusCode": 404,
  "path": "/api/user/verifyUserByOTP",
  "method": "POST",
  "ip": "127.0.0.1",
  "requestId": "e6339b56-809e-42ad-8ff3-9cb1981a1619",
  "body": {
    "phoneNumber": "[REDACTED]",
    "OTP": "[REDACTED]",
    "roleId": 3
  },
  "params": {},
  "query": {}
}
16:49:51 [[32minfo[39m]: API Request
{
  "service": "ride-hailing-api",
  "environment": "development",
  "type": "API_REQUEST",
  "method": "POST",
  "url": "/api/user/verifyUserByOTP",
  "statusCode": 404,
  "responseTime": "2ms",
  "ip": "127.0.0.1",
  "userAgent": "axios/1.20.0"
}
[VerifyToken] Request: {
  method: 'POST',
  url: '/api/admin/createUserByAdminOrSuperAdmin',
  hasAuth: true
}
[VerifyToken] Token decoded: {
  userUniqueId: '786dcbff-6567-410d-9c21-01faccc95866',
  phoneNumber: '+251983222221',
  roleId: 6,
  iat: 1788961791
}
[VerifyToken] User authenticated: {
  userUniqueId: '786dcbff-6567-410d-9c21-01faccc95866',
  phoneNumber: '+251983222221',
  roleId: undefined
}
16:49:51 [[32minfo[39m]: Transaction committed
{
  "service": "ride-hailing-api",
  "environment": "development",
  "transactionId": "txn_2026-09-09 16:49:51_s2vzk8kjw",
  "duration": "399ms"
}
16:49:51 [[32minfo[39m]: API Request
{
  "service": "ride-hailing-api",
  "environment": "development",
  "type": "API_REQUEST",
  "method": "POST",
  "url": "/api/admin/createUserByAdminOrSuperAdmin",
  "statusCode": 200,
  "responseTime": "402ms",
  "ip": "127.0.0.1",
  "userAgent": "axios/1.20.0",
  "userId": 1,
  "userUniqueId": "786dcbff-6567-410d-9c21-01faccc95866"
}
16:49:51 [[32minfo[39m]: Transaction committed
{
  "service": "ride-hailing-api",
  "environment": "development",
  "transactionId": "txn_2026-09-09 16:49:51_fa7hs0hm3",
  "duration": "79ms"
}
16:49:51 [[32minfo[39m]: API Request
{
  "service": "ride-hailing-api",
  "environment": "development",
  "type": "API_REQUEST",
  "method": "POST",
  "url": "/api/user/verifyUserByOTP",
  "statusCode": 200,
  "responseTime": "80ms",
  "ip": "127.0.0.1",
  "userAgent": "axios/1.20.0"
}
16:49:51 [[32minfo[39m]: API Request
{
  "service": "ride-hailing-api",
  "environment": "development",
  "type": "API_REQUEST",
  "method": "POST",
  "url": "/api/user/loginUser",
  "statusCode": 200,
  "responseTime": "77ms",
  "ip": "127.0.0.1",
  "userAgent": "axios/1.20.0"
}
16:49:51 [[33mwarn[39m]: Transaction rolled back
Error: user not found
    at Object.verifyUserByOTP (/Users/zewedu/Desktop/Projects/transportBackEndNative/Services/User/auth/otp.service.js:67:11)
    at process.processTicksAndRejections (node:internal/process/task_queues:105:5)
    at async /Users/zewedu/Desktop/Projects/transportBackEndNative/Controllers/Auth/auth.controller.js:217:14
    at async /Users/zewedu/Desktop/Projects/transportBackEndNative/Utils/DatabaseTransaction.js:107:16
    at async executeInTransaction (/Users/zewedu/Desktop/Projects/transportBackEndNative/Utils/DatabaseTransaction.js:105:22)
    at async verifyUserByOTP (/Users/zewedu/Desktop/Projects/transportBackEndNative/Controllers/Auth/auth.controller.js:216:20)
{
  "service": "ride-hailing-api",
  "environment": "development",
  "transactionId": "txn_2026-09-09 16:49:51_7j6diefi8",
  "duration": "1ms",
  "error": "user not found"
}
16:49:51 [[31merror[39m]: Error in verifyUserByOTP user not found
Error: user not found
    at Object.verifyUserByOTP (/Users/zewedu/Desktop/Projects/transportBackEndNative/Services/User/auth/otp.service.js:67:11)
    at process.processTicksAndRejections (node:internal/process/task_queues:105:5)
    at async /Users/zewedu/Desktop/Projects/transportBackEndNative/Controllers/Auth/auth.controller.js:217:14
    at async /Users/zewedu/Desktop/Projects/transportBackEndNative/Utils/DatabaseTransaction.js:107:16
    at async executeInTransaction (/Users/zewedu/Desktop/Projects/transportBackEndNative/Utils/DatabaseTransaction.js:105:22)
    at async verifyUserByOTP (/Users/zewedu/Desktop/Projects/transportBackEndNative/Controllers/Auth/auth.controller.js:216:20)
{
  "service": "ride-hailing-api",
  "environment": "development",
  "statusCode": 404,
  "status": "fail",
  "isOperational": true
}
16:49:51 [[33mwarn[39m]: API Error user not found
Error: user not found
    at Object.verifyUserByOTP (/Users/zewedu/Desktop/Projects/transportBackEndNative/Services/User/auth/otp.service.js:67:11)
    at process.processTicksAndRejections (node:internal/process/task_queues:105:5)
    at async /Users/zewedu/Desktop/Projects/transportBackEndNative/Controllers/Auth/auth.controller.js:217:14
    at async /Users/zewedu/Desktop/Projects/transportBackEndNative/Utils/DatabaseTransaction.js:107:16
    at async executeInTransaction (/Users/zewedu/Desktop/Projects/transportBackEndNative/Utils/DatabaseTransaction.js:105:22)
    at async verifyUserByOTP (/Users/zewedu/Desktop/Projects/transportBackEndNative/Controllers/Auth/auth.controller.js:216:20)
{
  "service": "ride-hailing-api",
  "environment": "development",
  "type": "API_ERROR",
  "statusCode": 404,
  "path": "/api/user/verifyUserByOTP",
  "method": "POST",
  "ip": "127.0.0.1",
  "requestId": "a587bea0-1185-4b92-aaf3-116ccfbc666a",
  "body": {
    "phoneNumber": "[REDACTED]",
    "OTP": "[REDACTED]",
    "roleId": 7
  },
  "params": {},
  "query": {}
}
16:49:51 [[32minfo[39m]: API Request
{
  "service": "ride-hailing-api",
  "environment": "development",
  "type": "API_REQUEST",
  "method": "POST",
  "url": "/api/user/verifyUserByOTP",
  "statusCode": 404,
  "responseTime": "4ms",
  "ip": "127.0.0.1",
  "userAgent": "axios/1.20.0"
}
16:49:52 [[32minfo[39m]: Transaction committed
{
  "service": "ride-hailing-api",
  "environment": "development",
  "transactionId": "txn_2026-09-09 16:49:51_x5ja5xi6f",
  "duration": "687ms"
}
16:49:52 [[32minfo[39m]: API Request
{
  "service": "ride-hailing-api",
  "environment": "development",
  "type": "API_REQUEST",
  "method": "POST",
  "url": "/api/user/createUser",
  "statusCode": 200,
  "responseTime": "689ms",
  "ip": "127.0.0.1",
  "userAgent": "axios/1.20.0"
}
16:49:52 [[32minfo[39m]: Telegram message sent
{
  "service": "ride-hailing-api",
  "environment": "development",
  "messageId": 439
}
16:49:52 [[32minfo[39m]: Transaction committed
{
  "service": "ride-hailing-api",
  "environment": "development",
  "transactionId": "txn_2026-09-09 16:49:52_sgm9j2hhs",
  "duration": "78ms"
}
16:49:52 [[32minfo[39m]: API Request
{
  "service": "ride-hailing-api",
  "environment": "development",
  "type": "API_REQUEST",
  "method": "POST",
  "url": "/api/user/verifyUserByOTP",
  "statusCode": 200,
  "responseTime": "80ms",
  "ip": "127.0.0.1",
  "userAgent": "axios/1.20.0"
}
16:49:52 [[32minfo[39m]: API Request
{
  "service": "ride-hailing-api",
  "environment": "development",
  "type": "API_REQUEST",
  "method": "POST",
  "url": "/api/user/loginUser",
  "statusCode": 200,
  "responseTime": "78ms",
  "ip": "127.0.0.1",
  "userAgent": "axios/1.20.0"
}
16:49:52 [[33mwarn[39m]: Transaction rolled back
Error: user not found
    at Object.verifyUserByOTP (/Users/zewedu/Desktop/Projects/transportBackEndNative/Services/User/auth/otp.service.js:67:11)
    at process.processTicksAndRejections (node:internal/process/task_queues:105:5)
    at async /Users/zewedu/Desktop/Projects/transportBackEndNative/Controllers/Auth/auth.controller.js:217:14
    at async /Users/zewedu/Desktop/Projects/transportBackEndNative/Utils/DatabaseTransaction.js:107:16
    at async executeInTransaction (/Users/zewedu/Desktop/Projects/transportBackEndNative/Utils/DatabaseTransaction.js:105:22)
    at async verifyUserByOTP (/Users/zewedu/Desktop/Projects/transportBackEndNative/Controllers/Auth/auth.controller.js:216:20)
{
  "service": "ride-hailing-api",
  "environment": "development",
  "transactionId": "txn_2026-09-09 16:49:52_uj9zu8048",
  "duration": "1ms",
  "error": "user not found"
}
16:49:52 [[31merror[39m]: Error in verifyUserByOTP user not found
Error: user not found
    at Object.verifyUserByOTP (/Users/zewedu/Desktop/Projects/transportBackEndNative/Services/User/auth/otp.service.js:67:11)
    at process.processTicksAndRejections (node:internal/process/task_queues:105:5)
    at async /Users/zewedu/Desktop/Projects/transportBackEndNative/Controllers/Auth/auth.controller.js:217:14
    at async /Users/zewedu/Desktop/Projects/transportBackEndNative/Utils/DatabaseTransaction.js:107:16
    at async executeInTransaction (/Users/zewedu/Desktop/Projects/transportBackEndNative/Utils/DatabaseTransaction.js:105:22)
    at async verifyUserByOTP (/Users/zewedu/Desktop/Projects/transportBackEndNative/Controllers/Auth/auth.controller.js:216:20)
{
  "service": "ride-hailing-api",
  "environment": "development",
  "statusCode": 404,
  "status": "fail",
  "isOperational": true
}
16:49:52 [[33mwarn[39m]: API Error user not found
Error: user not found
    at Object.verifyUserByOTP (/Users/zewedu/Desktop/Projects/transportBackEndNative/Services/User/auth/otp.service.js:67:11)
    at process.processTicksAndRejections (node:internal/process/task_queues:105:5)
    at async /Users/zewedu/Desktop/Projects/transportBackEndNative/Controllers/Auth/auth.controller.js:217:14
    at async /Users/zewedu/Desktop/Projects/transportBackEndNative/Utils/DatabaseTransaction.js:107:16
    at async executeInTransaction (/Users/zewedu/Desktop/Projects/transportBackEndNative/Utils/DatabaseTransaction.js:105:22)
    at async verifyUserByOTP (/Users/zewedu/Desktop/Projects/transportBackEndNative/Controllers/Auth/auth.controller.js:216:20)
{
  "service": "ride-hailing-api",
  "environment": "development",
  "type": "API_ERROR",
  "statusCode": 404,
  "path": "/api/user/verifyUserByOTP",
  "method": "POST",
  "ip": "127.0.0.1",
  "requestId": "e3298d61-edaf-4946-b83c-40bd8b61d576",
  "body": {
    "phoneNumber": "[REDACTED]",
    "OTP": "[REDACTED]",
    "roleId": 11
  },
  "params": {},
  "query": {}
}
16:49:52 [[32minfo[39m]: API Request
{
  "service": "ride-hailing-api",
  "environment": "development",
  "type": "API_REQUEST",
  "method": "POST",
  "url": "/api/user/verifyUserByOTP",
  "statusCode": 404,
  "responseTime": "2ms",
  "ip": "127.0.0.1",
  "userAgent": "axios/1.20.0"
}
16:49:53 [[32minfo[39m]: Transaction committed
{
  "service": "ride-hailing-api",
  "environment": "development",
  "transactionId": "txn_2026-09-09 16:49:52_v8j54c214",
  "duration": "374ms"
}
16:49:53 [[32minfo[39m]: API Request
{
  "service": "ride-hailing-api",
  "environment": "development",
  "type": "API_REQUEST",
  "method": "POST",
  "url": "/api/user/createUser",
  "statusCode": 200,
  "responseTime": "375ms",
  "ip": "127.0.0.1",
  "userAgent": "axios/1.20.0"
}
16:49:53 [[32minfo[39m]: Telegram message sent
{
  "service": "ride-hailing-api",
  "environment": "development",
  "messageId": 440
}
16:49:53 [[32minfo[39m]: Transaction committed
{
  "service": "ride-hailing-api",
  "environment": "development",
  "transactionId": "txn_2026-09-09 16:49:53_oendohdom",
  "duration": "73ms"
}
16:49:53 [[32minfo[39m]: API Request
{
  "service": "ride-hailing-api",
  "environment": "development",
  "type": "API_REQUEST",
  "method": "POST",
  "url": "/api/user/verifyUserByOTP",
  "statusCode": 200,
  "responseTime": "75ms",
  "ip": "127.0.0.1",
  "userAgent": "axios/1.20.0"
}
16:49:53 [[32minfo[39m]: API Request
{
  "service": "ride-hailing-api",
  "environment": "development",
  "type": "API_REQUEST",
  "method": "POST",
  "url": "/api/user/loginUser",
  "statusCode": 200,
  "responseTime": "73ms",
  "ip": "127.0.0.1",
  "userAgent": "axios/1.20.0"
}
16:49:53 [[33mwarn[39m]: Transaction rolled back
Error: user not found
    at Object.verifyUserByOTP (/Users/zewedu/Desktop/Projects/transportBackEndNative/Services/User/auth/otp.service.js:67:11)
    at process.processTicksAndRejections (node:internal/process/task_queues:105:5)
    at async /Users/zewedu/Desktop/Projects/transportBackEndNative/Controllers/Auth/auth.controller.js:217:14
    at async /Users/zewedu/Desktop/Projects/transportBackEndNative/Utils/DatabaseTransaction.js:107:16
    at async executeInTransaction (/Users/zewedu/Desktop/Projects/transportBackEndNative/Utils/DatabaseTransaction.js:105:22)
    at async verifyUserByOTP (/Users/zewedu/Desktop/Projects/transportBackEndNative/Controllers/Auth/auth.controller.js:216:20)
{
  "service": "ride-hailing-api",
  "environment": "development",
  "transactionId": "txn_2026-09-09 16:49:53_dnosj2riy",
  "duration": "1ms",
  "error": "user not found"
}
16:49:53 [[31merror[39m]: Error in verifyUserByOTP user not found
Error: user not found
    at Object.verifyUserByOTP (/Users/zewedu/Desktop/Projects/transportBackEndNative/Services/User/auth/otp.service.js:67:11)
    at process.processTicksAndRejections (node:internal/process/task_queues:105:5)
    at async /Users/zewedu/Desktop/Projects/transportBackEndNative/Controllers/Auth/auth.controller.js:217:14
    at async /Users/zewedu/Desktop/Projects/transportBackEndNative/Utils/DatabaseTransaction.js:107:16
    at async executeInTransaction (/Users/zewedu/Desktop/Projects/transportBackEndNative/Utils/DatabaseTransaction.js:105:22)
    at async verifyUserByOTP (/Users/zewedu/Desktop/Projects/transportBackEndNative/Controllers/Auth/auth.controller.js:216:20)
{
  "service": "ride-hailing-api",
  "environment": "development",
  "statusCode": 404,
  "status": "fail",
  "isOperational": true
}
16:49:53 [[33mwarn[39m]: API Error user not found
Error: user not found
    at Object.verifyUserByOTP (/Users/zewedu/Desktop/Projects/transportBackEndNative/Services/User/auth/otp.service.js:67:11)
    at process.processTicksAndRejections (node:internal/process/task_queues:105:5)
    at async /Users/zewedu/Desktop/Projects/transportBackEndNative/Controllers/Auth/auth.controller.js:217:14
    at async /Users/zewedu/Desktop/Projects/transportBackEndNative/Utils/DatabaseTransaction.js:107:16
    at async executeInTransaction (/Users/zewedu/Desktop/Projects/transportBackEndNative/Utils/DatabaseTransaction.js:105:22)
    at async verifyUserByOTP (/Users/zewedu/Desktop/Projects/transportBackEndNative/Controllers/Auth/auth.controller.js:216:20)
{
  "service": "ride-hailing-api",
  "environment": "development",
  "type": "API_ERROR",
  "statusCode": 404,
  "path": "/api/user/verifyUserByOTP",
  "method": "POST",
  "ip": "127.0.0.1",
  "requestId": "c20e4f15-1c15-43ec-b35f-9b498297bc51",
  "body": {
    "phoneNumber": "[REDACTED]",
    "OTP": "[REDACTED]",
    "roleId": 2
  },
  "params": {},
  "query": {}
}
16:49:53 [[32minfo[39m]: API Request
{
  "service": "ride-hailing-api",
  "environment": "development",
  "type": "API_REQUEST",
  "method": "POST",
  "url": "/api/user/verifyUserByOTP",
  "statusCode": 404,
  "responseTime": "2ms",
  "ip": "127.0.0.1",
  "userAgent": "axios/1.20.0"
}
16:49:53 [[32minfo[39m]: Telegram message sent
{
  "service": "ride-hailing-api",
  "environment": "development",
  "messageId": 441
}
16:49:53 [[32minfo[39m]: Transaction committed
{
  "service": "ride-hailing-api",
  "environment": "development",
  "transactionId": "txn_2026-09-09 16:49:53_8pj1a67la",
  "duration": "357ms"
}
16:49:53 [[32minfo[39m]: API Request
{
  "service": "ride-hailing-api",
  "environment": "development",
  "type": "API_REQUEST",
  "method": "POST",
  "url": "/api/user/createUser",
  "statusCode": 200,
  "responseTime": "357ms",
  "ip": "127.0.0.1",
  "userAgent": "axios/1.20.0"
}
16:49:53 [[32minfo[39m]: Transaction committed
{
  "service": "ride-hailing-api",
  "environment": "development",
  "transactionId": "txn_2026-09-09 16:49:53_pa197l2ri",
  "duration": "117ms"
}
16:49:53 [[32minfo[39m]: API Request
{
  "service": "ride-hailing-api",
  "environment": "development",
  "type": "API_REQUEST",
  "method": "POST",
  "url": "/api/user/verifyUserByOTP",
  "statusCode": 200,
  "responseTime": "118ms",
  "ip": "127.0.0.1",
  "userAgent": "axios/1.20.0"
}
16:49:53 [[32minfo[39m]: Telegram message sent
{
  "service": "ride-hailing-api",
  "environment": "development",
  "messageId": 442
}
16:49:53 [[32minfo[39m]: API Request
{
  "service": "ride-hailing-api",
  "environment": "development",
  "type": "API_REQUEST",
  "method": "POST",
  "url": "/api/user/loginUser",
  "statusCode": 200,
  "responseTime": "79ms",
  "ip": "127.0.0.1",
  "userAgent": "axios/1.20.0"
}
16:49:53 [[33mwarn[39m]: Transaction rolled back
Error: user not found
    at Object.verifyUserByOTP (/Users/zewedu/Desktop/Projects/transportBackEndNative/Services/User/auth/otp.service.js:67:11)
    at process.processTicksAndRejections (node:internal/process/task_queues:105:5)
    at async /Users/zewedu/Desktop/Projects/transportBackEndNative/Controllers/Auth/auth.controller.js:217:14
    at async /Users/zewedu/Desktop/Projects/transportBackEndNative/Utils/DatabaseTransaction.js:107:16
    at async executeInTransaction (/Users/zewedu/Desktop/Projects/transportBackEndNative/Utils/DatabaseTransaction.js:105:22)
    at async verifyUserByOTP (/Users/zewedu/Desktop/Projects/transportBackEndNative/Controllers/Auth/auth.controller.js:216:20)
{
  "service": "ride-hailing-api",
  "environment": "development",
  "transactionId": "txn_2026-09-09 16:49:53_93frdwuno",
  "duration": "1ms",
  "error": "user not found"
}
16:49:53 [[31merror[39m]: Error in verifyUserByOTP user not found
Error: user not found
    at Object.verifyUserByOTP (/Users/zewedu/Desktop/Projects/transportBackEndNative/Services/User/auth/otp.service.js:67:11)
    at process.processTicksAndRejections (node:internal/process/task_queues:105:5)
    at async /Users/zewedu/Desktop/Projects/transportBackEndNative/Controllers/Auth/auth.controller.js:217:14
    at async /Users/zewedu/Desktop/Projects/transportBackEndNative/Utils/DatabaseTransaction.js:107:16
    at async executeInTransaction (/Users/zewedu/Desktop/Projects/transportBackEndNative/Utils/DatabaseTransaction.js:105:22)
    at async verifyUserByOTP (/Users/zewedu/Desktop/Projects/transportBackEndNative/Controllers/Auth/auth.controller.js:216:20)
{
  "service": "ride-hailing-api",
  "environment": "development",
  "statusCode": 404,
  "status": "fail",
  "isOperational": true
}
16:49:53 [[33mwarn[39m]: API Error user not found
Error: user not found
    at Object.verifyUserByOTP (/Users/zewedu/Desktop/Projects/transportBackEndNative/Services/User/auth/otp.service.js:67:11)
    at process.processTicksAndRejections (node:internal/process/task_queues:105:5)
    at async /Users/zewedu/Desktop/Projects/transportBackEndNative/Controllers/Auth/auth.controller.js:217:14
    at async /Users/zewedu/Desktop/Projects/transportBackEndNative/Utils/DatabaseTransaction.js:107:16
    at async executeInTransaction (/Users/zewedu/Desktop/Projects/transportBackEndNative/Utils/DatabaseTransaction.js:105:22)
    at async verifyUserByOTP (/Users/zewedu/Desktop/Projects/transportBackEndNative/Controllers/Auth/auth.controller.js:216:20)
{
  "service": "ride-hailing-api",
  "environment": "development",
  "type": "API_ERROR",
  "statusCode": 404,
  "path": "/api/user/verifyUserByOTP",
  "method": "POST",
  "ip": "127.0.0.1",
  "requestId": "bfb88686-70e9-459f-8b5e-12c3cd54279e",
  "body": {
    "phoneNumber": "[REDACTED]",
    "OTP": "[REDACTED]",
    "roleId": 1
  },
  "params": {},
  "query": {}
}
16:49:53 [[32minfo[39m]: API Request
{
  "service": "ride-hailing-api",
  "environment": "development",
  "type": "API_REQUEST",
  "method": "POST",
  "url": "/api/user/verifyUserByOTP",
  "statusCode": 404,
  "responseTime": "1ms",
  "ip": "127.0.0.1",
  "userAgent": "axios/1.20.0"
}
16:49:54 [[32minfo[39m]: Transaction committed
{
  "service": "ride-hailing-api",
  "environment": "development",
  "transactionId": "txn_2026-09-09 16:49:53_llsfsu91r",
  "duration": "363ms"
}
16:49:54 [[32minfo[39m]: API Request
{
  "service": "ride-hailing-api",
  "environment": "development",
  "type": "API_REQUEST",
  "method": "POST",
  "url": "/api/user/createUser",
  "statusCode": 200,
  "responseTime": "363ms",
  "ip": "127.0.0.1",
  "userAgent": "axios/1.20.0"
}
16:49:54 [[32minfo[39m]: Transaction committed
{
  "service": "ride-hailing-api",
  "environment": "development",
  "transactionId": "txn_2026-09-09 16:49:54_ifg3ulx8b",
  "duration": "74ms"
}
16:49:54 [[32minfo[39m]: API Request
{
  "service": "ride-hailing-api",
  "environment": "development",
  "type": "API_REQUEST",
  "method": "POST",
  "url": "/api/user/verifyUserByOTP",
  "statusCode": 200,
  "responseTime": "74ms",
  "ip": "127.0.0.1",
  "userAgent": "axios/1.20.0"
}
16:49:54 [[32minfo[39m]: API Request
{
  "service": "ride-hailing-api",
  "environment": "development",
  "type": "API_REQUEST",
  "method": "POST",
  "url": "/api/user/loginUser",
  "statusCode": 200,
  "responseTime": "73ms",
  "ip": "127.0.0.1",
  "userAgent": "axios/1.20.0"
}
16:49:54 [[33mwarn[39m]: Transaction rolled back
Error: user not found
    at Object.verifyUserByOTP (/Users/zewedu/Desktop/Projects/transportBackEndNative/Services/User/auth/otp.service.js:67:11)
    at process.processTicksAndRejections (node:internal/process/task_queues:105:5)
    at async /Users/zewedu/Desktop/Projects/transportBackEndNative/Controllers/Auth/auth.controller.js:217:14
    at async /Users/zewedu/Desktop/Projects/transportBackEndNative/Utils/DatabaseTransaction.js:107:16
    at async executeInTransaction (/Users/zewedu/Desktop/Projects/transportBackEndNative/Utils/DatabaseTransaction.js:105:22)
    at async verifyUserByOTP (/Users/zewedu/Desktop/Projects/transportBackEndNative/Controllers/Auth/auth.controller.js:216:20)
{
  "service": "ride-hailing-api",
  "environment": "development",
  "transactionId": "txn_2026-09-09 16:49:54_5h09m9h9y",
  "duration": "1ms",
  "error": "user not found"
}
16:49:54 [[31merror[39m]: Error in verifyUserByOTP user not found
Error: user not found
    at Object.verifyUserByOTP (/Users/zewedu/Desktop/Projects/transportBackEndNative/Services/User/auth/otp.service.js:67:11)
    at process.processTicksAndRejections (node:internal/process/task_queues:105:5)
    at async /Users/zewedu/Desktop/Projects/transportBackEndNative/Controllers/Auth/auth.controller.js:217:14
    at async /Users/zewedu/Desktop/Projects/transportBackEndNative/Utils/DatabaseTransaction.js:107:16
    at async executeInTransaction (/Users/zewedu/Desktop/Projects/transportBackEndNative/Utils/DatabaseTransaction.js:105:22)
    at async verifyUserByOTP (/Users/zewedu/Desktop/Projects/transportBackEndNative/Controllers/Auth/auth.controller.js:216:20)
{
  "service": "ride-hailing-api",
  "environment": "development",
  "statusCode": 404,
  "status": "fail",
  "isOperational": true
}
16:49:54 [[33mwarn[39m]: API Error user not found
Error: user not found
    at Object.verifyUserByOTP (/Users/zewedu/Desktop/Projects/transportBackEndNative/Services/User/auth/otp.service.js:67:11)
    at process.processTicksAndRejections (node:internal/process/task_queues:105:5)
    at async /Users/zewedu/Desktop/Projects/transportBackEndNative/Controllers/Auth/auth.controller.js:217:14
    at async /Users/zewedu/Desktop/Projects/transportBackEndNative/Utils/DatabaseTransaction.js:107:16
    at async executeInTransaction (/Users/zewedu/Desktop/Projects/transportBackEndNative/Utils/DatabaseTransaction.js:105:22)
    at async verifyUserByOTP (/Users/zewedu/Desktop/Projects/transportBackEndNative/Controllers/Auth/auth.controller.js:216:20)
{
  "service": "ride-hailing-api",
  "environment": "development",
  "type": "API_ERROR",
  "statusCode": 404,
  "path": "/api/user/verifyUserByOTP",
  "method": "POST",
  "ip": "127.0.0.1",
  "requestId": "b60b1872-a3fe-4b9e-9e1c-3abf8a639674",
  "body": {
    "phoneNumber": "[REDACTED]",
    "OTP": "[REDACTED]",
    "roleId": 2
  },
  "params": {},
  "query": {}
}
16:49:54 [[32minfo[39m]: API Request
{
  "service": "ride-hailing-api",
  "environment": "development",
  "type": "API_REQUEST",
  "method": "POST",
  "url": "/api/user/verifyUserByOTP",
  "statusCode": 404,
  "responseTime": "1ms",
  "ip": "127.0.0.1",
  "userAgent": "axios/1.20.0"
}
16:49:54 [[32minfo[39m]: Telegram message sent
{
  "service": "ride-hailing-api",
  "environment": "development",
  "messageId": 443
}
16:49:54 [[32minfo[39m]: Transaction committed
{
  "service": "ride-hailing-api",
  "environment": "development",
  "transactionId": "txn_2026-09-09 16:49:54_ghkttahgt",
  "duration": "358ms"
}
16:49:54 [[32minfo[39m]: API Request
{
  "service": "ride-hailing-api",
  "environment": "development",
  "type": "API_REQUEST",
  "method": "POST",
  "url": "/api/user/createUser",
  "statusCode": 200,
  "responseTime": "358ms",
  "ip": "127.0.0.1",
  "userAgent": "axios/1.20.0"
}
16:49:54 [[32minfo[39m]: Transaction committed
{
  "service": "ride-hailing-api",
  "environment": "development",
  "transactionId": "txn_2026-09-09 16:49:54_ae6bkafd5",
  "duration": "88ms"
}
16:49:54 [[32minfo[39m]: API Request
{
  "service": "ride-hailing-api",
  "environment": "development",
  "type": "API_REQUEST",
  "method": "POST",
  "url": "/api/user/verifyUserByOTP",
  "statusCode": 200,
  "responseTime": "89ms",
  "ip": "127.0.0.1",
  "userAgent": "axios/1.20.0"
}
16:49:54 [[32minfo[39m]: API Request
{
  "service": "ride-hailing-api",
  "environment": "development",
  "type": "API_REQUEST",
  "method": "POST",
  "url": "/api/user/loginUser",
  "statusCode": 200,
  "responseTime": "75ms",
  "ip": "127.0.0.1",
  "userAgent": "axios/1.20.0"
}
16:49:54 [[32minfo[39m]: Telegram message sent
{
  "service": "ride-hailing-api",
  "environment": "development",
  "messageId": 444
}
16:49:54 [[33mwarn[39m]: Transaction rolled back
Error: user not found
    at Object.verifyUserByOTP (/Users/zewedu/Desktop/Projects/transportBackEndNative/Services/User/auth/otp.service.js:67:11)
    at process.processTicksAndRejections (node:internal/process/task_queues:105:5)
    at async /Users/zewedu/Desktop/Projects/transportBackEndNative/Controllers/Auth/auth.controller.js:217:14
    at async /Users/zewedu/Desktop/Projects/transportBackEndNative/Utils/DatabaseTransaction.js:107:16
    at async executeInTransaction (/Users/zewedu/Desktop/Projects/transportBackEndNative/Utils/DatabaseTransaction.js:105:22)
    at async verifyUserByOTP (/Users/zewedu/Desktop/Projects/transportBackEndNative/Controllers/Auth/auth.controller.js:216:20)
{
  "service": "ride-hailing-api",
  "environment": "development",
  "transactionId": "txn_2026-09-09 16:49:54_1rv0l3cn0",
  "duration": "1ms",
  "error": "user not found"
}
16:49:54 [[31merror[39m]: Error in verifyUserByOTP user not found
Error: user not found
    at Object.verifyUserByOTP (/Users/zewedu/Desktop/Projects/transportBackEndNative/Services/User/auth/otp.service.js:67:11)
    at process.processTicksAndRejections (node:internal/process/task_queues:105:5)
    at async /Users/zewedu/Desktop/Projects/transportBackEndNative/Controllers/Auth/auth.controller.js:217:14
    at async /Users/zewedu/Desktop/Projects/transportBackEndNative/Utils/DatabaseTransaction.js:107:16
    at async executeInTransaction (/Users/zewedu/Desktop/Projects/transportBackEndNative/Utils/DatabaseTransaction.js:105:22)
    at async verifyUserByOTP (/Users/zewedu/Desktop/Projects/transportBackEndNative/Controllers/Auth/auth.controller.js:216:20)
{
  "service": "ride-hailing-api",
  "environment": "development",
  "statusCode": 404,
  "status": "fail",
  "isOperational": true
}
16:49:54 [[33mwarn[39m]: API Error user not found
Error: user not found
    at Object.verifyUserByOTP (/Users/zewedu/Desktop/Projects/transportBackEndNative/Services/User/auth/otp.service.js:67:11)
    at process.processTicksAndRejections (node:internal/process/task_queues:105:5)
    at async /Users/zewedu/Desktop/Projects/transportBackEndNative/Controllers/Auth/auth.controller.js:217:14
    at async /Users/zewedu/Desktop/Projects/transportBackEndNative/Utils/DatabaseTransaction.js:107:16
    at async executeInTransaction (/Users/zewedu/Desktop/Projects/transportBackEndNative/Utils/DatabaseTransaction.js:105:22)
    at async verifyUserByOTP (/Users/zewedu/Desktop/Projects/transportBackEndNative/Controllers/Auth/auth.controller.js:216:20)
{
  "service": "ride-hailing-api",
  "environment": "development",
  "type": "API_ERROR",
  "statusCode": 404,
  "path": "/api/user/verifyUserByOTP",
  "method": "POST",
  "ip": "127.0.0.1",
  "requestId": "b8c4a3e7-3720-4566-9099-c535523616d1",
  "body": {
    "phoneNumber": "[REDACTED]",
    "OTP": "[REDACTED]",
    "roleId": 2
  },
  "params": {},
  "query": {}
}
16:49:54 [[32minfo[39m]: API Request
{
  "service": "ride-hailing-api",
  "environment": "development",
  "type": "API_REQUEST",
  "method": "POST",
  "url": "/api/user/verifyUserByOTP",
  "statusCode": 404,
  "responseTime": "2ms",
  "ip": "127.0.0.1",
  "userAgent": "axios/1.20.0"
}
16:49:55 [[32minfo[39m]: Transaction committed
{
  "service": "ride-hailing-api",
  "environment": "development",
  "transactionId": "txn_2026-09-09 16:49:54_rm569onsz",
  "duration": "356ms"
}
16:49:55 [[32minfo[39m]: API Request
{
  "service": "ride-hailing-api",
  "environment": "development",
  "type": "API_REQUEST",
  "method": "POST",
  "url": "/api/user/createUser",
  "statusCode": 200,
  "responseTime": "358ms",
  "ip": "127.0.0.1",
  "userAgent": "axios/1.20.0"
}
16:49:55 [[32minfo[39m]: Transaction committed
{
  "service": "ride-hailing-api",
  "environment": "development",
  "transactionId": "txn_2026-09-09 16:49:55_0qp1kyrjq",
  "duration": "85ms"
}
16:49:55 [[32minfo[39m]: API Request
{
  "service": "ride-hailing-api",
  "environment": "development",
  "type": "API_REQUEST",
  "method": "POST",
  "url": "/api/user/verifyUserByOTP",
  "statusCode": 200,
  "responseTime": "86ms",
  "ip": "127.0.0.1",
  "userAgent": "axios/1.20.0"
}
16:49:55 [[32minfo[39m]: API Request
{
  "service": "ride-hailing-api",
  "environment": "development",
  "type": "API_REQUEST",
  "method": "POST",
  "url": "/api/user/loginUser",
  "statusCode": 200,
  "responseTime": "78ms",
  "ip": "127.0.0.1",
  "userAgent": "axios/1.20.0"
}
16:49:55 [[33mwarn[39m]: Transaction rolled back
Error: user not found
    at Object.verifyUserByOTP (/Users/zewedu/Desktop/Projects/transportBackEndNative/Services/User/auth/otp.service.js:67:11)
    at process.processTicksAndRejections (node:internal/process/task_queues:105:5)
    at async /Users/zewedu/Desktop/Projects/transportBackEndNative/Controllers/Auth/auth.controller.js:217:14
    at async /Users/zewedu/Desktop/Projects/transportBackEndNative/Utils/DatabaseTransaction.js:107:16
    at async executeInTransaction (/Users/zewedu/Desktop/Projects/transportBackEndNative/Utils/DatabaseTransaction.js:105:22)
    at async verifyUserByOTP (/Users/zewedu/Desktop/Projects/transportBackEndNative/Controllers/Auth/auth.controller.js:216:20)
{
  "service": "ride-hailing-api",
  "environment": "development",
  "transactionId": "txn_2026-09-09 16:49:55_u0aopsp6r",
  "duration": "1ms",
  "error": "user not found"
}
16:49:55 [[31merror[39m]: Error in verifyUserByOTP user not found
Error: user not found
    at Object.verifyUserByOTP (/Users/zewedu/Desktop/Projects/transportBackEndNative/Services/User/auth/otp.service.js:67:11)
    at process.processTicksAndRejections (node:internal/process/task_queues:105:5)
    at async /Users/zewedu/Desktop/Projects/transportBackEndNative/Controllers/Auth/auth.controller.js:217:14
    at async /Users/zewedu/Desktop/Projects/transportBackEndNative/Utils/DatabaseTransaction.js:107:16
    at async executeInTransaction (/Users/zewedu/Desktop/Projects/transportBackEndNative/Utils/DatabaseTransaction.js:105:22)
    at async verifyUserByOTP (/Users/zewedu/Desktop/Projects/transportBackEndNative/Controllers/Auth/auth.controller.js:216:20)
{
  "service": "ride-hailing-api",
  "environment": "development",
  "statusCode": 404,
  "status": "fail",
  "isOperational": true
}
16:49:55 [[33mwarn[39m]: API Error user not found
Error: user not found
    at Object.verifyUserByOTP (/Users/zewedu/Desktop/Projects/transportBackEndNative/Services/User/auth/otp.service.js:67:11)
    at process.processTicksAndRejections (node:internal/process/task_queues:105:5)
    at async /Users/zewedu/Desktop/Projects/transportBackEndNative/Controllers/Auth/auth.controller.js:217:14
    at async /Users/zewedu/Desktop/Projects/transportBackEndNative/Utils/DatabaseTransaction.js:107:16
    at async executeInTransaction (/Users/zewedu/Desktop/Projects/transportBackEndNative/Utils/DatabaseTransaction.js:105:22)
    at async verifyUserByOTP (/Users/zewedu/Desktop/Projects/transportBackEndNative/Controllers/Auth/auth.controller.js:216:20)
{
  "service": "ride-hailing-api",
  "environment": "development",
  "type": "API_ERROR",
  "statusCode": 404,
  "path": "/api/user/verifyUserByOTP",
  "method": "POST",
  "ip": "127.0.0.1",
  "requestId": "770bd5fa-9609-48ab-8aec-dfb1769be253",
  "body": {
    "phoneNumber": "[REDACTED]",
    "OTP": "[REDACTED]",
    "roleId": 2
  },
  "params": {},
  "query": {}
}
16:49:55 [[32minfo[39m]: API Request
{
  "service": "ride-hailing-api",
  "environment": "development",
  "type": "API_REQUEST",
  "method": "POST",
  "url": "/api/user/verifyUserByOTP",
  "statusCode": 404,
  "responseTime": "2ms",
  "ip": "127.0.0.1",
  "userAgent": "axios/1.20.0"
}
16:49:55 [[32minfo[39m]: Telegram message sent
{
  "service": "ride-hailing-api",
  "environment": "development",
  "messageId": 445
}
16:49:55 [[32minfo[39m]: Transaction committed
{
  "service": "ride-hailing-api",
  "environment": "development",
  "transactionId": "txn_2026-09-09 16:49:55_3r68cemw8",
  "duration": "358ms"
}
16:49:55 [[32minfo[39m]: API Request
{
  "service": "ride-hailing-api",
  "environment": "development",
  "type": "API_REQUEST",
  "method": "POST",
  "url": "/api/user/createUser",
  "statusCode": 200,
  "responseTime": "359ms",
  "ip": "127.0.0.1",
  "userAgent": "axios/1.20.0"
}
16:49:55 [[32minfo[39m]: Transaction committed
{
  "service": "ride-hailing-api",
  "environment": "development",
  "transactionId": "txn_2026-09-09 16:49:55_coznpnvpm",
  "duration": "89ms"
}
16:49:55 [[32minfo[39m]: API Request
{
  "service": "ride-hailing-api",
  "environment": "development",
  "type": "API_REQUEST",
  "method": "POST",
  "url": "/api/user/verifyUserByOTP",
  "statusCode": 200,
  "responseTime": "89ms",
  "ip": "127.0.0.1",
  "userAgent": "axios/1.20.0"
}
16:49:55 [[32minfo[39m]: API Request
{
  "service": "ride-hailing-api",
  "environment": "development",
  "type": "API_REQUEST",
  "method": "POST",
  "url": "/api/user/loginUser",
  "statusCode": 200,
  "responseTime": "77ms",
  "ip": "127.0.0.1",
  "userAgent": "axios/1.20.0"
}
16:49:55 [[33mwarn[39m]: Transaction rolled back
Error: user not found
    at Object.verifyUserByOTP (/Users/zewedu/Desktop/Projects/transportBackEndNative/Services/User/auth/otp.service.js:67:11)
    at process.processTicksAndRejections (node:internal/process/task_queues:105:5)
    at async /Users/zewedu/Desktop/Projects/transportBackEndNative/Controllers/Auth/auth.controller.js:217:14
    at async /Users/zewedu/Desktop/Projects/transportBackEndNative/Utils/DatabaseTransaction.js:107:16
    at async executeInTransaction (/Users/zewedu/Desktop/Projects/transportBackEndNative/Utils/DatabaseTransaction.js:105:22)
    at async verifyUserByOTP (/Users/zewedu/Desktop/Projects/transportBackEndNative/Controllers/Auth/auth.controller.js:216:20)
{
  "service": "ride-hailing-api",
  "environment": "development",
  "transactionId": "txn_2026-09-09 16:49:55_6zikjb6ku",
  "duration": "1ms",
  "error": "user not found"
}
16:49:55 [[31merror[39m]: Error in verifyUserByOTP user not found
Error: user not found
    at Object.verifyUserByOTP (/Users/zewedu/Desktop/Projects/transportBackEndNative/Services/User/auth/otp.service.js:67:11)
    at process.processTicksAndRejections (node:internal/process/task_queues:105:5)
    at async /Users/zewedu/Desktop/Projects/transportBackEndNative/Controllers/Auth/auth.controller.js:217:14
    at async /Users/zewedu/Desktop/Projects/transportBackEndNative/Utils/DatabaseTransaction.js:107:16
    at async executeInTransaction (/Users/zewedu/Desktop/Projects/transportBackEndNative/Utils/DatabaseTransaction.js:105:22)
    at async verifyUserByOTP (/Users/zewedu/Desktop/Projects/transportBackEndNative/Controllers/Auth/auth.controller.js:216:20)
{
  "service": "ride-hailing-api",
  "environment": "development",
  "statusCode": 404,
  "status": "fail",
  "isOperational": true
}
16:49:55 [[33mwarn[39m]: API Error user not found
Error: user not found
    at Object.verifyUserByOTP (/Users/zewedu/Desktop/Projects/transportBackEndNative/Services/User/auth/otp.service.js:67:11)
    at process.processTicksAndRejections (node:internal/process/task_queues:105:5)
    at async /Users/zewedu/Desktop/Projects/transportBackEndNative/Controllers/Auth/auth.controller.js:217:14
    at async /Users/zewedu/Desktop/Projects/transportBackEndNative/Utils/DatabaseTransaction.js:107:16
    at async executeInTransaction (/Users/zewedu/Desktop/Projects/transportBackEndNative/Utils/DatabaseTransaction.js:105:22)
    at async verifyUserByOTP (/Users/zewedu/Desktop/Projects/transportBackEndNative/Controllers/Auth/auth.controller.js:216:20)
{
  "service": "ride-hailing-api",
  "environment": "development",
  "type": "API_ERROR",
  "statusCode": 404,
  "path": "/api/user/verifyUserByOTP",
  "method": "POST",
  "ip": "127.0.0.1",
  "requestId": "47bb887b-a717-4088-8db5-f3e1501cda7c",
  "body": {
    "phoneNumber": "[REDACTED]",
    "OTP": "[REDACTED]",
    "roleId": 2
  },
  "params": {},
  "query": {}
}
16:49:55 [[32minfo[39m]: API Request
{
  "service": "ride-hailing-api",
  "environment": "development",
  "type": "API_REQUEST",
  "method": "POST",
  "url": "/api/user/verifyUserByOTP",
  "statusCode": 404,
  "responseTime": "2ms",
  "ip": "127.0.0.1",
  "userAgent": "axios/1.20.0"
}
16:49:56 [[32minfo[39m]: Telegram message sent
{
  "service": "ride-hailing-api",
  "environment": "development",
  "messageId": 446
}
16:49:56 [[32minfo[39m]: Transaction committed
{
  "service": "ride-hailing-api",
  "environment": "development",
  "transactionId": "txn_2026-09-09 16:49:55_vcvfnb45f",
  "duration": "357ms"
}
16:49:56 [[32minfo[39m]: API Request
{
  "service": "ride-hailing-api",
  "environment": "development",
  "type": "API_REQUEST",
  "method": "POST",
  "url": "/api/user/createUser",
  "statusCode": 200,
  "responseTime": "358ms",
  "ip": "127.0.0.1",
  "userAgent": "axios/1.20.0"
}
16:49:56 [[32minfo[39m]: Transaction committed
{
  "service": "ride-hailing-api",
  "environment": "development",
  "transactionId": "txn_2026-09-09 16:49:56_ebrrtqpgz",
  "duration": "87ms"
}
16:49:56 [[32minfo[39m]: API Request
{
  "service": "ride-hailing-api",
  "environment": "development",
  "type": "API_REQUEST",
  "method": "POST",
  "url": "/api/user/verifyUserByOTP",
  "statusCode": 200,
  "responseTime": "87ms",
  "ip": "127.0.0.1",
  "userAgent": "axios/1.20.0"
}
16:49:56 [[32minfo[39m]: API Request
{
  "service": "ride-hailing-api",
  "environment": "development",
  "type": "API_REQUEST",
  "method": "POST",
  "url": "/api/user/loginUser",
  "statusCode": 200,
  "responseTime": "75ms",
  "ip": "127.0.0.1",
  "userAgent": "axios/1.20.0"
}
[VerifyToken] Request: { method: 'GET', url: '/', hasAuth: true }
[VerifyToken] Token decoded: {
  userUniqueId: '786dcbff-6567-410d-9c21-01faccc95866',
  phoneNumber: '+251983222221',
  roleId: 6,
  iat: 1788961791
}
[VerifyToken] User authenticated: {
  userUniqueId: '786dcbff-6567-410d-9c21-01faccc95866',
  phoneNumber: '+251983222221',
  roleId: undefined
}
16:49:56 [[32minfo[39m]: API Request
{
  "service": "ride-hailing-api",
  "environment": "development",
  "type": "API_REQUEST",
  "method": "GET",
  "url": "/api/admin/vehicleTypes",
  "statusCode": 200,
  "responseTime": "2ms",
  "ip": "127.0.0.1",
  "userAgent": "axios/1.20.0",
  "userId": 1,
  "userUniqueId": "786dcbff-6567-410d-9c21-01faccc95866"
}
[VerifyToken] Request: {
  method: 'POST',
  url: '/api/user/vehicles/driverUserUniqueId/self',
  hasAuth: true
}
[VerifyToken] Token decoded: {
  userUniqueId: '2909ad9d-630f-4b9f-9bf3-b3ad86f57979',
  phoneNumber: '+251979078101',
  roleId: 2,
  iat: 1788961794
}
[VerifyToken] User authenticated: {
  userUniqueId: '2909ad9d-630f-4b9f-9bf3-b3ad86f57979',
  phoneNumber: '+251979078101',
  roleId: undefined
}
16:49:56 [[32minfo[39m]: Transaction committed
{
  "service": "ride-hailing-api",
  "environment": "development",
  "transactionId": "txn_2026-09-09 16:49:56_sucg9sct9",
  "duration": "21ms"
}
16:49:56 [[32minfo[39m]: API Request
{
  "service": "ride-hailing-api",
  "environment": "development",
  "type": "API_REQUEST",
  "method": "POST",
  "url": "/api/user/vehicles/driverUserUniqueId/self",
  "statusCode": 201,
  "responseTime": "22ms",
  "ip": "127.0.0.1",
  "userAgent": "axios/1.20.0",
  "userId": 229,
  "userUniqueId": "2909ad9d-630f-4b9f-9bf3-b3ad86f57979"
}
[VerifyToken] Request: {
  method: 'GET',
  url: '/?driverUserUniqueId=self&assignmentStatus=active',
  hasAuth: true
}
[VerifyToken] Token decoded: {
  userUniqueId: '2909ad9d-630f-4b9f-9bf3-b3ad86f57979',
  phoneNumber: '+251979078101',
  roleId: 2,
  iat: 1788961794
}
[VerifyToken] User authenticated: {
  userUniqueId: '2909ad9d-630f-4b9f-9bf3-b3ad86f57979',
  phoneNumber: '+251979078101',
  roleId: undefined
}
16:49:56 [[32minfo[39m]: @getVehicleDriversController filters
{
  "service": "ride-hailing-api",
  "environment": "development",
  "driverUserUniqueId": "2909ad9d-630f-4b9f-9bf3-b3ad86f57979",
  "assignmentStatus": "active",
  "page": 1,
  "limit": 10
}
16:49:56 [[32minfo[39m]: API Request
{
  "service": "ride-hailing-api",
  "environment": "development",
  "type": "API_REQUEST",
  "method": "GET",
  "url": "/api/vehicleDriver?driverUserUniqueId=self&assignmentStatus=active",
  "statusCode": 200,
  "responseTime": "1ms",
  "ip": "127.0.0.1",
  "userAgent": "axios/1.20.0",
  "userId": 229,
  "userUniqueId": "2909ad9d-630f-4b9f-9bf3-b3ad86f57979"
}
[VerifyToken] Request: { method: 'GET', url: '/api/driver/account', hasAuth: true }
[VerifyToken] Token decoded: {
  userUniqueId: '2909ad9d-630f-4b9f-9bf3-b3ad86f57979',
  phoneNumber: '+251979078101',
  roleId: 2,
  iat: 1788961794
}
[VerifyToken] User authenticated: {
  userUniqueId: '2909ad9d-630f-4b9f-9bf3-b3ad86f57979',
  phoneNumber: '+251979078101',
  roleId: undefined
}
16:49:56 [[32minfo[39m]: @dataRows
{
  "service": "ride-hailing-api",
  "environment": "development"
}
16:49:56 [[32minfo[39m]: Telegram message sent
{
  "service": "ride-hailing-api",
  "environment": "development",
  "messageId": 447
}
16:49:57 [[32minfo[39m]: API Request
{
  "service": "ride-hailing-api",
  "environment": "development",
  "type": "API_REQUEST",
  "method": "GET",
  "url": "/api/driver/account",
  "statusCode": 200,
  "responseTime": "1168ms",
  "ip": "127.0.0.1",
  "userAgent": "axios/1.20.0",
  "userId": 229,
  "userUniqueId": "2909ad9d-630f-4b9f-9bf3-b3ad86f57979"
}
16:49:57 [[33mwarn[39m]: Slow Request
{
  "service": "ride-hailing-api",
  "environment": "development",
  "type": "SLOW_REQUEST",
  "method": "GET",
  "url": "/api/driver/account",
  "responseTime": "1168ms",
  "threshold": "1000ms"
}
[VerifyToken] Request: {
  method: 'POST',
  url: '/api/user/vehicles/driverUserUniqueId/self',
  hasAuth: true
}
[VerifyToken] Token decoded: {
  userUniqueId: '32a64b89-1610-4614-9e36-127856685858',
  phoneNumber: '+251979078102',
  roleId: 2,
  iat: 1788961795
}
[VerifyToken] User authenticated: {
  userUniqueId: '32a64b89-1610-4614-9e36-127856685858',
  phoneNumber: '+251979078102',
  roleId: undefined
}
16:49:57 [[32minfo[39m]: Transaction committed
{
  "service": "ride-hailing-api",
  "environment": "development",
  "transactionId": "txn_2026-09-09 16:49:57_0xq8fs7ns",
  "duration": "9ms"
}
16:49:57 [[32minfo[39m]: API Request
{
  "service": "ride-hailing-api",
  "environment": "development",
  "type": "API_REQUEST",
  "method": "POST",
  "url": "/api/user/vehicles/driverUserUniqueId/self",
  "statusCode": 201,
  "responseTime": "12ms",
  "ip": "127.0.0.1",
  "userAgent": "axios/1.20.0",
  "userId": 230,
  "userUniqueId": "32a64b89-1610-4614-9e36-127856685858"
}
[VerifyToken] Request: {
  method: 'GET',
  url: '/?driverUserUniqueId=self&assignmentStatus=active',
  hasAuth: true
}
[VerifyToken] Token decoded: {
  userUniqueId: '32a64b89-1610-4614-9e36-127856685858',
  phoneNumber: '+251979078102',
  roleId: 2,
  iat: 1788961795
}
[VerifyToken] User authenticated: {
  userUniqueId: '32a64b89-1610-4614-9e36-127856685858',
  phoneNumber: '+251979078102',
  roleId: undefined
}
16:49:57 [[32minfo[39m]: @getVehicleDriversController filters
{
  "service": "ride-hailing-api",
  "environment": "development",
  "driverUserUniqueId": "32a64b89-1610-4614-9e36-127856685858",
  "assignmentStatus": "active",
  "page": 1,
  "limit": 10
}
16:49:57 [[32minfo[39m]: API Request
{
  "service": "ride-hailing-api",
  "environment": "development",
  "type": "API_REQUEST",
  "method": "GET",
  "url": "/api/vehicleDriver?driverUserUniqueId=self&assignmentStatus=active",
  "statusCode": 200,
  "responseTime": "6ms",
  "ip": "127.0.0.1",
  "userAgent": "axios/1.20.0",
  "userId": 230,
  "userUniqueId": "32a64b89-1610-4614-9e36-127856685858"
}
[VerifyToken] Request: { method: 'GET', url: '/api/driver/account', hasAuth: true }
[VerifyToken] Token decoded: {
  userUniqueId: '32a64b89-1610-4614-9e36-127856685858',
  phoneNumber: '+251979078102',
  roleId: 2,
  iat: 1788961795
}
[VerifyToken] User authenticated: {
  userUniqueId: '32a64b89-1610-4614-9e36-127856685858',
  phoneNumber: '+251979078102',
  roleId: undefined
}
16:49:57 [[32minfo[39m]: @dataRows
{
  "service": "ride-hailing-api",
  "environment": "development"
}
16:49:58 [[32minfo[39m]: API Request
{
  "service": "ride-hailing-api",
  "environment": "development",
  "type": "API_REQUEST",
  "method": "GET",
  "url": "/api/driver/account",
  "statusCode": 200,
  "responseTime": "1167ms",
  "ip": "127.0.0.1",
  "userAgent": "axios/1.20.0",
  "userId": 230,
  "userUniqueId": "32a64b89-1610-4614-9e36-127856685858"
}
16:49:58 [[33mwarn[39m]: Slow Request
{
  "service": "ride-hailing-api",
  "environment": "development",
  "type": "SLOW_REQUEST",
  "method": "GET",
  "url": "/api/driver/account",
  "responseTime": "1167ms",
  "threshold": "1000ms"
}
[VerifyToken] Request: {
  method: 'POST',
  url: '/api/user/vehicles/driverUserUniqueId/self',
  hasAuth: true
}
[VerifyToken] Token decoded: {
  userUniqueId: 'dd0f4ebf-1bb0-4c28-b157-8fbc162ac0fd',
  phoneNumber: '+251979078103',
  roleId: 2,
  iat: 1788961795
}
[VerifyToken] User authenticated: {
  userUniqueId: 'dd0f4ebf-1bb0-4c28-b157-8fbc162ac0fd',
  phoneNumber: '+251979078103',
  roleId: undefined
}
16:49:58 [[32minfo[39m]: Transaction committed
{
  "service": "ride-hailing-api",
  "environment": "development",
  "transactionId": "txn_2026-09-09 16:49:58_fde7n5nmp",
  "duration": "9ms"
}
16:49:58 [[32minfo[39m]: API Request
{
  "service": "ride-hailing-api",
  "environment": "development",
  "type": "API_REQUEST",
  "method": "POST",
  "url": "/api/user/vehicles/driverUserUniqueId/self",
  "statusCode": 201,
  "responseTime": "13ms",
  "ip": "127.0.0.1",
  "userAgent": "axios/1.20.0",
  "userId": 231,
  "userUniqueId": "dd0f4ebf-1bb0-4c28-b157-8fbc162ac0fd"
}
[VerifyToken] Request: {
  method: 'GET',
  url: '/?driverUserUniqueId=self&assignmentStatus=active',
  hasAuth: true
}
[VerifyToken] Token decoded: {
  userUniqueId: 'dd0f4ebf-1bb0-4c28-b157-8fbc162ac0fd',
  phoneNumber: '+251979078103',
  roleId: 2,
  iat: 1788961795
}
[VerifyToken] User authenticated: {
  userUniqueId: 'dd0f4ebf-1bb0-4c28-b157-8fbc162ac0fd',
  phoneNumber: '+251979078103',
  roleId: undefined
}
16:49:58 [[32minfo[39m]: @getVehicleDriversController filters
{
  "service": "ride-hailing-api",
  "environment": "development",
  "driverUserUniqueId": "dd0f4ebf-1bb0-4c28-b157-8fbc162ac0fd",
  "assignmentStatus": "active",
  "page": 1,
  "limit": 10
}
16:49:58 [[32minfo[39m]: API Request
{
  "service": "ride-hailing-api",
  "environment": "development",
  "type": "API_REQUEST",
  "method": "GET",
  "url": "/api/vehicleDriver?driverUserUniqueId=self&assignmentStatus=active",
  "statusCode": 200,
  "responseTime": "4ms",
  "ip": "127.0.0.1",
  "userAgent": "axios/1.20.0",
  "userId": 231,
  "userUniqueId": "dd0f4ebf-1bb0-4c28-b157-8fbc162ac0fd"
}
[VerifyToken] Request: { method: 'GET', url: '/api/driver/account', hasAuth: true }
[VerifyToken] Token decoded: {
  userUniqueId: 'dd0f4ebf-1bb0-4c28-b157-8fbc162ac0fd',
  phoneNumber: '+251979078103',
  roleId: 2,
  iat: 1788961795
}
[VerifyToken] User authenticated: {
  userUniqueId: 'dd0f4ebf-1bb0-4c28-b157-8fbc162ac0fd',
  phoneNumber: '+251979078103',
  roleId: undefined
}
16:49:58 [[32minfo[39m]: @dataRows
{
  "service": "ride-hailing-api",
  "environment": "development"
}
16:49:59 [[32minfo[39m]: API Request
{
  "service": "ride-hailing-api",
  "environment": "development",
  "type": "API_REQUEST",
  "method": "GET",
  "url": "/api/driver/account",
  "statusCode": 200,
  "responseTime": "1164ms",
  "ip": "127.0.0.1",
  "userAgent": "axios/1.20.0",
  "userId": 231,
  "userUniqueId": "dd0f4ebf-1bb0-4c28-b157-8fbc162ac0fd"
}
16:49:59 [[33mwarn[39m]: Slow Request
{
  "service": "ride-hailing-api",
  "environment": "development",
  "type": "SLOW_REQUEST",
  "method": "GET",
  "url": "/api/driver/account",
  "responseTime": "1164ms",
  "threshold": "1000ms"
}
[VerifyToken] Request: {
  method: 'POST',
  url: '/api/user/vehicles/driverUserUniqueId/self',
  hasAuth: true
}
[VerifyToken] Token decoded: {
  userUniqueId: '68fab8cd-4301-4cfc-ba75-d2534dcc7da8',
  phoneNumber: '+251979078104',
  roleId: 2,
  iat: 1788961796
}
[VerifyToken] User authenticated: {
  userUniqueId: '68fab8cd-4301-4cfc-ba75-d2534dcc7da8',
  phoneNumber: '+251979078104',
  roleId: undefined
}
16:49:59 [[32minfo[39m]: Transaction committed
{
  "service": "ride-hailing-api",
  "environment": "development",
  "transactionId": "txn_2026-09-09 16:49:59_mfol7cmum",
  "duration": "6ms"
}
16:49:59 [[32minfo[39m]: API Request
{
  "service": "ride-hailing-api",
  "environment": "development",
  "type": "API_REQUEST",
  "method": "POST",
  "url": "/api/user/vehicles/driverUserUniqueId/self",
  "statusCode": 201,
  "responseTime": "9ms",
  "ip": "127.0.0.1",
  "userAgent": "axios/1.20.0",
  "userId": 232,
  "userUniqueId": "68fab8cd-4301-4cfc-ba75-d2534dcc7da8"
}
[VerifyToken] Request: {
  method: 'GET',
  url: '/?driverUserUniqueId=self&assignmentStatus=active',
  hasAuth: true
}
[VerifyToken] Token decoded: {
  userUniqueId: '68fab8cd-4301-4cfc-ba75-d2534dcc7da8',
  phoneNumber: '+251979078104',
  roleId: 2,
  iat: 1788961796
}
[VerifyToken] User authenticated: {
  userUniqueId: '68fab8cd-4301-4cfc-ba75-d2534dcc7da8',
  phoneNumber: '+251979078104',
  roleId: undefined
}
16:49:59 [[32minfo[39m]: @getVehicleDriversController filters
{
  "service": "ride-hailing-api",
  "environment": "development",
  "driverUserUniqueId": "68fab8cd-4301-4cfc-ba75-d2534dcc7da8",
  "assignmentStatus": "active",
  "page": 1,
  "limit": 10
}
16:49:59 [[32minfo[39m]: API Request
{
  "service": "ride-hailing-api",
  "environment": "development",
  "type": "API_REQUEST",
  "method": "GET",
  "url": "/api/vehicleDriver?driverUserUniqueId=self&assignmentStatus=active",
  "statusCode": 200,
  "responseTime": "3ms",
  "ip": "127.0.0.1",
  "userAgent": "axios/1.20.0",
  "userId": 232,
  "userUniqueId": "68fab8cd-4301-4cfc-ba75-d2534dcc7da8"
}
[VerifyToken] Request: { method: 'GET', url: '/api/driver/account', hasAuth: true }
[VerifyToken] Token decoded: {
  userUniqueId: '68fab8cd-4301-4cfc-ba75-d2534dcc7da8',
  phoneNumber: '+251979078104',
  roleId: 2,
  iat: 1788961796
}
[VerifyToken] User authenticated: {
  userUniqueId: '68fab8cd-4301-4cfc-ba75-d2534dcc7da8',
  phoneNumber: '+251979078104',
  roleId: undefined
}
16:49:59 [[32minfo[39m]: @dataRows
{
  "service": "ride-hailing-api",
  "environment": "development"
}
16:50:01 [[32minfo[39m]: API Request
{
  "service": "ride-hailing-api",
  "environment": "development",
  "type": "API_REQUEST",
  "method": "GET",
  "url": "/api/driver/account",
  "statusCode": 200,
  "responseTime": "1159ms",
  "ip": "127.0.0.1",
  "userAgent": "axios/1.20.0",
  "userId": 232,
  "userUniqueId": "68fab8cd-4301-4cfc-ba75-d2534dcc7da8"
}
16:50:01 [[33mwarn[39m]: Slow Request
{
  "service": "ride-hailing-api",
  "environment": "development",
  "type": "SLOW_REQUEST",
  "method": "GET",
  "url": "/api/driver/account",
  "responseTime": "1159ms",
  "threshold": "1000ms"
}
[VerifyToken] Request: {
  method: 'PUT',
  url: '/2909ad9d-630f-4b9f-9bf3-b3ad86f57979',
  hasAuth: true
}
[VerifyToken] Token decoded: {
  userUniqueId: '786dcbff-6567-410d-9c21-01faccc95866',
  phoneNumber: '+251983222221',
  roleId: 6,
  iat: 1788961791
}
[VerifyToken] User authenticated: {
  userUniqueId: '786dcbff-6567-410d-9c21-01faccc95866',
  phoneNumber: '+251983222221',
  roleId: undefined
}
16:50:01 [[32minfo[39m]: Transaction committed
{
  "service": "ride-hailing-api",
  "environment": "development",
  "transactionId": "txn_2026-09-09 16:50:01_7dyhww532",
  "duration": "4ms"
}
16:50:01 [[32minfo[39m]: API Request
{
  "service": "ride-hailing-api",
  "environment": "development",
  "type": "API_REQUEST",
  "method": "PUT",
  "url": "/api/admin/userRoleStatus/2909ad9d-630f-4b9f-9bf3-b3ad86f57979",
  "statusCode": 200,
  "responseTime": "9ms",
  "ip": "127.0.0.1",
  "userAgent": "axios/1.20.0",
  "userId": 1,
  "userUniqueId": "786dcbff-6567-410d-9c21-01faccc95866"
}
[VerifyToken] Request: {
  method: 'PUT',
  url: '/32a64b89-1610-4614-9e36-127856685858',
  hasAuth: true
}
[VerifyToken] Token decoded: {
  userUniqueId: '786dcbff-6567-410d-9c21-01faccc95866',
  phoneNumber: '+251983222221',
  roleId: 6,
  iat: 1788961791
}
[VerifyToken] User authenticated: {
  userUniqueId: '786dcbff-6567-410d-9c21-01faccc95866',
  phoneNumber: '+251983222221',
  roleId: undefined
}
16:50:01 [[32minfo[39m]: Transaction committed
{
  "service": "ride-hailing-api",
  "environment": "development",
  "transactionId": "txn_2026-09-09 16:50:01_bkox32ww4",
  "duration": "4ms"
}
16:50:01 [[32minfo[39m]: API Request
{
  "service": "ride-hailing-api",
  "environment": "development",
  "type": "API_REQUEST",
  "method": "PUT",
  "url": "/api/admin/userRoleStatus/32a64b89-1610-4614-9e36-127856685858",
  "statusCode": 200,
  "responseTime": "7ms",
  "ip": "127.0.0.1",
  "userAgent": "axios/1.20.0",
  "userId": 1,
  "userUniqueId": "786dcbff-6567-410d-9c21-01faccc95866"
}
[VerifyToken] Request: {
  method: 'PUT',
  url: '/dd0f4ebf-1bb0-4c28-b157-8fbc162ac0fd',
  hasAuth: true
}
[VerifyToken] Token decoded: {
  userUniqueId: '786dcbff-6567-410d-9c21-01faccc95866',
  phoneNumber: '+251983222221',
  roleId: 6,
  iat: 1788961791
}
[VerifyToken] User authenticated: {
  userUniqueId: '786dcbff-6567-410d-9c21-01faccc95866',
  phoneNumber: '+251983222221',
  roleId: undefined
}
16:50:01 [[32minfo[39m]: Transaction committed
{
  "service": "ride-hailing-api",
  "environment": "development",
  "transactionId": "txn_2026-09-09 16:50:01_1ohrwscil",
  "duration": "3ms"
}
16:50:01 [[32minfo[39m]: API Request
{
  "service": "ride-hailing-api",
  "environment": "development",
  "type": "API_REQUEST",
  "method": "PUT",
  "url": "/api/admin/userRoleStatus/dd0f4ebf-1bb0-4c28-b157-8fbc162ac0fd",
  "statusCode": 200,
  "responseTime": "6ms",
  "ip": "127.0.0.1",
  "userAgent": "axios/1.20.0",
  "userId": 1,
  "userUniqueId": "786dcbff-6567-410d-9c21-01faccc95866"
}
[VerifyToken] Request: {
  method: 'PUT',
  url: '/68fab8cd-4301-4cfc-ba75-d2534dcc7da8',
  hasAuth: true
}
[VerifyToken] Token decoded: {
  userUniqueId: '786dcbff-6567-410d-9c21-01faccc95866',
  phoneNumber: '+251983222221',
  roleId: 6,
  iat: 1788961791
}
[VerifyToken] User authenticated: {
  userUniqueId: '786dcbff-6567-410d-9c21-01faccc95866',
  phoneNumber: '+251983222221',
  roleId: undefined
}
16:50:01 [[32minfo[39m]: Transaction committed
{
  "service": "ride-hailing-api",
  "environment": "development",
  "transactionId": "txn_2026-09-09 16:50:01_ezfrcnjsb",
  "duration": "2ms"
}
16:50:01 [[32minfo[39m]: API Request
{
  "service": "ride-hailing-api",
  "environment": "development",
  "type": "API_REQUEST",
  "method": "PUT",
  "url": "/api/admin/userRoleStatus/68fab8cd-4301-4cfc-ba75-d2534dcc7da8",
  "statusCode": 200,
  "responseTime": "5ms",
  "ip": "127.0.0.1",
  "userAgent": "axios/1.20.0",
  "userId": 1,
  "userUniqueId": "786dcbff-6567-410d-9c21-01faccc95866"
}
[VerifyToken] Request: { method: 'GET', url: '/api/shipper/account', hasAuth: true }
[VerifyToken] Token decoded: {
  userUniqueId: 'cb41097f-9b0f-4fba-9683-1ced0d0924d6',
  phoneNumber: '+251987907812',
  roleId: 1,
  iat: 1788961794
}
[VerifyToken] User authenticated: {
  userUniqueId: 'cb41097f-9b0f-4fba-9683-1ced0d0924d6',
  phoneNumber: '+251987907812',
  roleId: undefined
}
16:50:01 [[32minfo[39m]: API Request
{
  "service": "ride-hailing-api",
  "environment": "development",
  "type": "API_REQUEST",
  "method": "GET",
  "url": "/api/shipper/account",
  "statusCode": 200,
  "responseTime": "9ms",
  "ip": "127.0.0.1",
  "userAgent": "axios/1.20.0",
  "userId": 228,
  "userUniqueId": "cb41097f-9b0f-4fba-9683-1ced0d0924d6"
}
[VerifyToken] Request: { method: 'POST', url: '/', hasAuth: true }
[VerifyToken] Token decoded: {
  userUniqueId: '786dcbff-6567-410d-9c21-01faccc95866',
  phoneNumber: '+251983222221',
  roleId: 6,
  iat: 1788961791
}
[VerifyToken] User authenticated: {
  userUniqueId: '786dcbff-6567-410d-9c21-01faccc95866',
  phoneNumber: '+251983222221',
  roleId: undefined
}
16:50:01 [[32minfo[39m]: Transaction committed
{
  "service": "ride-hailing-api",
  "environment": "development",
  "transactionId": "txn_2026-09-09 16:50:01_jz130hwfi",
  "duration": "9ms"
}
16:50:01 [[32minfo[39m]: API Request
{
  "service": "ride-hailing-api",
  "environment": "development",
  "type": "API_REQUEST",
  "method": "POST",
  "url": "/api/queueOrganization",
  "statusCode": 201,
  "responseTime": "13ms",
  "ip": "127.0.0.1",
  "userAgent": "axios/1.20.0",
  "userId": 1,
  "userUniqueId": "786dcbff-6567-410d-9c21-01faccc95866"
}
[VerifyToken] Request: {
  method: 'GET',
  url: '/?queueOrganizationUniqueId=11f8aa32-0053-40a1-a0ad-7975bf715b05',
  hasAuth: true
}
[VerifyToken] Token decoded: {
  userUniqueId: '786dcbff-6567-410d-9c21-01faccc95866',
  phoneNumber: '+251983222221',
  roleId: 6,
  iat: 1788961791
}
[VerifyToken] User authenticated: {
  userUniqueId: '786dcbff-6567-410d-9c21-01faccc95866',
  phoneNumber: '+251983222221',
  roleId: undefined
}
16:50:01 [[32minfo[39m]: API Request
{
  "service": "ride-hailing-api",
  "environment": "development",
  "type": "API_REQUEST",
  "method": "GET",
  "url": "/api/queueOrganization?queueOrganizationUniqueId=11f8aa32-0053-40a1-a0ad-7975bf715b05",
  "statusCode": 200,
  "responseTime": "3ms",
  "ip": "127.0.0.1",
  "userAgent": "axios/1.20.0",
  "userId": 1,
  "userUniqueId": "786dcbff-6567-410d-9c21-01faccc95866"
}
[VerifyToken] Request: { method: 'POST', url: '/driver/checkin', hasAuth: true }
[VerifyToken] Token decoded: {
  userUniqueId: '2909ad9d-630f-4b9f-9bf3-b3ad86f57979',
  phoneNumber: '+251979078101',
  roleId: 2,
  iat: 1788961794
}
[VerifyToken] User authenticated: {
  userUniqueId: '2909ad9d-630f-4b9f-9bf3-b3ad86f57979',
  phoneNumber: '+251979078101',
  roleId: undefined
}
16:50:01 [[33mwarn[39m]: Transaction rolled back
Error: Queue organization is not enabled for dispatch
    at exports.checkin (/Users/zewedu/Desktop/Projects/transportBackEndNative/Services/DriverQueue.service.js:647:11)
    at process.processTicksAndRejections (node:internal/process/task_queues:105:5)
    at async /Users/zewedu/Desktop/Projects/transportBackEndNative/Utils/DatabaseTransaction.js:107:16
    at async executeInTransaction (/Users/zewedu/Desktop/Projects/transportBackEndNative/Utils/DatabaseTransaction.js:105:22)
    at async exports.checkin (/Users/zewedu/Desktop/Projects/transportBackEndNative/Controllers/DriverQueue.controller.js:9:20)
{
  "service": "ride-hailing-api",
  "environment": "development",
  "transactionId": "txn_2026-09-09 16:50:01_nivt604er",
  "duration": "2ms",
  "error": "Queue organization is not enabled for dispatch"
}
16:50:01 [[33mwarn[39m]: API Error Queue organization is not enabled for dispatch
Error: Queue organization is not enabled for dispatch
    at exports.checkin (/Users/zewedu/Desktop/Projects/transportBackEndNative/Services/DriverQueue.service.js:647:11)
    at process.processTicksAndRejections (node:internal/process/task_queues:105:5)
    at async /Users/zewedu/Desktop/Projects/transportBackEndNative/Utils/DatabaseTransaction.js:107:16
    at async executeInTransaction (/Users/zewedu/Desktop/Projects/transportBackEndNative/Utils/DatabaseTransaction.js:105:22)
    at async exports.checkin (/Users/zewedu/Desktop/Projects/transportBackEndNative/Controllers/DriverQueue.controller.js:9:20)
{
  "service": "ride-hailing-api",
  "environment": "development",
  "type": "API_ERROR",
  "statusCode": 403,
  "path": "/api/queue/driver/checkin",
  "method": "POST",
  "ip": "127.0.0.1",
  "requestId": "5f34c162-fe31-4c7d-8d84-13bc9243c9bf",
  "userId": 229,
  "userUniqueId": "2909ad9d-630f-4b9f-9bf3-b3ad86f57979",
  "body": {
    "queueOrganizationUniqueId": "11f8aa32-0053-40a1-a0ad-7975bf715b05",
    "vehicleDriverUniqueId": "2c447507-b3ee-4774-843d-4ef5092c9f5d",
    "latitude": 9.03,
    "longitude": 38.74
  },
  "params": {},
  "query": {}
}
16:50:01 [[32minfo[39m]: API Request
{
  "service": "ride-hailing-api",
  "environment": "development",
  "type": "API_REQUEST",
  "method": "POST",
  "url": "/api/queue/driver/checkin",
  "statusCode": 403,
  "responseTime": "4ms",
  "ip": "127.0.0.1",
  "userAgent": "axios/1.20.0",
  "userId": 229,
  "userUniqueId": "2909ad9d-630f-4b9f-9bf3-b3ad86f57979"
}
[VerifyToken] Request: {
  method: 'PATCH',
  url: '/11f8aa32-0053-40a1-a0ad-7975bf715b05/approve',
  hasAuth: true
}
[VerifyToken] Token decoded: {
  userUniqueId: '2909ad9d-630f-4b9f-9bf3-b3ad86f57979',
  phoneNumber: '+251979078101',
  roleId: 2,
  iat: 1788961794
}
[VerifyToken] User authenticated: {
  userUniqueId: '2909ad9d-630f-4b9f-9bf3-b3ad86f57979',
  phoneNumber: '+251979078101',
  roleId: undefined
}
16:50:01 [[33mwarn[39m]: API Error You are not allowed to do this action
Error: You are not allowed to do this action
    at verifyIfUserIsAdminOrSupperAdmin (/Users/zewedu/Desktop/Projects/transportBackEndNative/Middleware/VerifyToken.js:137:19)
    at Layer.handleRequest (/Users/zewedu/Desktop/Projects/transportBackEndNative/node_modules/router/lib/layer.js:152:17)
    at next (/Users/zewedu/Desktop/Projects/transportBackEndNative/node_modules/router/lib/route.js:157:13)
    at Route.dispatch (/Users/zewedu/Desktop/Projects/transportBackEndNative/node_modules/router/lib/route.js:117:3)
    at handle (/Users/zewedu/Desktop/Projects/transportBackEndNative/node_modules/router/index.js:435:11)
    at Layer.handleRequest (/Users/zewedu/Desktop/Projects/transportBackEndNative/node_modules/router/lib/layer.js:152:17)
    at /Users/zewedu/Desktop/Projects/transportBackEndNative/node_modules/router/index.js:295:15
    at param (/Users/zewedu/Desktop/Projects/transportBackEndNative/node_modules/router/index.js:600:14)
    at param (/Users/zewedu/Desktop/Projects/transportBackEndNative/node_modules/router/index.js:610:14)
    at processParams (/Users/zewedu/Desktop/Projects/transportBackEndNative/node_modules/router/index.js:664:3)
{
  "service": "ride-hailing-api",
  "environment": "development",
  "type": "API_ERROR",
  "statusCode": 401,
  "path": "/api/queueOrganization/11f8aa32-0053-40a1-a0ad-7975bf715b05/approve",
  "method": "PATCH",
  "ip": "127.0.0.1",
  "requestId": "2ddc98de-11d3-4a2d-bcd8-90625b40e973",
  "userId": 229,
  "userUniqueId": "2909ad9d-630f-4b9f-9bf3-b3ad86f57979",
  "body": {
    "approvalStatus": "approved",
    "queueEnabled": true
  },
  "params": {},
  "query": {}
}
16:50:01 [[32minfo[39m]: API Request
{
  "service": "ride-hailing-api",
  "environment": "development",
  "type": "API_REQUEST",
  "method": "PATCH",
  "url": "/api/queueOrganization/11f8aa32-0053-40a1-a0ad-7975bf715b05/approve",
  "statusCode": 401,
  "responseTime": "2ms",
  "ip": "127.0.0.1",
  "userAgent": "axios/1.20.0",
  "userId": 229,
  "userUniqueId": "2909ad9d-630f-4b9f-9bf3-b3ad86f57979"
}
[VerifyToken] Request: {
  method: 'PATCH',
  url: '/11f8aa32-0053-40a1-a0ad-7975bf715b05/approve',
  hasAuth: true
}
[VerifyToken] Token decoded: {
  userUniqueId: '786dcbff-6567-410d-9c21-01faccc95866',
  phoneNumber: '+251983222221',
  roleId: 6,
  iat: 1788961791
}
[VerifyToken] User authenticated: {
  userUniqueId: '786dcbff-6567-410d-9c21-01faccc95866',
  phoneNumber: '+251983222221',
  roleId: undefined
}
16:50:01 [[32minfo[39m]: Transaction committed
{
  "service": "ride-hailing-api",
  "environment": "development",
  "transactionId": "txn_2026-09-09 16:50:01_hx6mjuf8g",
  "duration": "4ms"
}
16:50:01 [[32minfo[39m]: API Request
{
  "service": "ride-hailing-api",
  "environment": "development",
  "type": "API_REQUEST",
  "method": "PATCH",
  "url": "/api/queueOrganization/11f8aa32-0053-40a1-a0ad-7975bf715b05/approve",
  "statusCode": 200,
  "responseTime": "6ms",
  "ip": "127.0.0.1",
  "userAgent": "axios/1.20.0",
  "userId": 1,
  "userUniqueId": "786dcbff-6567-410d-9c21-01faccc95866"
}
[VerifyToken] Request: { method: 'POST', url: '/driver/checkin', hasAuth: true }
[VerifyToken] Token decoded: {
  userUniqueId: '2909ad9d-630f-4b9f-9bf3-b3ad86f57979',
  phoneNumber: '+251979078101',
  roleId: 2,
  iat: 1788961794
}
[VerifyToken] User authenticated: {
  userUniqueId: '2909ad9d-630f-4b9f-9bf3-b3ad86f57979',
  phoneNumber: '+251979078101',
  roleId: undefined
}
16:50:01 [[33mwarn[39m]: Transaction rolled back
Error: Queue organization is not enabled for dispatch
    at exports.checkin (/Users/zewedu/Desktop/Projects/transportBackEndNative/Services/DriverQueue.service.js:647:11)
    at process.processTicksAndRejections (node:internal/process/task_queues:105:5)
    at async /Users/zewedu/Desktop/Projects/transportBackEndNative/Utils/DatabaseTransaction.js:107:16
    at async executeInTransaction (/Users/zewedu/Desktop/Projects/transportBackEndNative/Utils/DatabaseTransaction.js:105:22)
    at async exports.checkin (/Users/zewedu/Desktop/Projects/transportBackEndNative/Controllers/DriverQueue.controller.js:9:20)
{
  "service": "ride-hailing-api",
  "environment": "development",
  "transactionId": "txn_2026-09-09 16:50:01_hr4hctkcr",
  "duration": "0ms",
  "error": "Queue organization is not enabled for dispatch"
}
16:50:01 [[33mwarn[39m]: API Error Queue organization is not enabled for dispatch
Error: Queue organization is not enabled for dispatch
    at exports.checkin (/Users/zewedu/Desktop/Projects/transportBackEndNative/Services/DriverQueue.service.js:647:11)
    at process.processTicksAndRejections (node:internal/process/task_queues:105:5)
    at async /Users/zewedu/Desktop/Projects/transportBackEndNative/Utils/DatabaseTransaction.js:107:16
    at async executeInTransaction (/Users/zewedu/Desktop/Projects/transportBackEndNative/Utils/DatabaseTransaction.js:105:22)
    at async exports.checkin (/Users/zewedu/Desktop/Projects/transportBackEndNative/Controllers/DriverQueue.controller.js:9:20)
{
  "service": "ride-hailing-api",
  "environment": "development",
  "type": "API_ERROR",
  "statusCode": 403,
  "path": "/api/queue/driver/checkin",
  "method": "POST",
  "ip": "127.0.0.1",
  "requestId": "d0706291-95fb-4d9c-bfc4-b2f9c9b70762",
  "userId": 229,
  "userUniqueId": "2909ad9d-630f-4b9f-9bf3-b3ad86f57979",
  "body": {
    "queueOrganizationUniqueId": "11f8aa32-0053-40a1-a0ad-7975bf715b05",
    "vehicleDriverUniqueId": "2c447507-b3ee-4774-843d-4ef5092c9f5d",
    "latitude": 9.03,
    "longitude": 38.74
  },
  "params": {},
  "query": {}
}
16:50:01 [[32minfo[39m]: API Request
{
  "service": "ride-hailing-api",
  "environment": "development",
  "type": "API_REQUEST",
  "method": "POST",
  "url": "/api/queue/driver/checkin",
  "statusCode": 403,
  "responseTime": "3ms",
  "ip": "127.0.0.1",
  "userAgent": "axios/1.20.0",
  "userId": 229,
  "userUniqueId": "2909ad9d-630f-4b9f-9bf3-b3ad86f57979"
}
[VerifyToken] Request: {
  method: 'PATCH',
  url: '/11f8aa32-0053-40a1-a0ad-7975bf715b05/approve',
  hasAuth: true
}
[VerifyToken] Token decoded: {
  userUniqueId: '786dcbff-6567-410d-9c21-01faccc95866',
  phoneNumber: '+251983222221',
  roleId: 6,
  iat: 1788961791
}
[VerifyToken] User authenticated: {
  userUniqueId: '786dcbff-6567-410d-9c21-01faccc95866',
  phoneNumber: '+251983222221',
  roleId: undefined
}
16:50:01 [[32minfo[39m]: Transaction committed
{
  "service": "ride-hailing-api",
  "environment": "development",
  "transactionId": "txn_2026-09-09 16:50:01_9dfxwi1tx",
  "duration": "1ms"
}
16:50:01 [[32minfo[39m]: API Request
{
  "service": "ride-hailing-api",
  "environment": "development",
  "type": "API_REQUEST",
  "method": "PATCH",
  "url": "/api/queueOrganization/11f8aa32-0053-40a1-a0ad-7975bf715b05/approve",
  "statusCode": 200,
  "responseTime": "3ms",
  "ip": "127.0.0.1",
  "userAgent": "axios/1.20.0",
  "userId": 1,
  "userUniqueId": "786dcbff-6567-410d-9c21-01faccc95866"
}
[VerifyToken] Request: {
  method: 'GET',
  url: '/status?queueOrganizationUniqueId=11f8aa32-0053-40a1-a0ad-7975bf715b05',
  hasAuth: true
}
[VerifyToken] Token decoded: {
  userUniqueId: '786dcbff-6567-410d-9c21-01faccc95866',
  phoneNumber: '+251983222221',
  roleId: 6,
  iat: 1788961791
}
[VerifyToken] User authenticated: {
  userUniqueId: '786dcbff-6567-410d-9c21-01faccc95866',
  phoneNumber: '+251983222221',
  roleId: undefined
}
16:50:01 [[32minfo[39m]: API Request
{
  "service": "ride-hailing-api",
  "environment": "development",
  "type": "API_REQUEST",
  "method": "GET",
  "url": "/api/queue/status?queueOrganizationUniqueId=11f8aa32-0053-40a1-a0ad-7975bf715b05",
  "statusCode": 200,
  "responseTime": "7ms",
  "ip": "127.0.0.1",
  "userAgent": "axios/1.20.0",
  "userId": 1,
  "userUniqueId": "786dcbff-6567-410d-9c21-01faccc95866"
}
[VerifyToken] Request: { method: 'POST', url: '/driver/checkin', hasAuth: true }
[VerifyToken] Token decoded: {
  userUniqueId: '2909ad9d-630f-4b9f-9bf3-b3ad86f57979',
  phoneNumber: '+251979078101',
  roleId: 2,
  iat: 1788961794
}
[VerifyToken] User authenticated: {
  userUniqueId: '2909ad9d-630f-4b9f-9bf3-b3ad86f57979',
  phoneNumber: '+251979078101',
  roleId: undefined
}
16:50:01 [[32minfo[39m]: Transaction committed
{
  "service": "ride-hailing-api",
  "environment": "development",
  "transactionId": "txn_2026-09-09 16:50:01_4xt34qjnb",
  "duration": "12ms"
}
🚀 ~ result?.data?.alreadyInJourney: undefined
🚀 ~ position: {
  message: 'success',
  data: {
    queue: {
      queueUniqueId: 'ed84d061-f4f4-4f94-9135-9323e20b222c',
      queueNumber: 1,
      joinedAt: 2026-09-09T13:50:01.000Z,
      status: 1,
      journeyStatusId: null,
      requestedAt: null,
      agreedAt: null,
      vehicleDriverUniqueId: '2c447507-b3ee-4774-843d-4ef5092c9f5d',
      driverUserUniqueId: '2909ad9d-630f-4b9f-9bf3-b3ad86f57979',
      driverName: undefined,
      driverPhoneNumber: undefined,
      vehicleTypeUniqueId: '6ac6b747-6579-4b05-b917-00f17a0c6dd2',
      shipperRequestUniqueId: null,
      targetedShipperUserUUID: null,
      driverLatitude: '9.03000000',
      driverLongitude: '38.74000000',
      waitingAhead: 0
    },
    shipper: null,
    shipperHistory: [],
    organization: {
      queueOrganizationUniqueId: '11f8aa32-0053-40a1-a0ad-7975bf715b05',
      queueOrganizationName: 'QA Dispatch Hub 1788961801193',
      queueOrganizationType: 'other',
      queueOrganizationPhone: '+251910000001',
      queueOrganizationAddress: 'Addis Ababa',
      latitude: '9.03000000',
      longitude: '38.74000000',
      checkinRadiusKm: null,
      approvalStatus: 'approved',
      queueEnabled: 1,
      approvedBy: '786dcbff-6567-410d-9c21-01faccc95866',
      approvedAt: 2026-09-09T13:50:01.000Z
    }
  }
}
16:50:01 [[32minfo[39m]: API Request
{
  "service": "ride-hailing-api",
  "environment": "development",
  "type": "API_REQUEST",
  "method": "POST",
  "url": "/api/queue/driver/checkin",
  "statusCode": 201,
  "responseTime": "17ms",
  "ip": "127.0.0.1",
  "userAgent": "axios/1.20.0",
  "userId": 229,
  "userUniqueId": "2909ad9d-630f-4b9f-9bf3-b3ad86f57979"
}
[VerifyToken] Request: {
  method: 'PATCH',
  url: '/11f8aa32-0053-40a1-a0ad-7975bf715b05/approve',
  hasAuth: true
}
[VerifyToken] Token decoded: {
  userUniqueId: '786dcbff-6567-410d-9c21-01faccc95866',
  phoneNumber: '+251983222221',
  roleId: 6,
  iat: 1788961791
}
[VerifyToken] User authenticated: {
  userUniqueId: '786dcbff-6567-410d-9c21-01faccc95866',
  phoneNumber: '+251983222221',
  roleId: undefined
}
16:50:01 [[32minfo[39m]: Transaction committed
{
  "service": "ride-hailing-api",
  "environment": "development",
  "transactionId": "txn_2026-09-09 16:50:01_wccza5rut",
  "duration": "2ms"
}
16:50:01 [[32minfo[39m]: API Request
{
  "service": "ride-hailing-api",
  "environment": "development",
  "type": "API_REQUEST",
  "method": "PATCH",
  "url": "/api/queueOrganization/11f8aa32-0053-40a1-a0ad-7975bf715b05/approve",
  "statusCode": 200,
  "responseTime": "3ms",
  "ip": "127.0.0.1",
  "userAgent": "axios/1.20.0",
  "userId": 1,
  "userUniqueId": "786dcbff-6567-410d-9c21-01faccc95866"
}
[VerifyToken] Request: {
  method: 'GET',
  url: '/status?queueOrganizationUniqueId=11f8aa32-0053-40a1-a0ad-7975bf715b05',
  hasAuth: true
}
[VerifyToken] Token decoded: {
  userUniqueId: '786dcbff-6567-410d-9c21-01faccc95866',
  phoneNumber: '+251983222221',
  roleId: 6,
  iat: 1788961791
}
[VerifyToken] User authenticated: {
  userUniqueId: '786dcbff-6567-410d-9c21-01faccc95866',
  phoneNumber: '+251983222221',
  roleId: undefined
}
16:50:01 [[32minfo[39m]: API Request
{
  "service": "ride-hailing-api",
  "environment": "development",
  "type": "API_REQUEST",
  "method": "GET",
  "url": "/api/queue/status?queueOrganizationUniqueId=11f8aa32-0053-40a1-a0ad-7975bf715b05",
  "statusCode": 200,
  "responseTime": "4ms",
  "ip": "127.0.0.1",
  "userAgent": "axios/1.20.0",
  "userId": 1,
  "userUniqueId": "786dcbff-6567-410d-9c21-01faccc95866"
}
[VerifyToken] Request: { method: 'POST', url: '/driver/checkin', hasAuth: true }
[VerifyToken] Token decoded: {
  userUniqueId: '32a64b89-1610-4614-9e36-127856685858',
  phoneNumber: '+251979078102',
  roleId: 2,
  iat: 1788961795
}
[VerifyToken] User authenticated: {
  userUniqueId: '32a64b89-1610-4614-9e36-127856685858',
  phoneNumber: '+251979078102',
  roleId: undefined
}
16:50:01 [[33mwarn[39m]: Transaction rolled back
Error: Queue organization is not enabled for dispatch
    at exports.checkin (/Users/zewedu/Desktop/Projects/transportBackEndNative/Services/DriverQueue.service.js:647:11)
    at process.processTicksAndRejections (node:internal/process/task_queues:105:5)
    at async /Users/zewedu/Desktop/Projects/transportBackEndNative/Utils/DatabaseTransaction.js:107:16
    at async executeInTransaction (/Users/zewedu/Desktop/Projects/transportBackEndNative/Utils/DatabaseTransaction.js:105:22)
    at async exports.checkin (/Users/zewedu/Desktop/Projects/transportBackEndNative/Controllers/DriverQueue.controller.js:9:20)
{
  "service": "ride-hailing-api",
  "environment": "development",
  "transactionId": "txn_2026-09-09 16:50:01_2xs6e10bc",
  "duration": "0ms",
  "error": "Queue organization is not enabled for dispatch"
}
16:50:01 [[33mwarn[39m]: API Error Queue organization is not enabled for dispatch
Error: Queue organization is not enabled for dispatch
    at exports.checkin (/Users/zewedu/Desktop/Projects/transportBackEndNative/Services/DriverQueue.service.js:647:11)
    at process.processTicksAndRejections (node:internal/process/task_queues:105:5)
    at async /Users/zewedu/Desktop/Projects/transportBackEndNative/Utils/DatabaseTransaction.js:107:16
    at async executeInTransaction (/Users/zewedu/Desktop/Projects/transportBackEndNative/Utils/DatabaseTransaction.js:105:22)
    at async exports.checkin (/Users/zewedu/Desktop/Projects/transportBackEndNative/Controllers/DriverQueue.controller.js:9:20)
{
  "service": "ride-hailing-api",
  "environment": "development",
  "type": "API_ERROR",
  "statusCode": 403,
  "path": "/api/queue/driver/checkin",
  "method": "POST",
  "ip": "127.0.0.1",
  "requestId": "2c630cd4-0ceb-4740-acd3-f4f7306ce66c",
  "userId": 230,
  "userUniqueId": "32a64b89-1610-4614-9e36-127856685858",
  "body": {
    "queueOrganizationUniqueId": "11f8aa32-0053-40a1-a0ad-7975bf715b05",
    "vehicleDriverUniqueId": "e37788de-509f-421a-9f5b-5010a41cf549",
    "latitude": 9.03,
    "longitude": 38.74
  },
  "params": {},
  "query": {}
}
16:50:01 [[32minfo[39m]: API Request
{
  "service": "ride-hailing-api",
  "environment": "development",
  "type": "API_REQUEST",
  "method": "POST",
  "url": "/api/queue/driver/checkin",
  "statusCode": 403,
  "responseTime": "2ms",
  "ip": "127.0.0.1",
  "userAgent": "axios/1.20.0",
  "userId": 230,
  "userUniqueId": "32a64b89-1610-4614-9e36-127856685858"
}
[VerifyToken] Request: {
  method: 'PATCH',
  url: '/11f8aa32-0053-40a1-a0ad-7975bf715b05/approve',
  hasAuth: true
}
[VerifyToken] Token decoded: {
  userUniqueId: '786dcbff-6567-410d-9c21-01faccc95866',
  phoneNumber: '+251983222221',
  roleId: 6,
  iat: 1788961791
}
[VerifyToken] User authenticated: {
  userUniqueId: '786dcbff-6567-410d-9c21-01faccc95866',
  phoneNumber: '+251983222221',
  roleId: undefined
}
16:50:01 [[32minfo[39m]: Transaction committed
{
  "service": "ride-hailing-api",
  "environment": "development",
  "transactionId": "txn_2026-09-09 16:50:01_fw35qj5s5",
  "duration": "2ms"
}
16:50:01 [[32minfo[39m]: API Request
{
  "service": "ride-hailing-api",
  "environment": "development",
  "type": "API_REQUEST",
  "method": "PATCH",
  "url": "/api/queueOrganization/11f8aa32-0053-40a1-a0ad-7975bf715b05/approve",
  "statusCode": 200,
  "responseTime": "4ms",
  "ip": "127.0.0.1",
  "userAgent": "axios/1.20.0",
  "userId": 1,
  "userUniqueId": "786dcbff-6567-410d-9c21-01faccc95866"
}
[VerifyToken] Request: { method: 'POST', url: '/driver/checkin', hasAuth: true }
[VerifyToken] Token decoded: {
  userUniqueId: '2909ad9d-630f-4b9f-9bf3-b3ad86f57979',
  phoneNumber: '+251979078101',
  roleId: 2,
  iat: 1788961794
}
[VerifyToken] User authenticated: {
  userUniqueId: '2909ad9d-630f-4b9f-9bf3-b3ad86f57979',
  phoneNumber: '+251979078101',
  roleId: undefined
}
16:50:01 [[32minfo[39m]: Transaction committed
{
  "service": "ride-hailing-api",
  "environment": "development",
  "transactionId": "txn_2026-09-09 16:50:01_0m8kdr3by",
  "duration": "2ms"
}
🚀 ~ result?.data?.alreadyInJourney: undefined
🚀 ~ position: {
  message: 'success',
  data: {
    queue: {
      queueUniqueId: 'ed84d061-f4f4-4f94-9135-9323e20b222c',
      queueNumber: 1,
      joinedAt: 2026-09-09T13:50:01.000Z,
      status: 1,
      journeyStatusId: null,
      requestedAt: null,
      agreedAt: null,
      vehicleDriverUniqueId: '2c447507-b3ee-4774-843d-4ef5092c9f5d',
      driverUserUniqueId: '2909ad9d-630f-4b9f-9bf3-b3ad86f57979',
      driverName: undefined,
      driverPhoneNumber: undefined,
      vehicleTypeUniqueId: '6ac6b747-6579-4b05-b917-00f17a0c6dd2',
      shipperRequestUniqueId: null,
      targetedShipperUserUUID: null,
      driverLatitude: '9.03000000',
      driverLongitude: '38.74000000',
      waitingAhead: 0
    },
    shipper: null,
    shipperHistory: [],
    organization: {
      queueOrganizationUniqueId: '11f8aa32-0053-40a1-a0ad-7975bf715b05',
      queueOrganizationName: 'QA Dispatch Hub 1788961801193',
      queueOrganizationType: 'other',
      queueOrganizationPhone: '+251910000001',
      queueOrganizationAddress: 'Addis Ababa',
      latitude: '9.03000000',
      longitude: '38.74000000',
      checkinRadiusKm: null,
      approvalStatus: 'approved',
      queueEnabled: 1,
      approvedBy: '786dcbff-6567-410d-9c21-01faccc95866',
      approvedAt: 2026-09-09T13:50:01.000Z
    }
  }
}
16:50:01 [[32minfo[39m]: API Request
{
  "service": "ride-hailing-api",
  "environment": "development",
  "type": "API_REQUEST",
  "method": "POST",
  "url": "/api/queue/driver/checkin",
  "statusCode": 201,
  "responseTime": "5ms",
  "ip": "127.0.0.1",
  "userAgent": "axios/1.20.0",
  "userId": 229,
  "userUniqueId": "2909ad9d-630f-4b9f-9bf3-b3ad86f57979"
}
[VerifyToken] Request: { method: 'POST', url: '/driver/checkin', hasAuth: true }
[VerifyToken] Token decoded: {
  userUniqueId: '32a64b89-1610-4614-9e36-127856685858',
  phoneNumber: '+251979078102',
  roleId: 2,
  iat: 1788961795
}
[VerifyToken] User authenticated: {
  userUniqueId: '32a64b89-1610-4614-9e36-127856685858',
  phoneNumber: '+251979078102',
  roleId: undefined
}
16:50:01 [[32minfo[39m]: Transaction committed
{
  "service": "ride-hailing-api",
  "environment": "development",
  "transactionId": "txn_2026-09-09 16:50:01_ff2pl6wtc",
  "duration": "8ms"
}
🚀 ~ result?.data?.alreadyInJourney: undefined
🚀 ~ position: {
  message: 'success',
  data: {
    queue: {
      queueUniqueId: 'c5fc6fc0-1120-4a2f-97d3-0e9a5c575cfe',
      queueNumber: 2,
      joinedAt: 2026-09-09T13:50:01.000Z,
      status: 1,
      journeyStatusId: null,
      requestedAt: null,
      agreedAt: null,
      vehicleDriverUniqueId: 'e37788de-509f-421a-9f5b-5010a41cf549',
      driverUserUniqueId: '32a64b89-1610-4614-9e36-127856685858',
      driverName: undefined,
      driverPhoneNumber: undefined,
      vehicleTypeUniqueId: '6ac6b747-6579-4b05-b917-00f17a0c6dd2',
      shipperRequestUniqueId: null,
      targetedShipperUserUUID: null,
      driverLatitude: '9.03000000',
      driverLongitude: '38.74000000',
      waitingAhead: 1
    },
    shipper: null,
    shipperHistory: [],
    organization: {
      queueOrganizationUniqueId: '11f8aa32-0053-40a1-a0ad-7975bf715b05',
      queueOrganizationName: 'QA Dispatch Hub 1788961801193',
      queueOrganizationType: 'other',
      queueOrganizationPhone: '+251910000001',
      queueOrganizationAddress: 'Addis Ababa',
      latitude: '9.03000000',
      longitude: '38.74000000',
      checkinRadiusKm: null,
      approvalStatus: 'approved',
      queueEnabled: 1,
      approvedBy: '786dcbff-6567-410d-9c21-01faccc95866',
      approvedAt: 2026-09-09T13:50:01.000Z
    }
  }
}
16:50:01 [[32minfo[39m]: API Request
{
  "service": "ride-hailing-api",
  "environment": "development",
  "type": "API_REQUEST",
  "method": "POST",
  "url": "/api/queue/driver/checkin",
  "statusCode": 201,
  "responseTime": "11ms",
  "ip": "127.0.0.1",
  "userAgent": "axios/1.20.0",
  "userId": 230,
  "userUniqueId": "32a64b89-1610-4614-9e36-127856685858"
}
[VerifyToken] Request: { method: 'POST', url: '/driver/checkin', hasAuth: true }
[VerifyToken] Token decoded: {
  userUniqueId: 'dd0f4ebf-1bb0-4c28-b157-8fbc162ac0fd',
  phoneNumber: '+251979078103',
  roleId: 2,
  iat: 1788961795
}
[VerifyToken] User authenticated: {
  userUniqueId: 'dd0f4ebf-1bb0-4c28-b157-8fbc162ac0fd',
  phoneNumber: '+251979078103',
  roleId: undefined
}
16:50:01 [[32minfo[39m]: Transaction committed
{
  "service": "ride-hailing-api",
  "environment": "development",
  "transactionId": "txn_2026-09-09 16:50:01_brnqpy4xo",
  "duration": "8ms"
}
🚀 ~ result?.data?.alreadyInJourney: undefined
🚀 ~ position: {
  message: 'success',
  data: {
    queue: {
      queueUniqueId: 'dbdb4cb7-14b3-45a4-b6eb-29f296eec36f',
      queueNumber: 3,
      joinedAt: 2026-09-09T13:50:01.000Z,
      status: 1,
      journeyStatusId: null,
      requestedAt: null,
      agreedAt: null,
      vehicleDriverUniqueId: 'b80b9217-d21b-4559-9809-62d6fcd3b283',
      driverUserUniqueId: 'dd0f4ebf-1bb0-4c28-b157-8fbc162ac0fd',
      driverName: undefined,
      driverPhoneNumber: undefined,
      vehicleTypeUniqueId: '6ac6b747-6579-4b05-b917-00f17a0c6dd2',
      shipperRequestUniqueId: null,
      targetedShipperUserUUID: null,
      driverLatitude: '9.03000000',
      driverLongitude: '38.74000000',
      waitingAhead: 2
    },
    shipper: null,
    shipperHistory: [],
    organization: {
      queueOrganizationUniqueId: '11f8aa32-0053-40a1-a0ad-7975bf715b05',
      queueOrganizationName: 'QA Dispatch Hub 1788961801193',
      queueOrganizationType: 'other',
      queueOrganizationPhone: '+251910000001',
      queueOrganizationAddress: 'Addis Ababa',
      latitude: '9.03000000',
      longitude: '38.74000000',
      checkinRadiusKm: null,
      approvalStatus: 'approved',
      queueEnabled: 1,
      approvedBy: '786dcbff-6567-410d-9c21-01faccc95866',
      approvedAt: 2026-09-09T13:50:01.000Z
    }
  }
}
16:50:01 [[32minfo[39m]: API Request
{
  "service": "ride-hailing-api",
  "environment": "development",
  "type": "API_REQUEST",
  "method": "POST",
  "url": "/api/queue/driver/checkin",
  "statusCode": 201,
  "responseTime": "11ms",
  "ip": "127.0.0.1",
  "userAgent": "axios/1.20.0",
  "userId": 231,
  "userUniqueId": "dd0f4ebf-1bb0-4c28-b157-8fbc162ac0fd"
}
[VerifyToken] Request: { method: 'POST', url: '/driver/checkin', hasAuth: true }
[VerifyToken] Token decoded: {
  userUniqueId: '68fab8cd-4301-4cfc-ba75-d2534dcc7da8',
  phoneNumber: '+251979078104',
  roleId: 2,
  iat: 1788961796
}
[VerifyToken] User authenticated: {
  userUniqueId: '68fab8cd-4301-4cfc-ba75-d2534dcc7da8',
  phoneNumber: '+251979078104',
  roleId: undefined
}
16:50:01 [[32minfo[39m]: Transaction committed
{
  "service": "ride-hailing-api",
  "environment": "development",
  "transactionId": "txn_2026-09-09 16:50:01_o9w8ifys1",
  "duration": "5ms"
}
🚀 ~ result?.data?.alreadyInJourney: undefined
🚀 ~ position: {
  message: 'success',
  data: {
    queue: {
      queueUniqueId: 'bfbf7b69-1e92-4c23-a111-c24d114e7d17',
      queueNumber: 1,
      joinedAt: 2026-09-09T13:50:01.000Z,
      status: 1,
      journeyStatusId: null,
      requestedAt: null,
      agreedAt: null,
      vehicleDriverUniqueId: '86375b35-9267-452c-82a8-2758cb2f0efc',
      driverUserUniqueId: '68fab8cd-4301-4cfc-ba75-d2534dcc7da8',
      driverName: undefined,
      driverPhoneNumber: undefined,
      vehicleTypeUniqueId: '37b09f51-38a9-4855-b822-5ca78649e13c',
      shipperRequestUniqueId: null,
      targetedShipperUserUUID: null,
      driverLatitude: '9.03000000',
      driverLongitude: '38.74000000',
      waitingAhead: 0
    },
    shipper: null,
    shipperHistory: [],
    organization: {
      queueOrganizationUniqueId: '11f8aa32-0053-40a1-a0ad-7975bf715b05',
      queueOrganizationName: 'QA Dispatch Hub 1788961801193',
      queueOrganizationType: 'other',
      queueOrganizationPhone: '+251910000001',
      queueOrganizationAddress: 'Addis Ababa',
      latitude: '9.03000000',
      longitude: '38.74000000',
      checkinRadiusKm: null,
      approvalStatus: 'approved',
      queueEnabled: 1,
      approvedBy: '786dcbff-6567-410d-9c21-01faccc95866',
      approvedAt: 2026-09-09T13:50:01.000Z
    }
  }
}
16:50:01 [[32minfo[39m]: API Request
{
  "service": "ride-hailing-api",
  "environment": "development",
  "type": "API_REQUEST",
  "method": "POST",
  "url": "/api/queue/driver/checkin",
  "statusCode": 201,
  "responseTime": "10ms",
  "ip": "127.0.0.1",
  "userAgent": "axios/1.20.0",
  "userId": 232,
  "userUniqueId": "68fab8cd-4301-4cfc-ba75-d2534dcc7da8"
}
[VerifyToken] Request: { method: 'POST', url: '/driver/checkin', hasAuth: true }
[VerifyToken] Token decoded: {
  userUniqueId: '2909ad9d-630f-4b9f-9bf3-b3ad86f57979',
  phoneNumber: '+251979078101',
  roleId: 2,
  iat: 1788961794
}
[VerifyToken] User authenticated: {
  userUniqueId: '2909ad9d-630f-4b9f-9bf3-b3ad86f57979',
  phoneNumber: '+251979078101',
  roleId: undefined
}
16:50:01 [[32minfo[39m]: Transaction committed
{
  "service": "ride-hailing-api",
  "environment": "development",
  "transactionId": "txn_2026-09-09 16:50:01_6hbet522k",
  "duration": "2ms"
}
🚀 ~ result?.data?.alreadyInJourney: undefined
🚀 ~ position: {
  message: 'success',
  data: {
    queue: {
      queueUniqueId: 'ed84d061-f4f4-4f94-9135-9323e20b222c',
      queueNumber: 1,
      joinedAt: 2026-09-09T13:50:01.000Z,
      status: 1,
      journeyStatusId: null,
      requestedAt: null,
      agreedAt: null,
      vehicleDriverUniqueId: '2c447507-b3ee-4774-843d-4ef5092c9f5d',
      driverUserUniqueId: '2909ad9d-630f-4b9f-9bf3-b3ad86f57979',
      driverName: undefined,
      driverPhoneNumber: undefined,
      vehicleTypeUniqueId: '6ac6b747-6579-4b05-b917-00f17a0c6dd2',
      shipperRequestUniqueId: null,
      targetedShipperUserUUID: null,
      driverLatitude: '9.03000000',
      driverLongitude: '38.74000000',
      waitingAhead: 0
    },
    shipper: null,
    shipperHistory: [],
    organization: {
      queueOrganizationUniqueId: '11f8aa32-0053-40a1-a0ad-7975bf715b05',
      queueOrganizationName: 'QA Dispatch Hub 1788961801193',
      queueOrganizationType: 'other',
      queueOrganizationPhone: '+251910000001',
      queueOrganizationAddress: 'Addis Ababa',
      latitude: '9.03000000',
      longitude: '38.74000000',
      checkinRadiusKm: null,
      approvalStatus: 'approved',
      queueEnabled: 1,
      approvedBy: '786dcbff-6567-410d-9c21-01faccc95866',
      approvedAt: 2026-09-09T13:50:01.000Z
    }
  }
}
16:50:01 [[32minfo[39m]: API Request
{
  "service": "ride-hailing-api",
  "environment": "development",
  "type": "API_REQUEST",
  "method": "POST",
  "url": "/api/queue/driver/checkin",
  "statusCode": 201,
  "responseTime": "5ms",
  "ip": "127.0.0.1",
  "userAgent": "axios/1.20.0",
  "userId": 229,
  "userUniqueId": "2909ad9d-630f-4b9f-9bf3-b3ad86f57979"
}
[VerifyToken] Request: { method: 'POST', url: '/', hasAuth: true }
[VerifyToken] Token decoded: {
  userUniqueId: '786dcbff-6567-410d-9c21-01faccc95866',
  phoneNumber: '+251983222221',
  roleId: 6,
  iat: 1788961791
}
[VerifyToken] User authenticated: {
  userUniqueId: '786dcbff-6567-410d-9c21-01faccc95866',
  phoneNumber: '+251983222221',
  roleId: undefined
}
16:50:01 [[32minfo[39m]: Transaction committed
{
  "service": "ride-hailing-api",
  "environment": "development",
  "transactionId": "txn_2026-09-09 16:50:01_erlyuqi3e",
  "duration": "3ms"
}
16:50:01 [[32minfo[39m]: API Request
{
  "service": "ride-hailing-api",
  "environment": "development",
  "type": "API_REQUEST",
  "method": "POST",
  "url": "/api/queueOrganization",
  "statusCode": 201,
  "responseTime": "5ms",
  "ip": "127.0.0.1",
  "userAgent": "axios/1.20.0",
  "userId": 1,
  "userUniqueId": "786dcbff-6567-410d-9c21-01faccc95866"
}
[VerifyToken] Request: {
  method: 'PATCH',
  url: '/a9151783-cfc3-459b-baa4-b43843f513ff/approve',
  hasAuth: true
}
[VerifyToken] Token decoded: {
  userUniqueId: '786dcbff-6567-410d-9c21-01faccc95866',
  phoneNumber: '+251983222221',
  roleId: 6,
  iat: 1788961791
}
[VerifyToken] User authenticated: {
  userUniqueId: '786dcbff-6567-410d-9c21-01faccc95866',
  phoneNumber: '+251983222221',
  roleId: undefined
}
16:50:01 [[32minfo[39m]: Transaction committed
{
  "service": "ride-hailing-api",
  "environment": "development",
  "transactionId": "txn_2026-09-09 16:50:01_59p4ri69p",
  "duration": "1ms"
}
16:50:01 [[32minfo[39m]: API Request
{
  "service": "ride-hailing-api",
  "environment": "development",
  "type": "API_REQUEST",
  "method": "PATCH",
  "url": "/api/queueOrganization/a9151783-cfc3-459b-baa4-b43843f513ff/approve",
  "statusCode": 200,
  "responseTime": "3ms",
  "ip": "127.0.0.1",
  "userAgent": "axios/1.20.0",
  "userId": 1,
  "userUniqueId": "786dcbff-6567-410d-9c21-01faccc95866"
}
[VerifyToken] Request: { method: 'POST', url: '/driver/checkin', hasAuth: true }
[VerifyToken] Token decoded: {
  userUniqueId: '2909ad9d-630f-4b9f-9bf3-b3ad86f57979',
  phoneNumber: '+251979078101',
  roleId: 2,
  iat: 1788961794
}
[VerifyToken] User authenticated: {
  userUniqueId: '2909ad9d-630f-4b9f-9bf3-b3ad86f57979',
  phoneNumber: '+251979078101',
  roleId: undefined
}
16:50:01 [[33mwarn[39m]: Transaction rolled back
Error: Driver is already in a queue for today — one queue per day
    at exports.checkin (/Users/zewedu/Desktop/Projects/transportBackEndNative/Services/DriverQueue.service.js:704:13)
    at process.processTicksAndRejections (node:internal/process/task_queues:105:5)
    at async /Users/zewedu/Desktop/Projects/transportBackEndNative/Utils/DatabaseTransaction.js:107:16
    at async executeInTransaction (/Users/zewedu/Desktop/Projects/transportBackEndNative/Utils/DatabaseTransaction.js:105:22)
    at async exports.checkin (/Users/zewedu/Desktop/Projects/transportBackEndNative/Controllers/DriverQueue.controller.js:9:20)
{
  "service": "ride-hailing-api",
  "environment": "development",
  "transactionId": "txn_2026-09-09 16:50:01_kbfqqfyw2",
  "duration": "2ms",
  "error": "Driver is already in a queue for today — one queue per day"
}
16:50:01 [[33mwarn[39m]: API Error Driver is already in a queue for today — one queue per day
Error: Driver is already in a queue for today — one queue per day
    at exports.checkin (/Users/zewedu/Desktop/Projects/transportBackEndNative/Services/DriverQueue.service.js:704:13)
    at process.processTicksAndRejections (node:internal/process/task_queues:105:5)
    at async /Users/zewedu/Desktop/Projects/transportBackEndNative/Utils/DatabaseTransaction.js:107:16
    at async executeInTransaction (/Users/zewedu/Desktop/Projects/transportBackEndNative/Utils/DatabaseTransaction.js:105:22)
    at async exports.checkin (/Users/zewedu/Desktop/Projects/transportBackEndNative/Controllers/DriverQueue.controller.js:9:20)
{
  "service": "ride-hailing-api",
  "environment": "development",
  "type": "API_ERROR",
  "statusCode": 409,
  "path": "/api/queue/driver/checkin",
  "method": "POST",
  "ip": "127.0.0.1",
  "requestId": "fa81336e-99a1-49dc-be49-99eb831bc41e",
  "userId": 229,
  "userUniqueId": "2909ad9d-630f-4b9f-9bf3-b3ad86f57979",
  "body": {
    "queueOrganizationUniqueId": "a9151783-cfc3-459b-baa4-b43843f513ff",
    "vehicleDriverUniqueId": "2c447507-b3ee-4774-843d-4ef5092c9f5d",
    "latitude": 9.03,
    "longitude": 38.74
  },
  "params": {},
  "query": {}
}
16:50:01 [[32minfo[39m]: API Request
{
  "service": "ride-hailing-api",
  "environment": "development",
  "type": "API_REQUEST",
  "method": "POST",
  "url": "/api/queue/driver/checkin",
  "statusCode": 409,
  "responseTime": "4ms",
  "ip": "127.0.0.1",
  "userAgent": "axios/1.20.0",
  "userId": 229,
  "userUniqueId": "2909ad9d-630f-4b9f-9bf3-b3ad86f57979"
}
[VerifyToken] Request: {
  method: 'GET',
  url: '/driver/myPosition?queueOrganizationUniqueId=11f8aa32-0053-40a1-a0ad-7975bf715b05',
  hasAuth: true
}
[VerifyToken] Token decoded: {
  userUniqueId: '32a64b89-1610-4614-9e36-127856685858',
  phoneNumber: '+251979078102',
  roleId: 2,
  iat: 1788961795
}
[VerifyToken] User authenticated: {
  userUniqueId: '32a64b89-1610-4614-9e36-127856685858',
  phoneNumber: '+251979078102',
  roleId: undefined
}
16:50:01 [[32minfo[39m]: API Request
{
  "service": "ride-hailing-api",
  "environment": "development",
  "type": "API_REQUEST",
  "method": "GET",
  "url": "/api/queue/driver/myPosition?queueOrganizationUniqueId=11f8aa32-0053-40a1-a0ad-7975bf715b05",
  "statusCode": 200,
  "responseTime": "3ms",
  "ip": "127.0.0.1",
  "userAgent": "axios/1.20.0",
  "userId": 230,
  "userUniqueId": "32a64b89-1610-4614-9e36-127856685858"
}
[VerifyToken] Request: {
  method: 'GET',
  url: '/driver/myPosition?queueOrganizationUniqueId=11f8aa32-0053-40a1-a0ad-7975bf715b05',
  hasAuth: true
}
[VerifyToken] Token decoded: {
  userUniqueId: '68fab8cd-4301-4cfc-ba75-d2534dcc7da8',
  phoneNumber: '+251979078104',
  roleId: 2,
  iat: 1788961796
}
[VerifyToken] User authenticated: {
  userUniqueId: '68fab8cd-4301-4cfc-ba75-d2534dcc7da8',
  phoneNumber: '+251979078104',
  roleId: undefined
}
16:50:01 [[32minfo[39m]: API Request
{
  "service": "ride-hailing-api",
  "environment": "development",
  "type": "API_REQUEST",
  "method": "GET",
  "url": "/api/queue/driver/myPosition?queueOrganizationUniqueId=11f8aa32-0053-40a1-a0ad-7975bf715b05",
  "statusCode": 200,
  "responseTime": "3ms",
  "ip": "127.0.0.1",
  "userAgent": "axios/1.20.0",
  "userId": 232,
  "userUniqueId": "68fab8cd-4301-4cfc-ba75-d2534dcc7da8"
}
[VerifyToken] Request: {
  method: 'DELETE',
  url: '/driver/checkout?queueOrganizationUniqueId=11f8aa32-0053-40a1-a0ad-7975bf715b05',
  hasAuth: true
}
[VerifyToken] Token decoded: {
  userUniqueId: '2909ad9d-630f-4b9f-9bf3-b3ad86f57979',
  phoneNumber: '+251979078101',
  roleId: 2,
  iat: 1788961794
}
[VerifyToken] User authenticated: {
  userUniqueId: '2909ad9d-630f-4b9f-9bf3-b3ad86f57979',
  phoneNumber: '+251979078101',
  roleId: undefined
}
16:50:01 [[32minfo[39m]: Transaction committed
{
  "service": "ride-hailing-api",
  "environment": "development",
  "transactionId": "txn_2026-09-09 16:50:01_cnj38vpak",
  "duration": "3ms"
}
16:50:01 [[32minfo[39m]: API Request
{
  "service": "ride-hailing-api",
  "environment": "development",
  "type": "API_REQUEST",
  "method": "DELETE",
  "url": "/api/queue/driver/checkout?queueOrganizationUniqueId=11f8aa32-0053-40a1-a0ad-7975bf715b05",
  "statusCode": 200,
  "responseTime": "5ms",
  "ip": "127.0.0.1",
  "userAgent": "axios/1.20.0",
  "userId": 229,
  "userUniqueId": "2909ad9d-630f-4b9f-9bf3-b3ad86f57979"
}
[VerifyToken] Request: {
  method: 'GET',
  url: '/driver/myPosition?queueOrganizationUniqueId=11f8aa32-0053-40a1-a0ad-7975bf715b05',
  hasAuth: true
}
[VerifyToken] Token decoded: {
  userUniqueId: '2909ad9d-630f-4b9f-9bf3-b3ad86f57979',
  phoneNumber: '+251979078101',
  roleId: 2,
  iat: 1788961794
}
[VerifyToken] User authenticated: {
  userUniqueId: '2909ad9d-630f-4b9f-9bf3-b3ad86f57979',
  phoneNumber: '+251979078101',
  roleId: undefined
}
16:50:01 [[32minfo[39m]: API Request
{
  "service": "ride-hailing-api",
  "environment": "development",
  "type": "API_REQUEST",
  "method": "GET",
  "url": "/api/queue/driver/myPosition?queueOrganizationUniqueId=11f8aa32-0053-40a1-a0ad-7975bf715b05",
  "statusCode": 200,
  "responseTime": "2ms",
  "ip": "127.0.0.1",
  "userAgent": "axios/1.20.0",
  "userId": 229,
  "userUniqueId": "2909ad9d-630f-4b9f-9bf3-b3ad86f57979"
}
[VerifyToken] Request: {
  method: 'GET',
  url: '/status?queueOrganizationUniqueId=11f8aa32-0053-40a1-a0ad-7975bf715b05',
  hasAuth: true
}
[VerifyToken] Token decoded: {
  userUniqueId: '786dcbff-6567-410d-9c21-01faccc95866',
  phoneNumber: '+251983222221',
  roleId: 6,
  iat: 1788961791
}
[VerifyToken] User authenticated: {
  userUniqueId: '786dcbff-6567-410d-9c21-01faccc95866',
  phoneNumber: '+251983222221',
  roleId: undefined
}
16:50:01 [[32minfo[39m]: API Request
{
  "service": "ride-hailing-api",
  "environment": "development",
  "type": "API_REQUEST",
  "method": "GET",
  "url": "/api/queue/status?queueOrganizationUniqueId=11f8aa32-0053-40a1-a0ad-7975bf715b05",
  "statusCode": 200,
  "responseTime": "3ms",
  "ip": "127.0.0.1",
  "userAgent": "axios/1.20.0",
  "userId": 1,
  "userUniqueId": "786dcbff-6567-410d-9c21-01faccc95866"
}
[VerifyToken] Request: {
  method: 'POST',
  url: '/api/shipperRequest/createRequest',
  hasAuth: true
}
[VerifyToken] Token decoded: {
  userUniqueId: 'cb41097f-9b0f-4fba-9683-1ced0d0924d6',
  phoneNumber: '+251987907812',
  roleId: 1,
  iat: 1788961794
}
[VerifyToken] User authenticated: {
  userUniqueId: 'cb41097f-9b0f-4fba-9683-1ced0d0924d6',
  phoneNumber: '+251987907812',
  roleId: undefined
}
16:50:01 [[32minfo[39m]: Telegram message sent
{
  "service": "ride-hailing-api",
  "environment": "development",
  "messageId": 448
}
16:50:01 [[32minfo[39m]: Telegram message sent
{
  "service": "ride-hailing-api",
  "environment": "development",
  "messageId": 449
}
16:50:01 [[33mwarn[39m]: No active driver socket found for notification
{
  "service": "ride-hailing-api",
  "environment": "development",
  "phoneNumber": "251979078102"
}
16:50:02 [[33mwarn[39m]: No active shipper socket found for notification
{
  "service": "ride-hailing-api",
  "environment": "development",
  "phoneNumber": "251987907812"
}
16:50:02 [[32minfo[39m]: Transaction committed
{
  "service": "ride-hailing-api",
  "environment": "development",
  "transactionId": "txn_2026-09-09 16:50:01_gr39axa1v",
  "duration": "819ms"
}
16:50:02 [[32minfo[39m]: API Request
{
  "service": "ride-hailing-api",
  "environment": "development",
  "type": "API_REQUEST",
  "method": "POST",
  "url": "/api/shipperRequest/createRequest",
  "statusCode": 200,
  "responseTime": "822ms",
  "ip": "127.0.0.1",
  "userAgent": "axios/1.20.0",
  "userId": 228,
  "userUniqueId": "cb41097f-9b0f-4fba-9683-1ced0d0924d6"
}
[VerifyToken] Request: {
  method: 'GET',
  url: '/api/driver/verifyDriverJourneyStatus',
  hasAuth: true
}
[VerifyToken] Token decoded: {
  userUniqueId: '32a64b89-1610-4614-9e36-127856685858',
  phoneNumber: '+251979078102',
  roleId: 2,
  iat: 1788961795
}
[VerifyToken] User authenticated: {
  userUniqueId: '32a64b89-1610-4614-9e36-127856685858',
  phoneNumber: '+251979078102',
  roleId: undefined
}
16:50:02 [[33mwarn[39m]: No active shipper socket found for notification
{
  "service": "ride-hailing-api",
  "environment": "development",
  "phoneNumber": "251987907812"
}
16:50:02 [[32minfo[39m]: API Request
{
  "service": "ride-hailing-api",
  "environment": "development",
  "type": "API_REQUEST",
  "method": "GET",
  "url": "/api/driver/verifyDriverJourneyStatus",
  "statusCode": 200,
  "responseTime": "395ms",
  "ip": "127.0.0.1",
  "userAgent": "axios/1.20.0",
  "userId": 230,
  "userUniqueId": "32a64b89-1610-4614-9e36-127856685858"
}
[VerifyToken] Request: {
  method: 'GET',
  url: '/api/driver/verifyDriverJourneyStatus',
  hasAuth: true
}
[VerifyToken] Token decoded: {
  userUniqueId: '32a64b89-1610-4614-9e36-127856685858',
  phoneNumber: '+251979078102',
  roleId: 2,
  iat: 1788961795
}
[VerifyToken] User authenticated: {
  userUniqueId: '32a64b89-1610-4614-9e36-127856685858',
  phoneNumber: '+251979078102',
  roleId: undefined
}
16:50:02 [[33mwarn[39m]: No active shipper socket found for notification
{
  "service": "ride-hailing-api",
  "environment": "development",
  "phoneNumber": "251987907812"
}
16:50:02 [[32minfo[39m]: API Request
{
  "service": "ride-hailing-api",
  "environment": "development",
  "type": "API_REQUEST",
  "method": "GET",
  "url": "/api/driver/verifyDriverJourneyStatus",
  "statusCode": 200,
  "responseTime": "387ms",
  "ip": "127.0.0.1",
  "userAgent": "axios/1.20.0",
  "userId": 230,
  "userUniqueId": "32a64b89-1610-4614-9e36-127856685858"
}
[VerifyToken] Request: {
  method: 'PUT',
  url: '/api/driver/acceptShipperRequest',
  hasAuth: true
}
[VerifyToken] Token decoded: {
  userUniqueId: '32a64b89-1610-4614-9e36-127856685858',
  phoneNumber: '+251979078102',
  roleId: 2,
  iat: 1788961795
}
[VerifyToken] User authenticated: {
  userUniqueId: '32a64b89-1610-4614-9e36-127856685858',
  phoneNumber: '+251979078102',
  roleId: undefined
}
16:50:02 [[33mwarn[39m]: Journey table NOT updated - journeyUniqueId missing
{
  "service": "ride-hailing-api",
  "environment": "development",
  "providedParams": {
    "journeyDecisionUniqueId": "4b3b4930-59f6-44b7-9492-8f94ffb01a01",
    "shipperRequestUniqueId": "9ae891ff-7bd2-498d-829a-cb94f0537ef7",
    "driverRequestUniqueId": "3d082256-a76e-4306-afd7-f192641a1681",
    "journeyStatusId": 4
  }
}
16:50:02 [[32minfo[39m]: Journey status update completed
{
  "service": "ride-hailing-api",
  "environment": "development",
  "journeyStatusId": 4,
  "tablesUpdated": {
    "journey": false,
    "shipperRequest": true,
    "journeyDecision": true,
    "driverRequest": true
  },
  "totalUpdates": 4
}
16:50:02 [[32minfo[39m]: Transaction committed
{
  "service": "ride-hailing-api",
  "environment": "development",
  "transactionId": "txn_2026-09-09 16:50:02_zbxjl3bvp",
  "duration": "5ms"
}
16:50:03 [[33mwarn[39m]: No active shipper socket found for notification
{
  "service": "ride-hailing-api",
  "environment": "development",
  "phoneNumber": "251987907812"
}
16:50:03 [[33mwarn[39m]: No active shipper socket found for notification
{
  "service": "ride-hailing-api",
  "environment": "development",
  "phoneNumber": "251987907812"
}
16:50:03 [[32minfo[39m]: API Request
{
  "service": "ride-hailing-api",
  "environment": "development",
  "type": "API_REQUEST",
  "method": "PUT",
  "url": "/api/driver/acceptShipperRequest",
  "statusCode": 200,
  "responseTime": "784ms",
  "ip": "127.0.0.1",
  "userAgent": "axios/1.20.0",
  "userId": 230,
  "userUniqueId": "32a64b89-1610-4614-9e36-127856685858"
}
[VerifyToken] Request: {
  method: 'PUT',
  url: '/api/driver/acceptShipperRequest',
  hasAuth: true
}
[VerifyToken] Token decoded: {
  userUniqueId: '32a64b89-1610-4614-9e36-127856685858',
  phoneNumber: '+251979078102',
  roleId: 2,
  iat: 1788961795
}
[VerifyToken] User authenticated: {
  userUniqueId: '32a64b89-1610-4614-9e36-127856685858',
  phoneNumber: '+251979078102',
  roleId: undefined
}
16:50:03 [[31merror[39m]: Error accepting shipper request:
{
  "service": "ride-hailing-api",
  "environment": "development",
  "error": "This queue offer is no longer available for acceptance. The offer window may have expired and the order moved to another driver."
}
16:50:03 [[33mwarn[39m]: API Error This queue offer is no longer available for acceptance. The offer window may have expired and the order moved to another driver.
Error: This queue offer is no longer available for acceptance. The offer window may have expired and the order moved to another driver.
    at Object.acceptShipperRequest (/Users/zewedu/Desktop/Projects/transportBackEndNative/Services/DriverRequest/actionAcceptShipperRequest.service.js:338:11)
    at process.processTicksAndRejections (node:internal/process/task_queues:105:5)
    at async acceptShipperRequest (/Users/zewedu/Desktop/Projects/transportBackEndNative/Controllers/Driver.controller.js:104:20)
{
  "service": "ride-hailing-api",
  "environment": "development",
  "type": "API_ERROR",
  "statusCode": 409,
  "path": "/api/driver/acceptShipperRequest",
  "method": "PUT",
  "ip": "127.0.0.1",
  "requestId": "70002d52-53de-478a-b4f1-2f0ef96ca1a4",
  "userId": 230,
  "userUniqueId": "32a64b89-1610-4614-9e36-127856685858",
  "body": {
    "driverRequestUniqueId": "3d082256-a76e-4306-afd7-f192641a1681",
    "shipperRequestUniqueId": "9ae891ff-7bd2-498d-829a-cb94f0537ef7",
    "journeyDecisionUniqueId": "4b3b4930-59f6-44b7-9492-8f94ffb01a01",
    "shippingCostByDriver": 6000,
    "userUniqueId": "32a64b89-1610-4614-9e36-127856685858",
    "journeyStatusId": 3
  },
  "params": {},
  "query": {}
}
16:50:03 [[32minfo[39m]: API Request
{
  "service": "ride-hailing-api",
  "environment": "development",
  "type": "API_REQUEST",
  "method": "PUT",
  "url": "/api/driver/acceptShipperRequest",
  "statusCode": 409,
  "responseTime": "8ms",
  "ip": "127.0.0.1",
  "userAgent": "axios/1.20.0",
  "userId": 230,
  "userUniqueId": "32a64b89-1610-4614-9e36-127856685858"
}
[VerifyToken] Request: {
  method: 'PUT',
  url: '/api/driver/acceptShipperRequest',
  hasAuth: true
}
[VerifyToken] Token decoded: {
  userUniqueId: 'dd0f4ebf-1bb0-4c28-b157-8fbc162ac0fd',
  phoneNumber: '+251979078103',
  roleId: 2,
  iat: 1788961795
}
[VerifyToken] User authenticated: {
  userUniqueId: 'dd0f4ebf-1bb0-4c28-b157-8fbc162ac0fd',
  phoneNumber: '+251979078103',
  roleId: undefined
}
16:50:03 [[31merror[39m]: Error accepting shipper request:
{
  "service": "ride-hailing-api",
  "environment": "development",
  "error": "Driver user does not match driver request"
}
16:50:03 [[33mwarn[39m]: API Error Driver user does not match driver request
Error: Driver user does not match driver request
    at Object.acceptShipperRequest (/Users/zewedu/Desktop/Projects/transportBackEndNative/Services/DriverRequest/actionAcceptShipperRequest.service.js:338:11)
    at process.processTicksAndRejections (node:internal/process/task_queues:105:5)
    at async acceptShipperRequest (/Users/zewedu/Desktop/Projects/transportBackEndNative/Controllers/Driver.controller.js:104:20)
{
  "service": "ride-hailing-api",
  "environment": "development",
  "type": "API_ERROR",
  "statusCode": 403,
  "path": "/api/driver/acceptShipperRequest",
  "method": "PUT",
  "ip": "127.0.0.1",
  "requestId": "bbb201e8-151e-4553-8b03-0df60b7c1d8a",
  "userId": 231,
  "userUniqueId": "dd0f4ebf-1bb0-4c28-b157-8fbc162ac0fd",
  "body": {
    "driverRequestUniqueId": "3d082256-a76e-4306-afd7-f192641a1681",
    "shipperRequestUniqueId": "9ae891ff-7bd2-498d-829a-cb94f0537ef7",
    "journeyDecisionUniqueId": "4b3b4930-59f6-44b7-9492-8f94ffb01a01",
    "shippingCostByDriver": 6000,
    "userUniqueId": "dd0f4ebf-1bb0-4c28-b157-8fbc162ac0fd",
    "journeyStatusId": 3
  },
  "params": {},
  "query": {}
}
16:50:03 [[32minfo[39m]: API Request
{
  "service": "ride-hailing-api",
  "environment": "development",
  "type": "API_REQUEST",
  "method": "PUT",
  "url": "/api/driver/acceptShipperRequest",
  "statusCode": 403,
  "responseTime": "5ms",
  "ip": "127.0.0.1",
  "userAgent": "axios/1.20.0",
  "userId": 231,
  "userUniqueId": "dd0f4ebf-1bb0-4c28-b157-8fbc162ac0fd"
}
[VerifyToken] Request: { method: 'POST', url: '/driver/checkin', hasAuth: true }
[VerifyToken] Token decoded: {
  userUniqueId: '32a64b89-1610-4614-9e36-127856685858',
  phoneNumber: '+251979078102',
  roleId: 2,
  iat: 1788961795
}
[VerifyToken] User authenticated: {
  userUniqueId: '32a64b89-1610-4614-9e36-127856685858',
  phoneNumber: '+251979078102',
  roleId: undefined
}
16:50:03 [[32minfo[39m]: Transaction committed
{
  "service": "ride-hailing-api",
  "environment": "development",
  "transactionId": "txn_2026-09-09 16:50:03_fg2ses6cx",
  "duration": "3ms"
}
🚀 ~ result?.data?.alreadyInJourney: true
16:50:03 [[32minfo[39m]: API Request
{
  "service": "ride-hailing-api",
  "environment": "development",
  "type": "API_REQUEST",
  "method": "POST",
  "url": "/api/queue/driver/checkin",
  "statusCode": 200,
  "responseTime": "6ms",
  "ip": "127.0.0.1",
  "userAgent": "axios/1.20.0",
  "userId": 230,
  "userUniqueId": "32a64b89-1610-4614-9e36-127856685858"
}
[VerifyToken] Request: {
  method: 'POST',
  url: '/api/shipperRequest/createRequest',
  hasAuth: true
}
[VerifyToken] Token decoded: {
  userUniqueId: 'cb41097f-9b0f-4fba-9683-1ced0d0924d6',
  phoneNumber: '+251987907812',
  roleId: 1,
  iat: 1788961794
}
[VerifyToken] User authenticated: {
  userUniqueId: 'cb41097f-9b0f-4fba-9683-1ced0d0924d6',
  phoneNumber: '+251987907812',
  roleId: undefined
}
16:50:04 [[33mwarn[39m]: No active driver socket found for notification
{
  "service": "ride-hailing-api",
  "environment": "development",
  "phoneNumber": "251979078103"
}
16:50:04 [[33mwarn[39m]: No active shipper socket found for notification
{
  "service": "ride-hailing-api",
  "environment": "development",
  "phoneNumber": "251987907812"
}
16:50:04 [[32minfo[39m]: Transaction committed
{
  "service": "ride-hailing-api",
  "environment": "development",
  "transactionId": "txn_2026-09-09 16:50:03_y0pi9s60l",
  "duration": "770ms"
}
16:50:04 [[32minfo[39m]: API Request
{
  "service": "ride-hailing-api",
  "environment": "development",
  "type": "API_REQUEST",
  "method": "POST",
  "url": "/api/shipperRequest/createRequest",
  "statusCode": 200,
  "responseTime": "774ms",
  "ip": "127.0.0.1",
  "userAgent": "axios/1.20.0",
  "userId": 228,
  "userUniqueId": "cb41097f-9b0f-4fba-9683-1ced0d0924d6"
}
[VerifyToken] Request: {
  method: 'GET',
  url: '/api/driver/verifyDriverJourneyStatus',
  hasAuth: true
}
[VerifyToken] Token decoded: {
  userUniqueId: 'dd0f4ebf-1bb0-4c28-b157-8fbc162ac0fd',
  phoneNumber: '+251979078103',
  roleId: 2,
  iat: 1788961795
}
[VerifyToken] User authenticated: {
  userUniqueId: 'dd0f4ebf-1bb0-4c28-b157-8fbc162ac0fd',
  phoneNumber: '+251979078103',
  roleId: undefined
}
16:50:04 [[33mwarn[39m]: No active shipper socket found for notification
{
  "service": "ride-hailing-api",
  "environment": "development",
  "phoneNumber": "251987907812"
}
16:50:04 [[32minfo[39m]: API Request
{
  "service": "ride-hailing-api",
  "environment": "development",
  "type": "API_REQUEST",
  "method": "GET",
  "url": "/api/driver/verifyDriverJourneyStatus",
  "statusCode": 200,
  "responseTime": "392ms",
  "ip": "127.0.0.1",
  "userAgent": "axios/1.20.0",
  "userId": 231,
  "userUniqueId": "dd0f4ebf-1bb0-4c28-b157-8fbc162ac0fd"
}
[VerifyToken] Request: {
  method: 'POST',
  url: '/api/shipperRequest/createRequest',
  hasAuth: true
}
[VerifyToken] Token decoded: {
  userUniqueId: 'cb41097f-9b0f-4fba-9683-1ced0d0924d6',
  phoneNumber: '+251987907812',
  roleId: 1,
  iat: 1788961794
}
[VerifyToken] User authenticated: {
  userUniqueId: 'cb41097f-9b0f-4fba-9683-1ced0d0924d6',
  phoneNumber: '+251987907812',
  roleId: undefined
}
16:50:04 [[32minfo[39m]: Transaction committed
{
  "service": "ride-hailing-api",
  "environment": "development",
  "transactionId": "txn_2026-09-09 16:50:04_m44qxgyxk",
  "duration": "9ms"
}
16:50:04 [[32minfo[39m]: API Request
{
  "service": "ride-hailing-api",
  "environment": "development",
  "type": "API_REQUEST",
  "method": "POST",
  "url": "/api/shipperRequest/createRequest",
  "statusCode": 200,
  "responseTime": "13ms",
  "ip": "127.0.0.1",
  "userAgent": "axios/1.20.0",
  "userId": 228,
  "userUniqueId": "cb41097f-9b0f-4fba-9683-1ced0d0924d6"
}
[VerifyToken] Request: { method: 'PUT', url: '/api/user/rejectDriverOffer', hasAuth: true }
[VerifyToken] Token decoded: {
  userUniqueId: 'cb41097f-9b0f-4fba-9683-1ced0d0924d6',
  phoneNumber: '+251987907812',
  roleId: 1,
  iat: 1788961794
}
[VerifyToken] User authenticated: {
  userUniqueId: 'cb41097f-9b0f-4fba-9683-1ced0d0924d6',
  phoneNumber: '+251987907812',
  roleId: undefined
}
16:50:05 [[33mwarn[39m]: No active shipper socket found for notification
{
  "service": "ride-hailing-api",
  "environment": "development",
  "phoneNumber": "251987907812"
}
16:50:05 [[33mwarn[39m]: No active driver socket found for notification
{
  "service": "ride-hailing-api",
  "environment": "development",
  "phoneNumber": "251979078103"
}
16:50:05 [[32minfo[39m]: Transaction committed
{
  "service": "ride-hailing-api",
  "environment": "development",
  "transactionId": "txn_2026-09-09 16:50:05_com16tivw",
  "duration": "780ms"
}
16:50:05 [[32minfo[39m]: API Request
{
  "service": "ride-hailing-api",
  "environment": "development",
  "type": "API_REQUEST",
  "method": "PUT",
  "url": "/api/user/rejectDriverOffer",
  "statusCode": 200,
  "responseTime": "783ms",
  "ip": "127.0.0.1",
  "userAgent": "axios/1.20.0",
  "userId": 228,
  "userUniqueId": "cb41097f-9b0f-4fba-9683-1ced0d0924d6"
}
[VerifyToken] Request: {
  method: 'PUT',
  url: '/api/shipperRequest/cancelShipperRequest/cb41097f-9b0f-4fba-9683-1ced0d0924d6',
  hasAuth: true
}
[VerifyToken] Token decoded: {
  userUniqueId: '19bc52fd-ab50-49d5-90ae-7788bc44a5b5',
  phoneNumber: '+251977907813',
  roleId: 3,
  iat: 1788961791
}
[VerifyToken] User authenticated: {
  userUniqueId: '19bc52fd-ab50-49d5-90ae-7788bc44a5b5',
  phoneNumber: '+251977907813',
  roleId: undefined
}
16:50:06 [[33mwarn[39m]: No active driver socket found for notification
{
  "service": "ride-hailing-api",
  "environment": "development",
  "phoneNumber": "251979078102"
}
16:50:06 [[33mwarn[39m]: No active driver socket found for notification
{
  "service": "ride-hailing-api",
  "environment": "development",
  "phoneNumber": "251979078102"
}
16:50:06 [[32minfo[39m]: Transaction committed
{
  "service": "ride-hailing-api",
  "environment": "development",
  "transactionId": "txn_2026-09-09 16:50:05_bpyb3v99q",
  "duration": "785ms"
}
16:50:06 [[32minfo[39m]: API Request
{
  "service": "ride-hailing-api",
  "environment": "development",
  "type": "API_REQUEST",
  "method": "PUT",
  "url": "/api/shipperRequest/cancelShipperRequest/cb41097f-9b0f-4fba-9683-1ced0d0924d6",
  "statusCode": 200,
  "responseTime": "791ms",
  "ip": "127.0.0.1",
  "userAgent": "axios/1.20.0",
  "userId": 224,
  "userUniqueId": "19bc52fd-ab50-49d5-90ae-7788bc44a5b5"
}
[VerifyToken] Request: {
  method: 'PUT',
  url: '/api/shipperRequest/cancelShipperRequest/cb41097f-9b0f-4fba-9683-1ced0d0924d6',
  hasAuth: true
}
[VerifyToken] Token decoded: {
  userUniqueId: 'cb41097f-9b0f-4fba-9683-1ced0d0924d6',
  phoneNumber: '+251987907812',
  roleId: 1,
  iat: 1788961794
}
[VerifyToken] User authenticated: {
  userUniqueId: 'cb41097f-9b0f-4fba-9683-1ced0d0924d6',
  phoneNumber: '+251987907812',
  roleId: undefined
}
16:50:06 [[33mwarn[39m]: No active driver socket found for notification
{
  "service": "ride-hailing-api",
  "environment": "development",
  "phoneNumber": "251979078103"
}
16:50:06 [[32minfo[39m]: Transaction committed
{
  "service": "ride-hailing-api",
  "environment": "development",
  "transactionId": "txn_2026-09-09 16:50:06_tpjqcxni9",
  "duration": "400ms"
}
16:50:06 [[32minfo[39m]: API Request
{
  "service": "ride-hailing-api",
  "environment": "development",
  "type": "API_REQUEST",
  "method": "PUT",
  "url": "/api/shipperRequest/cancelShipperRequest/cb41097f-9b0f-4fba-9683-1ced0d0924d6",
  "statusCode": 200,
  "responseTime": "406ms",
  "ip": "127.0.0.1",
  "userAgent": "axios/1.20.0",
  "userId": 228,
  "userUniqueId": "cb41097f-9b0f-4fba-9683-1ced0d0924d6"
}
[VerifyToken] Request: { method: 'POST', url: '/manualCheckin', hasAuth: true }
[VerifyToken] Token decoded: {
  userUniqueId: '786dcbff-6567-410d-9c21-01faccc95866',
  phoneNumber: '+251983222221',
  roleId: 6,
  iat: 1788961791
}
[VerifyToken] User authenticated: {
  userUniqueId: '786dcbff-6567-410d-9c21-01faccc95866',
  phoneNumber: '+251983222221',
  roleId: undefined
}
16:50:07 [[32minfo[39m]: Transaction committed
{
  "service": "ride-hailing-api",
  "environment": "development",
  "transactionId": "txn_2026-09-09 16:50:06_3xvpww0xo",
  "duration": "8ms"
}
16:50:07 [[32minfo[39m]: API Request
{
  "service": "ride-hailing-api",
  "environment": "development",
  "type": "API_REQUEST",
  "method": "POST",
  "url": "/api/queue/manualCheckin",
  "statusCode": 201,
  "responseTime": "12ms",
  "ip": "127.0.0.1",
  "userAgent": "axios/1.20.0",
  "userId": 1,
  "userUniqueId": "786dcbff-6567-410d-9c21-01faccc95866"
}
[VerifyToken] Request: {
  method: 'POST',
  url: '/api/shipperRequest/createRequest',
  hasAuth: true
}
[VerifyToken] Token decoded: {
  userUniqueId: 'cb41097f-9b0f-4fba-9683-1ced0d0924d6',
  phoneNumber: '+251987907812',
  roleId: 1,
  iat: 1788961794
}
[VerifyToken] User authenticated: {
  userUniqueId: 'cb41097f-9b0f-4fba-9683-1ced0d0924d6',
  phoneNumber: '+251987907812',
  roleId: undefined
}
16:50:07 [[33mwarn[39m]: No active driver socket found for notification
{
  "service": "ride-hailing-api",
  "environment": "development",
  "phoneNumber": "251979078103"
}
16:50:07 [[33mwarn[39m]: No active shipper socket found for notification
{
  "service": "ride-hailing-api",
  "environment": "development",
  "phoneNumber": "251987907812"
}
16:50:07 [[32minfo[39m]: Transaction committed
{
  "service": "ride-hailing-api",
  "environment": "development",
  "transactionId": "txn_2026-09-09 16:50:07_fhtqpsk67",
  "duration": "782ms"
}
16:50:07 [[32minfo[39m]: API Request
{
  "service": "ride-hailing-api",
  "environment": "development",
  "type": "API_REQUEST",
  "method": "POST",
  "url": "/api/shipperRequest/createRequest",
  "statusCode": 200,
  "responseTime": "785ms",
  "ip": "127.0.0.1",
  "userAgent": "axios/1.20.0",
  "userId": 228,
  "userUniqueId": "cb41097f-9b0f-4fba-9683-1ced0d0924d6"
}
[VerifyToken] Request: {
  method: 'PUT',
  url: '/api/driver/markNegativeStatusAsSeen',
  hasAuth: true
}
[VerifyToken] Token decoded: {
  userUniqueId: 'dd0f4ebf-1bb0-4c28-b157-8fbc162ac0fd',
  phoneNumber: '+251979078103',
  roleId: 2,
  iat: 1788961795
}
[VerifyToken] User authenticated: {
  userUniqueId: 'dd0f4ebf-1bb0-4c28-b157-8fbc162ac0fd',
  phoneNumber: '+251979078103',
  roleId: undefined
}
16:50:07 [[32minfo[39m]: Transaction committed
{
  "service": "ride-hailing-api",
  "environment": "development",
  "transactionId": "txn_2026-09-09 16:50:07_u1069leg9",
  "duration": "4ms"
}
16:50:07 [[32minfo[39m]: API Request
{
  "service": "ride-hailing-api",
  "environment": "development",
  "type": "API_REQUEST",
  "method": "PUT",
  "url": "/api/driver/markNegativeStatusAsSeen",
  "statusCode": 200,
  "responseTime": "11ms",
  "ip": "127.0.0.1",
  "userAgent": "axios/1.20.0",
  "userId": 231,
  "userUniqueId": "dd0f4ebf-1bb0-4c28-b157-8fbc162ac0fd"
}
[VerifyToken] Request: {
  method: 'PUT',
  url: '/api/driver/cancelDriverRequest?ownerUserUniqueId=self&roleId=2&cancellationReasonsTypeId=11',
  hasAuth: true
}
[VerifyToken] Token decoded: {
  userUniqueId: 'dd0f4ebf-1bb0-4c28-b157-8fbc162ac0fd',
  phoneNumber: '+251979078103',
  roleId: 2,
  iat: 1788961795
}
[VerifyToken] User authenticated: {
  userUniqueId: 'dd0f4ebf-1bb0-4c28-b157-8fbc162ac0fd',
  phoneNumber: '+251979078103',
  roleId: undefined
}
16:50:08 [[33mwarn[39m]: No active driver socket found for notification
{
  "service": "ride-hailing-api",
  "environment": "development",
  "phoneNumber": "251979078102"
}
16:50:08 [[33mwarn[39m]: No active shipper socket found for notification
{
  "service": "ride-hailing-api",
  "environment": "development",
  "phoneNumber": "251987907812"
}
16:50:08 [[32minfo[39m]: Transaction committed
{
  "service": "ride-hailing-api",
  "environment": "development",
  "transactionId": "txn_2026-09-09 16:50:07_o02hnbjhn",
  "duration": "789ms"
}
16:50:08 [[32minfo[39m]: API Request
{
  "service": "ride-hailing-api",
  "environment": "development",
  "type": "API_REQUEST",
  "method": "PUT",
  "url": "/api/driver/cancelDriverRequest?ownerUserUniqueId=self&roleId=2&cancellationReasonsTypeId=11",
  "statusCode": 200,
  "responseTime": "793ms",
  "ip": "127.0.0.1",
  "userAgent": "axios/1.20.0",
  "userId": 231,
  "userUniqueId": "dd0f4ebf-1bb0-4c28-b157-8fbc162ac0fd"
}
[VerifyToken] Request: {
  method: 'PUT',
  url: '/api/driver/cancelDriverRequest?ownerUserUniqueId=self&roleId=2&cancellationReasonsTypeId=11',
  hasAuth: true
}
[VerifyToken] Token decoded: {
  userUniqueId: '32a64b89-1610-4614-9e36-127856685858',
  phoneNumber: '+251979078102',
  roleId: 2,
  iat: 1788961795
}
[VerifyToken] User authenticated: {
  userUniqueId: '32a64b89-1610-4614-9e36-127856685858',
  phoneNumber: '+251979078102',
  roleId: undefined
}
16:50:09 [[33mwarn[39m]: No active shipper socket found for notification
{
  "service": "ride-hailing-api",
  "environment": "development",
  "phoneNumber": "251987907812"
}
16:50:09 [[32minfo[39m]: Transaction committed
{
  "service": "ride-hailing-api",
  "environment": "development",
  "transactionId": "txn_2026-09-09 16:50:08_tnvhofjfe",
  "duration": "405ms"
}
16:50:09 [[32minfo[39m]: API Request
{
  "service": "ride-hailing-api",
  "environment": "development",
  "type": "API_REQUEST",
  "method": "PUT",
  "url": "/api/driver/cancelDriverRequest?ownerUserUniqueId=self&roleId=2&cancellationReasonsTypeId=11",
  "statusCode": 200,
  "responseTime": "410ms",
  "ip": "127.0.0.1",
  "userAgent": "axios/1.20.0",
  "userId": 230,
  "userUniqueId": "32a64b89-1610-4614-9e36-127856685858"
}
[VerifyToken] Request: {
  method: 'PUT',
  url: '/api/driver/markNegativeStatusAsSeen',
  hasAuth: true
}
[VerifyToken] Token decoded: {
  userUniqueId: 'dd0f4ebf-1bb0-4c28-b157-8fbc162ac0fd',
  phoneNumber: '+251979078103',
  roleId: 2,
  iat: 1788961795
}
[VerifyToken] User authenticated: {
  userUniqueId: 'dd0f4ebf-1bb0-4c28-b157-8fbc162ac0fd',
  phoneNumber: '+251979078103',
  roleId: undefined
}
16:50:09 [[32minfo[39m]: Transaction committed
{
  "service": "ride-hailing-api",
  "environment": "development",
  "transactionId": "txn_2026-09-09 16:50:09_cyfc7sxj8",
  "duration": "4ms"
}
16:50:09 [[32minfo[39m]: API Request
{
  "service": "ride-hailing-api",
  "environment": "development",
  "type": "API_REQUEST",
  "method": "PUT",
  "url": "/api/driver/markNegativeStatusAsSeen",
  "statusCode": 200,
  "responseTime": "11ms",
  "ip": "127.0.0.1",
  "userAgent": "axios/1.20.0",
  "userId": 231,
  "userUniqueId": "dd0f4ebf-1bb0-4c28-b157-8fbc162ac0fd"
}
[VerifyToken] Request: {
  method: 'PUT',
  url: '/api/driver/cancelDriverRequest?ownerUserUniqueId=self&roleId=2&cancellationReasonsTypeId=11',
  hasAuth: true
}
[VerifyToken] Token decoded: {
  userUniqueId: 'dd0f4ebf-1bb0-4c28-b157-8fbc162ac0fd',
  phoneNumber: '+251979078103',
  roleId: 2,
  iat: 1788961795
}
[VerifyToken] User authenticated: {
  userUniqueId: 'dd0f4ebf-1bb0-4c28-b157-8fbc162ac0fd',
  phoneNumber: '+251979078103',
  roleId: undefined
}
16:50:09 [[32minfo[39m]: Transaction committed
{
  "service": "ride-hailing-api",
  "environment": "development",
  "transactionId": "txn_2026-09-09 16:50:09_916y3spas",
  "duration": "2ms"
}
16:50:09 [[32minfo[39m]: API Request
{
  "service": "ride-hailing-api",
  "environment": "development",
  "type": "API_REQUEST",
  "method": "PUT",
  "url": "/api/driver/cancelDriverRequest?ownerUserUniqueId=self&roleId=2&cancellationReasonsTypeId=11",
  "statusCode": 200,
  "responseTime": "8ms",
  "ip": "127.0.0.1",
  "userAgent": "axios/1.20.0",
  "userId": 231,
  "userUniqueId": "dd0f4ebf-1bb0-4c28-b157-8fbc162ac0fd"
}
[VerifyToken] Request: {
  method: 'POST',
  url: '/api/shipperRequest/createRequest',
  hasAuth: true
}
[VerifyToken] Token decoded: {
  userUniqueId: 'cb41097f-9b0f-4fba-9683-1ced0d0924d6',
  phoneNumber: '+251987907812',
  roleId: 1,
  iat: 1788961794
}
[VerifyToken] User authenticated: {
  userUniqueId: 'cb41097f-9b0f-4fba-9683-1ced0d0924d6',
  phoneNumber: '+251987907812',
  roleId: undefined
}
16:50:09 [[33mwarn[39m]: No active driver socket found for notification
{
  "service": "ride-hailing-api",
  "environment": "development",
  "phoneNumber": "251979078104"
}
16:50:09 [[33mwarn[39m]: No active shipper socket found for notification
{
  "service": "ride-hailing-api",
  "environment": "development",
  "phoneNumber": "251987907812"
}
16:50:09 [[32minfo[39m]: Transaction committed
{
  "service": "ride-hailing-api",
  "environment": "development",
  "transactionId": "txn_2026-09-09 16:50:09_xibw475vi",
  "duration": "774ms"
}
16:50:09 [[32minfo[39m]: API Request
{
  "service": "ride-hailing-api",
  "environment": "development",
  "type": "API_REQUEST",
  "method": "POST",
  "url": "/api/shipperRequest/createRequest",
  "statusCode": 200,
  "responseTime": "777ms",
  "ip": "127.0.0.1",
  "userAgent": "axios/1.20.0",
  "userId": 228,
  "userUniqueId": "cb41097f-9b0f-4fba-9683-1ced0d0924d6"
}
[VerifyToken] Request: {
  method: 'PUT',
  url: '/api/driver/cancelDriverRequest?ownerUserUniqueId=self&roleId=2&cancellationReasonsTypeId=11',
  hasAuth: true
}
[VerifyToken] Token decoded: {
  userUniqueId: '68fab8cd-4301-4cfc-ba75-d2534dcc7da8',
  phoneNumber: '+251979078104',
  roleId: 2,
  iat: 1788961796
}
[VerifyToken] User authenticated: {
  userUniqueId: '68fab8cd-4301-4cfc-ba75-d2534dcc7da8',
  phoneNumber: '+251979078104',
  roleId: undefined
}
16:50:10 [[33mwarn[39m]: No active shipper socket found for notification
{
  "service": "ride-hailing-api",
  "environment": "development",
  "phoneNumber": "251987907812"
}
16:50:10 [[32minfo[39m]: Transaction committed
{
  "service": "ride-hailing-api",
  "environment": "development",
  "transactionId": "txn_2026-09-09 16:50:09_iv2muoaht",
  "duration": "405ms"
}
16:50:10 [[32minfo[39m]: API Request
{
  "service": "ride-hailing-api",
  "environment": "development",
  "type": "API_REQUEST",
  "method": "PUT",
  "url": "/api/driver/cancelDriverRequest?ownerUserUniqueId=self&roleId=2&cancellationReasonsTypeId=11",
  "statusCode": 200,
  "responseTime": "410ms",
  "ip": "127.0.0.1",
  "userAgent": "axios/1.20.0",
  "userId": 232,
  "userUniqueId": "68fab8cd-4301-4cfc-ba75-d2534dcc7da8"
}
[VerifyToken] Request: {
  method: 'POST',
  url: '/api/shipperRequest/createRequest',
  hasAuth: true
}
[VerifyToken] Token decoded: {
  userUniqueId: 'cb41097f-9b0f-4fba-9683-1ced0d0924d6',
  phoneNumber: '+251987907812',
  roleId: 1,
  iat: 1788961794
}
[VerifyToken] User authenticated: {
  userUniqueId: 'cb41097f-9b0f-4fba-9683-1ced0d0924d6',
  phoneNumber: '+251987907812',
  roleId: undefined
}
16:50:10 [[33mwarn[39m]: No active driver socket found for notification
{
  "service": "ride-hailing-api",
  "environment": "development",
  "phoneNumber": "251979078104"
}
16:50:11 [[33mwarn[39m]: No active shipper socket found for notification
{
  "service": "ride-hailing-api",
  "environment": "development",
  "phoneNumber": "251987907812"
}
16:50:11 [[32minfo[39m]: Transaction committed
{
  "service": "ride-hailing-api",
  "environment": "development",
  "transactionId": "txn_2026-09-09 16:50:10_r7u4l674l",
  "duration": "777ms"
}
16:50:11 [[32minfo[39m]: API Request
{
  "service": "ride-hailing-api",
  "environment": "development",
  "type": "API_REQUEST",
  "method": "POST",
  "url": "/api/shipperRequest/createRequest",
  "statusCode": 200,
  "responseTime": "781ms",
  "ip": "127.0.0.1",
  "userAgent": "axios/1.20.0",
  "userId": 228,
  "userUniqueId": "cb41097f-9b0f-4fba-9683-1ced0d0924d6"
}
[VerifyToken] Request: {
  method: 'PUT',
  url: '/api/driver/cancelDriverRequest?ownerUserUniqueId=self&roleId=2&cancellationReasonsTypeId=11',
  hasAuth: true
}
[VerifyToken] Token decoded: {
  userUniqueId: '68fab8cd-4301-4cfc-ba75-d2534dcc7da8',
  phoneNumber: '+251979078104',
  roleId: 2,
  iat: 1788961796
}
[VerifyToken] User authenticated: {
  userUniqueId: '68fab8cd-4301-4cfc-ba75-d2534dcc7da8',
  phoneNumber: '+251979078104',
  roleId: undefined
}
16:50:11 [[33mwarn[39m]: No active shipper socket found for notification
{
  "service": "ride-hailing-api",
  "environment": "development",
  "phoneNumber": "251987907812"
}
16:50:11 [[32minfo[39m]: Transaction committed
{
  "service": "ride-hailing-api",
  "environment": "development",
  "transactionId": "txn_2026-09-09 16:50:11_zvbehya4k",
  "duration": "394ms"
}
16:50:11 [[32minfo[39m]: API Request
{
  "service": "ride-hailing-api",
  "environment": "development",
  "type": "API_REQUEST",
  "method": "PUT",
  "url": "/api/driver/cancelDriverRequest?ownerUserUniqueId=self&roleId=2&cancellationReasonsTypeId=11",
  "statusCode": 200,
  "responseTime": "397ms",
  "ip": "127.0.0.1",
  "userAgent": "axios/1.20.0",
  "userId": 232,
  "userUniqueId": "68fab8cd-4301-4cfc-ba75-d2534dcc7da8"
}
[VerifyToken] Request: {
  method: 'POST',
  url: '/api/shipperRequest/createRequest',
  hasAuth: true
}
[VerifyToken] Token decoded: {
  userUniqueId: 'cb41097f-9b0f-4fba-9683-1ced0d0924d6',
  phoneNumber: '+251987907812',
  roleId: 1,
  iat: 1788961794
}
[VerifyToken] User authenticated: {
  userUniqueId: 'cb41097f-9b0f-4fba-9683-1ced0d0924d6',
  phoneNumber: '+251987907812',
  roleId: undefined
}
16:50:11 [[33mwarn[39m]: No active driver socket found for notification
{
  "service": "ride-hailing-api",
  "environment": "development",
  "phoneNumber": "251979078104"
}
16:50:12 [[33mwarn[39m]: No active shipper socket found for notification
{
  "service": "ride-hailing-api",
  "environment": "development",
  "phoneNumber": "251987907812"
}
16:50:12 [[32minfo[39m]: Transaction committed
{
  "service": "ride-hailing-api",
  "environment": "development",
  "transactionId": "txn_2026-09-09 16:50:11_nxdasygyf",
  "duration": "773ms"
}
16:50:12 [[32minfo[39m]: API Request
{
  "service": "ride-hailing-api",
  "environment": "development",
  "type": "API_REQUEST",
  "method": "POST",
  "url": "/api/shipperRequest/createRequest",
  "statusCode": 200,
  "responseTime": "777ms",
  "ip": "127.0.0.1",
  "userAgent": "axios/1.20.0",
  "userId": 228,
  "userUniqueId": "cb41097f-9b0f-4fba-9683-1ced0d0924d6"
}
[VerifyToken] Request: {
  method: 'PUT',
  url: '/api/driver/cancelDriverRequest?ownerUserUniqueId=self&roleId=2&cancellationReasonsTypeId=11',
  hasAuth: true
}
[VerifyToken] Token decoded: {
  userUniqueId: '68fab8cd-4301-4cfc-ba75-d2534dcc7da8',
  phoneNumber: '+251979078104',
  roleId: 2,
  iat: 1788961796
}
[VerifyToken] User authenticated: {
  userUniqueId: '68fab8cd-4301-4cfc-ba75-d2534dcc7da8',
  phoneNumber: '+251979078104',
  roleId: undefined
}
16:50:12 [[33mwarn[39m]: No active shipper socket found for notification
{
  "service": "ride-hailing-api",
  "environment": "development",
  "phoneNumber": "251987907812"
}
16:50:12 [[32minfo[39m]: Transaction committed
{
  "service": "ride-hailing-api",
  "environment": "development",
  "transactionId": "txn_2026-09-09 16:50:12_qu3hcsh2e",
  "duration": "401ms"
}
16:50:12 [[32minfo[39m]: API Request
{
  "service": "ride-hailing-api",
  "environment": "development",
  "type": "API_REQUEST",
  "method": "PUT",
  "url": "/api/driver/cancelDriverRequest?ownerUserUniqueId=self&roleId=2&cancellationReasonsTypeId=11",
  "statusCode": 200,
  "responseTime": "406ms",
  "ip": "127.0.0.1",
  "userAgent": "axios/1.20.0",
  "userId": 232,
  "userUniqueId": "68fab8cd-4301-4cfc-ba75-d2534dcc7da8"
}
[VerifyToken] Request: {
  method: 'POST',
  url: '/api/shipperRequest/createRequest',
  hasAuth: true
}
[VerifyToken] Token decoded: {
  userUniqueId: 'cb41097f-9b0f-4fba-9683-1ced0d0924d6',
  phoneNumber: '+251987907812',
  roleId: 1,
  iat: 1788961794
}
[VerifyToken] User authenticated: {
  userUniqueId: 'cb41097f-9b0f-4fba-9683-1ced0d0924d6',
  phoneNumber: '+251987907812',
  roleId: undefined
}
16:50:13 [[33mwarn[39m]: No active driver socket found for notification
{
  "service": "ride-hailing-api",
  "environment": "development",
  "phoneNumber": "251979078103"
}
16:50:13 [[33mwarn[39m]: No active shipper socket found for notification
{
  "service": "ride-hailing-api",
  "environment": "development",
  "phoneNumber": "251987907812"
}
16:50:13 [[32minfo[39m]: Transaction committed
{
  "service": "ride-hailing-api",
  "environment": "development",
  "transactionId": "txn_2026-09-09 16:50:12_g2oz68s2k",
  "duration": "775ms"
}
16:50:13 [[32minfo[39m]: API Request
{
  "service": "ride-hailing-api",
  "environment": "development",
  "type": "API_REQUEST",
  "method": "POST",
  "url": "/api/shipperRequest/createRequest",
  "statusCode": 200,
  "responseTime": "779ms",
  "ip": "127.0.0.1",
  "userAgent": "axios/1.20.0",
  "userId": 228,
  "userUniqueId": "cb41097f-9b0f-4fba-9683-1ced0d0924d6"
}
[VerifyToken] Request: {
  method: 'PUT',
  url: '/api/shipperRequest/cancelShipperRequest/cb41097f-9b0f-4fba-9683-1ced0d0924d6',
  hasAuth: true
}
[VerifyToken] Token decoded: {
  userUniqueId: 'cb41097f-9b0f-4fba-9683-1ced0d0924d6',
  phoneNumber: '+251987907812',
  roleId: 1,
  iat: 1788961794
}
[VerifyToken] User authenticated: {
  userUniqueId: 'cb41097f-9b0f-4fba-9683-1ced0d0924d6',
  phoneNumber: '+251987907812',
  roleId: undefined
}
16:50:13 [[33mwarn[39m]: No active driver socket found for notification
{
  "service": "ride-hailing-api",
  "environment": "development",
  "phoneNumber": "251979078103"
}
16:50:13 [[32minfo[39m]: Transaction committed
{
  "service": "ride-hailing-api",
  "environment": "development",
  "transactionId": "txn_2026-09-09 16:50:13_wsjyh95ef",
  "duration": "418ms"
}
16:50:13 [[32minfo[39m]: API Request
{
  "service": "ride-hailing-api",
  "environment": "development",
  "type": "API_REQUEST",
  "method": "PUT",
  "url": "/api/shipperRequest/cancelShipperRequest/cb41097f-9b0f-4fba-9683-1ced0d0924d6",
  "statusCode": 200,
  "responseTime": "423ms",
  "ip": "127.0.0.1",
  "userAgent": "axios/1.20.0",
  "userId": 228,
  "userUniqueId": "cb41097f-9b0f-4fba-9683-1ced0d0924d6"
}
[VerifyToken] Request: {
  method: 'PUT',
  url: '/api/shipperRequest/cancelShipperRequest/cb41097f-9b0f-4fba-9683-1ced0d0924d6',
  hasAuth: true
}
[VerifyToken] Token decoded: {
  userUniqueId: '44f79a44-d7a0-4bee-8f11-853d9ca2f2d1',
  phoneNumber: '+251947907819',
  roleId: 11,
  iat: 1788961793
}
[VerifyToken] User authenticated: {
  userUniqueId: '44f79a44-d7a0-4bee-8f11-853d9ca2f2d1',
  phoneNumber: '+251947907819',
  roleId: undefined
}
16:50:14 [[33mwarn[39m]: No active driver socket found for notification
{
  "service": "ride-hailing-api",
  "environment": "development",
  "phoneNumber": "251979078103"
}
16:50:14 [[33mwarn[39m]: No active driver socket found for notification
{
  "service": "ride-hailing-api",
  "environment": "development",
  "phoneNumber": "251979078102"
}
16:50:14 [[32minfo[39m]: Transaction committed
{
  "service": "ride-hailing-api",
  "environment": "development",
  "transactionId": "txn_2026-09-09 16:50:13_gatkr72yd",
  "duration": "398ms"
}
16:50:14 [[32minfo[39m]: API Request
{
  "service": "ride-hailing-api",
  "environment": "development",
  "type": "API_REQUEST",
  "method": "PUT",
  "url": "/api/shipperRequest/cancelShipperRequest/cb41097f-9b0f-4fba-9683-1ced0d0924d6",
  "statusCode": 200,
  "responseTime": "403ms",
  "ip": "127.0.0.1",
  "userAgent": "axios/1.20.0",
  "userId": 226,
  "userUniqueId": "44f79a44-d7a0-4bee-8f11-853d9ca2f2d1"
}
[VerifyToken] Request: {
  method: 'POST',
  url: '/api/shipperRequest/createRequest',
  hasAuth: true
}
[VerifyToken] Token decoded: {
  userUniqueId: 'cb41097f-9b0f-4fba-9683-1ced0d0924d6',
  phoneNumber: '+251987907812',
  roleId: 1,
  iat: 1788961794
}
[VerifyToken] User authenticated: {
  userUniqueId: 'cb41097f-9b0f-4fba-9683-1ced0d0924d6',
  phoneNumber: '+251987907812',
  roleId: undefined
}
16:50:14 [[33mwarn[39m]: No active driver socket found for notification
{
  "service": "ride-hailing-api",
  "environment": "development",
  "phoneNumber": "251979078103"
}
16:50:15 [[33mwarn[39m]: No active shipper socket found for notification
{
  "service": "ride-hailing-api",
  "environment": "development",
  "phoneNumber": "251987907812"
}
16:50:15 [[32minfo[39m]: Transaction committed
{
  "service": "ride-hailing-api",
  "environment": "development",
  "transactionId": "txn_2026-09-09 16:50:14_18v63g1kq",
  "duration": "781ms"
}
16:50:15 [[32minfo[39m]: API Request
{
  "service": "ride-hailing-api",
  "environment": "development",
  "type": "API_REQUEST",
  "method": "POST",
  "url": "/api/shipperRequest/createRequest",
  "statusCode": 200,
  "responseTime": "785ms",
  "ip": "127.0.0.1",
  "userAgent": "axios/1.20.0",
  "userId": 228,
  "userUniqueId": "cb41097f-9b0f-4fba-9683-1ced0d0924d6"
}
[VerifyToken] Request: {
  method: 'PUT',
  url: '/api/shipperRequest/cancelShipperRequest/cb41097f-9b0f-4fba-9683-1ced0d0924d6',
  hasAuth: true
}
[VerifyToken] Token decoded: {
  userUniqueId: '19bc52fd-ab50-49d5-90ae-7788bc44a5b5',
  phoneNumber: '+251977907813',
  roleId: 3,
  iat: 1788961791
}
[VerifyToken] User authenticated: {
  userUniqueId: '19bc52fd-ab50-49d5-90ae-7788bc44a5b5',
  phoneNumber: '+251977907813',
  roleId: undefined
}
16:50:15 [[33mwarn[39m]: No active driver socket found for notification
{
  "service": "ride-hailing-api",
  "environment": "development",
  "phoneNumber": "251979078103"
}
16:50:15 [[32minfo[39m]: Transaction committed
{
  "service": "ride-hailing-api",
  "environment": "development",
  "transactionId": "txn_2026-09-09 16:50:15_lj8gcxt38",
  "duration": "394ms"
}
16:50:15 [[32minfo[39m]: API Request
{
  "service": "ride-hailing-api",
  "environment": "development",
  "type": "API_REQUEST",
  "method": "PUT",
  "url": "/api/shipperRequest/cancelShipperRequest/cb41097f-9b0f-4fba-9683-1ced0d0924d6",
  "statusCode": 200,
  "responseTime": "398ms",
  "ip": "127.0.0.1",
  "userAgent": "axios/1.20.0",
  "userId": 224,
  "userUniqueId": "19bc52fd-ab50-49d5-90ae-7788bc44a5b5"
}
[VerifyToken] Request: {
  method: 'POST',
  url: '/api/shipperRequest/createRequest',
  hasAuth: true
}
[VerifyToken] Token decoded: {
  userUniqueId: 'cb41097f-9b0f-4fba-9683-1ced0d0924d6',
  phoneNumber: '+251987907812',
  roleId: 1,
  iat: 1788961794
}
[VerifyToken] User authenticated: {
  userUniqueId: 'cb41097f-9b0f-4fba-9683-1ced0d0924d6',
  phoneNumber: '+251987907812',
  roleId: undefined
}
16:50:15 [[33mwarn[39m]: No active driver socket found for notification
{
  "service": "ride-hailing-api",
  "environment": "development",
  "phoneNumber": "251979078103"
}
16:50:16 [[33mwarn[39m]: No active shipper socket found for notification
{
  "service": "ride-hailing-api",
  "environment": "development",
  "phoneNumber": "251987907812"
}
16:50:16 [[33mwarn[39m]: No active driver socket found for notification
{
  "service": "ride-hailing-api",
  "environment": "development",
  "phoneNumber": "251979078102"
}
16:50:16 [[33mwarn[39m]: No active shipper socket found for notification
{
  "service": "ride-hailing-api",
  "environment": "development",
  "phoneNumber": "251987907812"
}
16:50:17 [[32minfo[39m]: Transaction committed
{
  "service": "ride-hailing-api",
  "environment": "development",
  "transactionId": "txn_2026-09-09 16:50:15_ufpha8www",
  "duration": "1548ms"
}
16:50:17 [[32minfo[39m]: API Request
{
  "service": "ride-hailing-api",
  "environment": "development",
  "type": "API_REQUEST",
  "method": "POST",
  "url": "/api/shipperRequest/createRequest",
  "statusCode": 200,
  "responseTime": "1552ms",
  "ip": "127.0.0.1",
  "userAgent": "axios/1.20.0",
  "userId": 228,
  "userUniqueId": "cb41097f-9b0f-4fba-9683-1ced0d0924d6"
}
16:50:17 [[33mwarn[39m]: Slow Request
{
  "service": "ride-hailing-api",
  "environment": "development",
  "type": "SLOW_REQUEST",
  "method": "POST",
  "url": "/api/shipperRequest/createRequest",
  "responseTime": "1552ms",
  "threshold": "1000ms"
}
[VerifyToken] Request: {
  method: 'GET',
  url: '/api/driver/verifyDriverJourneyStatus',
  hasAuth: true
}
[VerifyToken] Token decoded: {
  userUniqueId: '32a64b89-1610-4614-9e36-127856685858',
  phoneNumber: '+251979078102',
  roleId: 2,
  iat: 1788961795
}
[VerifyToken] User authenticated: {
  userUniqueId: '32a64b89-1610-4614-9e36-127856685858',
  phoneNumber: '+251979078102',
  roleId: undefined
}
16:50:17 [[33mwarn[39m]: No active shipper socket found for notification
{
  "service": "ride-hailing-api",
  "environment": "development",
  "phoneNumber": "251987907812"
}
16:50:17 [[32minfo[39m]: API Request
{
  "service": "ride-hailing-api",
  "environment": "development",
  "type": "API_REQUEST",
  "method": "GET",
  "url": "/api/driver/verifyDriverJourneyStatus",
  "statusCode": 200,
  "responseTime": "385ms",
  "ip": "127.0.0.1",
  "userAgent": "axios/1.20.0",
  "userId": 230,
  "userUniqueId": "32a64b89-1610-4614-9e36-127856685858"
}
[VerifyToken] Request: {
  method: 'PUT',
  url: '/api/driver/acceptShipperRequest',
  hasAuth: true
}
[VerifyToken] Token decoded: {
  userUniqueId: '32a64b89-1610-4614-9e36-127856685858',
  phoneNumber: '+251979078102',
  roleId: 2,
  iat: 1788961795
}
[VerifyToken] User authenticated: {
  userUniqueId: '32a64b89-1610-4614-9e36-127856685858',
  phoneNumber: '+251979078102',
  roleId: undefined
}
16:50:17 [[33mwarn[39m]: Journey table NOT updated - journeyUniqueId missing
{
  "service": "ride-hailing-api",
  "environment": "development",
  "providedParams": {
    "journeyDecisionUniqueId": "19c0db0d-bf58-4bed-a7b7-5d346eab9087",
    "shipperRequestUniqueId": "bc0b3f2c-2243-4467-9c68-678c100684cf",
    "driverRequestUniqueId": "24f8ba4a-1942-4da0-9836-cc066e5ea498",
    "journeyStatusId": 4
  }
}
16:50:17 [[32minfo[39m]: Journey status update completed
{
  "service": "ride-hailing-api",
  "environment": "development",
  "journeyStatusId": 4,
  "tablesUpdated": {
    "journey": false,
    "shipperRequest": true,
    "journeyDecision": true,
    "driverRequest": true
  },
  "totalUpdates": 4
}
16:50:17 [[32minfo[39m]: Transaction committed
{
  "service": "ride-hailing-api",
  "environment": "development",
  "transactionId": "txn_2026-09-09 16:50:17_6m2wamikm",
  "duration": "3ms"
}
16:50:17 [[33mwarn[39m]: No active shipper socket found for notification
{
  "service": "ride-hailing-api",
  "environment": "development",
  "phoneNumber": "251987907812"
}
16:50:18 [[33mwarn[39m]: No active shipper socket found for notification
{
  "service": "ride-hailing-api",
  "environment": "development",
  "phoneNumber": "251987907812"
}
16:50:18 [[32minfo[39m]: API Request
{
  "service": "ride-hailing-api",
  "environment": "development",
  "type": "API_REQUEST",
  "method": "PUT",
  "url": "/api/driver/acceptShipperRequest",
  "statusCode": 200,
  "responseTime": "775ms",
  "ip": "127.0.0.1",
  "userAgent": "axios/1.20.0",
  "userId": 230,
  "userUniqueId": "32a64b89-1610-4614-9e36-127856685858"
}
[VerifyToken] Request: {
  method: 'GET',
  url: '/api/driver/verifyDriverJourneyStatus',
  hasAuth: true
}
[VerifyToken] Token decoded: {
  userUniqueId: 'dd0f4ebf-1bb0-4c28-b157-8fbc162ac0fd',
  phoneNumber: '+251979078103',
  roleId: 2,
  iat: 1788961795
}
[VerifyToken] User authenticated: {
  userUniqueId: 'dd0f4ebf-1bb0-4c28-b157-8fbc162ac0fd',
  phoneNumber: '+251979078103',
  roleId: undefined
}
16:50:18 [[33mwarn[39m]: No active shipper socket found for notification
{
  "service": "ride-hailing-api",
  "environment": "development",
  "phoneNumber": "251987907812"
}
16:50:18 [[32minfo[39m]: API Request
{
  "service": "ride-hailing-api",
  "environment": "development",
  "type": "API_REQUEST",
  "method": "GET",
  "url": "/api/driver/verifyDriverJourneyStatus",
  "statusCode": 200,
  "responseTime": "387ms",
  "ip": "127.0.0.1",
  "userAgent": "axios/1.20.0",
  "userId": 231,
  "userUniqueId": "dd0f4ebf-1bb0-4c28-b157-8fbc162ac0fd"
}
[VerifyToken] Request: {
  method: 'PUT',
  url: '/api/driver/acceptShipperRequest',
  hasAuth: true
}
[VerifyToken] Token decoded: {
  userUniqueId: 'dd0f4ebf-1bb0-4c28-b157-8fbc162ac0fd',
  phoneNumber: '+251979078103',
  roleId: 2,
  iat: 1788961795
}
[VerifyToken] User authenticated: {
  userUniqueId: 'dd0f4ebf-1bb0-4c28-b157-8fbc162ac0fd',
  phoneNumber: '+251979078103',
  roleId: undefined
}
16:50:18 [[33mwarn[39m]: Journey table NOT updated - journeyUniqueId missing
{
  "service": "ride-hailing-api",
  "environment": "development",
  "providedParams": {
    "journeyDecisionUniqueId": "a8e29cc0-68d9-4746-b79b-0ef4b7bef52d",
    "shipperRequestUniqueId": "4ed5c0a7-a835-4661-982f-1722c8e68d48",
    "driverRequestUniqueId": "661209ca-288f-4179-827b-f7261ed2c7ba",
    "journeyStatusId": 4
  }
}
16:50:18 [[32minfo[39m]: Journey status update completed
{
  "service": "ride-hailing-api",
  "environment": "development",
  "journeyStatusId": 4,
  "tablesUpdated": {
    "journey": false,
    "shipperRequest": true,
    "journeyDecision": true,
    "driverRequest": true
  },
  "totalUpdates": 4
}
16:50:18 [[32minfo[39m]: Transaction committed
{
  "service": "ride-hailing-api",
  "environment": "development",
  "transactionId": "txn_2026-09-09 16:50:18_h8ajlze3l",
  "duration": "7ms"
}
16:50:18 [[33mwarn[39m]: No active shipper socket found for notification
{
  "service": "ride-hailing-api",
  "environment": "development",
  "phoneNumber": "251987907812"
}
16:50:19 [[33mwarn[39m]: No active shipper socket found for notification
{
  "service": "ride-hailing-api",
  "environment": "development",
  "phoneNumber": "251987907812"
}
16:50:19 [[32minfo[39m]: API Request
{
  "service": "ride-hailing-api",
  "environment": "development",
  "type": "API_REQUEST",
  "method": "PUT",
  "url": "/api/driver/acceptShipperRequest",
  "statusCode": 200,
  "responseTime": "785ms",
  "ip": "127.0.0.1",
  "userAgent": "axios/1.20.0",
  "userId": 231,
  "userUniqueId": "dd0f4ebf-1bb0-4c28-b157-8fbc162ac0fd"
}
[VerifyToken] Request: {
  method: 'POST',
  url: '/api/shipperRequest/createRequest',
  hasAuth: true
}
[VerifyToken] Token decoded: {
  userUniqueId: 'cb41097f-9b0f-4fba-9683-1ced0d0924d6',
  phoneNumber: '+251987907812',
  roleId: 1,
  iat: 1788961794
}
[VerifyToken] Request: {
  method: 'POST',
  url: '/api/shipperRequest/createRequest',
  hasAuth: true
}
[VerifyToken] Token decoded: {
  userUniqueId: 'cb41097f-9b0f-4fba-9683-1ced0d0924d6',
  phoneNumber: '+251987907812',
  roleId: 1,
  iat: 1788961794
}
[VerifyToken] User authenticated: {
  userUniqueId: 'cb41097f-9b0f-4fba-9683-1ced0d0924d6',
  phoneNumber: '+251987907812',
  roleId: undefined
}
[VerifyToken] User authenticated: {
  userUniqueId: 'cb41097f-9b0f-4fba-9683-1ced0d0924d6',
  phoneNumber: '+251987907812',
  roleId: undefined
}
16:50:19 [[33mwarn[39m]: No active driver socket found for notification
{
  "service": "ride-hailing-api",
  "environment": "development",
  "phoneNumber": "251979078104"
}
16:50:20 [[33mwarn[39m]: No active shipper socket found for notification
{
  "service": "ride-hailing-api",
  "environment": "development",
  "phoneNumber": "251987907812"
}
16:50:20 [[32minfo[39m]: Transaction committed
{
  "service": "ride-hailing-api",
  "environment": "development",
  "transactionId": "txn_2026-09-09 16:50:19_kleuweq3e",
  "duration": "770ms"
}
16:50:20 [[32minfo[39m]: API Request
{
  "service": "ride-hailing-api",
  "environment": "development",
  "type": "API_REQUEST",
  "method": "POST",
  "url": "/api/shipperRequest/createRequest",
  "statusCode": 200,
  "responseTime": "775ms",
  "ip": "127.0.0.1",
  "userAgent": "axios/1.20.0",
  "userId": 228,
  "userUniqueId": "cb41097f-9b0f-4fba-9683-1ced0d0924d6"
}
16:50:20 [[32minfo[39m]: Transaction committed
{
  "service": "ride-hailing-api",
  "environment": "development",
  "transactionId": "txn_2026-09-09 16:50:19_1phh1xku1",
  "duration": "785ms"
}
16:50:20 [[32minfo[39m]: API Request
{
  "service": "ride-hailing-api",
  "environment": "development",
  "type": "API_REQUEST",
  "method": "POST",
  "url": "/api/shipperRequest/createRequest",
  "statusCode": 200,
  "responseTime": "788ms",
  "ip": "127.0.0.1",
  "userAgent": "axios/1.20.0",
  "userId": 228,
  "userUniqueId": "cb41097f-9b0f-4fba-9683-1ced0d0924d6"
}
[VerifyToken] Request: {
  method: 'GET',
  url: '/api/driver/verifyDriverJourneyStatus',
  hasAuth: true
}
[VerifyToken] Token decoded: {
  userUniqueId: '68fab8cd-4301-4cfc-ba75-d2534dcc7da8',
  phoneNumber: '+251979078104',
  roleId: 2,
  iat: 1788961796
}
[VerifyToken] User authenticated: {
  userUniqueId: '68fab8cd-4301-4cfc-ba75-d2534dcc7da8',
  phoneNumber: '+251979078104',
  roleId: undefined
}
16:50:20 [[33mwarn[39m]: No active shipper socket found for notification
{
  "service": "ride-hailing-api",
  "environment": "development",
  "phoneNumber": "251987907812"
}
16:50:20 [[32minfo[39m]: API Request
{
  "service": "ride-hailing-api",
  "environment": "development",
  "type": "API_REQUEST",
  "method": "GET",
  "url": "/api/driver/verifyDriverJourneyStatus",
  "statusCode": 200,
  "responseTime": "390ms",
  "ip": "127.0.0.1",
  "userAgent": "axios/1.20.0",
  "userId": 232,
  "userUniqueId": "68fab8cd-4301-4cfc-ba75-d2534dcc7da8"
}
[VerifyToken] Request: {
  method: 'PUT',
  url: '/api/driver/acceptShipperRequest',
  hasAuth: true
}
[VerifyToken] Token decoded: {
  userUniqueId: '68fab8cd-4301-4cfc-ba75-d2534dcc7da8',
  phoneNumber: '+251979078104',
  roleId: 2,
  iat: 1788961796
}
[VerifyToken] Request: {
  method: 'PUT',
  url: '/api/driver/acceptShipperRequest',
  hasAuth: true
}
[VerifyToken] Token decoded: {
  userUniqueId: '68fab8cd-4301-4cfc-ba75-d2534dcc7da8',
  phoneNumber: '+251979078104',
  roleId: 2,
  iat: 1788961796
}
[VerifyToken] User authenticated: {
  userUniqueId: '68fab8cd-4301-4cfc-ba75-d2534dcc7da8',
  phoneNumber: '+251979078104',
  roleId: undefined
}
[VerifyToken] User authenticated: {
  userUniqueId: '68fab8cd-4301-4cfc-ba75-d2534dcc7da8',
  phoneNumber: '+251979078104',
  roleId: undefined
}
16:50:20 [[33mwarn[39m]: Journey table NOT updated - journeyUniqueId missing
{
  "service": "ride-hailing-api",
  "environment": "development",
  "providedParams": {
    "journeyDecisionUniqueId": "1d05702e-ebff-4e24-8b48-65822cc210a7",
    "shipperRequestUniqueId": "5d748ce2-ed04-4fcd-be83-2165a3097b88",
    "driverRequestUniqueId": "332d270c-b5c2-4880-974a-3f096df206d1",
    "journeyStatusId": 4
  }
}
16:50:20 [[32minfo[39m]: Journey status update completed
{
  "service": "ride-hailing-api",
  "environment": "development",
  "journeyStatusId": 4,
  "tablesUpdated": {
    "journey": false,
    "shipperRequest": true,
    "journeyDecision": true,
    "driverRequest": true
  },
  "totalUpdates": 4
}
16:50:20 [[32minfo[39m]: Transaction committed
{
  "service": "ride-hailing-api",
  "environment": "development",
  "transactionId": "txn_2026-09-09 16:50:20_uoaiffa5l",
  "duration": "3ms"
}
16:50:20 [[33mwarn[39m]: Transaction rolled back
Error: This request cannot be accepted at this time. The request may have already been processed or is no longer available for acceptance.
    at executeInTransaction.timeout (/Users/zewedu/Desktop/Projects/transportBackEndNative/Services/DriverRequest/actionAcceptShipperRequest.service.js:210:17)
    at process.processTicksAndRejections (node:internal/process/task_queues:105:5)
    at async /Users/zewedu/Desktop/Projects/transportBackEndNative/Utils/DatabaseTransaction.js:107:16
    at async executeInTransaction (/Users/zewedu/Desktop/Projects/transportBackEndNative/Utils/DatabaseTransaction.js:105:22)
    at async Object.acceptShipperRequest (/Users/zewedu/Desktop/Projects/transportBackEndNative/Services/DriverRequest/actionAcceptShipperRequest.service.js:197:5)
    at async acceptShipperRequest (/Users/zewedu/Desktop/Projects/transportBackEndNative/Controllers/Driver.controller.js:104:20)
{
  "service": "ride-hailing-api",
  "environment": "development",
  "transactionId": "txn_2026-09-09 16:50:20_i92kxfxuh",
  "duration": "3ms",
  "error": "This request cannot be accepted at this time. The request may have already been processed or is no longer available for acceptance."
}
16:50:20 [[31merror[39m]: Error accepting shipper request:
{
  "service": "ride-hailing-api",
  "environment": "development",
  "error": "This request cannot be accepted at this time. The request may have already been processed or is no longer available for acceptance."
}
16:50:20 [[33mwarn[39m]: API Error This request cannot be accepted at this time. The request may have already been processed or is no longer available for acceptance.
Error: This request cannot be accepted at this time. The request may have already been processed or is no longer available for acceptance.
    at Object.acceptShipperRequest (/Users/zewedu/Desktop/Projects/transportBackEndNative/Services/DriverRequest/actionAcceptShipperRequest.service.js:338:11)
    at process.processTicksAndRejections (node:internal/process/task_queues:105:5)
    at async acceptShipperRequest (/Users/zewedu/Desktop/Projects/transportBackEndNative/Controllers/Driver.controller.js:104:20)
{
  "service": "ride-hailing-api",
  "environment": "development",
  "type": "API_ERROR",
  "statusCode": 400,
  "path": "/api/driver/acceptShipperRequest",
  "method": "PUT",
  "ip": "127.0.0.1",
  "requestId": "72785855-0e51-45c1-a05e-350f56ae22a7",
  "userId": 232,
  "userUniqueId": "68fab8cd-4301-4cfc-ba75-d2534dcc7da8",
  "body": {
    "driverRequestUniqueId": "332d270c-b5c2-4880-974a-3f096df206d1",
    "shipperRequestUniqueId": "5d748ce2-ed04-4fcd-be83-2165a3097b88",
    "journeyDecisionUniqueId": "1d05702e-ebff-4e24-8b48-65822cc210a7",
    "shippingCostByDriver": 6000,
    "userUniqueId": "68fab8cd-4301-4cfc-ba75-d2534dcc7da8",
    "journeyStatusId": 3
  },
  "params": {},
  "query": {}
}
16:50:20 [[32minfo[39m]: API Request
{
  "service": "ride-hailing-api",
  "environment": "development",
  "type": "API_REQUEST",
  "method": "PUT",
  "url": "/api/driver/acceptShipperRequest",
  "statusCode": 400,
  "responseTime": "9ms",
  "ip": "127.0.0.1",
  "userAgent": "axios/1.20.0",
  "userId": 232,
  "userUniqueId": "68fab8cd-4301-4cfc-ba75-d2534dcc7da8"
}
16:50:20 [[33mwarn[39m]: No active shipper socket found for notification
{
  "service": "ride-hailing-api",
  "environment": "development",
  "phoneNumber": "251987907812"
}
16:50:21 [[33mwarn[39m]: No active shipper socket found for notification
{
  "service": "ride-hailing-api",
  "environment": "development",
  "phoneNumber": "251987907812"
}
16:50:21 [[32minfo[39m]: API Request
{
  "service": "ride-hailing-api",
  "environment": "development",
  "type": "API_REQUEST",
  "method": "PUT",
  "url": "/api/driver/acceptShipperRequest",
  "statusCode": 200,
  "responseTime": "777ms",
  "ip": "127.0.0.1",
  "userAgent": "axios/1.20.0",
  "userId": 232,
  "userUniqueId": "68fab8cd-4301-4cfc-ba75-d2534dcc7da8"
}
[VerifyToken] Request: { method: 'POST', url: '/driver/checkin', hasAuth: true }
[VerifyToken] Token decoded: {
  userUniqueId: '2909ad9d-630f-4b9f-9bf3-b3ad86f57979',
  phoneNumber: '+251979078101',
  roleId: 2,
  iat: 1788961794
}
[VerifyToken] Request: { method: 'POST', url: '/driver/checkin', hasAuth: true }
[VerifyToken] Token decoded: {
  userUniqueId: '2909ad9d-630f-4b9f-9bf3-b3ad86f57979',
  phoneNumber: '+251979078101',
  roleId: 2,
  iat: 1788961794
}
[VerifyToken] User authenticated: {
  userUniqueId: '2909ad9d-630f-4b9f-9bf3-b3ad86f57979',
  phoneNumber: '+251979078101',
  roleId: undefined
}
[VerifyToken] Request: { method: 'POST', url: '/driver/checkin', hasAuth: true }
[VerifyToken] Token decoded: {
  userUniqueId: '2909ad9d-630f-4b9f-9bf3-b3ad86f57979',
  phoneNumber: '+251979078101',
  roleId: 2,
  iat: 1788961794
}
[VerifyToken] User authenticated: {
  userUniqueId: '2909ad9d-630f-4b9f-9bf3-b3ad86f57979',
  phoneNumber: '+251979078101',
  roleId: undefined
}
[VerifyToken] User authenticated: {
  userUniqueId: '2909ad9d-630f-4b9f-9bf3-b3ad86f57979',
  phoneNumber: '+251979078101',
  roleId: undefined
}
16:50:21 [[32minfo[39m]: Transaction committed
{
  "service": "ride-hailing-api",
  "environment": "development",
  "transactionId": "txn_2026-09-09 16:50:21_n53bcqncb",
  "duration": "13ms"
}
🚀 ~ result?.data?.alreadyInJourney: undefined
🚀 ~ position: {
  message: 'success',
  data: {
    queue: {
      queueUniqueId: 'af945604-46a6-415d-b311-e9dc3ca91071',
      queueNumber: 5,
      joinedAt: 2026-09-09T13:50:21.000Z,
      status: 1,
      journeyStatusId: null,
      requestedAt: null,
      agreedAt: null,
      vehicleDriverUniqueId: '2c447507-b3ee-4774-843d-4ef5092c9f5d',
      driverUserUniqueId: '2909ad9d-630f-4b9f-9bf3-b3ad86f57979',
      driverName: undefined,
      driverPhoneNumber: undefined,
      vehicleTypeUniqueId: '6ac6b747-6579-4b05-b917-00f17a0c6dd2',
      shipperRequestUniqueId: null,
      targetedShipperUserUUID: null,
      driverLatitude: '9.03000000',
      driverLongitude: '38.74000000',
      waitingAhead: 0
    },
    shipper: null,
    shipperHistory: [],
    organization: {
      queueOrganizationUniqueId: '11f8aa32-0053-40a1-a0ad-7975bf715b05',
      queueOrganizationName: 'QA Dispatch Hub 1788961801193',
      queueOrganizationType: 'other',
      queueOrganizationPhone: '+251910000001',
      queueOrganizationAddress: 'Addis Ababa',
      latitude: '9.03000000',
      longitude: '38.74000000',
      checkinRadiusKm: null,
      approvalStatus: 'approved',
      queueEnabled: 1,
      approvedBy: '786dcbff-6567-410d-9c21-01faccc95866',
      approvedAt: 2026-09-09T13:50:01.000Z
    }
  }
}
16:50:21 [[32minfo[39m]: API Request
{
  "service": "ride-hailing-api",
  "environment": "development",
  "type": "API_REQUEST",
  "method": "POST",
  "url": "/api/queue/driver/checkin",
  "statusCode": 201,
  "responseTime": "21ms",
  "ip": "127.0.0.1",
  "userAgent": "axios/1.20.0",
  "userId": 229,
  "userUniqueId": "2909ad9d-630f-4b9f-9bf3-b3ad86f57979"
}
16:50:21 [[32minfo[39m]: Transaction committed
{
  "service": "ride-hailing-api",
  "environment": "development",
  "transactionId": "txn_2026-09-09 16:50:21_iiza2nyxs",
  "duration": "13ms"
}
🚀 ~ result?.data?.alreadyInJourney: undefined
🚀 ~ position: {
  message: 'success',
  data: {
    queue: {
      queueUniqueId: 'af945604-46a6-415d-b311-e9dc3ca91071',
      queueNumber: 5,
      joinedAt: 2026-09-09T13:50:21.000Z,
      status: 1,
      journeyStatusId: null,
      requestedAt: null,
      agreedAt: null,
      vehicleDriverUniqueId: '2c447507-b3ee-4774-843d-4ef5092c9f5d',
      driverUserUniqueId: '2909ad9d-630f-4b9f-9bf3-b3ad86f57979',
      driverName: undefined,
      driverPhoneNumber: undefined,
      vehicleTypeUniqueId: '6ac6b747-6579-4b05-b917-00f17a0c6dd2',
      shipperRequestUniqueId: null,
      targetedShipperUserUUID: null,
      driverLatitude: '9.03000000',
      driverLongitude: '38.74000000',
      waitingAhead: 0
    },
    shipper: null,
    shipperHistory: [],
    organization: {
      queueOrganizationUniqueId: '11f8aa32-0053-40a1-a0ad-7975bf715b05',
      queueOrganizationName: 'QA Dispatch Hub 1788961801193',
      queueOrganizationType: 'other',
      queueOrganizationPhone: '+251910000001',
      queueOrganizationAddress: 'Addis Ababa',
      latitude: '9.03000000',
      longitude: '38.74000000',
      checkinRadiusKm: null,
      approvalStatus: 'approved',
      queueEnabled: 1,
      approvedBy: '786dcbff-6567-410d-9c21-01faccc95866',
      approvedAt: 2026-09-09T13:50:01.000Z
    }
  }
}
16:50:21 [[32minfo[39m]: API Request
{
  "service": "ride-hailing-api",
  "environment": "development",
  "type": "API_REQUEST",
  "method": "POST",
  "url": "/api/queue/driver/checkin",
  "statusCode": 201,
  "responseTime": "21ms",
  "ip": "127.0.0.1",
  "userAgent": "axios/1.20.0",
  "userId": 229,
  "userUniqueId": "2909ad9d-630f-4b9f-9bf3-b3ad86f57979"
}
16:50:21 [[32minfo[39m]: Transaction committed
{
  "service": "ride-hailing-api",
  "environment": "development",
  "transactionId": "txn_2026-09-09 16:50:21_wm28idquh",
  "duration": "15ms"
}
🚀 ~ result?.data?.alreadyInJourney: undefined
🚀 ~ position: {
  message: 'success',
  data: {
    queue: {
      queueUniqueId: 'af945604-46a6-415d-b311-e9dc3ca91071',
      queueNumber: 5,
      joinedAt: 2026-09-09T13:50:21.000Z,
      status: 1,
      journeyStatusId: null,
      requestedAt: null,
      agreedAt: null,
      vehicleDriverUniqueId: '2c447507-b3ee-4774-843d-4ef5092c9f5d',
      driverUserUniqueId: '2909ad9d-630f-4b9f-9bf3-b3ad86f57979',
      driverName: undefined,
      driverPhoneNumber: undefined,
      vehicleTypeUniqueId: '6ac6b747-6579-4b05-b917-00f17a0c6dd2',
      shipperRequestUniqueId: null,
      targetedShipperUserUUID: null,
      driverLatitude: '9.03000000',
      driverLongitude: '38.74000000',
      waitingAhead: 0
    },
    shipper: null,
    shipperHistory: [],
    organization: {
      queueOrganizationUniqueId: '11f8aa32-0053-40a1-a0ad-7975bf715b05',
      queueOrganizationName: 'QA Dispatch Hub 1788961801193',
      queueOrganizationType: 'other',
      queueOrganizationPhone: '+251910000001',
      queueOrganizationAddress: 'Addis Ababa',
      latitude: '9.03000000',
      longitude: '38.74000000',
      checkinRadiusKm: null,
      approvalStatus: 'approved',
      queueEnabled: 1,
      approvedBy: '786dcbff-6567-410d-9c21-01faccc95866',
      approvedAt: 2026-09-09T13:50:01.000Z
    }
  }
}
16:50:21 [[32minfo[39m]: API Request
{
  "service": "ride-hailing-api",
  "environment": "development",
  "type": "API_REQUEST",
  "method": "POST",
  "url": "/api/queue/driver/checkin",
  "statusCode": 201,
  "responseTime": "23ms",
  "ip": "127.0.0.1",
  "userAgent": "axios/1.20.0",
  "userId": 229,
  "userUniqueId": "2909ad9d-630f-4b9f-9bf3-b3ad86f57979"
}
[VerifyToken] Request: {
  method: 'DELETE',
  url: '/entry/af945604-46a6-415d-b311-e9dc3ca91071',
  hasAuth: true
}
[VerifyToken] Token decoded: {
  userUniqueId: '44f79a44-d7a0-4bee-8f11-853d9ca2f2d1',
  phoneNumber: '+251947907819',
  roleId: 11,
  iat: 1788961793
}
[VerifyToken] User authenticated: {
  userUniqueId: '44f79a44-d7a0-4bee-8f11-853d9ca2f2d1',
  phoneNumber: '+251947907819',
  roleId: undefined
}
16:50:21 [[32minfo[39m]: Transaction committed
{
  "service": "ride-hailing-api",
  "environment": "development",
  "transactionId": "txn_2026-09-09 16:50:21_eqjyc3kqg",
  "duration": "6ms"
}
16:50:21 [[32minfo[39m]: API Request
{
  "service": "ride-hailing-api",
  "environment": "development",
  "type": "API_REQUEST",
  "method": "DELETE",
  "url": "/api/queue/entry/af945604-46a6-415d-b311-e9dc3ca91071",
  "statusCode": 200,
  "responseTime": "9ms",
  "ip": "127.0.0.1",
  "userAgent": "axios/1.20.0",
  "userId": 226,
  "userUniqueId": "44f79a44-d7a0-4bee-8f11-853d9ca2f2d1"
}
[VerifyToken] Request: {
  method: 'POST',
  url: '/api/shipperRequest/createRequest',
  hasAuth: true
}
[VerifyToken] Token decoded: {
  userUniqueId: 'cb41097f-9b0f-4fba-9683-1ced0d0924d6',
  phoneNumber: '+251987907812',
  roleId: 1,
  iat: 1788961794
}
[VerifyToken] User authenticated: {
  userUniqueId: 'cb41097f-9b0f-4fba-9683-1ced0d0924d6',
  phoneNumber: '+251987907812',
  roleId: undefined
}
16:50:21 [[32minfo[39m]: Transaction committed
{
  "service": "ride-hailing-api",
  "environment": "development",
  "transactionId": "txn_2026-09-09 16:50:21_zwv43qyqa",
  "duration": "9ms"
}
16:50:21 [[32minfo[39m]: API Request
{
  "service": "ride-hailing-api",
  "environment": "development",
  "type": "API_REQUEST",
  "method": "POST",
  "url": "/api/shipperRequest/createRequest",
  "statusCode": 200,
  "responseTime": "12ms",
  "ip": "127.0.0.1",
  "userAgent": "axios/1.20.0",
  "userId": 228,
  "userUniqueId": "cb41097f-9b0f-4fba-9683-1ced0d0924d6"
}
[VerifyToken] Request: {
  method: 'PUT',
  url: '/api/shipperRequest/cancelShipperRequest/cb41097f-9b0f-4fba-9683-1ced0d0924d6',
  hasAuth: true
}
[VerifyToken] Token decoded: {
  userUniqueId: 'cb41097f-9b0f-4fba-9683-1ced0d0924d6',
  phoneNumber: '+251987907812',
  roleId: 1,
  iat: 1788961794
}
[VerifyToken] User authenticated: {
  userUniqueId: 'cb41097f-9b0f-4fba-9683-1ced0d0924d6',
  phoneNumber: '+251987907812',
  roleId: undefined
}
16:50:21 [[32minfo[39m]: Transaction committed
{
  "service": "ride-hailing-api",
  "environment": "development",
  "transactionId": "txn_2026-09-09 16:50:21_w65he6zow",
  "duration": "12ms"
}
16:50:21 [[32minfo[39m]: API Request
{
  "service": "ride-hailing-api",
  "environment": "development",
  "type": "API_REQUEST",
  "method": "PUT",
  "url": "/api/shipperRequest/cancelShipperRequest/cb41097f-9b0f-4fba-9683-1ced0d0924d6",
  "statusCode": 200,
  "responseTime": "14ms",
  "ip": "127.0.0.1",
  "userAgent": "axios/1.20.0",
  "userId": 228,
  "userUniqueId": "cb41097f-9b0f-4fba-9683-1ced0d0924d6"
}
[VerifyToken] Request: { method: 'POST', url: '/manualCheckin', hasAuth: true }
[VerifyToken] Token decoded: {
  userUniqueId: '44f79a44-d7a0-4bee-8f11-853d9ca2f2d1',
  phoneNumber: '+251947907819',
  roleId: 11,
  iat: 1788961793
}
[VerifyToken] User authenticated: {
  userUniqueId: '44f79a44-d7a0-4bee-8f11-853d9ca2f2d1',
  phoneNumber: '+251947907819',
  roleId: undefined
}
16:50:21 [[33mwarn[39m]: Transaction rolled back
Error: Driver has an active journey — finish or cancel it before joining the queue
    at exports.manualCheckin (/Users/zewedu/Desktop/Projects/transportBackEndNative/Services/DriverQueue.service.js:1375:11)
    at process.processTicksAndRejections (node:internal/process/task_queues:105:5)
    at async /Users/zewedu/Desktop/Projects/transportBackEndNative/Utils/DatabaseTransaction.js:107:16
    at async executeInTransaction (/Users/zewedu/Desktop/Projects/transportBackEndNative/Utils/DatabaseTransaction.js:105:22)
    at async exports.manualCheckin (/Users/zewedu/Desktop/Projects/transportBackEndNative/Controllers/DriverQueue.controller.js:77:20)
{
  "service": "ride-hailing-api",
  "environment": "development",
  "transactionId": "txn_2026-09-09 16:50:21_k12sxqeqb",
  "duration": "2ms",
  "error": "Driver has an active journey — finish or cancel it before joining the queue"
}
16:50:21 [[33mwarn[39m]: API Error Driver has an active journey — finish or cancel it before joining the queue
Error: Driver has an active journey — finish or cancel it before joining the queue
    at exports.manualCheckin (/Users/zewedu/Desktop/Projects/transportBackEndNative/Services/DriverQueue.service.js:1375:11)
    at process.processTicksAndRejections (node:internal/process/task_queues:105:5)
    at async /Users/zewedu/Desktop/Projects/transportBackEndNative/Utils/DatabaseTransaction.js:107:16
    at async executeInTransaction (/Users/zewedu/Desktop/Projects/transportBackEndNative/Utils/DatabaseTransaction.js:105:22)
    at async exports.manualCheckin (/Users/zewedu/Desktop/Projects/transportBackEndNative/Controllers/DriverQueue.controller.js:77:20)
{
  "service": "ride-hailing-api",
  "environment": "development",
  "type": "API_ERROR",
  "statusCode": 409,
  "path": "/api/queue/manualCheckin",
  "method": "POST",
  "ip": "127.0.0.1",
  "requestId": "38c1d2ac-a466-4cdf-a631-e43480b23ade",
  "userId": 226,
  "userUniqueId": "44f79a44-d7a0-4bee-8f11-853d9ca2f2d1",
  "body": {
    "queueOrganizationUniqueId": "11f8aa32-0053-40a1-a0ad-7975bf715b05",
    "driverPhoneNumber": "[REDACTED]"
  },
  "params": {},
  "query": {}
}
16:50:21 [[32minfo[39m]: API Request
{
  "service": "ride-hailing-api",
  "environment": "development",
  "type": "API_REQUEST",
  "method": "POST",
  "url": "/api/queue/manualCheckin",
  "statusCode": 409,
  "responseTime": "5ms",
  "ip": "127.0.0.1",
  "userAgent": "axios/1.20.0",
  "userId": 226,
  "userUniqueId": "44f79a44-d7a0-4bee-8f11-853d9ca2f2d1"
}
[VerifyToken] Request: { method: 'POST', url: '/dispatch', hasAuth: true }
[VerifyToken] Token decoded: {
  userUniqueId: '44f79a44-d7a0-4bee-8f11-853d9ca2f2d1',
  phoneNumber: '+251947907819',
  roleId: 11,
  iat: 1788961793
}
[VerifyToken] User authenticated: {
  userUniqueId: '44f79a44-d7a0-4bee-8f11-853d9ca2f2d1',
  phoneNumber: '+251947907819',
  roleId: undefined
}
16:50:21 [[33mwarn[39m]: Transaction rolled back
Error: Shipper request not found
    at getShipperRequest (/Users/zewedu/Desktop/Projects/transportBackEndNative/Services/DriverQueue.service.js:1721:11)
    at process.processTicksAndRejections (node:internal/process/task_queues:105:5)
    at async offerToDriver (/Users/zewedu/Desktop/Projects/transportBackEndNative/Services/DriverQueue.service.js:2243:26)
    at async executeInTransaction (/Users/zewedu/Desktop/Projects/transportBackEndNative/Utils/DatabaseTransaction.js:62:12)
    at async exports.dispatch (/Users/zewedu/Desktop/Projects/transportBackEndNative/Services/DriverQueue.service.js:2680:18)
    at async /Users/zewedu/Desktop/Projects/transportBackEndNative/Utils/DatabaseTransaction.js:107:16
    at async executeInTransaction (/Users/zewedu/Desktop/Projects/transportBackEndNative/Utils/DatabaseTransaction.js:105:22)
    at async exports.dispatch (/Users/zewedu/Desktop/Projects/transportBackEndNative/Controllers/DriverQueue.controller.js:110:20)
{
  "service": "ride-hailing-api",
  "environment": "development",
  "transactionId": "txn_2026-09-09 16:50:21_iwduq0ro1",
  "duration": "2ms",
  "error": "Shipper request not found"
}
16:50:21 [[33mwarn[39m]: API Error Shipper request not found
Error: Shipper request not found
    at getShipperRequest (/Users/zewedu/Desktop/Projects/transportBackEndNative/Services/DriverQueue.service.js:1721:11)
    at process.processTicksAndRejections (node:internal/process/task_queues:105:5)
    at async offerToDriver (/Users/zewedu/Desktop/Projects/transportBackEndNative/Services/DriverQueue.service.js:2243:26)
    at async executeInTransaction (/Users/zewedu/Desktop/Projects/transportBackEndNative/Utils/DatabaseTransaction.js:62:12)
    at async exports.dispatch (/Users/zewedu/Desktop/Projects/transportBackEndNative/Services/DriverQueue.service.js:2680:18)
    at async /Users/zewedu/Desktop/Projects/transportBackEndNative/Utils/DatabaseTransaction.js:107:16
    at async executeInTransaction (/Users/zewedu/Desktop/Projects/transportBackEndNative/Utils/DatabaseTransaction.js:105:22)
    at async exports.dispatch (/Users/zewedu/Desktop/Projects/transportBackEndNative/Controllers/DriverQueue.controller.js:110:20)
{
  "service": "ride-hailing-api",
  "environment": "development",
  "type": "API_ERROR",
  "statusCode": 404,
  "path": "/api/queue/dispatch",
  "method": "POST",
  "ip": "127.0.0.1",
  "requestId": "a991f430-fa98-414d-b112-ec9315f94305",
  "userId": 226,
  "userUniqueId": "44f79a44-d7a0-4bee-8f11-853d9ca2f2d1",
  "body": {
    "queueOrganizationUniqueId": "11f8aa32-0053-40a1-a0ad-7975bf715b05",
    "queueUniqueId": "058bad6c-ec88-4d8d-b7e4-32a09e5b90b3"
  },
  "params": {},
  "query": {}
}
16:50:21 [[32minfo[39m]: API Request
{
  "service": "ride-hailing-api",
  "environment": "development",
  "type": "API_REQUEST",
  "method": "POST",
  "url": "/api/queue/dispatch",
  "statusCode": 404,
  "responseTime": "3ms",
  "ip": "127.0.0.1",
  "userAgent": "axios/1.20.0",
  "userId": 226,
  "userUniqueId": "44f79a44-d7a0-4bee-8f11-853d9ca2f2d1"
}
[VerifyToken] Request: {
  method: 'PUT',
  url: '/api/driver/cancelDriverRequest?ownerUserUniqueId=self&roleId=2&cancellationReasonsTypeId=11',
  hasAuth: true
}
[VerifyToken] Token decoded: {
  userUniqueId: '32a64b89-1610-4614-9e36-127856685858',
  phoneNumber: '+251979078102',
  roleId: 2,
  iat: 1788961795
}
[VerifyToken] User authenticated: {
  userUniqueId: '32a64b89-1610-4614-9e36-127856685858',
  phoneNumber: '+251979078102',
  roleId: undefined
}
16:50:21 [[33mwarn[39m]: No active shipper socket found for notification
{
  "service": "ride-hailing-api",
  "environment": "development",
  "phoneNumber": "251987907812"
}
16:50:22 [[33mwarn[39m]: No active shipper socket found for notification
{
  "service": "ride-hailing-api",
  "environment": "development",
  "phoneNumber": "251987907812"
}
16:50:22 [[32minfo[39m]: Transaction committed
{
  "service": "ride-hailing-api",
  "environment": "development",
  "transactionId": "txn_2026-09-09 16:50:21_g4e49rz4t",
  "duration": "778ms"
}
16:50:22 [[32minfo[39m]: API Request
{
  "service": "ride-hailing-api",
  "environment": "development",
  "type": "API_REQUEST",
  "method": "PUT",
  "url": "/api/driver/cancelDriverRequest?ownerUserUniqueId=self&roleId=2&cancellationReasonsTypeId=11",
  "statusCode": 200,
  "responseTime": "782ms",
  "ip": "127.0.0.1",
  "userAgent": "axios/1.20.0",
  "userId": 230,
  "userUniqueId": "32a64b89-1610-4614-9e36-127856685858"
}
[VerifyToken] Request: {
  method: 'GET',
  url: '/api/driver/verifyDriverJourneyStatus',
  hasAuth: true
}
[VerifyToken] Token decoded: {
  userUniqueId: '32a64b89-1610-4614-9e36-127856685858',
  phoneNumber: '+251979078102',
  roleId: 2,
  iat: 1788961795
}
[VerifyToken] User authenticated: {
  userUniqueId: '32a64b89-1610-4614-9e36-127856685858',
  phoneNumber: '+251979078102',
  roleId: undefined
}
16:50:22 [[33mwarn[39m]: No active driver socket found for notification
{
  "service": "ride-hailing-api",
  "environment": "development",
  "phoneNumber": "251979078102"
}
16:50:22 [[33mwarn[39m]: No active shipper socket found for notification
{
  "service": "ride-hailing-api",
  "environment": "development",
  "phoneNumber": "251987907812"
}
16:50:22 [[32minfo[39m]: API Request
{
  "service": "ride-hailing-api",
  "environment": "development",
  "type": "API_REQUEST",
  "method": "GET",
  "url": "/api/driver/verifyDriverJourneyStatus",
  "statusCode": 200,
  "responseTime": "764ms",
  "ip": "127.0.0.1",
  "userAgent": "axios/1.20.0",
  "userId": 230,
  "userUniqueId": "32a64b89-1610-4614-9e36-127856685858"
}
[VerifyToken] Request: {
  method: 'PUT',
  url: '/api/driver/acceptShipperRequest',
  hasAuth: true
}
[VerifyToken] Token decoded: {
  userUniqueId: '32a64b89-1610-4614-9e36-127856685858',
  phoneNumber: '+251979078102',
  roleId: 2,
  iat: 1788961795
}
[VerifyToken] User authenticated: {
  userUniqueId: '32a64b89-1610-4614-9e36-127856685858',
  phoneNumber: '+251979078102',
  roleId: undefined
}
16:50:22 [[31merror[39m]: Error accepting shipper request:
{
  "service": "ride-hailing-api",
  "environment": "development",
  "error": "This queue offer is no longer available for acceptance. The offer window may have expired and the order moved to another driver."
}
16:50:22 [[33mwarn[39m]: API Error This queue offer is no longer available for acceptance. The offer window may have expired and the order moved to another driver.
Error: This queue offer is no longer available for acceptance. The offer window may have expired and the order moved to another driver.
    at Object.acceptShipperRequest (/Users/zewedu/Desktop/Projects/transportBackEndNative/Services/DriverRequest/actionAcceptShipperRequest.service.js:338:11)
    at process.processTicksAndRejections (node:internal/process/task_queues:105:5)
    at async acceptShipperRequest (/Users/zewedu/Desktop/Projects/transportBackEndNative/Controllers/Driver.controller.js:104:20)
{
  "service": "ride-hailing-api",
  "environment": "development",
  "type": "API_ERROR",
  "statusCode": 409,
  "path": "/api/driver/acceptShipperRequest",
  "method": "PUT",
  "ip": "127.0.0.1",
  "requestId": "d6a726d1-a483-4784-b5ec-aaed0fb5da4f",
  "userId": 230,
  "userUniqueId": "32a64b89-1610-4614-9e36-127856685858",
  "body": {
    "driverRequestUniqueId": "3d082256-a76e-4306-afd7-f192641a1681",
    "shipperRequestUniqueId": "9ae891ff-7bd2-498d-829a-cb94f0537ef7",
    "journeyDecisionUniqueId": "4b3b4930-59f6-44b7-9492-8f94ffb01a01",
    "shippingCostByDriver": 5500,
    "userUniqueId": "32a64b89-1610-4614-9e36-127856685858",
    "journeyStatusId": 3
  },
  "params": {},
  "query": {}
}
16:50:22 [[32minfo[39m]: API Request
{
  "service": "ride-hailing-api",
  "environment": "development",
  "type": "API_REQUEST",
  "method": "PUT",
  "url": "/api/driver/acceptShipperRequest",
  "statusCode": 409,
  "responseTime": "7ms",
  "ip": "127.0.0.1",
  "userAgent": "axios/1.20.0",
  "userId": 230,
  "userUniqueId": "32a64b89-1610-4614-9e36-127856685858"
}
[VerifyToken] Request: {
  method: 'GET',
  url: '/api/driver/verifyDriverJourneyStatus',
  hasAuth: true
}
[VerifyToken] Token decoded: {
  userUniqueId: 'dd0f4ebf-1bb0-4c28-b157-8fbc162ac0fd',
  phoneNumber: '+251979078103',
  roleId: 2,
  iat: 1788961795
}
[VerifyToken] User authenticated: {
  userUniqueId: 'dd0f4ebf-1bb0-4c28-b157-8fbc162ac0fd',
  phoneNumber: '+251979078103',
  roleId: undefined
}
16:50:22 [[32minfo[39m]: API Request
{
  "service": "ride-hailing-api",
  "environment": "development",
  "type": "API_REQUEST",
  "method": "GET",
  "url": "/api/driver/verifyDriverJourneyStatus",
  "statusCode": 200,
  "responseTime": "5ms",
  "ip": "127.0.0.1",
  "userAgent": "axios/1.20.0",
  "userId": 231,
  "userUniqueId": "dd0f4ebf-1bb0-4c28-b157-8fbc162ac0fd"
}
[VerifyToken] Request: {
  method: 'PUT',
  url: '/api/driver/acceptShipperRequest',
  hasAuth: true
}
[VerifyToken] Token decoded: {
  userUniqueId: 'dd0f4ebf-1bb0-4c28-b157-8fbc162ac0fd',
  phoneNumber: '+251979078103',
  roleId: 2,
  iat: 1788961795
}
[VerifyToken] User authenticated: {
  userUniqueId: 'dd0f4ebf-1bb0-4c28-b157-8fbc162ac0fd',
  phoneNumber: '+251979078103',
  roleId: undefined
}
16:50:22 [[31merror[39m]: Error accepting shipper request:
{
  "service": "ride-hailing-api",
  "environment": "development",
  "error": "This queue offer is no longer available for acceptance. The offer window may have expired and the order moved to another driver."
}
16:50:22 [[33mwarn[39m]: API Error This queue offer is no longer available for acceptance. The offer window may have expired and the order moved to another driver.
Error: This queue offer is no longer available for acceptance. The offer window may have expired and the order moved to another driver.
    at Object.acceptShipperRequest (/Users/zewedu/Desktop/Projects/transportBackEndNative/Services/DriverRequest/actionAcceptShipperRequest.service.js:338:11)
    at process.processTicksAndRejections (node:internal/process/task_queues:105:5)
    at async acceptShipperRequest (/Users/zewedu/Desktop/Projects/transportBackEndNative/Controllers/Driver.controller.js:104:20)
{
  "service": "ride-hailing-api",
  "environment": "development",
  "type": "API_ERROR",
  "statusCode": 409,
  "path": "/api/driver/acceptShipperRequest",
  "method": "PUT",
  "ip": "127.0.0.1",
  "requestId": "ba01f2f0-7ae1-4d36-9eb4-d197038a44eb",
  "userId": 231,
  "userUniqueId": "dd0f4ebf-1bb0-4c28-b157-8fbc162ac0fd",
  "body": {
    "driverRequestUniqueId": "661209ca-288f-4179-827b-f7261ed2c7ba",
    "shipperRequestUniqueId": "4ed5c0a7-a835-4661-982f-1722c8e68d48",
    "journeyDecisionUniqueId": "a8e29cc0-68d9-4746-b79b-0ef4b7bef52d",
    "shippingCostByDriver": 5500,
    "userUniqueId": "dd0f4ebf-1bb0-4c28-b157-8fbc162ac0fd",
    "journeyStatusId": 3
  },
  "params": {},
  "query": {}
}
16:50:22 [[32minfo[39m]: API Request
{
  "service": "ride-hailing-api",
  "environment": "development",
  "type": "API_REQUEST",
  "method": "PUT",
  "url": "/api/driver/acceptShipperRequest",
  "statusCode": 409,
  "responseTime": "3ms",
  "ip": "127.0.0.1",
  "userAgent": "axios/1.20.0",
  "userId": 231,
  "userUniqueId": "dd0f4ebf-1bb0-4c28-b157-8fbc162ac0fd"
}
[VerifyToken] Request: { method: 'POST', url: '/manualCheckin', hasAuth: true }
[VerifyToken] Token decoded: {
  userUniqueId: '44f79a44-d7a0-4bee-8f11-853d9ca2f2d1',
  phoneNumber: '+251947907819',
  roleId: 11,
  iat: 1788961793
}
[VerifyToken] User authenticated: {
  userUniqueId: '44f79a44-d7a0-4bee-8f11-853d9ca2f2d1',
  phoneNumber: '+251947907819',
  roleId: undefined
}
16:50:23 [[33mwarn[39m]: No active driver socket found for notification
{
  "service": "ride-hailing-api",
  "environment": "development",
  "phoneNumber": "251979078101"
}
16:50:23 [[33mwarn[39m]: No active shipper socket found for notification
{
  "service": "ride-hailing-api",
  "environment": "development",
  "phoneNumber": "251987907812"
}
16:50:23 [[32minfo[39m]: Transaction committed
{
  "service": "ride-hailing-api",
  "environment": "development",
  "transactionId": "txn_2026-09-09 16:50:22_kbm0amuco",
  "duration": "763ms"
}
16:50:23 [[32minfo[39m]: API Request
{
  "service": "ride-hailing-api",
  "environment": "development",
  "type": "API_REQUEST",
  "method": "POST",
  "url": "/api/queue/manualCheckin",
  "statusCode": 201,
  "responseTime": "765ms",
  "ip": "127.0.0.1",
  "userAgent": "axios/1.20.0",
  "userId": 226,
  "userUniqueId": "44f79a44-d7a0-4bee-8f11-853d9ca2f2d1"
}
[VerifyToken] Request: { method: 'PATCH', url: '/entry/null/override', hasAuth: true }
[VerifyToken] Token decoded: {
  userUniqueId: '44f79a44-d7a0-4bee-8f11-853d9ca2f2d1',
  phoneNumber: '+251947907819',
  roleId: 11,
  iat: 1788961793
}
[VerifyToken] User authenticated: {
  userUniqueId: '44f79a44-d7a0-4bee-8f11-853d9ca2f2d1',
  phoneNumber: '+251947907819',
  roleId: undefined
}
16:50:23 [[33mwarn[39m]: @validator schema.validate failed "queueUniqueId" must be a valid GUID
{
  "service": "ride-hailing-api",
  "environment": "development",
  "method": "PATCH",
  "path": "/entry/null/override",
  "source": "params",
  "details": [
    {
      "field": "queueUniqueId",
      "message": "\"queueUniqueId\" must be a valid GUID"
    }
  ]
}
16:50:23 [[33mwarn[39m]: API Error "queueUniqueId" must be a valid GUID
Error: "queueUniqueId" must be a valid GUID
    at /Users/zewedu/Desktop/Projects/transportBackEndNative/Middleware/Validator.js:52:9
    at Layer.handleRequest (/Users/zewedu/Desktop/Projects/transportBackEndNative/node_modules/router/lib/layer.js:152:17)
    at next (/Users/zewedu/Desktop/Projects/transportBackEndNative/node_modules/router/lib/route.js:157:13)
    at verifyIfUserIsQueueOrgAdmin (/Users/zewedu/Desktop/Projects/transportBackEndNative/Middleware/VerifyToken.js:213:5)
    at Layer.handleRequest (/Users/zewedu/Desktop/Projects/transportBackEndNative/node_modules/router/lib/layer.js:152:17)
    at next (/Users/zewedu/Desktop/Projects/transportBackEndNative/node_modules/router/lib/route.js:157:13)
    at Route.dispatch (/Users/zewedu/Desktop/Projects/transportBackEndNative/node_modules/router/lib/route.js:117:3)
    at handle (/Users/zewedu/Desktop/Projects/transportBackEndNative/node_modules/router/index.js:435:11)
    at Layer.handleRequest (/Users/zewedu/Desktop/Projects/transportBackEndNative/node_modules/router/lib/layer.js:152:17)
    at /Users/zewedu/Desktop/Projects/transportBackEndNative/node_modules/router/index.js:295:15
{
  "service": "ride-hailing-api",
  "environment": "development",
  "type": "API_ERROR",
  "code": "VALIDATION_ERROR",
  "statusCode": 400,
  "path": "/api/queue/entry/null/override",
  "method": "PATCH",
  "ip": "127.0.0.1",
  "requestId": "2a09b4ad-4c8c-42b2-b21d-5754ef88b02d",
  "userId": 226,
  "userUniqueId": "44f79a44-d7a0-4bee-8f11-853d9ca2f2d1",
  "body": {
    "queueNumber": 1,
    "reason": "E2E override test"
  },
  "params": {},
  "query": {}
}
16:50:23 [[32minfo[39m]: API Request
{
  "service": "ride-hailing-api",
  "environment": "development",
  "type": "API_REQUEST",
  "method": "PATCH",
  "url": "/api/queue/entry/null/override",
  "statusCode": 400,
  "responseTime": "6ms",
  "ip": "127.0.0.1",
  "userAgent": "axios/1.20.0",
  "userId": 226,
  "userUniqueId": "44f79a44-d7a0-4bee-8f11-853d9ca2f2d1"
}
[VerifyToken] Request: { method: 'DELETE', url: '/entry/null', hasAuth: true }
[VerifyToken] Token decoded: {
  userUniqueId: '44f79a44-d7a0-4bee-8f11-853d9ca2f2d1',
  phoneNumber: '+251947907819',
  roleId: 11,
  iat: 1788961793
}
[VerifyToken] User authenticated: {
  userUniqueId: '44f79a44-d7a0-4bee-8f11-853d9ca2f2d1',
  phoneNumber: '+251947907819',
  roleId: undefined
}
16:50:23 [[33mwarn[39m]: @validator schema.validate failed "queueUniqueId" must be a valid GUID
{
  "service": "ride-hailing-api",
  "environment": "development",
  "method": "DELETE",
  "path": "/entry/null",
  "source": "params",
  "details": [
    {
      "field": "queueUniqueId",
      "message": "\"queueUniqueId\" must be a valid GUID"
    }
  ]
}
16:50:23 [[33mwarn[39m]: API Error "queueUniqueId" must be a valid GUID
Error: "queueUniqueId" must be a valid GUID
    at /Users/zewedu/Desktop/Projects/transportBackEndNative/Middleware/Validator.js:52:9
    at Layer.handleRequest (/Users/zewedu/Desktop/Projects/transportBackEndNative/node_modules/router/lib/layer.js:152:17)
    at next (/Users/zewedu/Desktop/Projects/transportBackEndNative/node_modules/router/lib/route.js:157:13)
    at verifyIfUserIsQueueOrgAdmin (/Users/zewedu/Desktop/Projects/transportBackEndNative/Middleware/VerifyToken.js:213:5)
    at Layer.handleRequest (/Users/zewedu/Desktop/Projects/transportBackEndNative/node_modules/router/lib/layer.js:152:17)
    at next (/Users/zewedu/Desktop/Projects/transportBackEndNative/node_modules/router/lib/route.js:157:13)
    at Route.dispatch (/Users/zewedu/Desktop/Projects/transportBackEndNative/node_modules/router/lib/route.js:117:3)
    at handle (/Users/zewedu/Desktop/Projects/transportBackEndNative/node_modules/router/index.js:435:11)
    at Layer.handleRequest (/Users/zewedu/Desktop/Projects/transportBackEndNative/node_modules/router/lib/layer.js:152:17)
    at /Users/zewedu/Desktop/Projects/transportBackEndNative/node_modules/router/index.js:295:15
{
  "service": "ride-hailing-api",
  "environment": "development",
  "type": "API_ERROR",
  "code": "VALIDATION_ERROR",
  "statusCode": 400,
  "path": "/api/queue/entry/null",
  "method": "DELETE",
  "ip": "127.0.0.1",
  "requestId": "8b06113c-10fb-43f7-a9e1-5f5a6975cd61",
  "userId": 226,
  "userUniqueId": "44f79a44-d7a0-4bee-8f11-853d9ca2f2d1",
  "params": {},
  "query": {}
}
16:50:23 [[32minfo[39m]: API Request
{
  "service": "ride-hailing-api",
  "environment": "development",
  "type": "API_REQUEST",
  "method": "DELETE",
  "url": "/api/queue/entry/null",
  "statusCode": 400,
  "responseTime": "1ms",
  "ip": "127.0.0.1",
  "userAgent": "axios/1.20.0",
  "userId": 226,
  "userUniqueId": "44f79a44-d7a0-4bee-8f11-853d9ca2f2d1"
}
[VerifyToken] Request: {
  method: 'POST',
  url: '/api/shipperRequest/createRequest',
  hasAuth: true
}
[VerifyToken] Token decoded: {
  userUniqueId: 'cb41097f-9b0f-4fba-9683-1ced0d0924d6',
  phoneNumber: '+251987907812',
  roleId: 1,
  iat: 1788961794
}
[VerifyToken] User authenticated: {
  userUniqueId: 'cb41097f-9b0f-4fba-9683-1ced0d0924d6',
  phoneNumber: '+251987907812',
  roleId: undefined
}
16:50:23 [[32minfo[39m]: Transaction committed
{
  "service": "ride-hailing-api",
  "environment": "development",
  "transactionId": "txn_2026-09-09 16:50:23_d6slyy8r0",
  "duration": "7ms"
}
16:50:23 [[32minfo[39m]: API Request
{
  "service": "ride-hailing-api",
  "environment": "development",
  "type": "API_REQUEST",
  "method": "POST",
  "url": "/api/shipperRequest/createRequest",
  "statusCode": 200,
  "responseTime": "8ms",
  "ip": "127.0.0.1",
  "userAgent": "axios/1.20.0",
  "userId": 228,
  "userUniqueId": "cb41097f-9b0f-4fba-9683-1ced0d0924d6"
}
[VerifyToken] Request: { method: 'POST', url: '/dispatch', hasAuth: true }
[VerifyToken] Token decoded: {
  userUniqueId: '44f79a44-d7a0-4bee-8f11-853d9ca2f2d1',
  phoneNumber: '+251947907819',
  roleId: 11,
  iat: 1788961793
}
[VerifyToken] User authenticated: {
  userUniqueId: '44f79a44-d7a0-4bee-8f11-853d9ca2f2d1',
  phoneNumber: '+251947907819',
  roleId: undefined
}
16:50:23 [[33mwarn[39m]: Transaction rolled back
Error: No waiting driver in this vehicle type's queue
    at offerToDriver (/Users/zewedu/Desktop/Projects/transportBackEndNative/Services/DriverQueue.service.js:2406:15)
    at process.processTicksAndRejections (node:internal/process/task_queues:105:5)
    at async executeInTransaction (/Users/zewedu/Desktop/Projects/transportBackEndNative/Utils/DatabaseTransaction.js:62:12)
    at async exports.dispatch (/Users/zewedu/Desktop/Projects/transportBackEndNative/Services/DriverQueue.service.js:2680:18)
    at async /Users/zewedu/Desktop/Projects/transportBackEndNative/Utils/DatabaseTransaction.js:107:16
    at async executeInTransaction (/Users/zewedu/Desktop/Projects/transportBackEndNative/Utils/DatabaseTransaction.js:105:22)
    at async exports.dispatch (/Users/zewedu/Desktop/Projects/transportBackEndNative/Controllers/DriverQueue.controller.js:110:20)
{
  "service": "ride-hailing-api",
  "environment": "development",
  "transactionId": "txn_2026-09-09 16:50:23_lhejkn4go",
  "duration": "2ms",
  "error": "No waiting driver in this vehicle type's queue"
}
16:50:23 [[33mwarn[39m]: API Error No waiting driver in this vehicle type's queue
Error: No waiting driver in this vehicle type's queue
    at offerToDriver (/Users/zewedu/Desktop/Projects/transportBackEndNative/Services/DriverQueue.service.js:2406:15)
    at process.processTicksAndRejections (node:internal/process/task_queues:105:5)
    at async executeInTransaction (/Users/zewedu/Desktop/Projects/transportBackEndNative/Utils/DatabaseTransaction.js:62:12)
    at async exports.dispatch (/Users/zewedu/Desktop/Projects/transportBackEndNative/Services/DriverQueue.service.js:2680:18)
    at async /Users/zewedu/Desktop/Projects/transportBackEndNative/Utils/DatabaseTransaction.js:107:16
    at async executeInTransaction (/Users/zewedu/Desktop/Projects/transportBackEndNative/Utils/DatabaseTransaction.js:105:22)
    at async exports.dispatch (/Users/zewedu/Desktop/Projects/transportBackEndNative/Controllers/DriverQueue.controller.js:110:20)
{
  "service": "ride-hailing-api",
  "environment": "development",
  "type": "API_ERROR",
  "statusCode": 404,
  "path": "/api/queue/dispatch",
  "method": "POST",
  "ip": "127.0.0.1",
  "requestId": "dcf1ed81-3abb-4c5b-9cfc-ed2a522e68b6",
  "userId": 226,
  "userUniqueId": "44f79a44-d7a0-4bee-8f11-853d9ca2f2d1",
  "body": {
    "queueOrganizationUniqueId": "11f8aa32-0053-40a1-a0ad-7975bf715b05",
    "vehicleTypeUniqueId": "6ac6b747-6579-4b05-b917-00f17a0c6dd2",
    "shipperRequestUniqueId": "c3a217c4-e0cc-4c9f-8258-2a3c4fd2af98"
  },
  "params": {},
  "query": {}
}
16:50:23 [[32minfo[39m]: API Request
{
  "service": "ride-hailing-api",
  "environment": "development",
  "type": "API_REQUEST",
  "method": "POST",
  "url": "/api/queue/dispatch",
  "statusCode": 404,
  "responseTime": "3ms",
  "ip": "127.0.0.1",
  "userAgent": "axios/1.20.0",
  "userId": 226,
  "userUniqueId": "44f79a44-d7a0-4bee-8f11-853d9ca2f2d1"
}
[VerifyToken] Request: { method: 'POST', url: '/manualCheckin', hasAuth: true }
[VerifyToken] Token decoded: {
  userUniqueId: '44f79a44-d7a0-4bee-8f11-853d9ca2f2d1',
  phoneNumber: '+251947907819',
  roleId: 11,
  iat: 1788961793
}
[VerifyToken] User authenticated: {
  userUniqueId: '44f79a44-d7a0-4bee-8f11-853d9ca2f2d1',
  phoneNumber: '+251947907819',
  roleId: undefined
}
16:50:23 [[33mwarn[39m]: Transaction rolled back
Error: Driver has an active journey — finish or cancel it before joining the queue
    at exports.manualCheckin (/Users/zewedu/Desktop/Projects/transportBackEndNative/Services/DriverQueue.service.js:1375:11)
    at process.processTicksAndRejections (node:internal/process/task_queues:105:5)
    at async /Users/zewedu/Desktop/Projects/transportBackEndNative/Utils/DatabaseTransaction.js:107:16
    at async executeInTransaction (/Users/zewedu/Desktop/Projects/transportBackEndNative/Utils/DatabaseTransaction.js:105:22)
    at async exports.manualCheckin (/Users/zewedu/Desktop/Projects/transportBackEndNative/Controllers/DriverQueue.controller.js:77:20)
{
  "service": "ride-hailing-api",
  "environment": "development",
  "transactionId": "txn_2026-09-09 16:50:23_mxhjx26jk",
  "duration": "2ms",
  "error": "Driver has an active journey — finish or cancel it before joining the queue"
}
16:50:23 [[33mwarn[39m]: API Error Driver has an active journey — finish or cancel it before joining the queue
Error: Driver has an active journey — finish or cancel it before joining the queue
    at exports.manualCheckin (/Users/zewedu/Desktop/Projects/transportBackEndNative/Services/DriverQueue.service.js:1375:11)
    at process.processTicksAndRejections (node:internal/process/task_queues:105:5)
    at async /Users/zewedu/Desktop/Projects/transportBackEndNative/Utils/DatabaseTransaction.js:107:16
    at async executeInTransaction (/Users/zewedu/Desktop/Projects/transportBackEndNative/Utils/DatabaseTransaction.js:105:22)
    at async exports.manualCheckin (/Users/zewedu/Desktop/Projects/transportBackEndNative/Controllers/DriverQueue.controller.js:77:20)
{
  "service": "ride-hailing-api",
  "environment": "development",
  "type": "API_ERROR",
  "statusCode": 409,
  "path": "/api/queue/manualCheckin",
  "method": "POST",
  "ip": "127.0.0.1",
  "requestId": "3aaf17e1-48a9-4561-8a46-ca5aca0b96ac",
  "userId": 226,
  "userUniqueId": "44f79a44-d7a0-4bee-8f11-853d9ca2f2d1",
  "body": {
    "queueOrganizationUniqueId": "11f8aa32-0053-40a1-a0ad-7975bf715b05",
    "driverPhoneNumber": "[REDACTED]"
  },
  "params": {},
  "query": {}
}
16:50:23 [[32minfo[39m]: API Request
{
  "service": "ride-hailing-api",
  "environment": "development",
  "type": "API_REQUEST",
  "method": "POST",
  "url": "/api/queue/manualCheckin",
  "statusCode": 409,
  "responseTime": "2ms",
  "ip": "127.0.0.1",
  "userAgent": "axios/1.20.0",
  "userId": 226,
  "userUniqueId": "44f79a44-d7a0-4bee-8f11-853d9ca2f2d1"
}
[VerifyToken] Request: {
  method: 'POST',
  url: '/api/shipperRequest/createRequest',
  hasAuth: true
}
[VerifyToken] Token decoded: {
  userUniqueId: 'cb41097f-9b0f-4fba-9683-1ced0d0924d6',
  phoneNumber: '+251987907812',
  roleId: 1,
  iat: 1788961794
}
[VerifyToken] User authenticated: {
  userUniqueId: 'cb41097f-9b0f-4fba-9683-1ced0d0924d6',
  phoneNumber: '+251987907812',
  roleId: undefined
}
16:50:23 [[32minfo[39m]: Transaction committed
{
  "service": "ride-hailing-api",
  "environment": "development",
  "transactionId": "txn_2026-09-09 16:50:23_gua6a2s85",
  "duration": "6ms"
}
16:50:23 [[32minfo[39m]: API Request
{
  "service": "ride-hailing-api",
  "environment": "development",
  "type": "API_REQUEST",
  "method": "POST",
  "url": "/api/shipperRequest/createRequest",
  "statusCode": 200,
  "responseTime": "8ms",
  "ip": "127.0.0.1",
  "userAgent": "axios/1.20.0",
  "userId": 228,
  "userUniqueId": "cb41097f-9b0f-4fba-9683-1ced0d0924d6"
}
16:50:23 [[32minfo[39m]: API Request
{
  "service": "ride-hailing-api",
  "environment": "development",
  "type": "API_REQUEST",
  "method": "POST",
  "url": "/api/user/loginUser",
  "statusCode": 200,
  "responseTime": "76ms",
  "ip": "127.0.0.1",
  "userAgent": "axios/1.20.0"
}
16:50:23 [[32minfo[39m]: Transaction committed
{
  "service": "ride-hailing-api",
  "environment": "development",
  "transactionId": "txn_2026-09-09 16:50:23_djj9s9omn",
  "duration": "88ms"
}
16:50:23 [[32minfo[39m]: API Request
{
  "service": "ride-hailing-api",
  "environment": "development",
  "type": "API_REQUEST",
  "method": "POST",
  "url": "/api/user/verifyUserByOTP",
  "statusCode": 200,
  "responseTime": "89ms",
  "ip": "127.0.0.1",
  "userAgent": "axios/1.20.0"
}
16:50:24 [[32minfo[39m]: API Request
{
  "service": "ride-hailing-api",
  "environment": "development",
  "type": "API_REQUEST",
  "method": "POST",
  "url": "/api/user/loginUser",
  "statusCode": 200,
  "responseTime": "74ms",
  "ip": "127.0.0.1",
  "userAgent": "axios/1.20.0"
}
16:50:24 [[32minfo[39m]: Transaction committed
{
  "service": "ride-hailing-api",
  "environment": "development",
  "transactionId": "txn_2026-09-09 16:50:24_tijki6pa7",
  "duration": "75ms"
}
16:50:24 [[32minfo[39m]: API Request
{
  "service": "ride-hailing-api",
  "environment": "development",
  "type": "API_REQUEST",
  "method": "POST",
  "url": "/api/user/verifyUserByOTP",
  "statusCode": 200,
  "responseTime": "75ms",
  "ip": "127.0.0.1",
  "userAgent": "axios/1.20.0"
}
[VerifyToken] Request: {
  method: 'GET',
  url: '/api/driver/verifyDriverJourneyStatus',
  hasAuth: true
}
[VerifyToken] Token decoded: {
  userUniqueId: '0388fb04-0538-49e0-978f-6eb27db3a492',
  phoneNumber: '+251922112480',
  roleId: 2,
  iat: 1788961823
}
[VerifyToken] User authenticated: {
  userUniqueId: '0388fb04-0538-49e0-978f-6eb27db3a492',
  phoneNumber: '+251922112480',
  roleId: undefined
}
16:50:24 [[32minfo[39m]: API Request
{
  "service": "ride-hailing-api",
  "environment": "development",
  "type": "API_REQUEST",
  "method": "GET",
  "url": "/api/driver/verifyDriverJourneyStatus",
  "statusCode": 200,
  "responseTime": "395ms",
  "ip": "127.0.0.1",
  "userAgent": "axios/1.20.0",
  "userId": 2,
  "userUniqueId": "0388fb04-0538-49e0-978f-6eb27db3a492"
}
[VerifyToken] Request: { method: 'POST', url: '/driver/checkin', hasAuth: true }
[VerifyToken] Token decoded: {
  userUniqueId: '0388fb04-0538-49e0-978f-6eb27db3a492',
  phoneNumber: '+251922112480',
  roleId: 2,
  iat: 1788961823
}
[VerifyToken] User authenticated: {
  userUniqueId: '0388fb04-0538-49e0-978f-6eb27db3a492',
  phoneNumber: '+251922112480',
  roleId: undefined
}
16:50:24 [[33mwarn[39m]: Transaction rolled back
Error: Queue organization not found
    at queueOrgReady (/Users/zewedu/Desktop/Projects/transportBackEndNative/Services/DriverQueue.service.js:119:11)
    at process.processTicksAndRejections (node:internal/process/task_queues:105:5)
    at async exports.checkin (/Users/zewedu/Desktop/Projects/transportBackEndNative/Services/DriverQueue.service.js:645:15)
    at async /Users/zewedu/Desktop/Projects/transportBackEndNative/Utils/DatabaseTransaction.js:107:16
    at async executeInTransaction (/Users/zewedu/Desktop/Projects/transportBackEndNative/Utils/DatabaseTransaction.js:105:22)
    at async exports.checkin (/Users/zewedu/Desktop/Projects/transportBackEndNative/Controllers/DriverQueue.controller.js:9:20)
{
  "service": "ride-hailing-api",
  "environment": "development",
  "transactionId": "txn_2026-09-09 16:50:24_lnwkfxyv1",
  "duration": "1ms",
  "error": "Queue organization not found"
}
16:50:24 [[33mwarn[39m]: API Error Queue organization not found
Error: Queue organization not found
    at queueOrgReady (/Users/zewedu/Desktop/Projects/transportBackEndNative/Services/DriverQueue.service.js:119:11)
    at process.processTicksAndRejections (node:internal/process/task_queues:105:5)
    at async exports.checkin (/Users/zewedu/Desktop/Projects/transportBackEndNative/Services/DriverQueue.service.js:645:15)
    at async /Users/zewedu/Desktop/Projects/transportBackEndNative/Utils/DatabaseTransaction.js:107:16
    at async executeInTransaction (/Users/zewedu/Desktop/Projects/transportBackEndNative/Utils/DatabaseTransaction.js:105:22)
    at async exports.checkin (/Users/zewedu/Desktop/Projects/transportBackEndNative/Controllers/DriverQueue.controller.js:9:20)
{
  "service": "ride-hailing-api",
  "environment": "development",
  "type": "API_ERROR",
  "statusCode": 404,
  "path": "/api/queue/driver/checkin",
  "method": "POST",
  "ip": "127.0.0.1",
  "requestId": "77bfeab5-0734-48be-9cef-a9f3ca557336",
  "userId": 2,
  "userUniqueId": "0388fb04-0538-49e0-978f-6eb27db3a492",
  "body": {
    "queueOrganizationUniqueId": "01afb03a-c67f-425b-b4c9-7a5d4aac11c9",
    "vehicleDriverUniqueId": "07c4105c-d889-442e-8a01-062765892796",
    "latitude": 9.03,
    "longitude": 38.74
  },
  "params": {},
  "query": {}
}
16:50:24 [[32minfo[39m]: API Request
{
  "service": "ride-hailing-api",
  "environment": "development",
  "type": "API_REQUEST",
  "method": "POST",
  "url": "/api/queue/driver/checkin",
  "statusCode": 404,
  "responseTime": "2ms",
  "ip": "127.0.0.1",
  "userAgent": "axios/1.20.0",
  "userId": 2,
  "userUniqueId": "0388fb04-0538-49e0-978f-6eb27db3a492"
}
[VerifyToken] Request: {
  method: 'POST',
  url: '/api/shipperRequest/createRequest',
  hasAuth: true
}
[VerifyToken] Token decoded: {
  userUniqueId: '9ce66a1d-5550-48df-9ccc-1c2c66f060b3',
  phoneNumber: '+251922112481',
  roleId: 1,
  iat: 1788961824
}
[VerifyToken] User authenticated: {
  userUniqueId: '9ce66a1d-5550-48df-9ccc-1c2c66f060b3',
  phoneNumber: '+251922112481',
  roleId: undefined
}
16:50:24 [[31merror[39m]: Error in createShipperRequest service Cannot add or update a child row: a foreign key constraint fails (`transport`.`shipperrequestbatch`, CONSTRAINT `fk_ShipperRequestBatch_queueOrganizationUniqueId` FOREIGN KEY (`queueOrganizationUniqueId`) REFERENCES `queueorganization` (`queueOrganizationUni)
Error: Cannot add or update a child row: a foreign key constraint fails (`transport`.`shipperrequestbatch`, CONSTRAINT `fk_ShipperRequestBatch_queueOrganizationUniqueId` FOREIGN KEY (`queueOrganizationUniqueId`) REFERENCES `queueorganization` (`queueOrganizationUni)
    at exports.upsertBatch (/Users/zewedu/Desktop/Projects/transportBackEndNative/Services/ShipperRequestBatch/batchCreate.service.js:62:16)
    at process.processTicksAndRejections (node:internal/process/task_queues:105:5)
    at async Object.createShipperRequest (/Users/zewedu/Desktop/Projects/transportBackEndNative/Services/ShipperRequest/create.service.js:181:7)
    at async executeInTransaction.timeout (/Users/zewedu/Desktop/Projects/transportBackEndNative/Controllers/ShipperRequest.controller.js:102:16)
    at async /Users/zewedu/Desktop/Projects/transportBackEndNative/Utils/DatabaseTransaction.js:107:16
    at async executeInTransaction (/Users/zewedu/Desktop/Projects/transportBackEndNative/Utils/DatabaseTransaction.js:105:22)
    at async createShipperRequest (/Users/zewedu/Desktop/Projects/transportBackEndNative/Controllers/ShipperRequest.controller.js:58:20)
{
  "service": "ride-hailing-api",
  "environment": "development",
  "name": "Error",
  "userUniqueId": "9ce66a1d-5550-48df-9ccc-1c2c66f060b3",
  "shipperRequestCreatedByRoleId": 1,
  "shipperRequestBatchUniqueId": "f57e401f-6f6d-4ebc-8bbc-e76ea8bba9b4",
  "vehicleTypeUniqueId": "55060ed0-88e8-42ba-b29a-fe4b3d713b84"
}
16:50:24 [[31merror[39m]: Transaction rolled back
Error: Cannot add or update a child row: a foreign key constraint fails (`transport`.`shipperrequestbatch`, CONSTRAINT `fk_ShipperRequestBatch_queueOrganizationUniqueId` FOREIGN KEY (`queueOrganizationUniqueId`) REFERENCES `queueorganization` (`queueOrganizationUni)
    at Object.createShipperRequest (/Users/zewedu/Desktop/Projects/transportBackEndNative/Services/ShipperRequest/create.service.js:413:11)
    at process.processTicksAndRejections (node:internal/process/task_queues:105:5)
    at async executeInTransaction.timeout (/Users/zewedu/Desktop/Projects/transportBackEndNative/Controllers/ShipperRequest.controller.js:102:16)
    at async /Users/zewedu/Desktop/Projects/transportBackEndNative/Utils/DatabaseTransaction.js:107:16
    at async executeInTransaction (/Users/zewedu/Desktop/Projects/transportBackEndNative/Utils/DatabaseTransaction.js:105:22)
    at async createShipperRequest (/Users/zewedu/Desktop/Projects/transportBackEndNative/Controllers/ShipperRequest.controller.js:58:20)
{
  "service": "ride-hailing-api",
  "environment": "development",
  "transactionId": "txn_2026-09-09 16:50:24_lfqimuh66",
  "duration": "7ms",
  "error": "Cannot add or update a child row: a foreign key constraint fails (`transport`.`shipperrequestbatch`, CONSTRAINT `fk_ShipperRequestBatch_queueOrganizationUniqueId` FOREIGN KEY (`queueOrganizationUniqueId`) REFERENCES `queueorganization` (`queueOrganizationUni)"
}
16:50:24 [[31merror[39m]: API Error Cannot add or update a child row: a foreign key constraint fails (`transport`.`shipperrequestbatch`, CONSTRAINT `fk_ShipperRequestBatch_queueOrganizationUniqueId` FOREIGN KEY (`queueOrganizationUniqueId`) REFERENCES `queueorganization` (`queueOrganizationUni)
Error: Cannot add or update a child row: a foreign key constraint fails (`transport`.`shipperrequestbatch`, CONSTRAINT `fk_ShipperRequestBatch_queueOrganizationUniqueId` FOREIGN KEY (`queueOrganizationUniqueId`) REFERENCES `queueorganization` (`queueOrganizationUni)
    at Object.createShipperRequest (/Users/zewedu/Desktop/Projects/transportBackEndNative/Services/ShipperRequest/create.service.js:413:11)
    at process.processTicksAndRejections (node:internal/process/task_queues:105:5)
    at async executeInTransaction.timeout (/Users/zewedu/Desktop/Projects/transportBackEndNative/Controllers/ShipperRequest.controller.js:102:16)
    at async /Users/zewedu/Desktop/Projects/transportBackEndNative/Utils/DatabaseTransaction.js:107:16
    at async executeInTransaction (/Users/zewedu/Desktop/Projects/transportBackEndNative/Utils/DatabaseTransaction.js:105:22)
    at async createShipperRequest (/Users/zewedu/Desktop/Projects/transportBackEndNative/Controllers/ShipperRequest.controller.js:58:20)
{
  "service": "ride-hailing-api",
  "environment": "development",
  "type": "API_ERROR",
  "statusCode": 500,
  "path": "/api/shipperRequest/createRequest",
  "method": "POST",
  "ip": "127.0.0.1",
  "requestId": "4c91c9f3-c2d0-4946-b76a-f0edad6d7eab",
  "userId": 98,
  "userUniqueId": "9ce66a1d-5550-48df-9ccc-1c2c66f060b3",
  "body": {
    "queueOrganizationUniqueId": "01afb03a-c67f-425b-b4c9-7a5d4aac11c9",
    "shipperPhoneNumber": "[REDACTED]",
    "shipperRequestBatchUniqueId": "f57e401f-6f6d-4ebc-8bbc-e76ea8bba9b4",
    "requestMode": "individual_target",
    "numberOfVehicles": 1,
    "deliveryDate": "2025-04-20T10:54:26.077Z",
    "requestType": "shipper",
    "destination": {
      "latitude": 35.4218,
      "longitude": 7.1973,
      "description": "Dessie, Ethiopia"
    },
    "vehicle": {
      "vehicleTypeUniqueId": "55060ed0-88e8-42ba-b29a-fe4b3d713b84"
    },
    "shippableItemName": "Loading Stages Verify",
    "shippableItemQtyInQuintal": 500,
    "shippingCost": 5000000,
    "shippingDate": "2025-04-20T10:54:26.077Z",
    "originLocation": {
      "latitude": 9.0204683,
      "longitude": 38.80246,
      "description": "Kombolcha, Ethiopia"
    },
    "isBiddingApproved": false,
    "isPodRequired": true,
    "userUniqueId": "9ce66a1d-5550-48df-9ccc-1c2c66f060b3",
    "shipperRequestCreatedBy": "9ce66a1d-5550-48df-9ccc-1c2c66f060b3",
    "shipperRequestCreatedByRoleId": 1
  },
  "params": {},
  "query": {}
}
16:50:24 [[32minfo[39m]: API Request
{
  "service": "ride-hailing-api",
  "environment": "development",
  "type": "API_REQUEST",
  "method": "POST",
  "url": "/api/shipperRequest/createRequest",
  "statusCode": 500,
  "responseTime": "9ms",
  "ip": "127.0.0.1",
  "userAgent": "axios/1.20.0",
  "userId": 98,
  "userUniqueId": "9ce66a1d-5550-48df-9ccc-1c2c66f060b3"
}
[VerifyToken] Request: {
  method: 'PUT',
  url: '/api/shipperRequest/cancelShipperRequest/cb41097f-9b0f-4fba-9683-1ced0d0924d6',
  hasAuth: true
}
[VerifyToken] Token decoded: {
  userUniqueId: '19bc52fd-ab50-49d5-90ae-7788bc44a5b5',
  phoneNumber: '+251977907813',
  roleId: 3,
  iat: 1788961791
}
[VerifyToken] User authenticated: {
  userUniqueId: '19bc52fd-ab50-49d5-90ae-7788bc44a5b5',
  phoneNumber: '+251977907813',
  roleId: undefined
}
16:50:24 [[32minfo[39m]: Transaction committed
{
  "service": "ride-hailing-api",
  "environment": "development",
  "transactionId": "txn_2026-09-09 16:50:24_6cayr883f",
  "duration": "19ms"
}
16:50:24 [[32minfo[39m]: API Request
{
  "service": "ride-hailing-api",
  "environment": "development",
  "type": "API_REQUEST",
  "method": "PUT",
  "url": "/api/shipperRequest/cancelShipperRequest/cb41097f-9b0f-4fba-9683-1ced0d0924d6",
  "statusCode": 200,
  "responseTime": "21ms",
  "ip": "127.0.0.1",
  "userAgent": "axios/1.20.0",
  "userId": 224,
  "userUniqueId": "19bc52fd-ab50-49d5-90ae-7788bc44a5b5"
}
[VerifyToken] Request: { method: 'POST', url: '/driver/checkin', hasAuth: true }
[VerifyToken] Token decoded: {
  userUniqueId: '2909ad9d-630f-4b9f-9bf3-b3ad86f57979',
  phoneNumber: '+251979078101',
  roleId: 2,
  iat: 1788961794
}
[VerifyToken] User authenticated: {
  userUniqueId: '2909ad9d-630f-4b9f-9bf3-b3ad86f57979',
  phoneNumber: '+251979078101',
  roleId: undefined
}
16:50:24 [[32minfo[39m]: Transaction committed
{
  "service": "ride-hailing-api",
  "environment": "development",
  "transactionId": "txn_2026-09-09 16:50:24_g2yhu2iu7",
  "duration": "78ms"
}
🚀 ~ result?.data?.alreadyInJourney: true
16:50:24 [[32minfo[39m]: API Request
{
  "service": "ride-hailing-api",
  "environment": "development",
  "type": "API_REQUEST",
  "method": "POST",
  "url": "/api/queue/driver/checkin",
  "statusCode": 200,
  "responseTime": "80ms",
  "ip": "127.0.0.1",
  "userAgent": "axios/1.20.0",
  "userId": 229,
  "userUniqueId": "2909ad9d-630f-4b9f-9bf3-b3ad86f57979"
}
[VerifyToken] Request: { method: 'POST', url: '/driver/checkin', hasAuth: true }
[VerifyToken] Token decoded: {
  userUniqueId: '2909ad9d-630f-4b9f-9bf3-b3ad86f57979',
  phoneNumber: '+251979078101',
  roleId: 2,
  iat: 1788961794
}
[VerifyToken] User authenticated: {
  userUniqueId: '2909ad9d-630f-4b9f-9bf3-b3ad86f57979',
  phoneNumber: '+251979078101',
  roleId: undefined
}
16:50:24 [[32minfo[39m]: Transaction committed
{
  "service": "ride-hailing-api",
  "environment": "development",
  "transactionId": "txn_2026-09-09 16:50:24_ojm3lbrme",
  "duration": "2ms"
}
🚀 ~ result?.data?.alreadyInJourney: true
16:50:24 [[32minfo[39m]: API Request
{
  "service": "ride-hailing-api",
  "environment": "development",
  "type": "API_REQUEST",
  "method": "POST",
  "url": "/api/queue/driver/checkin",
  "statusCode": 200,
  "responseTime": "3ms",
  "ip": "127.0.0.1",
  "userAgent": "axios/1.20.0",
  "userId": 229,
  "userUniqueId": "2909ad9d-630f-4b9f-9bf3-b3ad86f57979"
}
[VerifyToken] Request: { method: 'POST', url: '/driver/checkin', hasAuth: true }
[VerifyToken] Token decoded: {
  userUniqueId: '2909ad9d-630f-4b9f-9bf3-b3ad86f57979',
  phoneNumber: '+251979078101',
  roleId: 2,
  iat: 1788961794
}
[VerifyToken] User authenticated: {
  userUniqueId: '2909ad9d-630f-4b9f-9bf3-b3ad86f57979',
  phoneNumber: '+251979078101',
  roleId: undefined
}
16:50:24 [[32minfo[39m]: Transaction committed
{
  "service": "ride-hailing-api",
  "environment": "development",
  "transactionId": "txn_2026-09-09 16:50:24_7ls8s5jv7",
  "duration": "91ms"
}
🚀 ~ result?.data?.alreadyInJourney: true
16:50:24 [[32minfo[39m]: API Request
{
  "service": "ride-hailing-api",
  "environment": "development",
  "type": "API_REQUEST",
  "method": "POST",
  "url": "/api/queue/driver/checkin",
  "statusCode": 200,
  "responseTime": "92ms",
  "ip": "127.0.0.1",
  "userAgent": "axios/1.20.0",
  "userId": 229,
  "userUniqueId": "2909ad9d-630f-4b9f-9bf3-b3ad86f57979"
}
[VerifyToken] Request: {
  method: 'DELETE',
  url: '/driver/checkout?queueOrganizationUniqueId=11f8aa32-0053-40a1-a0ad-7975bf715b05',
  hasAuth: true
}
[VerifyToken] Token decoded: {
  userUniqueId: '2909ad9d-630f-4b9f-9bf3-b3ad86f57979',
  phoneNumber: '+251979078101',
  roleId: 2,
  iat: 1788961794
}
[VerifyToken] User authenticated: {
  userUniqueId: '2909ad9d-630f-4b9f-9bf3-b3ad86f57979',
  phoneNumber: '+251979078101',
  roleId: undefined
}
16:50:25 [[33mwarn[39m]: No active shipper socket found for notification
{
  "service": "ride-hailing-api",
  "environment": "development",
  "phoneNumber": "251987907812"
}
16:50:25 [[32minfo[39m]: Transaction committed
{
  "service": "ride-hailing-api",
  "environment": "development",
  "transactionId": "txn_2026-09-09 16:50:24_dcfo7yhkg",
  "duration": "384ms"
}
16:50:25 [[32minfo[39m]: API Request
{
  "service": "ride-hailing-api",
  "environment": "development",
  "type": "API_REQUEST",
  "method": "DELETE",
  "url": "/api/queue/driver/checkout?queueOrganizationUniqueId=11f8aa32-0053-40a1-a0ad-7975bf715b05",
  "statusCode": 200,
  "responseTime": "385ms",
  "ip": "127.0.0.1",
  "userAgent": "axios/1.20.0",
  "userId": 229,
  "userUniqueId": "2909ad9d-630f-4b9f-9bf3-b3ad86f57979"
}
[VerifyToken] Request: {
  method: 'GET',
  url: '/entry/203fdaa5-2d25-434d-b447-88684784ac7d/history',
  hasAuth: true
}
[VerifyToken] Token decoded: {
  userUniqueId: '2909ad9d-630f-4b9f-9bf3-b3ad86f57979',
  phoneNumber: '+251979078101',
  roleId: 2,
  iat: 1788961794
}
[VerifyToken] User authenticated: {
  userUniqueId: '2909ad9d-630f-4b9f-9bf3-b3ad86f57979',
  phoneNumber: '+251979078101',
  roleId: undefined
}
16:50:25 [[32minfo[39m]: API Request
{
  "service": "ride-hailing-api",
  "environment": "development",
  "type": "API_REQUEST",
  "method": "GET",
  "url": "/api/queue/entry/203fdaa5-2d25-434d-b447-88684784ac7d/history",
  "statusCode": 200,
  "responseTime": "5ms",
  "ip": "127.0.0.1",
  "userAgent": "axios/1.20.0",
  "userId": 229,
  "userUniqueId": "2909ad9d-630f-4b9f-9bf3-b3ad86f57979"
}
[VerifyToken] Request: { method: 'POST', url: '/driver/checkin', hasAuth: true }
[VerifyToken] Token decoded: {
  userUniqueId: '2909ad9d-630f-4b9f-9bf3-b3ad86f57979',
  phoneNumber: '+251979078101',
  roleId: 2,
  iat: 1788961794
}
[VerifyToken] User authenticated: {
  userUniqueId: '2909ad9d-630f-4b9f-9bf3-b3ad86f57979',
  phoneNumber: '+251979078101',
  roleId: undefined
}
16:50:25 [[32minfo[39m]: Transaction committed
{
  "service": "ride-hailing-api",
  "environment": "development",
  "transactionId": "txn_2026-09-09 16:50:25_79cca7lce",
  "duration": "18ms"
}
🚀 ~ result?.data?.alreadyInJourney: undefined
🚀 ~ position: {
  message: 'success',
  data: {
    queue: {
      queueUniqueId: '1bf2f2de-5d85-4d79-ad9b-197a0f0a5eb2',
      queueNumber: 4,
      joinedAt: 2026-09-09T13:50:25.000Z,
      status: 1,
      journeyStatusId: null,
      requestedAt: null,
      agreedAt: null,
      vehicleDriverUniqueId: '2c447507-b3ee-4774-843d-4ef5092c9f5d',
      driverUserUniqueId: '2909ad9d-630f-4b9f-9bf3-b3ad86f57979',
      driverName: undefined,
      driverPhoneNumber: undefined,
      vehicleTypeUniqueId: '6ac6b747-6579-4b05-b917-00f17a0c6dd2',
      shipperRequestUniqueId: null,
      targetedShipperUserUUID: null,
      driverLatitude: '9.03000000',
      driverLongitude: '38.74000000',
      waitingAhead: 0
    },
    shipper: null,
    shipperHistory: [],
    organization: {
      queueOrganizationUniqueId: '11f8aa32-0053-40a1-a0ad-7975bf715b05',
      queueOrganizationName: 'QA Dispatch Hub 1788961801193',
      queueOrganizationType: 'other',
      queueOrganizationPhone: '+251910000001',
      queueOrganizationAddress: 'Addis Ababa',
      latitude: '9.03000000',
      longitude: '38.74000000',
      checkinRadiusKm: null,
      approvalStatus: 'approved',
      queueEnabled: 1,
      approvedBy: '786dcbff-6567-410d-9c21-01faccc95866',
      approvedAt: 2026-09-09T13:50:01.000Z
    }
  }
}
16:50:25 [[32minfo[39m]: API Request
{
  "service": "ride-hailing-api",
  "environment": "development",
  "type": "API_REQUEST",
  "method": "POST",
  "url": "/api/queue/driver/checkin",
  "statusCode": 201,
  "responseTime": "22ms",
  "ip": "127.0.0.1",
  "userAgent": "axios/1.20.0",
  "userId": 229,
  "userUniqueId": "2909ad9d-630f-4b9f-9bf3-b3ad86f57979"
}
[VerifyToken] Request: {
  method: 'GET',
  url: '/entry/1bf2f2de-5d85-4d79-ad9b-197a0f0a5eb2/history',
  hasAuth: true
}
[VerifyToken] Token decoded: {
  userUniqueId: '44f79a44-d7a0-4bee-8f11-853d9ca2f2d1',
  phoneNumber: '+251947907819',
  roleId: 11,
  iat: 1788961793
}
[VerifyToken] User authenticated: {
  userUniqueId: '44f79a44-d7a0-4bee-8f11-853d9ca2f2d1',
  phoneNumber: '+251947907819',
  roleId: undefined
}
16:50:25 [[32minfo[39m]: API Request
{
  "service": "ride-hailing-api",
  "environment": "development",
  "type": "API_REQUEST",
  "method": "GET",
  "url": "/api/queue/entry/1bf2f2de-5d85-4d79-ad9b-197a0f0a5eb2/history",
  "statusCode": 200,
  "responseTime": "2ms",
  "ip": "127.0.0.1",
  "userAgent": "axios/1.20.0",
  "userId": 226,
  "userUniqueId": "44f79a44-d7a0-4bee-8f11-853d9ca2f2d1"
}
[VerifyToken] Request: {
  method: 'GET',
  url: '/entry/1bf2f2de-5d85-4d79-ad9b-197a0f0a5eb2/history',
  hasAuth: true
}
[VerifyToken] Token decoded: {
  userUniqueId: '2909ad9d-630f-4b9f-9bf3-b3ad86f57979',
  phoneNumber: '+251979078101',
  roleId: 2,
  iat: 1788961794
}
[VerifyToken] User authenticated: {
  userUniqueId: '2909ad9d-630f-4b9f-9bf3-b3ad86f57979',
  phoneNumber: '+251979078101',
  roleId: undefined
}
16:50:25 [[32minfo[39m]: API Request
{
  "service": "ride-hailing-api",
  "environment": "development",
  "type": "API_REQUEST",
  "method": "GET",
  "url": "/api/queue/entry/1bf2f2de-5d85-4d79-ad9b-197a0f0a5eb2/history",
  "statusCode": 200,
  "responseTime": "2ms",
  "ip": "127.0.0.1",
  "userAgent": "axios/1.20.0",
  "userId": 229,
  "userUniqueId": "2909ad9d-630f-4b9f-9bf3-b3ad86f57979"
}
[VerifyToken] Request: {
  method: 'GET',
  url: '/driver/myPosition?queueOrganizationUniqueId=11f8aa32-0053-40a1-a0ad-7975bf715b05',
  hasAuth: true
}
[VerifyToken] Token decoded: {
  userUniqueId: '2909ad9d-630f-4b9f-9bf3-b3ad86f57979',
  phoneNumber: '+251979078101',
  roleId: 2,
  iat: 1788961794
}
[VerifyToken] User authenticated: {
  userUniqueId: '2909ad9d-630f-4b9f-9bf3-b3ad86f57979',
  phoneNumber: '+251979078101',
  roleId: undefined
}
16:50:25 [[32minfo[39m]: API Request
{
  "service": "ride-hailing-api",
  "environment": "development",
  "type": "API_REQUEST",
  "method": "GET",
  "url": "/api/queue/driver/myPosition?queueOrganizationUniqueId=11f8aa32-0053-40a1-a0ad-7975bf715b05",
  "statusCode": 200,
  "responseTime": "7ms",
  "ip": "127.0.0.1",
  "userAgent": "axios/1.20.0",
  "userId": 229,
  "userUniqueId": "2909ad9d-630f-4b9f-9bf3-b3ad86f57979"
}
[VerifyToken] Request: {
  method: 'PATCH',
  url: '/entry/1bf2f2de-5d85-4d79-ad9b-197a0f0a5eb2/override',
  hasAuth: true
}
[VerifyToken] Token decoded: {
  userUniqueId: '44f79a44-d7a0-4bee-8f11-853d9ca2f2d1',
  phoneNumber: '+251947907819',
  roleId: 11,
  iat: 1788961793
}
[VerifyToken] User authenticated: {
  userUniqueId: '44f79a44-d7a0-4bee-8f11-853d9ca2f2d1',
  phoneNumber: '+251947907819',
  roleId: undefined
}
16:50:25 [[32minfo[39m]: Transaction committed
{
  "service": "ride-hailing-api",
  "environment": "development",
  "transactionId": "txn_2026-09-09 16:50:25_pbdlygeew",
  "duration": "7ms"
}
16:50:25 [[32minfo[39m]: API Request
{
  "service": "ride-hailing-api",
  "environment": "development",
  "type": "API_REQUEST",
  "method": "PATCH",
  "url": "/api/queue/entry/1bf2f2de-5d85-4d79-ad9b-197a0f0a5eb2/override",
  "statusCode": 200,
  "responseTime": "8ms",
  "ip": "127.0.0.1",
  "userAgent": "axios/1.20.0",
  "userId": 226,
  "userUniqueId": "44f79a44-d7a0-4bee-8f11-853d9ca2f2d1"
}
[VerifyToken] Request: {
  method: 'GET',
  url: '/entry/1bf2f2de-5d85-4d79-ad9b-197a0f0a5eb2/history',
  hasAuth: true
}
[VerifyToken] Token decoded: {
  userUniqueId: '44f79a44-d7a0-4bee-8f11-853d9ca2f2d1',
  phoneNumber: '+251947907819',
  roleId: 11,
  iat: 1788961793
}
[VerifyToken] User authenticated: {
  userUniqueId: '44f79a44-d7a0-4bee-8f11-853d9ca2f2d1',
  phoneNumber: '+251947907819',
  roleId: undefined
}
16:50:25 [[32minfo[39m]: API Request
{
  "service": "ride-hailing-api",
  "environment": "development",
  "type": "API_REQUEST",
  "method": "GET",
  "url": "/api/queue/entry/1bf2f2de-5d85-4d79-ad9b-197a0f0a5eb2/history",
  "statusCode": 200,
  "responseTime": "1ms",
  "ip": "127.0.0.1",
  "userAgent": "axios/1.20.0",
  "userId": 226,
  "userUniqueId": "44f79a44-d7a0-4bee-8f11-853d9ca2f2d1"
}
[VerifyToken] Request: {
  method: 'DELETE',
  url: '/entry/1bf2f2de-5d85-4d79-ad9b-197a0f0a5eb2',
  hasAuth: true
}
[VerifyToken] Token decoded: {
  userUniqueId: '44f79a44-d7a0-4bee-8f11-853d9ca2f2d1',
  phoneNumber: '+251947907819',
  roleId: 11,
  iat: 1788961793
}
[VerifyToken] User authenticated: {
  userUniqueId: '44f79a44-d7a0-4bee-8f11-853d9ca2f2d1',
  phoneNumber: '+251947907819',
  roleId: undefined
}
16:50:25 [[32minfo[39m]: Transaction committed
{
  "service": "ride-hailing-api",
  "environment": "development",
  "transactionId": "txn_2026-09-09 16:50:25_jvm8uibfm",
  "duration": "3ms"
}
16:50:25 [[32minfo[39m]: API Request
{
  "service": "ride-hailing-api",
  "environment": "development",
  "type": "API_REQUEST",
  "method": "DELETE",
  "url": "/api/queue/entry/1bf2f2de-5d85-4d79-ad9b-197a0f0a5eb2",
  "statusCode": 200,
  "responseTime": "5ms",
  "ip": "127.0.0.1",
  "userAgent": "axios/1.20.0",
  "userId": 226,
  "userUniqueId": "44f79a44-d7a0-4bee-8f11-853d9ca2f2d1"
}
[VerifyToken] Request: {
  method: 'GET',
  url: '/entry/1bf2f2de-5d85-4d79-ad9b-197a0f0a5eb2/history',
  hasAuth: true
}
[VerifyToken] Token decoded: {
  userUniqueId: '44f79a44-d7a0-4bee-8f11-853d9ca2f2d1',
  phoneNumber: '+251947907819',
  roleId: 11,
  iat: 1788961793
}
[VerifyToken] User authenticated: {
  userUniqueId: '44f79a44-d7a0-4bee-8f11-853d9ca2f2d1',
  phoneNumber: '+251947907819',
  roleId: undefined
}
16:50:25 [[32minfo[39m]: API Request
{
  "service": "ride-hailing-api",
  "environment": "development",
  "type": "API_REQUEST",
  "method": "GET",
  "url": "/api/queue/entry/1bf2f2de-5d85-4d79-ad9b-197a0f0a5eb2/history",
  "statusCode": 200,
  "responseTime": "2ms",
  "ip": "127.0.0.1",
  "userAgent": "axios/1.20.0",
  "userId": 226,
  "userUniqueId": "44f79a44-d7a0-4bee-8f11-853d9ca2f2d1"
}
[VerifyToken] Request: { method: 'POST', url: '/manualCheckin', hasAuth: true }
[VerifyToken] Token decoded: {
  userUniqueId: '44f79a44-d7a0-4bee-8f11-853d9ca2f2d1',
  phoneNumber: '+251947907819',
  roleId: 11,
  iat: 1788961793
}
[VerifyToken] User authenticated: {
  userUniqueId: '44f79a44-d7a0-4bee-8f11-853d9ca2f2d1',
  phoneNumber: '+251947907819',
  roleId: undefined
}
16:50:25 [[32minfo[39m]: Transaction committed
{
  "service": "ride-hailing-api",
  "environment": "development",
  "transactionId": "txn_2026-09-09 16:50:25_d8ax3ue0y",
  "duration": "84ms"
}
16:50:25 [[32minfo[39m]: API Request
{
  "service": "ride-hailing-api",
  "environment": "development",
  "type": "API_REQUEST",
  "method": "POST",
  "url": "/api/queue/manualCheckin",
  "statusCode": 201,
  "responseTime": "85ms",
  "ip": "127.0.0.1",
  "userAgent": "axios/1.20.0",
  "userId": 226,
  "userUniqueId": "44f79a44-d7a0-4bee-8f11-853d9ca2f2d1"
}
[VerifyToken] Request: {
  method: 'GET',
  url: '/entry/dd08f6db-541c-429e-8c30-af5a9ee01edd/history',
  hasAuth: true
}
[VerifyToken] Token decoded: {
  userUniqueId: '44f79a44-d7a0-4bee-8f11-853d9ca2f2d1',
  phoneNumber: '+251947907819',
  roleId: 11,
  iat: 1788961793
}
[VerifyToken] User authenticated: {
  userUniqueId: '44f79a44-d7a0-4bee-8f11-853d9ca2f2d1',
  phoneNumber: '+251947907819',
  roleId: undefined
}
16:50:25 [[32minfo[39m]: API Request
{
  "service": "ride-hailing-api",
  "environment": "development",
  "type": "API_REQUEST",
  "method": "GET",
  "url": "/api/queue/entry/dd08f6db-541c-429e-8c30-af5a9ee01edd/history",
  "statusCode": 200,
  "responseTime": "2ms",
  "ip": "127.0.0.1",
  "userAgent": "axios/1.20.0",
  "userId": 226,
  "userUniqueId": "44f79a44-d7a0-4bee-8f11-853d9ca2f2d1"
}
[VerifyToken] Request: {
  method: 'DELETE',
  url: '/driver/checkout?queueOrganizationUniqueId=11f8aa32-0053-40a1-a0ad-7975bf715b05',
  hasAuth: true
}
[VerifyToken] Token decoded: {
  userUniqueId: '2909ad9d-630f-4b9f-9bf3-b3ad86f57979',
  phoneNumber: '+251979078101',
  roleId: 2,
  iat: 1788961794
}
[VerifyToken] User authenticated: {
  userUniqueId: '2909ad9d-630f-4b9f-9bf3-b3ad86f57979',
  phoneNumber: '+251979078101',
  roleId: undefined
}
16:50:25 [[32minfo[39m]: Transaction committed
{
  "service": "ride-hailing-api",
  "environment": "development",
  "transactionId": "txn_2026-09-09 16:50:25_3q5vo1qca",
  "duration": "4ms"
}
16:50:25 [[32minfo[39m]: API Request
{
  "service": "ride-hailing-api",
  "environment": "development",
  "type": "API_REQUEST",
  "method": "DELETE",
  "url": "/api/queue/driver/checkout?queueOrganizationUniqueId=11f8aa32-0053-40a1-a0ad-7975bf715b05",
  "statusCode": 200,
  "responseTime": "4ms",
  "ip": "127.0.0.1",
  "userAgent": "axios/1.20.0",
  "userId": 229,
  "userUniqueId": "2909ad9d-630f-4b9f-9bf3-b3ad86f57979"
}
[VerifyToken] Request: { method: 'POST', url: '/driver/checkin', hasAuth: true }
[VerifyToken] Token decoded: {
  userUniqueId: '2909ad9d-630f-4b9f-9bf3-b3ad86f57979',
  phoneNumber: '+251979078101',
  roleId: 2,
  iat: 1788961794
}
[VerifyToken] User authenticated: {
  userUniqueId: '2909ad9d-630f-4b9f-9bf3-b3ad86f57979',
  phoneNumber: '+251979078101',
  roleId: undefined
}
16:50:25 [[32minfo[39m]: Transaction committed
{
  "service": "ride-hailing-api",
  "environment": "development",
  "transactionId": "txn_2026-09-09 16:50:25_truno9ja1",
  "duration": "8ms"
}
🚀 ~ result?.data?.alreadyInJourney: undefined
🚀 ~ position: {
  message: 'success',
  data: {
    queue: {
      queueUniqueId: 'eaaed928-5ae9-4167-b62f-5ac995468b7d',
      queueNumber: 4,
      joinedAt: 2026-09-09T13:50:25.000Z,
      status: 1,
      journeyStatusId: null,
      requestedAt: null,
      agreedAt: null,
      vehicleDriverUniqueId: '2c447507-b3ee-4774-843d-4ef5092c9f5d',
      driverUserUniqueId: '2909ad9d-630f-4b9f-9bf3-b3ad86f57979',
      driverName: undefined,
      driverPhoneNumber: undefined,
      vehicleTypeUniqueId: '6ac6b747-6579-4b05-b917-00f17a0c6dd2',
      shipperRequestUniqueId: null,
      targetedShipperUserUUID: null,
      driverLatitude: '9.03000000',
      driverLongitude: '38.74000000',
      waitingAhead: 0
    },
    shipper: null,
    shipperHistory: [ [Object], [Object] ],
    organization: {
      queueOrganizationUniqueId: '11f8aa32-0053-40a1-a0ad-7975bf715b05',
      queueOrganizationName: 'QA Dispatch Hub 1788961801193',
      queueOrganizationType: 'other',
      queueOrganizationPhone: '+251910000001',
      queueOrganizationAddress: 'Addis Ababa',
      latitude: '9.03000000',
      longitude: '38.74000000',
      checkinRadiusKm: null,
      approvalStatus: 'approved',
      queueEnabled: 1,
      approvedBy: '786dcbff-6567-410d-9c21-01faccc95866',
      approvedAt: 2026-09-09T13:50:01.000Z
    }
  }
}
16:50:25 [[32minfo[39m]: API Request
{
  "service": "ride-hailing-api",
  "environment": "development",
  "type": "API_REQUEST",
  "method": "POST",
  "url": "/api/queue/driver/checkin",
  "statusCode": 201,
  "responseTime": "12ms",
  "ip": "127.0.0.1",
  "userAgent": "axios/1.20.0",
  "userId": 229,
  "userUniqueId": "2909ad9d-630f-4b9f-9bf3-b3ad86f57979"
}
[VerifyToken] Request: {
  method: 'DELETE',
  url: '/driver/checkout?queueOrganizationUniqueId=11f8aa32-0053-40a1-a0ad-7975bf715b05',
  hasAuth: true
}
[VerifyToken] Token decoded: {
  userUniqueId: '2909ad9d-630f-4b9f-9bf3-b3ad86f57979',
  phoneNumber: '+251979078101',
  roleId: 2,
  iat: 1788961794
}
[VerifyToken] User authenticated: {
  userUniqueId: '2909ad9d-630f-4b9f-9bf3-b3ad86f57979',
  phoneNumber: '+251979078101',
  roleId: undefined
}
16:50:25 [[32minfo[39m]: Transaction committed
{
  "service": "ride-hailing-api",
  "environment": "development",
  "transactionId": "txn_2026-09-09 16:50:25_i2ocdavms",
  "duration": "4ms"
}
16:50:25 [[32minfo[39m]: API Request
{
  "service": "ride-hailing-api",
  "environment": "development",
  "type": "API_REQUEST",
  "method": "DELETE",
  "url": "/api/queue/driver/checkout?queueOrganizationUniqueId=11f8aa32-0053-40a1-a0ad-7975bf715b05",
  "statusCode": 200,
  "responseTime": "5ms",
  "ip": "127.0.0.1",
  "userAgent": "axios/1.20.0",
  "userId": 229,
  "userUniqueId": "2909ad9d-630f-4b9f-9bf3-b3ad86f57979"
}
[VerifyToken] Request: { method: 'POST', url: '/driver/checkin', hasAuth: true }
[VerifyToken] Token decoded: {
  userUniqueId: '2909ad9d-630f-4b9f-9bf3-b3ad86f57979',
  phoneNumber: '+251979078101',
  roleId: 2,
  iat: 1788961794
}
[VerifyToken] User authenticated: {
  userUniqueId: '2909ad9d-630f-4b9f-9bf3-b3ad86f57979',
  phoneNumber: '+251979078101',
  roleId: undefined
}
16:50:25 [[32minfo[39m]: Transaction committed
{
  "service": "ride-hailing-api",
  "environment": "development",
  "transactionId": "txn_2026-09-09 16:50:25_0l3jb3250",
  "duration": "8ms"
}
🚀 ~ result?.data?.alreadyInJourney: undefined
🚀 ~ position: {
  message: 'success',
  data: {
    queue: {
      queueUniqueId: 'b0d603b2-af55-464b-b0e7-854bbb158474',
      queueNumber: 4,
      joinedAt: 2026-09-09T13:50:25.000Z,
      status: 1,
      journeyStatusId: null,
      requestedAt: null,
      agreedAt: null,
      vehicleDriverUniqueId: '2c447507-b3ee-4774-843d-4ef5092c9f5d',
      driverUserUniqueId: '2909ad9d-630f-4b9f-9bf3-b3ad86f57979',
      driverName: undefined,
      driverPhoneNumber: undefined,
      vehicleTypeUniqueId: '6ac6b747-6579-4b05-b917-00f17a0c6dd2',
      shipperRequestUniqueId: null,
      targetedShipperUserUUID: null,
      driverLatitude: '9.03000000',
      driverLongitude: '38.74000000',
      waitingAhead: 0
    },
    shipper: null,
    shipperHistory: [ [Object], [Object] ],
    organization: {
      queueOrganizationUniqueId: '11f8aa32-0053-40a1-a0ad-7975bf715b05',
      queueOrganizationName: 'QA Dispatch Hub 1788961801193',
      queueOrganizationType: 'other',
      queueOrganizationPhone: '+251910000001',
      queueOrganizationAddress: 'Addis Ababa',
      latitude: '9.03000000',
      longitude: '38.74000000',
      checkinRadiusKm: null,
      approvalStatus: 'approved',
      queueEnabled: 1,
      approvedBy: '786dcbff-6567-410d-9c21-01faccc95866',
      approvedAt: 2026-09-09T13:50:01.000Z
    }
  }
}
16:50:25 [[32minfo[39m]: API Request
{
  "service": "ride-hailing-api",
  "environment": "development",
  "type": "API_REQUEST",
  "method": "POST",
  "url": "/api/queue/driver/checkin",
  "statusCode": 201,
  "responseTime": "10ms",
  "ip": "127.0.0.1",
  "userAgent": "axios/1.20.0",
  "userId": 229,
  "userUniqueId": "2909ad9d-630f-4b9f-9bf3-b3ad86f57979"
}
[VerifyToken] Request: {
  method: 'GET',
  url: '/entry/b0d603b2-af55-464b-b0e7-854bbb158474/history',
  hasAuth: true
}
[VerifyToken] Token decoded: {
  userUniqueId: '2909ad9d-630f-4b9f-9bf3-b3ad86f57979',
  phoneNumber: '+251979078101',
  roleId: 2,
  iat: 1788961794
}
[VerifyToken] User authenticated: {
  userUniqueId: '2909ad9d-630f-4b9f-9bf3-b3ad86f57979',
  phoneNumber: '+251979078101',
  roleId: undefined
}
16:50:25 [[32minfo[39m]: API Request
{
  "service": "ride-hailing-api",
  "environment": "development",
  "type": "API_REQUEST",
  "method": "GET",
  "url": "/api/queue/entry/b0d603b2-af55-464b-b0e7-854bbb158474/history",
  "statusCode": 200,
  "responseTime": "1ms",
  "ip": "127.0.0.1",
  "userAgent": "axios/1.20.0",
  "userId": 229,
  "userUniqueId": "2909ad9d-630f-4b9f-9bf3-b3ad86f57979"
}
[VerifyToken] Request: {
  method: 'GET',
  url: '/entry/eaaed928-5ae9-4167-b62f-5ac995468b7d/history',
  hasAuth: true
}
[VerifyToken] Token decoded: {
  userUniqueId: '2909ad9d-630f-4b9f-9bf3-b3ad86f57979',
  phoneNumber: '+251979078101',
  roleId: 2,
  iat: 1788961794
}
[VerifyToken] User authenticated: {
  userUniqueId: '2909ad9d-630f-4b9f-9bf3-b3ad86f57979',
  phoneNumber: '+251979078101',
  roleId: undefined
}
16:50:25 [[32minfo[39m]: API Request
{
  "service": "ride-hailing-api",
  "environment": "development",
  "type": "API_REQUEST",
  "method": "GET",
  "url": "/api/queue/entry/eaaed928-5ae9-4167-b62f-5ac995468b7d/history",
  "statusCode": 200,
  "responseTime": "2ms",
  "ip": "127.0.0.1",
  "userAgent": "axios/1.20.0",
  "userId": 229,
  "userUniqueId": "2909ad9d-630f-4b9f-9bf3-b3ad86f57979"
}
[VerifyToken] Request: {
  method: 'GET',
  url: '/entry/b0d603b2-af55-464b-b0e7-854bbb158474/history',
  hasAuth: true
}
[VerifyToken] Token decoded: {
  userUniqueId: '44f79a44-d7a0-4bee-8f11-853d9ca2f2d1',
  phoneNumber: '+251947907819',
  roleId: 11,
  iat: 1788961793
}
[VerifyToken] User authenticated: {
  userUniqueId: '44f79a44-d7a0-4bee-8f11-853d9ca2f2d1',
  phoneNumber: '+251947907819',
  roleId: undefined
}
16:50:25 [[32minfo[39m]: API Request
{
  "service": "ride-hailing-api",
  "environment": "development",
  "type": "API_REQUEST",
  "method": "GET",
  "url": "/api/queue/entry/b0d603b2-af55-464b-b0e7-854bbb158474/history",
  "statusCode": 200,
  "responseTime": "1ms",
  "ip": "127.0.0.1",
  "userAgent": "axios/1.20.0",
  "userId": 226,
  "userUniqueId": "44f79a44-d7a0-4bee-8f11-853d9ca2f2d1"
}
[VerifyToken] Request: {
  method: 'GET',
  url: '/entry/19f4a9ce-83ea-4af4-a12e-3d4b1f5c5a2c/history',
  hasAuth: true
}
[VerifyToken] Token decoded: {
  userUniqueId: '44f79a44-d7a0-4bee-8f11-853d9ca2f2d1',
  phoneNumber: '+251947907819',
  roleId: 11,
  iat: 1788961793
}
[VerifyToken] User authenticated: {
  userUniqueId: '44f79a44-d7a0-4bee-8f11-853d9ca2f2d1',
  phoneNumber: '+251947907819',
  roleId: undefined
}
16:50:25 [[33mwarn[39m]: API Error Queue entry not found
Error: Queue entry not found
    at exports.getEntryHistory (/Users/zewedu/Desktop/Projects/transportBackEndNative/Services/DriverQueue.service.js:3972:11)
    at process.processTicksAndRejections (node:internal/process/task_queues:105:5)
    at async exports.getEntryHistory (/Users/zewedu/Desktop/Projects/transportBackEndNative/Controllers/DriverQueue.controller.js:136:7)
{
  "service": "ride-hailing-api",
  "environment": "development",
  "type": "API_ERROR",
  "statusCode": 404,
  "path": "/api/queue/entry/19f4a9ce-83ea-4af4-a12e-3d4b1f5c5a2c/history",
  "method": "GET",
  "ip": "127.0.0.1",
  "requestId": "5f3b8185-24d3-4304-ad77-dd3cb86f1fdd",
  "userId": 226,
  "userUniqueId": "44f79a44-d7a0-4bee-8f11-853d9ca2f2d1",
  "params": {},
  "query": {}
}
16:50:25 [[32minfo[39m]: API Request
{
  "service": "ride-hailing-api",
  "environment": "development",
  "type": "API_REQUEST",
  "method": "GET",
  "url": "/api/queue/entry/19f4a9ce-83ea-4af4-a12e-3d4b1f5c5a2c/history",
  "statusCode": 404,
  "responseTime": "1ms",
  "ip": "127.0.0.1",
  "userAgent": "axios/1.20.0",
  "userId": 226,
  "userUniqueId": "44f79a44-d7a0-4bee-8f11-853d9ca2f2d1"
}
[VerifyToken] Request: {
  method: 'POST',
  url: '/api/shipperRequest/createRequest',
  hasAuth: true
}
[VerifyToken] Token decoded: {
  userUniqueId: 'cb41097f-9b0f-4fba-9683-1ced0d0924d6',
  phoneNumber: '+251987907812',
  roleId: 1,
  iat: 1788961794
}
[VerifyToken] User authenticated: {
  userUniqueId: 'cb41097f-9b0f-4fba-9683-1ced0d0924d6',
  phoneNumber: '+251987907812',
  roleId: undefined
}
16:50:25 [[33mwarn[39m]: No active driver socket found for notification
{
  "service": "ride-hailing-api",
  "environment": "development",
  "phoneNumber": "251979078101"
}
16:50:26 [[33mwarn[39m]: No active shipper socket found for notification
{
  "service": "ride-hailing-api",
  "environment": "development",
  "phoneNumber": "251987907812"
}
16:50:26 [[32minfo[39m]: Transaction committed
{
  "service": "ride-hailing-api",
  "environment": "development",
  "transactionId": "txn_2026-09-09 16:50:25_q9ccvt57w",
  "duration": "773ms"
}
16:50:26 [[32minfo[39m]: API Request
{
  "service": "ride-hailing-api",
  "environment": "development",
  "type": "API_REQUEST",
  "method": "POST",
  "url": "/api/shipperRequest/createRequest",
  "statusCode": 200,
  "responseTime": "775ms",
  "ip": "127.0.0.1",
  "userAgent": "axios/1.20.0",
  "userId": 228,
  "userUniqueId": "cb41097f-9b0f-4fba-9683-1ced0d0924d6"
}
[VerifyToken] Request: { method: 'POST', url: '/driver/checkin', hasAuth: true }
[VerifyToken] Token decoded: {
  userUniqueId: '2909ad9d-630f-4b9f-9bf3-b3ad86f57979',
  phoneNumber: '+251979078101',
  roleId: 2,
  iat: 1788961794
}
[VerifyToken] User authenticated: {
  userUniqueId: '2909ad9d-630f-4b9f-9bf3-b3ad86f57979',
  phoneNumber: '+251979078101',
  roleId: undefined
}
16:50:26 [[32minfo[39m]: Transaction committed
{
  "service": "ride-hailing-api",
  "environment": "development",
  "transactionId": "txn_2026-09-09 16:50:26_mkkve76wk",
  "duration": "2ms"
}
🚀 ~ result?.data?.alreadyInJourney: true
16:50:26 [[32minfo[39m]: API Request
{
  "service": "ride-hailing-api",
  "environment": "development",
  "type": "API_REQUEST",
  "method": "POST",
  "url": "/api/queue/driver/checkin",
  "statusCode": 200,
  "responseTime": "5ms",
  "ip": "127.0.0.1",
  "userAgent": "axios/1.20.0",
  "userId": 229,
  "userUniqueId": "2909ad9d-630f-4b9f-9bf3-b3ad86f57979"
}
[VerifyToken] Request: {
  method: 'GET',
  url: '/api/driver/verifyDriverJourneyStatus',
  hasAuth: true
}
[VerifyToken] Token decoded: {
  userUniqueId: '2909ad9d-630f-4b9f-9bf3-b3ad86f57979',
  phoneNumber: '+251979078101',
  roleId: 2,
  iat: 1788961794
}
[VerifyToken] User authenticated: {
  userUniqueId: '2909ad9d-630f-4b9f-9bf3-b3ad86f57979',
  phoneNumber: '+251979078101',
  roleId: undefined
}
16:50:26 [[33mwarn[39m]: No active shipper socket found for notification
{
  "service": "ride-hailing-api",
  "environment": "development",
  "phoneNumber": "251987907812"
}
16:50:26 [[32minfo[39m]: API Request
{
  "service": "ride-hailing-api",
  "environment": "development",
  "type": "API_REQUEST",
  "method": "GET",
  "url": "/api/driver/verifyDriverJourneyStatus",
  "statusCode": 200,
  "responseTime": "387ms",
  "ip": "127.0.0.1",
  "userAgent": "axios/1.20.0",
  "userId": 229,
  "userUniqueId": "2909ad9d-630f-4b9f-9bf3-b3ad86f57979"
}
[VerifyToken] Request: {
  method: 'GET',
  url: '/api/driver/verifyDriverJourneyStatus',
  hasAuth: true
}
[VerifyToken] Token decoded: {
  userUniqueId: '2909ad9d-630f-4b9f-9bf3-b3ad86f57979',
  phoneNumber: '+251979078101',
  roleId: 2,
  iat: 1788961794
}
[VerifyToken] User authenticated: {
  userUniqueId: '2909ad9d-630f-4b9f-9bf3-b3ad86f57979',
  phoneNumber: '+251979078101',
  roleId: undefined
}
16:50:26 [[33mwarn[39m]: No active shipper socket found for notification
{
  "service": "ride-hailing-api",
  "environment": "development",
  "phoneNumber": "251987907812"
}
16:50:26 [[32minfo[39m]: API Request
{
  "service": "ride-hailing-api",
  "environment": "development",
  "type": "API_REQUEST",
  "method": "GET",
  "url": "/api/driver/verifyDriverJourneyStatus",
  "statusCode": 200,
  "responseTime": "388ms",
  "ip": "127.0.0.1",
  "userAgent": "axios/1.20.0",
  "userId": 229,
  "userUniqueId": "2909ad9d-630f-4b9f-9bf3-b3ad86f57979"
}
[VerifyToken] Request: {
  method: 'PUT',
  url: '/api/driver/acceptShipperRequest',
  hasAuth: true
}
[VerifyToken] Token decoded: {
  userUniqueId: '2909ad9d-630f-4b9f-9bf3-b3ad86f57979',
  phoneNumber: '+251979078101',
  roleId: 2,
  iat: 1788961794
}
[VerifyToken] User authenticated: {
  userUniqueId: '2909ad9d-630f-4b9f-9bf3-b3ad86f57979',
  phoneNumber: '+251979078101',
  roleId: undefined
}
16:50:26 [[33mwarn[39m]: Journey table NOT updated - journeyUniqueId missing
{
  "service": "ride-hailing-api",
  "environment": "development",
  "providedParams": {
    "journeyDecisionUniqueId": "246f0722-e0a7-41c1-bdbf-8b81e7493455",
    "shipperRequestUniqueId": "9e8a2919-fae4-4a31-8636-e5cbbfeb61bb",
    "driverRequestUniqueId": "223facfb-6d66-4c35-ad61-81b70ff55fbb",
    "journeyStatusId": 4
  }
}
16:50:26 [[32minfo[39m]: Journey status update completed
{
  "service": "ride-hailing-api",
  "environment": "development",
  "journeyStatusId": 4,
  "tablesUpdated": {
    "journey": false,
    "shipperRequest": true,
    "journeyDecision": true,
    "driverRequest": true
  },
  "totalUpdates": 4
}
16:50:26 [[32minfo[39m]: Transaction committed
{
  "service": "ride-hailing-api",
  "environment": "development",
  "transactionId": "txn_2026-09-09 16:50:26_t17jz8hu9",
  "duration": "4ms"
}
16:50:27 [[33mwarn[39m]: No active shipper socket found for notification
{
  "service": "ride-hailing-api",
  "environment": "development",
  "phoneNumber": "251987907812"
}
16:50:27 [[33mwarn[39m]: No active shipper socket found for notification
{
  "service": "ride-hailing-api",
  "environment": "development",
  "phoneNumber": "251987907812"
}
16:50:27 [[32minfo[39m]: API Request
{
  "service": "ride-hailing-api",
  "environment": "development",
  "type": "API_REQUEST",
  "method": "PUT",
  "url": "/api/driver/acceptShipperRequest",
  "statusCode": 200,
  "responseTime": "775ms",
  "ip": "127.0.0.1",
  "userAgent": "axios/1.20.0",
  "userId": 229,
  "userUniqueId": "2909ad9d-630f-4b9f-9bf3-b3ad86f57979"
}
[VerifyToken] Request: {
  method: 'GET',
  url: '/api/driver/verifyDriverJourneyStatus',
  hasAuth: true
}
[VerifyToken] Token decoded: {
  userUniqueId: '2909ad9d-630f-4b9f-9bf3-b3ad86f57979',
  phoneNumber: '+251979078101',
  roleId: 2,
  iat: 1788961794
}
[VerifyToken] User authenticated: {
  userUniqueId: '2909ad9d-630f-4b9f-9bf3-b3ad86f57979',
  phoneNumber: '+251979078101',
  roleId: undefined
}
16:50:27 [[32minfo[39m]: API Request
{
  "service": "ride-hailing-api",
  "environment": "development",
  "type": "API_REQUEST",
  "method": "GET",
  "url": "/api/driver/verifyDriverJourneyStatus",
  "statusCode": 200,
  "responseTime": "8ms",
  "ip": "127.0.0.1",
  "userAgent": "axios/1.20.0",
  "userId": 229,
  "userUniqueId": "2909ad9d-630f-4b9f-9bf3-b3ad86f57979"
}
[VerifyToken] Request: { method: 'PUT', url: '/api/driver/startJourney', hasAuth: true }
[VerifyToken] Token decoded: {
  userUniqueId: '2909ad9d-630f-4b9f-9bf3-b3ad86f57979',
  phoneNumber: '+251979078101',
  roleId: 2,
  iat: 1788961794
}
[VerifyToken] User authenticated: {
  userUniqueId: '2909ad9d-630f-4b9f-9bf3-b3ad86f57979',
  phoneNumber: '+251979078101',
  roleId: undefined
}
16:50:27 [[32minfo[39m]: Updating Journey table
{
  "service": "ride-hailing-api",
  "environment": "development",
  "journeyUniqueId": "c1bebe98-591b-4c31-b511-b202f98cc1e0",
  "journeyStatusId": 8,
  "updateValues": {
    "journeyStatusId": 8
  },
  "hasConnection": true
}
16:50:27 [[32minfo[39m]: Journey table update result
{
  "service": "ride-hailing-api",
  "environment": "development",
  "journeyUniqueId": "c1bebe98-591b-4c31-b511-b202f98cc1e0",
  "affectedRows": 1,
  "changedRows": 0
}
16:50:27 [[32minfo[39m]: Journey status update completed
{
  "service": "ride-hailing-api",
  "environment": "development",
  "journeyUniqueId": "c1bebe98-591b-4c31-b511-b202f98cc1e0",
  "journeyStatusId": 8,
  "tablesUpdated": {
    "journey": true,
    "shipperRequest": true,
    "journeyDecision": true,
    "driverRequest": true
  },
  "totalUpdates": 5
}
16:50:27 [[32minfo[39m]: Transaction committed
{
  "service": "ride-hailing-api",
  "environment": "development",
  "transactionId": "txn_2026-09-09 16:50:27_2g1z7muo7",
  "duration": "7ms"
}
16:50:28 [[33mwarn[39m]: No active shipper socket found for notification
{
  "service": "ride-hailing-api",
  "environment": "development",
  "phoneNumber": "251987907812"
}
16:50:28 [[32minfo[39m]: API Request
{
  "service": "ride-hailing-api",
  "environment": "development",
  "type": "API_REQUEST",
  "method": "PUT",
  "url": "/api/driver/startJourney",
  "statusCode": 200,
  "responseTime": "765ms",
  "ip": "127.0.0.1",
  "userAgent": "axios/1.20.0",
  "userId": 229,
  "userUniqueId": "2909ad9d-630f-4b9f-9bf3-b3ad86f57979"
}
[VerifyToken] Request: {
  method: 'GET',
  url: '/api/driver/verifyDriverJourneyStatus',
  hasAuth: true
}
[VerifyToken] Token decoded: {
  userUniqueId: '2909ad9d-630f-4b9f-9bf3-b3ad86f57979',
  phoneNumber: '+251979078101',
  roleId: 2,
  iat: 1788961794
}
[VerifyToken] User authenticated: {
  userUniqueId: '2909ad9d-630f-4b9f-9bf3-b3ad86f57979',
  phoneNumber: '+251979078101',
  roleId: undefined
}
16:50:28 [[33mwarn[39m]: No active shipper socket found for notification
{
  "service": "ride-hailing-api",
  "environment": "development",
  "phoneNumber": "251987907812"
}
16:50:28 [[32minfo[39m]: API Request
{
  "service": "ride-hailing-api",
  "environment": "development",
  "type": "API_REQUEST",
  "method": "GET",
  "url": "/api/driver/verifyDriverJourneyStatus",
  "statusCode": 200,
  "responseTime": "392ms",
  "ip": "127.0.0.1",
  "userAgent": "axios/1.20.0",
  "userId": 229,
  "userUniqueId": "2909ad9d-630f-4b9f-9bf3-b3ad86f57979"
}
[VerifyToken] Request: { method: 'PUT', url: '/api/driver/completeJourney', hasAuth: true }
[VerifyToken] Token decoded: {
  userUniqueId: '2909ad9d-630f-4b9f-9bf3-b3ad86f57979',
  phoneNumber: '+251979078101',
  roleId: 2,
  iat: 1788961794
}
[VerifyToken] User authenticated: {
  userUniqueId: '2909ad9d-630f-4b9f-9bf3-b3ad86f57979',
  phoneNumber: '+251979078101',
  roleId: undefined
}
16:50:28 [[32minfo[39m]: Updating Journey table
{
  "service": "ride-hailing-api",
  "environment": "development",
  "journeyUniqueId": "c1bebe98-591b-4c31-b511-b202f98cc1e0",
  "journeyStatusId": 9,
  "updateValues": {
    "journeyStatusId": 9,
    "journeyCompletedAt": "2026-09-09 16:50:28"
  },
  "hasConnection": true
}
16:50:28 [[32minfo[39m]: Journey table update result
{
  "service": "ride-hailing-api",
  "environment": "development",
  "journeyUniqueId": "c1bebe98-591b-4c31-b511-b202f98cc1e0",
  "affectedRows": 1,
  "changedRows": 1
}
16:50:28 [[32minfo[39m]: Journey status update completed
{
  "service": "ride-hailing-api",
  "environment": "development",
  "journeyUniqueId": "c1bebe98-591b-4c31-b511-b202f98cc1e0",
  "journeyStatusId": 9,
  "tablesUpdated": {
    "journey": true,
    "shipperRequest": true,
    "journeyDecision": true,
    "driverRequest": true
  },
  "totalUpdates": 6
}
16:50:28 [[32minfo[39m]: Transaction committed
{
  "service": "ride-hailing-api",
  "environment": "development",
  "transactionId": "txn_2026-09-09 16:50:28_l1dwcmui3",
  "duration": "10ms"
}
16:50:29 [[33mwarn[39m]: No active shipper socket found for notification
{
  "service": "ride-hailing-api",
  "environment": "development",
  "phoneNumber": "251987907812"
}
16:50:29 [[33mwarn[39m]: No active driver socket found for notification
{
  "service": "ride-hailing-api",
  "environment": "development",
  "phoneNumber": "251979078101"
}
16:50:29 [[32minfo[39m]: Auto-confirmed delivery (isPodRequired=false)
{
  "service": "ride-hailing-api",
  "environment": "development",
  "journeyUniqueId": "c1bebe98-591b-4c31-b511-b202f98cc1e0"
}
16:50:29 [[32minfo[39m]: API Request
{
  "service": "ride-hailing-api",
  "environment": "development",
  "type": "API_REQUEST",
  "method": "PUT",
  "url": "/api/driver/completeJourney",
  "statusCode": 200,
  "responseTime": "798ms",
  "ip": "127.0.0.1",
  "userAgent": "axios/1.20.0",
  "userId": 229,
  "userUniqueId": "2909ad9d-630f-4b9f-9bf3-b3ad86f57979"
}
[VerifyToken] Request: {
  method: 'POST',
  url: '/api/shipperRequest/createRequest',
  hasAuth: true
}
[VerifyToken] Token decoded: {
  userUniqueId: 'cb41097f-9b0f-4fba-9683-1ced0d0924d6',
  phoneNumber: '+251987907812',
  roleId: 1,
  iat: 1788961794
}
[VerifyToken] User authenticated: {
  userUniqueId: 'cb41097f-9b0f-4fba-9683-1ced0d0924d6',
  phoneNumber: '+251987907812',
  roleId: undefined
}
16:50:30 [[32minfo[39m]: Transaction committed
{
  "service": "ride-hailing-api",
  "environment": "development",
  "transactionId": "txn_2026-09-09 16:50:30_dhn7gk29g",
  "duration": "11ms"
}
16:50:30 [[32minfo[39m]: API Request
{
  "service": "ride-hailing-api",
  "environment": "development",
  "type": "API_REQUEST",
  "method": "POST",
  "url": "/api/shipperRequest/createRequest",
  "statusCode": 200,
  "responseTime": "15ms",
  "ip": "127.0.0.1",
  "userAgent": "axios/1.20.0",
  "userId": 228,
  "userUniqueId": "cb41097f-9b0f-4fba-9683-1ced0d0924d6"
}
[VerifyToken] Request: { method: 'POST', url: '/driver/checkin', hasAuth: true }
[VerifyToken] Token decoded: {
  userUniqueId: '2909ad9d-630f-4b9f-9bf3-b3ad86f57979',
  phoneNumber: '+251979078101',
  roleId: 2,
  iat: 1788961794
}
[VerifyToken] User authenticated: {
  userUniqueId: '2909ad9d-630f-4b9f-9bf3-b3ad86f57979',
  phoneNumber: '+251979078101',
  roleId: undefined
}
16:50:31 [[33mwarn[39m]: No active driver socket found for notification
{
  "service": "ride-hailing-api",
  "environment": "development",
  "phoneNumber": "251979078101"
}
16:50:31 [[33mwarn[39m]: No active shipper socket found for notification
{
  "service": "ride-hailing-api",
  "environment": "development",
  "phoneNumber": "251987907812"
}
16:50:31 [[32minfo[39m]: Transaction committed
{
  "service": "ride-hailing-api",
  "environment": "development",
  "transactionId": "txn_2026-09-09 16:50:30_by80y2dyx",
  "duration": "784ms"
}
🚀 ~ result?.data?.alreadyInJourney: undefined
🚀 ~ position: {
  message: 'success',
  data: {
    queue: {
      queueUniqueId: '8a1404bc-93f6-4803-8293-f2d12964aed8',
      queueNumber: 4,
      joinedAt: 2026-09-09T13:50:30.000Z,
      status: 2,
      journeyStatusId: null,
      requestedAt: 2026-09-09T13:50:30.000Z,
      agreedAt: null,
      vehicleDriverUniqueId: '2c447507-b3ee-4774-843d-4ef5092c9f5d',
      driverUserUniqueId: '2909ad9d-630f-4b9f-9bf3-b3ad86f57979',
      driverName: undefined,
      driverPhoneNumber: undefined,
      vehicleTypeUniqueId: '6ac6b747-6579-4b05-b917-00f17a0c6dd2',
      shipperRequestUniqueId: '2d15867d-1d7f-43f8-995a-f4ec1ea22ab4',
      targetedShipperUserUUID: null,
      driverLatitude: '9.03000000',
      driverLongitude: '38.74000000',
      waitingAhead: 0
    },
    shipper: null,
    shipperHistory: [ [Object], [Object] ],
    organization: {
      queueOrganizationUniqueId: '11f8aa32-0053-40a1-a0ad-7975bf715b05',
      queueOrganizationName: 'QA Dispatch Hub 1788961801193',
      queueOrganizationType: 'other',
      queueOrganizationPhone: '+251910000001',
      queueOrganizationAddress: 'Addis Ababa',
      latitude: '9.03000000',
      longitude: '38.74000000',
      checkinRadiusKm: null,
      approvalStatus: 'approved',
      queueEnabled: 1,
      approvedBy: '786dcbff-6567-410d-9c21-01faccc95866',
      approvedAt: 2026-09-09T13:50:01.000Z
    }
  }
}
16:50:31 [[32minfo[39m]: API Request
{
  "service": "ride-hailing-api",
  "environment": "development",
  "type": "API_REQUEST",
  "method": "POST",
  "url": "/api/queue/driver/checkin",
  "statusCode": 201,
  "responseTime": "791ms",
  "ip": "127.0.0.1",
  "userAgent": "axios/1.20.0",
  "userId": 229,
  "userUniqueId": "2909ad9d-630f-4b9f-9bf3-b3ad86f57979"
}
[VerifyToken] Request: {
  method: 'GET',
  url: '/api/driver/verifyDriverJourneyStatus',
  hasAuth: true
}
[VerifyToken] Token decoded: {
  userUniqueId: '2909ad9d-630f-4b9f-9bf3-b3ad86f57979',
  phoneNumber: '+251979078101',
  roleId: 2,
  iat: 1788961794
}
[VerifyToken] User authenticated: {
  userUniqueId: '2909ad9d-630f-4b9f-9bf3-b3ad86f57979',
  phoneNumber: '+251979078101',
  roleId: undefined
}
16:50:31 [[33mwarn[39m]: No active shipper socket found for notification
{
  "service": "ride-hailing-api",
  "environment": "development",
  "phoneNumber": "251987907812"
}
16:50:31 [[32minfo[39m]: API Request
{
  "service": "ride-hailing-api",
  "environment": "development",
  "type": "API_REQUEST",
  "method": "GET",
  "url": "/api/driver/verifyDriverJourneyStatus",
  "statusCode": 200,
  "responseTime": "393ms",
  "ip": "127.0.0.1",
  "userAgent": "axios/1.20.0",
  "userId": 229,
  "userUniqueId": "2909ad9d-630f-4b9f-9bf3-b3ad86f57979"
}
[VerifyToken] Request: {
  method: 'GET',
  url: '/api/driver/verifyDriverJourneyStatus',
  hasAuth: true
}
[VerifyToken] Token decoded: {
  userUniqueId: '2909ad9d-630f-4b9f-9bf3-b3ad86f57979',
  phoneNumber: '+251979078101',
  roleId: 2,
  iat: 1788961794
}
[VerifyToken] User authenticated: {
  userUniqueId: '2909ad9d-630f-4b9f-9bf3-b3ad86f57979',
  phoneNumber: '+251979078101',
  roleId: undefined
}
16:50:32 [[33mwarn[39m]: No active shipper socket found for notification
{
  "service": "ride-hailing-api",
  "environment": "development",
  "phoneNumber": "251987907812"
}
16:50:32 [[32minfo[39m]: API Request
{
  "service": "ride-hailing-api",
  "environment": "development",
  "type": "API_REQUEST",
  "method": "GET",
  "url": "/api/driver/verifyDriverJourneyStatus",
  "statusCode": 200,
  "responseTime": "389ms",
  "ip": "127.0.0.1",
  "userAgent": "axios/1.20.0",
  "userId": 229,
  "userUniqueId": "2909ad9d-630f-4b9f-9bf3-b3ad86f57979"
}
[VerifyToken] Request: {
  method: 'PUT',
  url: '/api/driver/acceptShipperRequest',
  hasAuth: true
}
[VerifyToken] Token decoded: {
  userUniqueId: '2909ad9d-630f-4b9f-9bf3-b3ad86f57979',
  phoneNumber: '+251979078101',
  roleId: 2,
  iat: 1788961794
}
[VerifyToken] User authenticated: {
  userUniqueId: '2909ad9d-630f-4b9f-9bf3-b3ad86f57979',
  phoneNumber: '+251979078101',
  roleId: undefined
}
16:50:32 [[33mwarn[39m]: Journey table NOT updated - journeyUniqueId missing
{
  "service": "ride-hailing-api",
  "environment": "development",
  "providedParams": {
    "journeyDecisionUniqueId": "6d70b1c8-8d50-4bed-b923-3a3437e9282c",
    "shipperRequestUniqueId": "2d15867d-1d7f-43f8-995a-f4ec1ea22ab4",
    "driverRequestUniqueId": "4ddad7c4-a1b9-46b7-986f-46ed09f94212",
    "journeyStatusId": 4
  }
}
16:50:32 [[32minfo[39m]: Journey status update completed
{
  "service": "ride-hailing-api",
  "environment": "development",
  "journeyStatusId": 4,
  "tablesUpdated": {
    "journey": false,
    "shipperRequest": true,
    "journeyDecision": true,
    "driverRequest": true
  },
  "totalUpdates": 4
}
16:50:32 [[32minfo[39m]: Transaction committed
{
  "service": "ride-hailing-api",
  "environment": "development",
  "transactionId": "txn_2026-09-09 16:50:32_84qcxnaru",
  "duration": "6ms"
}
16:50:32 [[33mwarn[39m]: No active shipper socket found for notification
{
  "service": "ride-hailing-api",
  "environment": "development",
  "phoneNumber": "251987907812"
}
16:50:33 [[33mwarn[39m]: No active shipper socket found for notification
{
  "service": "ride-hailing-api",
  "environment": "development",
  "phoneNumber": "251987907812"
}
16:50:33 [[32minfo[39m]: API Request
{
  "service": "ride-hailing-api",
  "environment": "development",
  "type": "API_REQUEST",
  "method": "PUT",
  "url": "/api/driver/acceptShipperRequest",
  "statusCode": 200,
  "responseTime": "783ms",
  "ip": "127.0.0.1",
  "userAgent": "axios/1.20.0",
  "userId": 229,
  "userUniqueId": "2909ad9d-630f-4b9f-9bf3-b3ad86f57979"
}
[VerifyToken] Request: {
  method: 'GET',
  url: '/api/driver/verifyDriverJourneyStatus',
  hasAuth: true
}
[VerifyToken] Token decoded: {
  userUniqueId: '2909ad9d-630f-4b9f-9bf3-b3ad86f57979',
  phoneNumber: '+251979078101',
  roleId: 2,
  iat: 1788961794
}
[VerifyToken] User authenticated: {
  userUniqueId: '2909ad9d-630f-4b9f-9bf3-b3ad86f57979',
  phoneNumber: '+251979078101',
  roleId: undefined
}
16:50:33 [[32minfo[39m]: API Request
{
  "service": "ride-hailing-api",
  "environment": "development",
  "type": "API_REQUEST",
  "method": "GET",
  "url": "/api/driver/verifyDriverJourneyStatus",
  "statusCode": 200,
  "responseTime": "16ms",
  "ip": "127.0.0.1",
  "userAgent": "axios/1.20.0",
  "userId": 229,
  "userUniqueId": "2909ad9d-630f-4b9f-9bf3-b3ad86f57979"
}
[VerifyToken] Request: { method: 'PUT', url: '/api/driver/startJourney', hasAuth: true }
[VerifyToken] Token decoded: {
  userUniqueId: '2909ad9d-630f-4b9f-9bf3-b3ad86f57979',
  phoneNumber: '+251979078101',
  roleId: 2,
  iat: 1788961794
}
[VerifyToken] User authenticated: {
  userUniqueId: '2909ad9d-630f-4b9f-9bf3-b3ad86f57979',
  phoneNumber: '+251979078101',
  roleId: undefined
}
16:50:33 [[32minfo[39m]: Updating Journey table
{
  "service": "ride-hailing-api",
  "environment": "development",
  "journeyUniqueId": "147a175c-a849-49ba-aa27-b38ec0201f0e",
  "journeyStatusId": 8,
  "updateValues": {
    "journeyStatusId": 8
  },
  "hasConnection": true
}
16:50:33 [[32minfo[39m]: Journey table update result
{
  "service": "ride-hailing-api",
  "environment": "development",
  "journeyUniqueId": "147a175c-a849-49ba-aa27-b38ec0201f0e",
  "affectedRows": 1,
  "changedRows": 0
}
16:50:33 [[32minfo[39m]: Journey status update completed
{
  "service": "ride-hailing-api",
  "environment": "development",
  "journeyUniqueId": "147a175c-a849-49ba-aa27-b38ec0201f0e",
  "journeyStatusId": 8,
  "tablesUpdated": {
    "journey": true,
    "shipperRequest": true,
    "journeyDecision": true,
    "driverRequest": true
  },
  "totalUpdates": 5
}
16:50:33 [[32minfo[39m]: Transaction committed
{
  "service": "ride-hailing-api",
  "environment": "development",
  "transactionId": "txn_2026-09-09 16:50:33_5iyv3gc0m",
  "duration": "12ms"
}
16:50:33 [[33mwarn[39m]: No active shipper socket found for notification
{
  "service": "ride-hailing-api",
  "environment": "development",
  "phoneNumber": "251987907812"
}
16:50:33 [[32minfo[39m]: API Request
{
  "service": "ride-hailing-api",
  "environment": "development",
  "type": "API_REQUEST",
  "method": "PUT",
  "url": "/api/driver/startJourney",
  "statusCode": 200,
  "responseTime": "783ms",
  "ip": "127.0.0.1",
  "userAgent": "axios/1.20.0",
  "userId": 229,
  "userUniqueId": "2909ad9d-630f-4b9f-9bf3-b3ad86f57979"
}
[VerifyToken] Request: {
  method: 'GET',
  url: '/api/driver/verifyDriverJourneyStatus',
  hasAuth: true
}
[VerifyToken] Token decoded: {
  userUniqueId: '2909ad9d-630f-4b9f-9bf3-b3ad86f57979',
  phoneNumber: '+251979078101',
  roleId: 2,
  iat: 1788961794
}
[VerifyToken] User authenticated: {
  userUniqueId: '2909ad9d-630f-4b9f-9bf3-b3ad86f57979',
  phoneNumber: '+251979078101',
  roleId: undefined
}
16:50:34 [[33mwarn[39m]: No active shipper socket found for notification
{
  "service": "ride-hailing-api",
  "environment": "development",
  "phoneNumber": "251987907812"
}
16:50:34 [[32minfo[39m]: API Request
{
  "service": "ride-hailing-api",
  "environment": "development",
  "type": "API_REQUEST",
  "method": "GET",
  "url": "/api/driver/verifyDriverJourneyStatus",
  "statusCode": 200,
  "responseTime": "387ms",
  "ip": "127.0.0.1",
  "userAgent": "axios/1.20.0",
  "userId": 229,
  "userUniqueId": "2909ad9d-630f-4b9f-9bf3-b3ad86f57979"
}
[VerifyToken] Request: { method: 'PUT', url: '/api/driver/completeJourney', hasAuth: true }
[VerifyToken] Token decoded: {
  userUniqueId: '2909ad9d-630f-4b9f-9bf3-b3ad86f57979',
  phoneNumber: '+251979078101',
  roleId: 2,
  iat: 1788961794
}
[VerifyToken] User authenticated: {
  userUniqueId: '2909ad9d-630f-4b9f-9bf3-b3ad86f57979',
  phoneNumber: '+251979078101',
  roleId: undefined
}
16:50:34 [[32minfo[39m]: Updating Journey table
{
  "service": "ride-hailing-api",
  "environment": "development",
  "journeyUniqueId": "147a175c-a849-49ba-aa27-b38ec0201f0e",
  "journeyStatusId": 9,
  "updateValues": {
    "journeyStatusId": 9,
    "journeyCompletedAt": "2026-09-09 16:50:34"
  },
  "hasConnection": true
}
16:50:34 [[32minfo[39m]: Journey table update result
{
  "service": "ride-hailing-api",
  "environment": "development",
  "journeyUniqueId": "147a175c-a849-49ba-aa27-b38ec0201f0e",
  "affectedRows": 1,
  "changedRows": 1
}
16:50:34 [[32minfo[39m]: Journey status update completed
{
  "service": "ride-hailing-api",
  "environment": "development",
  "journeyUniqueId": "147a175c-a849-49ba-aa27-b38ec0201f0e",
  "journeyStatusId": 9,
  "tablesUpdated": {
    "journey": true,
    "shipperRequest": true,
    "journeyDecision": true,
    "driverRequest": true
  },
  "totalUpdates": 6
}
16:50:34 [[32minfo[39m]: Transaction committed
{
  "service": "ride-hailing-api",
  "environment": "development",
  "transactionId": "txn_2026-09-09 16:50:34_no8qounmk",
  "duration": "13ms"
}
16:50:34 [[33mwarn[39m]: No active shipper socket found for notification
{
  "service": "ride-hailing-api",
  "environment": "development",
  "phoneNumber": "251987907812"
}
16:50:34 [[32minfo[39m]: API Request
{
  "service": "ride-hailing-api",
  "environment": "development",
  "type": "API_REQUEST",
  "method": "PUT",
  "url": "/api/driver/completeJourney",
  "statusCode": 200,
  "responseTime": "415ms",
  "ip": "127.0.0.1",
  "userAgent": "axios/1.20.0",
  "userId": 229,
  "userUniqueId": "2909ad9d-630f-4b9f-9bf3-b3ad86f57979"
}
[VerifyToken] Request: {
  method: 'POST',
  url: '/api/shipperRequest/createRequest',
  hasAuth: true
}
[VerifyToken] Token decoded: {
  userUniqueId: 'cb41097f-9b0f-4fba-9683-1ced0d0924d6',
  phoneNumber: '+251987907812',
  roleId: 1,
  iat: 1788961794
}
[VerifyToken] User authenticated: {
  userUniqueId: 'cb41097f-9b0f-4fba-9683-1ced0d0924d6',
  phoneNumber: '+251987907812',
  roleId: undefined
}
16:50:36 [[32minfo[39m]: Transaction committed
{
  "service": "ride-hailing-api",
  "environment": "development",
  "transactionId": "txn_2026-09-09 16:50:36_pjrh38g3f",
  "duration": "16ms"
}
16:50:36 [[32minfo[39m]: API Request
{
  "service": "ride-hailing-api",
  "environment": "development",
  "type": "API_REQUEST",
  "method": "POST",
  "url": "/api/shipperRequest/createRequest",
  "statusCode": 200,
  "responseTime": "21ms",
  "ip": "127.0.0.1",
  "userAgent": "axios/1.20.0",
  "userId": 228,
  "userUniqueId": "cb41097f-9b0f-4fba-9683-1ced0d0924d6"
}
[VerifyToken] Request: { method: 'POST', url: '/driver/checkin', hasAuth: true }
[VerifyToken] Token decoded: {
  userUniqueId: '2909ad9d-630f-4b9f-9bf3-b3ad86f57979',
  phoneNumber: '+251979078101',
  roleId: 2,
  iat: 1788961794
}
[VerifyToken] User authenticated: {
  userUniqueId: '2909ad9d-630f-4b9f-9bf3-b3ad86f57979',
  phoneNumber: '+251979078101',
  roleId: undefined
}
16:50:36 [[33mwarn[39m]: No active driver socket found for notification
{
  "service": "ride-hailing-api",
  "environment": "development",
  "phoneNumber": "251979078101"
}
16:50:36 [[33mwarn[39m]: No active shipper socket found for notification
{
  "service": "ride-hailing-api",
  "environment": "development",
  "phoneNumber": "251987907812"
}
16:50:36 [[32minfo[39m]: Transaction committed
{
  "service": "ride-hailing-api",
  "environment": "development",
  "transactionId": "txn_2026-09-09 16:50:36_oz4f7hp53",
  "duration": "778ms"
}
🚀 ~ result?.data?.alreadyInJourney: undefined
🚀 ~ position: {
  message: 'success',
  data: {
    queue: {
      queueUniqueId: '587f8ac8-e9a4-449b-860a-f9d05f6c5eff',
      queueNumber: 4,
      joinedAt: 2026-09-09T13:50:36.000Z,
      status: 2,
      journeyStatusId: null,
      requestedAt: 2026-09-09T13:50:36.000Z,
      agreedAt: null,
      vehicleDriverUniqueId: '2c447507-b3ee-4774-843d-4ef5092c9f5d',
      driverUserUniqueId: '2909ad9d-630f-4b9f-9bf3-b3ad86f57979',
      driverName: undefined,
      driverPhoneNumber: undefined,
      vehicleTypeUniqueId: '6ac6b747-6579-4b05-b917-00f17a0c6dd2',
      shipperRequestUniqueId: 'c783ca47-220b-42d5-ba29-9ed8bae7636c',
      targetedShipperUserUUID: null,
      driverLatitude: '9.03000000',
      driverLongitude: '38.74000000',
      waitingAhead: 0
    },
    shipper: null,
    shipperHistory: [ [Object], [Object] ],
    organization: {
      queueOrganizationUniqueId: '11f8aa32-0053-40a1-a0ad-7975bf715b05',
      queueOrganizationName: 'QA Dispatch Hub 1788961801193',
      queueOrganizationType: 'other',
      queueOrganizationPhone: '+251910000001',
      queueOrganizationAddress: 'Addis Ababa',
      latitude: '9.03000000',
      longitude: '38.74000000',
      checkinRadiusKm: null,
      approvalStatus: 'approved',
      queueEnabled: 1,
      approvedBy: '786dcbff-6567-410d-9c21-01faccc95866',
      approvedAt: 2026-09-09T13:50:01.000Z
    }
  }
}
16:50:36 [[32minfo[39m]: API Request
{
  "service": "ride-hailing-api",
  "environment": "development",
  "type": "API_REQUEST",
  "method": "POST",
  "url": "/api/queue/driver/checkin",
  "statusCode": 201,
  "responseTime": "788ms",
  "ip": "127.0.0.1",
  "userAgent": "axios/1.20.0",
  "userId": 229,
  "userUniqueId": "2909ad9d-630f-4b9f-9bf3-b3ad86f57979"
}
[VerifyToken] Request: {
  method: 'GET',
  url: '/api/driver/verifyDriverJourneyStatus',
  hasAuth: true
}
[VerifyToken] Token decoded: {
  userUniqueId: '2909ad9d-630f-4b9f-9bf3-b3ad86f57979',
  phoneNumber: '+251979078101',
  roleId: 2,
  iat: 1788961794
}
[VerifyToken] User authenticated: {
  userUniqueId: '2909ad9d-630f-4b9f-9bf3-b3ad86f57979',
  phoneNumber: '+251979078101',
  roleId: undefined
}
16:50:37 [[33mwarn[39m]: No active shipper socket found for notification
{
  "service": "ride-hailing-api",
  "environment": "development",
  "phoneNumber": "251987907812"
}
16:50:37 [[32minfo[39m]: API Request
{
  "service": "ride-hailing-api",
  "environment": "development",
  "type": "API_REQUEST",
  "method": "GET",
  "url": "/api/driver/verifyDriverJourneyStatus",
  "statusCode": 200,
  "responseTime": "384ms",
  "ip": "127.0.0.1",
  "userAgent": "axios/1.20.0",
  "userId": 229,
  "userUniqueId": "2909ad9d-630f-4b9f-9bf3-b3ad86f57979"
}
[VerifyToken] Request: {
  method: 'GET',
  url: '/api/driver/verifyDriverJourneyStatus',
  hasAuth: true
}
[VerifyToken] Token decoded: {
  userUniqueId: '2909ad9d-630f-4b9f-9bf3-b3ad86f57979',
  phoneNumber: '+251979078101',
  roleId: 2,
  iat: 1788961794
}
[VerifyToken] User authenticated: {
  userUniqueId: '2909ad9d-630f-4b9f-9bf3-b3ad86f57979',
  phoneNumber: '+251979078101',
  roleId: undefined
}
16:50:37 [[33mwarn[39m]: No active shipper socket found for notification
{
  "service": "ride-hailing-api",
  "environment": "development",
  "phoneNumber": "251987907812"
}
16:50:37 [[32minfo[39m]: API Request
{
  "service": "ride-hailing-api",
  "environment": "development",
  "type": "API_REQUEST",
  "method": "GET",
  "url": "/api/driver/verifyDriverJourneyStatus",
  "statusCode": 200,
  "responseTime": "386ms",
  "ip": "127.0.0.1",
  "userAgent": "axios/1.20.0",
  "userId": 229,
  "userUniqueId": "2909ad9d-630f-4b9f-9bf3-b3ad86f57979"
}
[VerifyToken] Request: {
  method: 'PUT',
  url: '/api/driver/acceptShipperRequest',
  hasAuth: true
}
[VerifyToken] Token decoded: {
  userUniqueId: '2909ad9d-630f-4b9f-9bf3-b3ad86f57979',
  phoneNumber: '+251979078101',
  roleId: 2,
  iat: 1788961794
}
[VerifyToken] User authenticated: {
  userUniqueId: '2909ad9d-630f-4b9f-9bf3-b3ad86f57979',
  phoneNumber: '+251979078101',
  roleId: undefined
}
16:50:37 [[33mwarn[39m]: Journey table NOT updated - journeyUniqueId missing
{
  "service": "ride-hailing-api",
  "environment": "development",
  "providedParams": {
    "journeyDecisionUniqueId": "cb2332cb-3291-4619-9c84-424fe87be332",
    "shipperRequestUniqueId": "c783ca47-220b-42d5-ba29-9ed8bae7636c",
    "driverRequestUniqueId": "84a8d197-a83a-4ec1-84c7-13a1ef5ea865",
    "journeyStatusId": 4
  }
}
16:50:37 [[32minfo[39m]: Journey status update completed
{
  "service": "ride-hailing-api",
  "environment": "development",
  "journeyStatusId": 4,
  "tablesUpdated": {
    "journey": false,
    "shipperRequest": true,
    "journeyDecision": true,
    "driverRequest": true
  },
  "totalUpdates": 4
}
16:50:37 [[32minfo[39m]: Transaction committed
{
  "service": "ride-hailing-api",
  "environment": "development",
  "transactionId": "txn_2026-09-09 16:50:37_paurkd3rx",
  "duration": "3ms"
}
16:50:38 [[33mwarn[39m]: No active shipper socket found for notification
{
  "service": "ride-hailing-api",
  "environment": "development",
  "phoneNumber": "251987907812"
}
16:50:38 [[33mwarn[39m]: No active shipper socket found for notification
{
  "service": "ride-hailing-api",
  "environment": "development",
  "phoneNumber": "251987907812"
}
16:50:38 [[32minfo[39m]: API Request
{
  "service": "ride-hailing-api",
  "environment": "development",
  "type": "API_REQUEST",
  "method": "PUT",
  "url": "/api/driver/acceptShipperRequest",
  "statusCode": 200,
  "responseTime": "783ms",
  "ip": "127.0.0.1",
  "userAgent": "axios/1.20.0",
  "userId": 229,
  "userUniqueId": "2909ad9d-630f-4b9f-9bf3-b3ad86f57979"
}
[VerifyToken] Request: {
  method: 'GET',
  url: '/api/driver/verifyDriverJourneyStatus',
  hasAuth: true
}
[VerifyToken] Token decoded: {
  userUniqueId: '2909ad9d-630f-4b9f-9bf3-b3ad86f57979',
  phoneNumber: '+251979078101',
  roleId: 2,
  iat: 1788961794
}
[VerifyToken] User authenticated: {
  userUniqueId: '2909ad9d-630f-4b9f-9bf3-b3ad86f57979',
  phoneNumber: '+251979078101',
  roleId: undefined
}
16:50:38 [[32minfo[39m]: API Request
{
  "service": "ride-hailing-api",
  "environment": "development",
  "type": "API_REQUEST",
  "method": "GET",
  "url": "/api/driver/verifyDriverJourneyStatus",
  "statusCode": 200,
  "responseTime": "8ms",
  "ip": "127.0.0.1",
  "userAgent": "axios/1.20.0",
  "userId": 229,
  "userUniqueId": "2909ad9d-630f-4b9f-9bf3-b3ad86f57979"
}
[VerifyToken] Request: { method: 'PUT', url: '/api/driver/startJourney', hasAuth: true }
[VerifyToken] Token decoded: {
  userUniqueId: '2909ad9d-630f-4b9f-9bf3-b3ad86f57979',
  phoneNumber: '+251979078101',
  roleId: 2,
  iat: 1788961794
}
[VerifyToken] User authenticated: {
  userUniqueId: '2909ad9d-630f-4b9f-9bf3-b3ad86f57979',
  phoneNumber: '+251979078101',
  roleId: undefined
}
16:50:38 [[32minfo[39m]: Updating Journey table
{
  "service": "ride-hailing-api",
  "environment": "development",
  "journeyUniqueId": "09e33a81-e07c-4977-a39e-e6a567516e5f",
  "journeyStatusId": 8,
  "updateValues": {
    "journeyStatusId": 8
  },
  "hasConnection": true
}
16:50:38 [[32minfo[39m]: Journey table update result
{
  "service": "ride-hailing-api",
  "environment": "development",
  "journeyUniqueId": "09e33a81-e07c-4977-a39e-e6a567516e5f",
  "affectedRows": 1,
  "changedRows": 0
}
16:50:38 [[32minfo[39m]: Journey status update completed
{
  "service": "ride-hailing-api",
  "environment": "development",
  "journeyUniqueId": "09e33a81-e07c-4977-a39e-e6a567516e5f",
  "journeyStatusId": 8,
  "tablesUpdated": {
    "journey": true,
    "shipperRequest": true,
    "journeyDecision": true,
    "driverRequest": true
  },
  "totalUpdates": 5
}
16:50:38 [[32minfo[39m]: Transaction committed
{
  "service": "ride-hailing-api",
  "environment": "development",
  "transactionId": "txn_2026-09-09 16:50:38_x55snrdk1",
  "duration": "7ms"
}
16:50:38 [[33mwarn[39m]: No active shipper socket found for notification
{
  "service": "ride-hailing-api",
  "environment": "development",
  "phoneNumber": "251987907812"
}
16:50:39 [[32minfo[39m]: API Request
{
  "service": "ride-hailing-api",
  "environment": "development",
  "type": "API_REQUEST",
  "method": "PUT",
  "url": "/api/driver/startJourney",
  "statusCode": 200,
  "responseTime": "766ms",
  "ip": "127.0.0.1",
  "userAgent": "axios/1.20.0",
  "userId": 229,
  "userUniqueId": "2909ad9d-630f-4b9f-9bf3-b3ad86f57979"
}
[VerifyToken] Request: {
  method: 'GET',
  url: '/api/driver/verifyDriverJourneyStatus',
  hasAuth: true
}
[VerifyToken] Token decoded: {
  userUniqueId: '2909ad9d-630f-4b9f-9bf3-b3ad86f57979',
  phoneNumber: '+251979078101',
  roleId: 2,
  iat: 1788961794
}
[VerifyToken] User authenticated: {
  userUniqueId: '2909ad9d-630f-4b9f-9bf3-b3ad86f57979',
  phoneNumber: '+251979078101',
  roleId: undefined
}
16:50:39 [[33mwarn[39m]: No active shipper socket found for notification
{
  "service": "ride-hailing-api",
  "environment": "development",
  "phoneNumber": "251987907812"
}
16:50:39 [[32minfo[39m]: API Request
{
  "service": "ride-hailing-api",
  "environment": "development",
  "type": "API_REQUEST",
  "method": "GET",
  "url": "/api/driver/verifyDriverJourneyStatus",
  "statusCode": 200,
  "responseTime": "389ms",
  "ip": "127.0.0.1",
  "userAgent": "axios/1.20.0",
  "userId": 229,
  "userUniqueId": "2909ad9d-630f-4b9f-9bf3-b3ad86f57979"
}
[VerifyToken] Request: { method: 'PUT', url: '/api/driver/completeJourney', hasAuth: true }
[VerifyToken] Token decoded: {
  userUniqueId: '2909ad9d-630f-4b9f-9bf3-b3ad86f57979',
  phoneNumber: '+251979078101',
  roleId: 2,
  iat: 1788961794
}
[VerifyToken] User authenticated: {
  userUniqueId: '2909ad9d-630f-4b9f-9bf3-b3ad86f57979',
  phoneNumber: '+251979078101',
  roleId: undefined
}
16:50:39 [[32minfo[39m]: Updating Journey table
{
  "service": "ride-hailing-api",
  "environment": "development",
  "journeyUniqueId": "09e33a81-e07c-4977-a39e-e6a567516e5f",
  "journeyStatusId": 9,
  "updateValues": {
    "journeyStatusId": 9,
    "journeyCompletedAt": "2026-09-09 16:50:39"
  },
  "hasConnection": true
}
16:50:39 [[32minfo[39m]: Journey table update result
{
  "service": "ride-hailing-api",
  "environment": "development",
  "journeyUniqueId": "09e33a81-e07c-4977-a39e-e6a567516e5f",
  "affectedRows": 1,
  "changedRows": 1
}
16:50:39 [[32minfo[39m]: Journey status update completed
{
  "service": "ride-hailing-api",
  "environment": "development",
  "journeyUniqueId": "09e33a81-e07c-4977-a39e-e6a567516e5f",
  "journeyStatusId": 9,
  "tablesUpdated": {
    "journey": true,
    "shipperRequest": true,
    "journeyDecision": true,
    "driverRequest": true
  },
  "totalUpdates": 6
}
16:50:39 [[32minfo[39m]: Transaction committed
{
  "service": "ride-hailing-api",
  "environment": "development",
  "transactionId": "txn_2026-09-09 16:50:39_xvcnoxmo6",
  "duration": "10ms"
}
16:50:40 [[33mwarn[39m]: No active shipper socket found for notification
{
  "service": "ride-hailing-api",
  "environment": "development",
  "phoneNumber": "251987907812"
}
16:50:40 [[32minfo[39m]: API Request
{
  "service": "ride-hailing-api",
  "environment": "development",
  "type": "API_REQUEST",
  "method": "PUT",
  "url": "/api/driver/completeJourney",
  "statusCode": 200,
  "responseTime": "405ms",
  "ip": "127.0.0.1",
  "userAgent": "axios/1.20.0",
  "userId": 229,
  "userUniqueId": "2909ad9d-630f-4b9f-9bf3-b3ad86f57979"
}
[VerifyToken] Request: { method: 'POST', url: '/receipt', hasAuth: true }
[VerifyToken] Token decoded: {
  userUniqueId: '2909ad9d-630f-4b9f-9bf3-b3ad86f57979',
  phoneNumber: '+251979078101',
  roleId: 2,
  iat: 1788961794
}
[VerifyToken] User authenticated: {
  userUniqueId: '2909ad9d-630f-4b9f-9bf3-b3ad86f57979',
  phoneNumber: '+251979078101',
  roleId: undefined
}
16:50:40 [[33mwarn[39m]: Image compression failed, using original
{
  "service": "ride-hailing-api",
  "environment": "development",
  "error": "Input buffer contains unsupported image format"
}
16:50:40 [[32minfo[39m]: File saved locally
{
  "service": "ride-hailing-api",
  "environment": "development",
  "filePath": "/Users/zewedu/Desktop/Projects/transportBackEndNative/uploads/delivery_b53d805e-39b9-40b4-963b-e21fad085997.jpg",
  "relativePath": "/uploads/delivery_b53d805e-39b9-40b4-963b-e21fad085997.jpg"
}
16:50:40 [[33mwarn[39m]: No active driver socket found for notification
{
  "service": "ride-hailing-api",
  "environment": "development",
  "phoneNumber": "251979078101"
}
16:50:40 [[32minfo[39m]: Transaction committed
{
  "service": "ride-hailing-api",
  "environment": "development",
  "transactionId": "txn_2026-09-09 16:50:40_4uft0z3nw",
  "duration": "385ms"
}
16:50:40 [[32minfo[39m]: API Request
{
  "service": "ride-hailing-api",
  "environment": "development",
  "type": "API_REQUEST",
  "method": "POST",
  "url": "/api/deliveryConfirmations/receipt",
  "statusCode": 200,
  "responseTime": "405ms",
  "ip": "127.0.0.1",
  "userAgent": "axios/1.20.0",
  "userId": 229,
  "userUniqueId": "2909ad9d-630f-4b9f-9bf3-b3ad86f57979"
}
[VerifyToken] Request: {
  method: 'POST',
  url: '/api/shipperRequest/createRequest',
  hasAuth: true
}
[VerifyToken] Token decoded: {
  userUniqueId: 'cb41097f-9b0f-4fba-9683-1ced0d0924d6',
  phoneNumber: '+251987907812',
  roleId: 1,
  iat: 1788961794
}
[VerifyToken] User authenticated: {
  userUniqueId: 'cb41097f-9b0f-4fba-9683-1ced0d0924d6',
  phoneNumber: '+251987907812',
  roleId: undefined
}
16:50:40 [[32minfo[39m]: Transaction committed
{
  "service": "ride-hailing-api",
  "environment": "development",
  "transactionId": "txn_2026-09-09 16:50:40_16bhfh7g1",
  "duration": "9ms"
}
16:50:40 [[32minfo[39m]: API Request
{
  "service": "ride-hailing-api",
  "environment": "development",
  "type": "API_REQUEST",
  "method": "POST",
  "url": "/api/shipperRequest/createRequest",
  "statusCode": 200,
  "responseTime": "12ms",
  "ip": "127.0.0.1",
  "userAgent": "axios/1.20.0",
  "userId": 228,
  "userUniqueId": "cb41097f-9b0f-4fba-9683-1ced0d0924d6"
}
[VerifyToken] Request: { method: 'POST', url: '/driver/checkin', hasAuth: true }
[VerifyToken] Token decoded: {
  userUniqueId: '2909ad9d-630f-4b9f-9bf3-b3ad86f57979',
  phoneNumber: '+251979078101',
  roleId: 2,
  iat: 1788961794
}
[VerifyToken] User authenticated: {
  userUniqueId: '2909ad9d-630f-4b9f-9bf3-b3ad86f57979',
  phoneNumber: '+251979078101',
  roleId: undefined
}
16:50:40 [[33mwarn[39m]: No active driver socket found for notification
{
  "service": "ride-hailing-api",
  "environment": "development",
  "phoneNumber": "251979078101"
}
16:50:41 [[33mwarn[39m]: No active shipper socket found for notification
{
  "service": "ride-hailing-api",
  "environment": "development",
  "phoneNumber": "251987907812"
}
16:50:41 [[32minfo[39m]: Transaction committed
{
  "service": "ride-hailing-api",
  "environment": "development",
  "transactionId": "txn_2026-09-09 16:50:40_yo1bv2z9g",
  "duration": "767ms"
}
🚀 ~ result?.data?.alreadyInJourney: undefined
🚀 ~ position: {
  message: 'success',
  data: {
    queue: {
      queueUniqueId: 'a6585416-36de-47d2-ba39-6e6f09626278',
      queueNumber: 4,
      joinedAt: 2026-09-09T13:50:40.000Z,
      status: 2,
      journeyStatusId: null,
      requestedAt: 2026-09-09T13:50:40.000Z,
      agreedAt: null,
      vehicleDriverUniqueId: '2c447507-b3ee-4774-843d-4ef5092c9f5d',
      driverUserUniqueId: '2909ad9d-630f-4b9f-9bf3-b3ad86f57979',
      driverName: undefined,
      driverPhoneNumber: undefined,
      vehicleTypeUniqueId: '6ac6b747-6579-4b05-b917-00f17a0c6dd2',
      shipperRequestUniqueId: 'f21facf9-b3ab-4a80-9549-ae749627440f',
      targetedShipperUserUUID: null,
      driverLatitude: '9.03000000',
      driverLongitude: '38.74000000',
      waitingAhead: 0
    },
    shipper: null,
    shipperHistory: [ [Object], [Object] ],
    organization: {
      queueOrganizationUniqueId: '11f8aa32-0053-40a1-a0ad-7975bf715b05',
      queueOrganizationName: 'QA Dispatch Hub 1788961801193',
      queueOrganizationType: 'other',
      queueOrganizationPhone: '+251910000001',
      queueOrganizationAddress: 'Addis Ababa',
      latitude: '9.03000000',
      longitude: '38.74000000',
      checkinRadiusKm: null,
      approvalStatus: 'approved',
      queueEnabled: 1,
      approvedBy: '786dcbff-6567-410d-9c21-01faccc95866',
      approvedAt: 2026-09-09T13:50:01.000Z
    }
  }
}
16:50:41 [[32minfo[39m]: API Request
{
  "service": "ride-hailing-api",
  "environment": "development",
  "type": "API_REQUEST",
  "method": "POST",
  "url": "/api/queue/driver/checkin",
  "statusCode": 201,
  "responseTime": "772ms",
  "ip": "127.0.0.1",
  "userAgent": "axios/1.20.0",
  "userId": 229,
  "userUniqueId": "2909ad9d-630f-4b9f-9bf3-b3ad86f57979"
}
[VerifyToken] Request: {
  method: 'GET',
  url: '/api/driver/verifyDriverJourneyStatus',
  hasAuth: true
}
[VerifyToken] Token decoded: {
  userUniqueId: '2909ad9d-630f-4b9f-9bf3-b3ad86f57979',
  phoneNumber: '+251979078101',
  roleId: 2,
  iat: 1788961794
}
[VerifyToken] User authenticated: {
  userUniqueId: '2909ad9d-630f-4b9f-9bf3-b3ad86f57979',
  phoneNumber: '+251979078101',
  roleId: undefined
}
16:50:41 [[33mwarn[39m]: No active shipper socket found for notification
{
  "service": "ride-hailing-api",
  "environment": "development",
  "phoneNumber": "251987907812"
}
16:50:41 [[32minfo[39m]: API Request
{
  "service": "ride-hailing-api",
  "environment": "development",
  "type": "API_REQUEST",
  "method": "GET",
  "url": "/api/driver/verifyDriverJourneyStatus",
  "statusCode": 200,
  "responseTime": "386ms",
  "ip": "127.0.0.1",
  "userAgent": "axios/1.20.0",
  "userId": 229,
  "userUniqueId": "2909ad9d-630f-4b9f-9bf3-b3ad86f57979"
}
[VerifyToken] Request: {
  method: 'GET',
  url: '/api/driver/verifyDriverJourneyStatus',
  hasAuth: true
}
[VerifyToken] Token decoded: {
  userUniqueId: '2909ad9d-630f-4b9f-9bf3-b3ad86f57979',
  phoneNumber: '+251979078101',
  roleId: 2,
  iat: 1788961794
}
[VerifyToken] User authenticated: {
  userUniqueId: '2909ad9d-630f-4b9f-9bf3-b3ad86f57979',
  phoneNumber: '+251979078101',
  roleId: undefined
}
16:50:42 [[33mwarn[39m]: No active shipper socket found for notification
{
  "service": "ride-hailing-api",
  "environment": "development",
  "phoneNumber": "251987907812"
}
16:50:42 [[32minfo[39m]: API Request
{
  "service": "ride-hailing-api",
  "environment": "development",
  "type": "API_REQUEST",
  "method": "GET",
  "url": "/api/driver/verifyDriverJourneyStatus",
  "statusCode": 200,
  "responseTime": "390ms",
  "ip": "127.0.0.1",
  "userAgent": "axios/1.20.0",
  "userId": 229,
  "userUniqueId": "2909ad9d-630f-4b9f-9bf3-b3ad86f57979"
}
[VerifyToken] Request: {
  method: 'PUT',
  url: '/api/driver/acceptShipperRequest',
  hasAuth: true
}
[VerifyToken] Token decoded: {
  userUniqueId: '2909ad9d-630f-4b9f-9bf3-b3ad86f57979',
  phoneNumber: '+251979078101',
  roleId: 2,
  iat: 1788961794
}
[VerifyToken] User authenticated: {
  userUniqueId: '2909ad9d-630f-4b9f-9bf3-b3ad86f57979',
  phoneNumber: '+251979078101',
  roleId: undefined
}
16:50:42 [[33mwarn[39m]: Journey table NOT updated - journeyUniqueId missing
{
  "service": "ride-hailing-api",
  "environment": "development",
  "providedParams": {
    "journeyDecisionUniqueId": "0659528d-8f7e-42c0-92ff-e7461538d155",
    "shipperRequestUniqueId": "f21facf9-b3ab-4a80-9549-ae749627440f",
    "driverRequestUniqueId": "33f2c3ca-db1a-4625-a650-8e54502078ac",
    "journeyStatusId": 4
  }
}
16:50:42 [[32minfo[39m]: Journey status update completed
{
  "service": "ride-hailing-api",
  "environment": "development",
  "journeyStatusId": 4,
  "tablesUpdated": {
    "journey": false,
    "shipperRequest": true,
    "journeyDecision": true,
    "driverRequest": true
  },
  "totalUpdates": 4
}
16:50:42 [[32minfo[39m]: Transaction committed
{
  "service": "ride-hailing-api",
  "environment": "development",
  "transactionId": "txn_2026-09-09 16:50:42_abr8cm7e0",
  "duration": "5ms"
}
16:50:42 [[33mwarn[39m]: No active shipper socket found for notification
{
  "service": "ride-hailing-api",
  "environment": "development",
  "phoneNumber": "251987907812"
}
16:50:42 [[33mwarn[39m]: No active shipper socket found for notification
{
  "service": "ride-hailing-api",
  "environment": "development",
  "phoneNumber": "251987907812"
}
16:50:42 [[32minfo[39m]: API Request
{
  "service": "ride-hailing-api",
  "environment": "development",
  "type": "API_REQUEST",
  "method": "PUT",
  "url": "/api/driver/acceptShipperRequest",
  "statusCode": 200,
  "responseTime": "780ms",
  "ip": "127.0.0.1",
  "userAgent": "axios/1.20.0",
  "userId": 229,
  "userUniqueId": "2909ad9d-630f-4b9f-9bf3-b3ad86f57979"
}
[VerifyToken] Request: {
  method: 'GET',
  url: '/api/driver/verifyDriverJourneyStatus',
  hasAuth: true
}
[VerifyToken] Token decoded: {
  userUniqueId: '2909ad9d-630f-4b9f-9bf3-b3ad86f57979',
  phoneNumber: '+251979078101',
  roleId: 2,
  iat: 1788961794
}
[VerifyToken] User authenticated: {
  userUniqueId: '2909ad9d-630f-4b9f-9bf3-b3ad86f57979',
  phoneNumber: '+251979078101',
  roleId: undefined
}
16:50:42 [[32minfo[39m]: API Request
{
  "service": "ride-hailing-api",
  "environment": "development",
  "type": "API_REQUEST",
  "method": "GET",
  "url": "/api/driver/verifyDriverJourneyStatus",
  "statusCode": 200,
  "responseTime": "11ms",
  "ip": "127.0.0.1",
  "userAgent": "axios/1.20.0",
  "userId": 229,
  "userUniqueId": "2909ad9d-630f-4b9f-9bf3-b3ad86f57979"
}
[VerifyToken] Request: { method: 'PUT', url: '/api/driver/startJourney', hasAuth: true }
[VerifyToken] Token decoded: {
  userUniqueId: '2909ad9d-630f-4b9f-9bf3-b3ad86f57979',
  phoneNumber: '+251979078101',
  roleId: 2,
  iat: 1788961794
}
[VerifyToken] User authenticated: {
  userUniqueId: '2909ad9d-630f-4b9f-9bf3-b3ad86f57979',
  phoneNumber: '+251979078101',
  roleId: undefined
}
16:50:42 [[32minfo[39m]: Updating Journey table
{
  "service": "ride-hailing-api",
  "environment": "development",
  "journeyUniqueId": "a51cad44-e59e-4b88-8370-dcd3961a3e23",
  "journeyStatusId": 8,
  "updateValues": {
    "journeyStatusId": 8
  },
  "hasConnection": true
}
16:50:42 [[32minfo[39m]: Journey table update result
{
  "service": "ride-hailing-api",
  "environment": "development",
  "journeyUniqueId": "a51cad44-e59e-4b88-8370-dcd3961a3e23",
  "affectedRows": 1,
  "changedRows": 0
}
16:50:42 [[32minfo[39m]: Journey status update completed
{
  "service": "ride-hailing-api",
  "environment": "development",
  "journeyUniqueId": "a51cad44-e59e-4b88-8370-dcd3961a3e23",
  "journeyStatusId": 8,
  "tablesUpdated": {
    "journey": true,
    "shipperRequest": true,
    "journeyDecision": true,
    "driverRequest": true
  },
  "totalUpdates": 5
}
16:50:42 [[32minfo[39m]: Transaction committed
{
  "service": "ride-hailing-api",
  "environment": "development",
  "transactionId": "txn_2026-09-09 16:50:42_klgb1dvjv",
  "duration": "9ms"
}
16:50:43 [[33mwarn[39m]: No active shipper socket found for notification
{
  "service": "ride-hailing-api",
  "environment": "development",
  "phoneNumber": "251987907812"
}
16:50:43 [[32minfo[39m]: API Request
{
  "service": "ride-hailing-api",
  "environment": "development",
  "type": "API_REQUEST",
  "method": "PUT",
  "url": "/api/driver/startJourney",
  "statusCode": 200,
  "responseTime": "772ms",
  "ip": "127.0.0.1",
  "userAgent": "axios/1.20.0",
  "userId": 229,
  "userUniqueId": "2909ad9d-630f-4b9f-9bf3-b3ad86f57979"
}
[VerifyToken] Request: {
  method: 'GET',
  url: '/api/driver/verifyDriverJourneyStatus',
  hasAuth: true
}
[VerifyToken] Token decoded: {
  userUniqueId: '2909ad9d-630f-4b9f-9bf3-b3ad86f57979',
  phoneNumber: '+251979078101',
  roleId: 2,
  iat: 1788961794
}
[VerifyToken] User authenticated: {
  userUniqueId: '2909ad9d-630f-4b9f-9bf3-b3ad86f57979',
  phoneNumber: '+251979078101',
  roleId: undefined
}
16:50:44 [[33mwarn[39m]: No active shipper socket found for notification
{
  "service": "ride-hailing-api",
  "environment": "development",
  "phoneNumber": "251987907812"
}
16:50:44 [[32minfo[39m]: API Request
{
  "service": "ride-hailing-api",
  "environment": "development",
  "type": "API_REQUEST",
  "method": "GET",
  "url": "/api/driver/verifyDriverJourneyStatus",
  "statusCode": 200,
  "responseTime": "389ms",
  "ip": "127.0.0.1",
  "userAgent": "axios/1.20.0",
  "userId": 229,
  "userUniqueId": "2909ad9d-630f-4b9f-9bf3-b3ad86f57979"
}
[VerifyToken] Request: { method: 'PUT', url: '/api/driver/completeJourney', hasAuth: true }
[VerifyToken] Token decoded: {
  userUniqueId: '2909ad9d-630f-4b9f-9bf3-b3ad86f57979',
  phoneNumber: '+251979078101',
  roleId: 2,
  iat: 1788961794
}
[VerifyToken] User authenticated: {
  userUniqueId: '2909ad9d-630f-4b9f-9bf3-b3ad86f57979',
  phoneNumber: '+251979078101',
  roleId: undefined
}
16:50:44 [[32minfo[39m]: Updating Journey table
{
  "service": "ride-hailing-api",
  "environment": "development",
  "journeyUniqueId": "a51cad44-e59e-4b88-8370-dcd3961a3e23",
  "journeyStatusId": 9,
  "updateValues": {
    "journeyStatusId": 9,
    "journeyCompletedAt": "2026-09-09 16:50:44"
  },
  "hasConnection": true
}
16:50:44 [[32minfo[39m]: Journey table update result
{
  "service": "ride-hailing-api",
  "environment": "development",
  "journeyUniqueId": "a51cad44-e59e-4b88-8370-dcd3961a3e23",
  "affectedRows": 1,
  "changedRows": 1
}
16:50:44 [[32minfo[39m]: Journey status update completed
{
  "service": "ride-hailing-api",
  "environment": "development",
  "journeyUniqueId": "a51cad44-e59e-4b88-8370-dcd3961a3e23",
  "journeyStatusId": 9,
  "tablesUpdated": {
    "journey": true,
    "shipperRequest": true,
    "journeyDecision": true,
    "driverRequest": true
  },
  "totalUpdates": 6
}
16:50:44 [[32minfo[39m]: Transaction committed
{
  "service": "ride-hailing-api",
  "environment": "development",
  "transactionId": "txn_2026-09-09 16:50:44_3bpa4r9no",
  "duration": "9ms"
}
16:50:44 [[33mwarn[39m]: No active shipper socket found for notification
{
  "service": "ride-hailing-api",
  "environment": "development",
  "phoneNumber": "251987907812"
}
16:50:44 [[32minfo[39m]: API Request
{
  "service": "ride-hailing-api",
  "environment": "development",
  "type": "API_REQUEST",
  "method": "PUT",
  "url": "/api/driver/completeJourney",
  "statusCode": 200,
  "responseTime": "406ms",
  "ip": "127.0.0.1",
  "userAgent": "axios/1.20.0",
  "userId": 229,
  "userUniqueId": "2909ad9d-630f-4b9f-9bf3-b3ad86f57979"
}
[VerifyToken] Request: { method: 'POST', url: '/receipt', hasAuth: true }
[VerifyToken] Token decoded: {
  userUniqueId: '2909ad9d-630f-4b9f-9bf3-b3ad86f57979',
  phoneNumber: '+251979078101',
  roleId: 2,
  iat: 1788961794
}
[VerifyToken] User authenticated: {
  userUniqueId: '2909ad9d-630f-4b9f-9bf3-b3ad86f57979',
  phoneNumber: '+251979078101',
  roleId: undefined
}
16:50:44 [[33mwarn[39m]: Image compression failed, using original
{
  "service": "ride-hailing-api",
  "environment": "development",
  "error": "Input buffer contains unsupported image format"
}
16:50:44 [[32minfo[39m]: File saved locally
{
  "service": "ride-hailing-api",
  "environment": "development",
  "filePath": "/Users/zewedu/Desktop/Projects/transportBackEndNative/uploads/delivery_cd0d2354-dfb0-47bd-8c04-d14547a9d866.jpg",
  "relativePath": "/uploads/delivery_cd0d2354-dfb0-47bd-8c04-d14547a9d866.jpg"
}
